fragment.iri;fragment.id;fragment.předek.iri;fragment.citace;fragment.citace.text;fragment.označení.uzlu;fragment.označení.uzlu.text;fragment.hierarchie;akt.fragment.iri;akt.fragment.id;fragment.base.id;typ.fragmentu;fragment.text_clean;source;tag;tag_clean;odkaz.id;class;data_eurlex;data_celexid;data_cellarid;data_orig_href;odkaz.iri;odkaz.citace.cíl;typ.vazba.odkazu;cíl.dokument.id;fragment.cíl.iri;fragment.cíl.dokument.id;fragment.zdroj.iri;fragment.zdroj.dokument.id;iri_z;iri_c;iri_v;akt.citace
esel-esb:eli/cz/sb/1945/108/1949-04-07/dokument/norma/cast_1/par_1/odst_1/bod_3;75160;esel-esb:eli/cz/sb/1945/108/1949-04-07/dokument/norma/cast_1/par_1/odst_1;§ 1 odst. 1 bod 3;NA;3;NA;/2/1/2/2/3/;esel-esb:právní-akt-fragment/110381;110381;110379;Bod_Dd;3. osob fysických a právnických, které vyvíjely činnost proti státní svrchovanosti, samostatnosti, celistvosti, demokraticko-republikánské státní formě, bezpečnosti a obraně Československé republiky, které k takové činnosti podněcovaly nebo jiné osoby svésti hleděly, záměrně podporovaly jakýmkoliv způsobem německé nebo maďarské okupanty nebo které v době zvýšeného ohrožení republiky (§ 18 dekretu presidenta republiky ze dne 19. června 1945, č. 16 Sb., o potrestání nacistických zločinců, zrádců a jejich pomahačů a o mimořádných lidových soudech) nadržovaly germanisaci nebo maďarisaci na území Československé republiky nebo se chovaly nepřátelsky k Československé republice nebo k českému nebo slovenskému národu, jakož i fysických nebo právnických osob, které strpěly takovou činnost u osob spravujících jejich majetek nebo podnik.;norms;"<a data-odkaz-id=""2182789"" href=""#""  class=""ext_odkaz"">§ 18</a>";§ 18;2182789;ext_odkaz;NA;NA;NA;NA;esel-esb:právní-akt-odkaz/2182789;§ 18;JINEUSTAN;64501;esel-esb:eli/cz/sb/1945/16/1948-04-02/dokument/norma/hlava_1/par_18;64475;esel-esb:eli/cz/sb/1945/108/1949-04-07/dokument/norma/cast_1/par_1/odst_1/bod_3;64475;1945/108;1945/16;1945/108;108/1945 Sb.
esel-esb:eli/cz/sb/1945/108/1949-04-07/dokument/norma/cast_1/par_1/odst_1/bod_3;75160;esel-esb:eli/cz/sb/1945/108/1949-04-07/dokument/norma/cast_1/par_1/odst_1;§ 1 odst. 1 bod 3;NA;3;NA;/2/1/2/2/3/;esel-esb:právní-akt-fragment/110381;110381;110379;Bod_Dd;3. osob fysických a právnických, které vyvíjely činnost proti státní svrchovanosti, samostatnosti, celistvosti, demokraticko-republikánské státní formě, bezpečnosti a obraně Československé republiky, které k takové činnosti podněcovaly nebo jiné osoby svésti hleděly, záměrně podporovaly jakýmkoliv způsobem německé nebo maďarské okupanty nebo které v době zvýšeného ohrožení republiky (§ 18 dekretu presidenta republiky ze dne 19. června 1945, č. 16 Sb., o potrestání nacistických zločinců, zrádců a jejich pomahačů a o mimořádných lidových soudech) nadržovaly germanisaci nebo maďarisaci na území Československé republiky nebo se chovaly nepřátelsky k Československé republice nebo k českému nebo slovenskému národu, jakož i fysických nebo právnických osob, které strpěly takovou činnost u osob spravujících jejich majetek nebo podnik.;norms;"<a data-odkaz-id=""2182791"" href=""#""  class=""ext_odkaz"">ze dne 19. června 1945, č. 16 Sb.</a>";ze dne 19. června 1945, č. 16 Sb.;2182791;ext_odkaz;NA;NA;NA;NA;esel-esb:právní-akt-odkaz/2182791;ze dne 19. června 1945, č. 16 Sb.;JINYPRED;64501;esel-esb:eli/cz/sb/1945/16/1948-04-02/dokument;64475;esel-esb:eli/cz/sb/1945/108/1949-04-07/dokument/norma/cast_1/par_1/odst_1/bod_3;64475;1945/108;1945/16;1945/108;108/1945 Sb.
esel-esb:eli/cz/sb/1945/108/1949-04-07/dokument/norma/cast_1/par_1/odst_2;75161;esel-esb:eli/cz/sb/1945/108/1949-04-07/dokument/norma/cast_1/par_1;§ 1 odst. 2;NA;2;NA;/2/1/2/3/;esel-esb:právní-akt-fragment/110387;110387;110385;Odstavec_Dc;(2) Konfiskaci podléhá rovněž veškerý majetek, který náležel v době po 29. září 1938 subjektům uvedeným v odstavci 1 a byl v době rozhodné podle odstavce 1, věta první, po případě je ještě, ve vlastnictví osob, v jejichž rukou by konfiskaci nepodléhal, leč by podrobení takového majetku konfiskaci neodpovídalo zásadám slušnosti.;norms;"<a data-odkaz-id=""2182813"" href=""#""  class=""int_odkaz"">odstavci 1</a>";odstavci 1;2182813;int_odkaz;NA;NA;NA;NA;esel-esb:právní-akt-odkaz/2182813;odstavci 1;INTUSTAN;64475;esel-esb:eli/cz/sb/1945/108/1949-04-07/dokument/norma/cast_1/par_1/odst_1;64475;esel-esb:eli/cz/sb/1945/108/1949-04-07/dokument/norma/cast_1/par_1/odst_2;64475;1945/108;1945/108;1945/108;108/1945 Sb.
esel-esb:eli/cz/sb/1945/108/1949-04-07/dokument/norma/cast_1/par_1/odst_2;75161;esel-esb:eli/cz/sb/1945/108/1949-04-07/dokument/norma/cast_1/par_1;§ 1 odst. 2;NA;2;NA;/2/1/2/3/;esel-esb:právní-akt-fragment/110387;110387;110385;Odstavec_Dc;(2) Konfiskaci podléhá rovněž veškerý majetek, který náležel v době po 29. září 1938 subjektům uvedeným v odstavci 1 a byl v době rozhodné podle odstavce 1, věta první, po případě je ještě, ve vlastnictví osob, v jejichž rukou by konfiskaci nepodléhal, leč by podrobení takového majetku konfiskaci neodpovídalo zásadám slušnosti.;norms;"<a data-odkaz-id=""2182815"" href=""#""  class=""int_odkaz"">odstavce 1</a>";odstavce 1;2182815;int_odkaz;NA;NA;NA;NA;esel-esb:právní-akt-odkaz/2182815;odstavce 1;INTUSTAN;64475;esel-esb:eli/cz/sb/1945/108/1949-04-07/dokument/norma/cast_1/par_1/odst_1;64475;esel-esb:eli/cz/sb/1945/108/1949-04-07/dokument/norma/cast_1/par_1/odst_2;64475;1945/108;1945/108;1945/108;108/1945 Sb.
esel-esb:eli/cz/sb/1945/108/1949-04-07/dokument/norma/cast_1/par_2/odst_1;75165;esel-esb:eli/cz/sb/1945/108/1949-04-07/dokument/norma/cast_1/par_2;§ 2 odst. 1;NA;1;NA;/2/1/3/2/;esel-esb:právní-akt-fragment/110397;110397;110397;Odstavec_Dc;(1) Z konfiskace vyňata jest ta část movitého majetku osob, uvedených v § 1, odst. 1, č. 2 a 3, jíž jest nevyhnutelně třeba k ukojení životních potřeb nebo k osobnímu vykonávání zaměstnání těchto osob a jejich členů rodiny (jako oděv, peřiny, prádlo, domácí nářadí, potraviny a nástroje). Podrobnosti o rozsahu tohoto majetku stanoví vláda nařízením.;norms;"<a data-odkaz-id=""2182817"" href=""#""  class=""int_odkaz"">§ 1, odst. 1, č. 2 a 3</a>";§ 1, odst. 1, č. 2 a 3;2182817;int_odkaz;NA;NA;NA;NA;esel-esb:právní-akt-odkaz/2182817;§ 1, odst. 1, č. 2 a 3;INTUSTAN;1405;esel-esb:eli/cz/sb/1945/108/0000-00-00/dokument/norma/cast_1/par_1/odst_1/bod_2;1405;esel-esb:eli/cz/sb/1945/108/0000-00-00/dokument/norma/cast_1/par_2/odst_1;1405;1945/108;1945/108;1945/108;108/1945 Sb.
esel-esb:eli/cz/sb/1945/108/1949-04-07/dokument/norma/cast_1/par_2/odst_2;75166;esel-esb:eli/cz/sb/1945/108/1949-04-07/dokument/norma/cast_1/par_2;§ 2 odst. 2;NA;2;NA;/2/1/3/3/;esel-esb:právní-akt-fragment/110399;110399;110399;Odstavec_Dc;(2) Vláda může nařízením stanoviti, že se majetek určitého okruhu osob, spadajících pod ustanovení § 1, vyjímá částečně nebo zcela z konfiskace.;norms;"<a data-odkaz-id=""2182823"" href=""#""  class=""int_odkaz"">§ 1</a>";§ 1;2182823;int_odkaz;NA;NA;NA;NA;esel-esb:právní-akt-odkaz/2182823;§ 1;INTUSTAN;1405;esel-esb:eli/cz/sb/1945/108/0000-00-00/dokument/norma/cast_1/par_1;1405;esel-esb:eli/cz/sb/1945/108/0000-00-00/dokument/norma/cast_1/par_2/odst_2;1405;1945/108;1945/108;1945/108;108/1945 Sb.
esel-esb:eli/cz/sb/1945/108/1949-04-07/dokument/norma/cast_1/par_2/odst_3;75167;esel-esb:eli/cz/sb/1945/108/1949-04-07/dokument/norma/cast_1/par_2;§ 2 odst. 3;NA;3;NA;/2/1/3/4/;esel-esb:právní-akt-fragment/110401;110401;110401;Odstavec_Dc;(3) Konfiskaci nepodléhá majetek, jehož v době po 29. září 1938 pod tlakem okupace nebo v důsledku národní, rasové nebo politické persekuce pozbyly osoby, které nespadají pod ustanovení § 1.;norms;"<a data-odkaz-id=""2182829"" href=""#""  class=""int_odkaz"">§ 1</a>";§ 1;2182829;int_odkaz;NA;NA;NA;NA;esel-esb:právní-akt-odkaz/2182829;§ 1;INTUSTAN;1405;esel-esb:eli/cz/sb/1945/108/0000-00-00/dokument/norma/cast_1/par_1;1405;esel-esb:eli/cz/sb/1945/108/0000-00-00/dokument/norma/cast_1/par_2/odst_3;1405;1945/108;1945/108;1945/108;108/1945 Sb.
esel-esb:eli/cz/sb/1945/108/1949-04-07/dokument/norma/cast_1/par_2/odst_4;75168;esel-esb:eli/cz/sb/1945/108/1949-04-07/dokument/norma/cast_1/par_2;§ 2 odst. 4;NA;4;NA;/2/1/3/5/;esel-esb:právní-akt-fragment/110405;110405;110403;Odstavec_Dc;(4) Při konfiskaci majetku osoby právnické přísluší poměrná náhrada osobám kapitálově na ní zúčastněným, pokud nespadají pod ustanovení § 1, odst. 1, zejména pokud jim nelze přičítati činnost a chování dotyčné právnické osoby nebo zanedbání přiměřené opatrnosti při ustanovení její správy nebo při dozoru na ni a pokud nejednají přímo nebo nepřímo v zájmu osob, na něž se vztahuje ustanovení § 1, odst. 1. Podrobnosti upraví vláda nařízením.;norms;"<a data-odkaz-id=""2182847"" href=""#""  class=""int_odkaz"">§ 1</a>";§ 1;2182847;int_odkaz;NA;NA;NA;NA;esel-esb:právní-akt-odkaz/2182847;§ 1;INTUSTAN;64475;esel-esb:eli/cz/sb/1945/108/1949-04-07/dokument/norma/cast_1/par_1;64475;esel-esb:eli/cz/sb/1945/108/1949-04-07/dokument/norma/cast_1/par_2/odst_4;64475;1945/108;1945/108;1945/108;108/1945 Sb.
esel-esb:eli/cz/sb/1945/108/1949-04-07/dokument/norma/cast_1/par_2/odst_4;75168;esel-esb:eli/cz/sb/1945/108/1949-04-07/dokument/norma/cast_1/par_2;§ 2 odst. 4;NA;4;NA;/2/1/3/5/;esel-esb:právní-akt-fragment/110405;110405;110403;Odstavec_Dc;(4) Při konfiskaci majetku osoby právnické přísluší poměrná náhrada osobám kapitálově na ní zúčastněným, pokud nespadají pod ustanovení § 1, odst. 1, zejména pokud jim nelze přičítati činnost a chování dotyčné právnické osoby nebo zanedbání přiměřené opatrnosti při ustanovení její správy nebo při dozoru na ni a pokud nejednají přímo nebo nepřímo v zájmu osob, na něž se vztahuje ustanovení § 1, odst. 1. Podrobnosti upraví vláda nařízením.;norms;"<a data-odkaz-id=""2182849"" href=""#""  class=""int_odkaz"">odst. 1</a>";odst. 1;2182849;int_odkaz;NA;NA;NA;NA;esel-esb:právní-akt-odkaz/2182849;odst. 1;INTUSTAN;64475;esel-esb:eli/cz/sb/1945/108/1949-04-07/dokument/norma/cast_1/par_1/odst_1;64475;esel-esb:eli/cz/sb/1945/108/1949-04-07/dokument/norma/cast_1/par_2/odst_4;64475;1945/108;1945/108;1945/108;108/1945 Sb.
esel-esb:eli/cz/sb/1945/108/1949-04-07/dokument/norma/cast_1/par_2/odst_4;75168;esel-esb:eli/cz/sb/1945/108/1949-04-07/dokument/norma/cast_1/par_2;§ 2 odst. 4;NA;4;NA;/2/1/3/5/;esel-esb:právní-akt-fragment/110405;110405;110403;Odstavec_Dc;(4) Při konfiskaci majetku osoby právnické přísluší poměrná náhrada osobám kapitálově na ní zúčastněným, pokud nespadají pod ustanovení § 1, odst. 1, zejména pokud jim nelze přičítati činnost a chování dotyčné právnické osoby nebo zanedbání přiměřené opatrnosti při ustanovení její správy nebo při dozoru na ni a pokud nejednají přímo nebo nepřímo v zájmu osob, na něž se vztahuje ustanovení § 1, odst. 1. Podrobnosti upraví vláda nařízením.;norms;"<a data-odkaz-id=""2182851"" href=""#""  class=""int_odkaz"">§ 1, odst. 1.</a>";§ 1, odst. 1.;2182851;int_odkaz;NA;NA;NA;NA;esel-esb:právní-akt-odkaz/2182851;§ 1, odst. 1.;INTUSTAN;64475;esel-esb:eli/cz/sb/1945/108/1949-04-07/dokument/norma/cast_1/par_1/odst_1;64475;esel-esb:eli/cz/sb/1945/108/1949-04-07/dokument/norma/cast_1/par_2/odst_4;64475;1945/108;1945/108;1945/108;108/1945 Sb.
esel-esb:eli/cz/sb/1945/108/1949-04-07/dokument/norma/cast_1/par_2/odst_5;75169;esel-esb:eli/cz/sb/1945/108/1949-04-07/dokument/norma/cast_1/par_2;§ 2 odst. 5;NA;5;NA;/2/1/3/6/;esel-esb:právní-akt-fragment/110407;110407;110407;Odstavec_Dc;(5) Jsou-li osoby, jejichž majetek podléhá konfiskaci, jako spoluvlastníci ve společenství s osobami, které pod ustanovení § 1 nespadají, a činí-li jejich spoluvlastnický podíl více než jednu polovinu, podléhá konfiskaci majetek celý. Osobám nespadajícím pod § 1 přísluší však náhrada ve věci stejného druhu a stejné hodnoty jako jejich podíl, a není-li to možno, v penězích.;norms;"<a data-odkaz-id=""2182853"" href=""#""  class=""int_odkaz"">§ 1</a>";§ 1;2182853;int_odkaz;NA;NA;NA;NA;esel-esb:právní-akt-odkaz/2182853;§ 1;INTUSTAN;1405;esel-esb:eli/cz/sb/1945/108/0000-00-00/dokument/norma/cast_1/par_1;1405;esel-esb:eli/cz/sb/1945/108/0000-00-00/dokument/norma/cast_1/par_2/odst_5;1405;1945/108;1945/108;1945/108;108/1945 Sb.
esel-esb:eli/cz/sb/1945/108/1949-04-07/dokument/norma/cast_1/par_2/odst_5;75169;esel-esb:eli/cz/sb/1945/108/1949-04-07/dokument/norma/cast_1/par_2;§ 2 odst. 5;NA;5;NA;/2/1/3/6/;esel-esb:právní-akt-fragment/110407;110407;110407;Odstavec_Dc;(5) Jsou-li osoby, jejichž majetek podléhá konfiskaci, jako spoluvlastníci ve společenství s osobami, které pod ustanovení § 1 nespadají, a činí-li jejich spoluvlastnický podíl více než jednu polovinu, podléhá konfiskaci majetek celý. Osobám nespadajícím pod § 1 přísluší však náhrada ve věci stejného druhu a stejné hodnoty jako jejich podíl, a není-li to možno, v penězích.;norms;"<a data-odkaz-id=""2182859"" href=""#""  class=""int_odkaz"">§ 1</a>";§ 1;2182859;int_odkaz;NA;NA;NA;NA;esel-esb:právní-akt-odkaz/2182859;§ 1;INTUSTAN;1405;esel-esb:eli/cz/sb/1945/108/0000-00-00/dokument/norma/cast_1/par_1;1405;esel-esb:eli/cz/sb/1945/108/0000-00-00/dokument/norma/cast_1/par_2/odst_5;1405;1945/108;1945/108;1945/108;108/1945 Sb.
esel-esb:eli/cz/sb/1945/108/1949-04-07/dokument/norma/cast_2/par_3/odst_1;75174;esel-esb:eli/cz/sb/1945/108/1949-04-07/dokument/norma/cast_2/par_3;§ 3 odst. 1;NA;1;NA;/2/2/2/2/;esel-esb:právní-akt-fragment/110417;110417;110417;Odstavec_Dc;(1) K obstarávání úkolů souvisících se zatímní správou konfiskovaného majetku a jeho rozdělením se zřizuje při každém osidlovacím úřadě Fond národní obnovy (v dalším jen Fond). Fond jest samostatná právnická osoba. Zastupuje ho finanční prokuratura, pokud statut Fondu (odstavec 7) nestanoví jinak.;norms;"<a data-odkaz-id=""2182865"" href=""#""  class=""int_odkaz"">odstavec 7</a>";odstavec 7;2182865;int_odkaz;NA;NA;NA;NA;esel-esb:právní-akt-odkaz/2182865;odstavec 7;INTUSTAN;1405;esel-esb:eli/cz/sb/1945/108/0000-00-00/dokument/norma/cast_2/par_3/odst_7;1405;esel-esb:eli/cz/sb/1945/108/0000-00-00/dokument/norma/cast_2/par_3/odst_1;1405;1945/108;1945/108;1945/108;108/1945 Sb.
esel-esb:eli/cz/sb/1945/108/1949-04-07/dokument/norma/cast_2/par_5/odst_1/bod_4;75191;esel-esb:eli/cz/sb/1945/108/1949-04-07/dokument/norma/cast_2/par_5/odst_1;§ 5 odst. 1 bod 4;NA;4;NA;/2/2/4/2/4/;esel-esb:právní-akt-fragment/110451;110451;110451;Bod_Dd;"4. provésti odevzdání konfiskovaného majetku podle rámcových plánů (§ 6, odst. 1) a konečných rozhodnutí o přídělu (§ 8, odst. 6);";norms;"<a data-odkaz-id=""2182871"" href=""#""  class=""int_odkaz"">§ 6, odst. 1</a>";§ 6, odst. 1;2182871;int_odkaz;NA;NA;NA;NA;esel-esb:právní-akt-odkaz/2182871;§ 6, odst. 1;INTUSTAN;1405;esel-esb:eli/cz/sb/1945/108/0000-00-00/dokument/norma/cast_3/oddil_1/par_6/odst_1;1405;esel-esb:eli/cz/sb/1945/108/0000-00-00/dokument/norma/cast_2/par_5/odst_1/bod_4;1405;1945/108;1945/108;1945/108;108/1945 Sb.
esel-esb:eli/cz/sb/1945/108/1949-04-07/dokument/norma/cast_2/par_5/odst_1/bod_4;75191;esel-esb:eli/cz/sb/1945/108/1949-04-07/dokument/norma/cast_2/par_5/odst_1;§ 5 odst. 1 bod 4;NA;4;NA;/2/2/4/2/4/;esel-esb:právní-akt-fragment/110451;110451;110451;Bod_Dd;"4. provésti odevzdání konfiskovaného majetku podle rámcových plánů (§ 6, odst. 1) a konečných rozhodnutí o přídělu (§ 8, odst. 6);";norms;"<a data-odkaz-id=""2182877"" href=""#""  class=""int_odkaz"">§ 8, odst. 6</a>";§ 8, odst. 6;2182877;int_odkaz;NA;NA;NA;NA;esel-esb:právní-akt-odkaz/2182877;§ 8, odst. 6;INTUSTAN;1405;esel-esb:eli/cz/sb/1945/108/0000-00-00/dokument/norma/cast_3/oddil_2/par_8/odst_6;1405;esel-esb:eli/cz/sb/1945/108/0000-00-00/dokument/norma/cast_2/par_5/odst_1/bod_4;1405;1945/108;1945/108;1945/108;108/1945 Sb.
esel-esb:eli/cz/sb/1945/108/1949-04-07/dokument/norma/cast_3/oddil_1/par_6/odst_3;75204;esel-esb:eli/cz/sb/1945/108/1949-04-07/dokument/norma/cast_3/oddil_1/par_6;§ 6 odst. 3;NA;3;NA;/2/3/2/2/3/;esel-esb:právní-akt-fragment/110477;110477;110477;Odstavec_Dc;(3) Na podkladě rámcových plánů (odstavec 1) a přídělových nařízení (odstavec 2) sestaví se plány přídělové a úhradové (§§ 10 až 12). Osidlovacímu úřadu přísluší přezkoumati, zda přídělové a úhradové plány vyhovují těmto předpokladům, v kterémžto případě je schválí. Příděly, odporující rámcovým plánům nebo přídělovým nařízením, vyloučí osidlovací úřad z přídělových a úhradových plánů. Pokud nejsou schváleny plány osidlovacím úřadem s tohoto hlediska, nelze přikročiti ke konečnému schválení nebo úpravě přídělového a úhradového plánu příslušným orgánem.;norms;"<a data-odkaz-id=""2182883"" href=""#""  class=""int_odkaz"">odstavec 1</a>";odstavec 1;2182883;int_odkaz;NA;NA;NA;NA;esel-esb:právní-akt-odkaz/2182883;odstavec 1;INTUSTAN;1405;esel-esb:eli/cz/sb/1945/108/0000-00-00/dokument/norma/cast_3/oddil_1/par_6/odst_1;1405;esel-esb:eli/cz/sb/1945/108/0000-00-00/dokument/norma/cast_3/oddil_1/par_6/odst_3;1405;1945/108;1945/108;1945/108;108/1945 Sb.
esel-esb:eli/cz/sb/1945/108/1949-04-07/dokument/norma/cast_3/oddil_1/par_6/odst_3;75204;esel-esb:eli/cz/sb/1945/108/1949-04-07/dokument/norma/cast_3/oddil_1/par_6;§ 6 odst. 3;NA;3;NA;/2/3/2/2/3/;esel-esb:právní-akt-fragment/110477;110477;110477;Odstavec_Dc;(3) Na podkladě rámcových plánů (odstavec 1) a přídělových nařízení (odstavec 2) sestaví se plány přídělové a úhradové (§§ 10 až 12). Osidlovacímu úřadu přísluší přezkoumati, zda přídělové a úhradové plány vyhovují těmto předpokladům, v kterémžto případě je schválí. Příděly, odporující rámcovým plánům nebo přídělovým nařízením, vyloučí osidlovací úřad z přídělových a úhradových plánů. Pokud nejsou schváleny plány osidlovacím úřadem s tohoto hlediska, nelze přikročiti ke konečnému schválení nebo úpravě přídělového a úhradového plánu příslušným orgánem.;norms;"<a data-odkaz-id=""2182889"" href=""#""  class=""int_odkaz"">odstavec 2</a>";odstavec 2;2182889;int_odkaz;NA;NA;NA;NA;esel-esb:právní-akt-odkaz/2182889;odstavec 2;INTUSTAN;1405;esel-esb:eli/cz/sb/1945/108/0000-00-00/dokument/norma/cast_3/oddil_1/par_6/odst_2;1405;esel-esb:eli/cz/sb/1945/108/0000-00-00/dokument/norma/cast_3/oddil_1/par_6/odst_3;1405;1945/108;1945/108;1945/108;108/1945 Sb.
esel-esb:eli/cz/sb/1945/108/1949-04-07/dokument/norma/cast_3/oddil_1/par_6/odst_3;75204;esel-esb:eli/cz/sb/1945/108/1949-04-07/dokument/norma/cast_3/oddil_1/par_6;§ 6 odst. 3;NA;3;NA;/2/3/2/2/3/;esel-esb:právní-akt-fragment/110477;110477;110477;Odstavec_Dc;(3) Na podkladě rámcových plánů (odstavec 1) a přídělových nařízení (odstavec 2) sestaví se plány přídělové a úhradové (§§ 10 až 12). Osidlovacímu úřadu přísluší přezkoumati, zda přídělové a úhradové plány vyhovují těmto předpokladům, v kterémžto případě je schválí. Příděly, odporující rámcovým plánům nebo přídělovým nařízením, vyloučí osidlovací úřad z přídělových a úhradových plánů. Pokud nejsou schváleny plány osidlovacím úřadem s tohoto hlediska, nelze přikročiti ke konečnému schválení nebo úpravě přídělového a úhradového plánu příslušným orgánem.;norms;"<a data-odkaz-id=""2182895"" href=""#""  class=""int_odkaz"">§§ 10 až 12</a>";§§ 10 až 12;2182895;int_odkaz;NA;NA;NA;NA;esel-esb:právní-akt-odkaz/2182895;§§ 10 až 12;INTUSTAN;1405;esel-esb:eli/cz/sb/1945/108/0000-00-00/dokument/norma/cast_3/oddil_2/par_10;1405;esel-esb:eli/cz/sb/1945/108/0000-00-00/dokument/norma/cast_3/oddil_1/par_6/odst_3;1405;1945/108;1945/108;1945/108;108/1945 Sb.
esel-esb:eli/cz/sb/1945/108/1949-04-07/dokument/norma/cast_3/oddil_1/par_6/odst_4;75205;esel-esb:eli/cz/sb/1945/108/1949-04-07/dokument/norma/cast_3/oddil_1/par_6;§ 6 odst. 4;NA;4;NA;/2/3/2/2/4/;esel-esb:právní-akt-fragment/110479;110479;110479;Odstavec_Dc;(4) Příděl, který se příčí rámcovému plánu, jednotlivým přídělovým nařízením nebo řádně schváleným, po případě upraveným plánům přídělovým a úhradovým (§ 10, odst. 3, § 11, odst. 3 a § 12, odst. 3), jest neplatný. Fond může ve lhůtě 6 měsíců od doručení pravoplatného rozhodnutí o přídělu (§ 8, odst. 6) dáti podnět ke zrušení neplatného rozhodnutí o přídělu nadřízeným úřadem, a jde-li o přídělové rozhodnutí ministerstva, ústřední komisí pro vnitřní osídlení.;norms;"<a data-odkaz-id=""2182901"" href=""#""  class=""int_odkaz"">§ 10, odst. 3</a>";§ 10, odst. 3;2182901;int_odkaz;NA;NA;NA;NA;esel-esb:právní-akt-odkaz/2182901;§ 10, odst. 3;INTUSTAN;1405;esel-esb:eli/cz/sb/1945/108/0000-00-00/dokument/norma/cast_3/oddil_2/par_10/odst_3;1405;esel-esb:eli/cz/sb/1945/108/0000-00-00/dokument/norma/cast_3/oddil_1/par_6/odst_4;1405;1945/108;1945/108;1945/108;108/1945 Sb.
esel-esb:eli/cz/sb/1945/108/1949-04-07/dokument/norma/cast_3/oddil_1/par_6/odst_4;75205;esel-esb:eli/cz/sb/1945/108/1949-04-07/dokument/norma/cast_3/oddil_1/par_6;§ 6 odst. 4;NA;4;NA;/2/3/2/2/4/;esel-esb:právní-akt-fragment/110479;110479;110479;Odstavec_Dc;(4) Příděl, který se příčí rámcovému plánu, jednotlivým přídělovým nařízením nebo řádně schváleným, po případě upraveným plánům přídělovým a úhradovým (§ 10, odst. 3, § 11, odst. 3 a § 12, odst. 3), jest neplatný. Fond může ve lhůtě 6 měsíců od doručení pravoplatného rozhodnutí o přídělu (§ 8, odst. 6) dáti podnět ke zrušení neplatného rozhodnutí o přídělu nadřízeným úřadem, a jde-li o přídělové rozhodnutí ministerstva, ústřední komisí pro vnitřní osídlení.;norms;"<a data-odkaz-id=""2182907"" href=""#""  class=""int_odkaz"">§ 11, odst. 3</a>";§ 11, odst. 3;2182907;int_odkaz;NA;NA;NA;NA;esel-esb:právní-akt-odkaz/2182907;§ 11, odst. 3;INTUSTAN;1405;esel-esb:eli/cz/sb/1945/108/0000-00-00/dokument/norma/cast_3/oddil_2/par_11/odst_3;1405;esel-esb:eli/cz/sb/1945/108/0000-00-00/dokument/norma/cast_3/oddil_1/par_6/odst_4;1405;1945/108;1945/108;1945/108;108/1945 Sb.
esel-esb:eli/cz/sb/1945/108/1949-04-07/dokument/norma/cast_3/oddil_1/par_6/odst_4;75205;esel-esb:eli/cz/sb/1945/108/1949-04-07/dokument/norma/cast_3/oddil_1/par_6;§ 6 odst. 4;NA;4;NA;/2/3/2/2/4/;esel-esb:právní-akt-fragment/110479;110479;110479;Odstavec_Dc;(4) Příděl, který se příčí rámcovému plánu, jednotlivým přídělovým nařízením nebo řádně schváleným, po případě upraveným plánům přídělovým a úhradovým (§ 10, odst. 3, § 11, odst. 3 a § 12, odst. 3), jest neplatný. Fond může ve lhůtě 6 měsíců od doručení pravoplatného rozhodnutí o přídělu (§ 8, odst. 6) dáti podnět ke zrušení neplatného rozhodnutí o přídělu nadřízeným úřadem, a jde-li o přídělové rozhodnutí ministerstva, ústřední komisí pro vnitřní osídlení.;norms;"<a data-odkaz-id=""2182913"" href=""#""  class=""int_odkaz"">§ 12, odst. 3</a>";§ 12, odst. 3;2182913;int_odkaz;NA;NA;NA;NA;esel-esb:právní-akt-odkaz/2182913;§ 12, odst. 3;INTUSTAN;1405;esel-esb:eli/cz/sb/1945/108/0000-00-00/dokument/norma/cast_3/oddil_2/par_12/odst_3;1405;esel-esb:eli/cz/sb/1945/108/0000-00-00/dokument/norma/cast_3/oddil_1/par_6/odst_4;1405;1945/108;1945/108;1945/108;108/1945 Sb.
esel-esb:eli/cz/sb/1945/108/1949-04-07/dokument/norma/cast_3/oddil_1/par_6/odst_4;75205;esel-esb:eli/cz/sb/1945/108/1949-04-07/dokument/norma/cast_3/oddil_1/par_6;§ 6 odst. 4;NA;4;NA;/2/3/2/2/4/;esel-esb:právní-akt-fragment/110479;110479;110479;Odstavec_Dc;(4) Příděl, který se příčí rámcovému plánu, jednotlivým přídělovým nařízením nebo řádně schváleným, po případě upraveným plánům přídělovým a úhradovým (§ 10, odst. 3, § 11, odst. 3 a § 12, odst. 3), jest neplatný. Fond může ve lhůtě 6 měsíců od doručení pravoplatného rozhodnutí o přídělu (§ 8, odst. 6) dáti podnět ke zrušení neplatného rozhodnutí o přídělu nadřízeným úřadem, a jde-li o přídělové rozhodnutí ministerstva, ústřední komisí pro vnitřní osídlení.;norms;"<a data-odkaz-id=""2182919"" href=""#""  class=""int_odkaz"">§ 8</a>";§ 8;2182919;int_odkaz;NA;NA;NA;NA;esel-esb:právní-akt-odkaz/2182919;§ 8;INTUSTAN;1405;esel-esb:eli/cz/sb/1945/108/0000-00-00/dokument/norma/cast_3/oddil_2/par_8;1405;esel-esb:eli/cz/sb/1945/108/0000-00-00/dokument/norma/cast_3/oddil_1/par_6/odst_4;1405;1945/108;1945/108;1945/108;108/1945 Sb.
esel-esb:eli/cz/sb/1945/108/1949-04-07/dokument/norma/cast_3/oddil_1/par_6/odst_4;75205;esel-esb:eli/cz/sb/1945/108/1949-04-07/dokument/norma/cast_3/oddil_1/par_6;§ 6 odst. 4;NA;4;NA;/2/3/2/2/4/;esel-esb:právní-akt-fragment/110479;110479;110479;Odstavec_Dc;(4) Příděl, který se příčí rámcovému plánu, jednotlivým přídělovým nařízením nebo řádně schváleným, po případě upraveným plánům přídělovým a úhradovým (§ 10, odst. 3, § 11, odst. 3 a § 12, odst. 3), jest neplatný. Fond může ve lhůtě 6 měsíců od doručení pravoplatného rozhodnutí o přídělu (§ 8, odst. 6) dáti podnět ke zrušení neplatného rozhodnutí o přídělu nadřízeným úřadem, a jde-li o přídělové rozhodnutí ministerstva, ústřední komisí pro vnitřní osídlení.;norms;"<a data-odkaz-id=""2182925"" href=""#""  class=""int_odkaz"">odst. 6</a>";odst. 6;2182925;int_odkaz;NA;NA;NA;NA;esel-esb:právní-akt-odkaz/2182925;odst. 6;INTUSTAN;1405;esel-esb:eli/cz/sb/1945/108/0000-00-00/dokument/norma/cast_3/oddil_2/par_8/odst_6;1405;esel-esb:eli/cz/sb/1945/108/0000-00-00/dokument/norma/cast_3/oddil_1/par_6/odst_4;1405;1945/108;1945/108;1945/108;108/1945 Sb.
esel-esb:eli/cz/sb/1945/108/1949-04-07/dokument/norma/cast_3/oddil_2/par_7/odst_1;75210;esel-esb:eli/cz/sb/1945/108/1949-04-07/dokument/norma/cast_3/oddil_2/par_7;§ 7 odst. 1;NA;1;NA;/2/3/3/2/2/;esel-esb:právní-akt-fragment/110489;110489;110489;Odstavec_Dc;(1) Z majetku konfiskovaného podle tohoto dekretu se přidělují (§ 8) jednotlivé majetkové podstaty do vlastnictví oprávněným uchazečům za úhradu.;norms;"<a data-odkaz-id=""2182931"" href=""#""  class=""int_odkaz"">§ 8</a>";§ 8;2182931;int_odkaz;NA;NA;NA;NA;esel-esb:právní-akt-odkaz/2182931;§ 8;INTUSTAN;1405;esel-esb:eli/cz/sb/1945/108/0000-00-00/dokument/norma/cast_3/oddil_2/par_8;1405;esel-esb:eli/cz/sb/1945/108/0000-00-00/dokument/norma/cast_3/oddil_2/par_7/odst_1;1405;1945/108;1945/108;1945/108;108/1945 Sb.
esel-esb:eli/cz/sb/1945/108/1949-04-07/dokument/norma/cast_3/oddil_2/par_7/odst_2;75211;esel-esb:eli/cz/sb/1945/108/1949-04-07/dokument/norma/cast_3/oddil_2/par_7;§ 7 odst. 2;NA;2;NA;/2/3/3/2/3/;esel-esb:právní-akt-fragment/110491;110491;110491;Odstavec_Dc;(2) Majetkové podstaty mohou býti přiděleny zemím, okresům, obcím a jiným veřejnoprávním korporacím, zejména zájmovým a kulturním, družstvům a jiným uchazečům, kteří vyhovují přídělovým podmínkám (§ 6, odst. 2).;norms;"<a data-odkaz-id=""2182937"" href=""#""  class=""int_odkaz"">§ 6, odst. 2</a>";§ 6, odst. 2;2182937;int_odkaz;NA;NA;NA;NA;esel-esb:právní-akt-odkaz/2182937;§ 6, odst. 2;INTUSTAN;1405;esel-esb:eli/cz/sb/1945/108/0000-00-00/dokument/norma/cast_3/oddil_1/par_6/odst_2;1405;esel-esb:eli/cz/sb/1945/108/0000-00-00/dokument/norma/cast_3/oddil_2/par_7/odst_2;1405;1945/108;1945/108;1945/108;108/1945 Sb.
esel-esb:eli/cz/sb/1945/108/1949-04-07/dokument/norma/cast_3/oddil_2/par_8/odst_1;75215;esel-esb:eli/cz/sb/1945/108/1949-04-07/dokument/norma/cast_3/oddil_2/par_8;§ 8 odst. 1;NA;1;NA;/2/3/3/3/2/;esel-esb:právní-akt-fragment/110499;110499;110499;Odstavec_Dc;(1) Podle pravoplatných přídělových plánů (§§ 10 až 12) přiděluje malé majetkové podstaty okresní národní výbor, střední majetkové podstaty zemský národní výbor (na Slovensku příslušný orgán Slovenské národní rady) a průmyslový majetek a velké majetkové podstaty příslušné ministerstvo (na Slovensku v dohodě s příslušným pověřenectvem Slovenské národní rady).;norms;"<a data-odkaz-id=""2182943"" href=""#""  class=""int_odkaz"">§§ 10 až 12</a>";§§ 10 až 12;2182943;int_odkaz;NA;NA;NA;NA;esel-esb:právní-akt-odkaz/2182943;§§ 10 až 12;INTUSTAN;1405;esel-esb:eli/cz/sb/1945/108/0000-00-00/dokument/norma/cast_3/oddil_2/par_10;1405;esel-esb:eli/cz/sb/1945/108/0000-00-00/dokument/norma/cast_3/oddil_2/par_8/odst_1;1405;1945/108;1945/108;1945/108;108/1945 Sb.
esel-esb:eli/cz/sb/1945/108/1949-04-07/dokument/norma/cast_3/oddil_2/par_9/odst_1;75229;esel-esb:eli/cz/sb/1945/108/1949-04-07/dokument/norma/cast_3/oddil_2/par_9;§ 9 odst. 1;NA;1;NA;/2/3/3/4/2/;esel-esb:právní-akt-fragment/110527;110527;110527;Odstavec_Dc;(1) Místní národní výbor, v jehož obvodu jest konfiskovaný majetek, vyzve na dožádání osidlovacího úřadu veřejně způsobem v místě obvyklým a vyhláškou ve věstníku osidlovacího úřadu zájemce o příděl k podávání přihlášek. Přihlášky je podávati u místního národního výboru. Z těchto uchazečů, vyhovujících přídělovým podmínkám (§ 6, odst. 2), jakož i z členů místního národního výboru, kteří uchazeči nejsou, jmenuje místní národní výbor místní přídělovou komisi, a to nejméně o 3 a nejvýše o 10 členech tak, aby většinu netvořili uchazeči o příděl. Členství v místních přídělových komisích jest čestné. Místní národní výbor může členy komise kdykoli odvolati. Předsedu místní přídělové komise zvolí místní národní výbor ze svých členů. V obcích s více než 10 000 obyvateli jmenuje místní národní výbor za členy místní přídělové komise také zástupce hospodářských svazů (na Slovensku obdobných hospodářských organisací) a Ústřední rady odborů (na Slovensku Ústredia odborových sväzov). Byl-li člen odvolán nebo odpadl-li z jiného důvodu, jmenuje se nový člen ze zájmové skupiny, z níž člen, kterého má nahraditi, vyšel. Při postupném provádění přídělového nařízení (§ 6, odst. 2, poslední věta) lze jmenovati pro jednotlivé druhy majetkových podstat různé přídělové komise.;norms;"<a data-odkaz-id=""2182949"" href=""#""  class=""int_odkaz"">§ 6, odst. 2</a>";§ 6, odst. 2;2182949;int_odkaz;NA;NA;NA;NA;esel-esb:právní-akt-odkaz/2182949;§ 6, odst. 2;INTUSTAN;1405;esel-esb:eli/cz/sb/1945/108/0000-00-00/dokument/norma/cast_3/oddil_1/par_6/odst_2;1405;esel-esb:eli/cz/sb/1945/108/0000-00-00/dokument/norma/cast_3/oddil_2/par_9/odst_1;1405;1945/108;1945/108;1945/108;108/1945 Sb.
esel-esb:eli/cz/sb/1945/108/1949-04-07/dokument/norma/cast_3/oddil_2/par_9/odst_1;75229;esel-esb:eli/cz/sb/1945/108/1949-04-07/dokument/norma/cast_3/oddil_2/par_9;§ 9 odst. 1;NA;1;NA;/2/3/3/4/2/;esel-esb:právní-akt-fragment/110527;110527;110527;Odstavec_Dc;(1) Místní národní výbor, v jehož obvodu jest konfiskovaný majetek, vyzve na dožádání osidlovacího úřadu veřejně způsobem v místě obvyklým a vyhláškou ve věstníku osidlovacího úřadu zájemce o příděl k podávání přihlášek. Přihlášky je podávati u místního národního výboru. Z těchto uchazečů, vyhovujících přídělovým podmínkám (§ 6, odst. 2), jakož i z členů místního národního výboru, kteří uchazeči nejsou, jmenuje místní národní výbor místní přídělovou komisi, a to nejméně o 3 a nejvýše o 10 členech tak, aby většinu netvořili uchazeči o příděl. Členství v místních přídělových komisích jest čestné. Místní národní výbor může členy komise kdykoli odvolati. Předsedu místní přídělové komise zvolí místní národní výbor ze svých členů. V obcích s více než 10 000 obyvateli jmenuje místní národní výbor za členy místní přídělové komise také zástupce hospodářských svazů (na Slovensku obdobných hospodářských organisací) a Ústřední rady odborů (na Slovensku Ústredia odborových sväzov). Byl-li člen odvolán nebo odpadl-li z jiného důvodu, jmenuje se nový člen ze zájmové skupiny, z níž člen, kterého má nahraditi, vyšel. Při postupném provádění přídělového nařízení (§ 6, odst. 2, poslední věta) lze jmenovati pro jednotlivé druhy majetkových podstat různé přídělové komise.;norms;"<a data-odkaz-id=""2182955"" href=""#""  class=""int_odkaz"">§ 6, odst. 2</a>";§ 6, odst. 2;2182955;int_odkaz;NA;NA;NA;NA;esel-esb:právní-akt-odkaz/2182955;§ 6, odst. 2;INTUSTAN;1405;esel-esb:eli/cz/sb/1945/108/0000-00-00/dokument/norma/cast_3/oddil_1/par_6/odst_2;1405;esel-esb:eli/cz/sb/1945/108/0000-00-00/dokument/norma/cast_3/oddil_2/par_9/odst_1;1405;1945/108;1945/108;1945/108;108/1945 Sb.
esel-esb:eli/cz/sb/1945/108/1949-04-07/dokument/norma/cast_3/oddil_2/par_9/odst_2;75230;esel-esb:eli/cz/sb/1945/108/1949-04-07/dokument/norma/cast_3/oddil_2/par_9;§ 9 odst. 2;NA;2;NA;/2/3/3/4/3/;esel-esb:právní-akt-fragment/110529;110529;110529;Odstavec_Dc;(2) Okresní národní výbor, v jehož obvodu jest konfiskovaný majetek, vyzve na dožádání osidlovacího úřadu veřejně způsobem v okresu obvyklým a vyhláškou ve věstníku osidlovacího úřadu zájemce o příděl k podávání přihlášek. Přihlášky je podávati u okresního národního výboru. Z těchto uchazečů, vyhovujících přídělovým podmínkám (§ 6, odst. 2), a ze zástupců okresního národního výboru, hospodářských svazů (na Slovensku obdobných hospodářských organisací) a Ústřední rady odborů (na Slovensku Ústredia odborových sväzov) jmenuje okresní národní výbor okresní přídělovou komisi, a to nejvýše o 10 členech tak, aby většinu netvořili uchazeči o příděl. O členech okresní přídělové komise platí obdobně ustanovení o členech místní přídělové komise. Předsedu okresní přídělové komise zvolí okresní národní výbor ze svých členů.;norms;"<a data-odkaz-id=""2182961"" href=""#""  class=""int_odkaz"">§ 6, odst. 2</a>";§ 6, odst. 2;2182961;int_odkaz;NA;NA;NA;NA;esel-esb:právní-akt-odkaz/2182961;§ 6, odst. 2;INTUSTAN;1405;esel-esb:eli/cz/sb/1945/108/0000-00-00/dokument/norma/cast_3/oddil_1/par_6/odst_2;1405;esel-esb:eli/cz/sb/1945/108/0000-00-00/dokument/norma/cast_3/oddil_2/par_9/odst_2;1405;1945/108;1945/108;1945/108;108/1945 Sb.
esel-esb:eli/cz/sb/1945/108/1949-04-07/dokument/norma/cast_3/oddil_2/par_10/odst_1;75235;esel-esb:eli/cz/sb/1945/108/1949-04-07/dokument/norma/cast_3/oddil_2/par_10;§ 10 odst. 1;NA;1;NA;/2/3/3/5/2/;esel-esb:právní-akt-fragment/110539;110539;110539;Odstavec_Dc;(1) Místní přídělová komise vypracuje pro malé majetkové podstaty, určené k přídělu v obvodu místního národního výboru, přídělový plán s návrhem na úhradu požadovanou za přidělovaný majetek. Plán vyloží k veřejnému nahlédnutí u místního národního výboru po 15 dnů a upozorní zároveň na vyložení vyhláškou jednak vyvěšenou po tuto dobu na jeho úřední desce, jednak uveřejněnou - nejpozději prvního dne vyložení - v tisku a ve věstníku osidlovacího úřadu, a to s poučením o námitkách. Proti tomuto přídělovému plánu a návrhu na úhradu má každý československý státní příslušník, starší 18 let, právo podati ve lhůtě 15 dnů od posledního dne vyložení plánu námitky u místní přídělové komise. Po uplynutí lhůty k námitkám předloží místní přídělová komise přídělový plán s návrhem na úhradu a došlé námitky se svým vyjádřením k nim okresní přídělové komisi k přezkoumání. Zároveň zašle opis přídělového plánu a návrhu na úhradu osidlovacímu úřadu (§ 6, odst. 3), berní správě a okresnímu národnímu výboru (odstavec 2).;norms;"<a data-odkaz-id=""2182967"" href=""#""  class=""int_odkaz"">§ 6, odst. 3</a>";§ 6, odst. 3;2182967;int_odkaz;NA;NA;NA;NA;esel-esb:právní-akt-odkaz/2182967;§ 6, odst. 3;INTUSTAN;1405;esel-esb:eli/cz/sb/1945/108/0000-00-00/dokument/norma/cast_3/oddil_1/par_6/odst_3;1405;esel-esb:eli/cz/sb/1945/108/0000-00-00/dokument/norma/cast_3/oddil_2/par_10/odst_1;1405;1945/108;1945/108;1945/108;108/1945 Sb.
esel-esb:eli/cz/sb/1945/108/1949-04-07/dokument/norma/cast_3/oddil_2/par_10/odst_1;75235;esel-esb:eli/cz/sb/1945/108/1949-04-07/dokument/norma/cast_3/oddil_2/par_10;§ 10 odst. 1;NA;1;NA;/2/3/3/5/2/;esel-esb:právní-akt-fragment/110539;110539;110539;Odstavec_Dc;(1) Místní přídělová komise vypracuje pro malé majetkové podstaty, určené k přídělu v obvodu místního národního výboru, přídělový plán s návrhem na úhradu požadovanou za přidělovaný majetek. Plán vyloží k veřejnému nahlédnutí u místního národního výboru po 15 dnů a upozorní zároveň na vyložení vyhláškou jednak vyvěšenou po tuto dobu na jeho úřední desce, jednak uveřejněnou - nejpozději prvního dne vyložení - v tisku a ve věstníku osidlovacího úřadu, a to s poučením o námitkách. Proti tomuto přídělovému plánu a návrhu na úhradu má každý československý státní příslušník, starší 18 let, právo podati ve lhůtě 15 dnů od posledního dne vyložení plánu námitky u místní přídělové komise. Po uplynutí lhůty k námitkám předloží místní přídělová komise přídělový plán s návrhem na úhradu a došlé námitky se svým vyjádřením k nim okresní přídělové komisi k přezkoumání. Zároveň zašle opis přídělového plánu a návrhu na úhradu osidlovacímu úřadu (§ 6, odst. 3), berní správě a okresnímu národnímu výboru (odstavec 2).;norms;"<a data-odkaz-id=""2182973"" href=""#""  class=""int_odkaz"">odstavec 2</a>";odstavec 2;2182973;int_odkaz;NA;NA;NA;NA;esel-esb:právní-akt-odkaz/2182973;odstavec 2;INTUSTAN;1405;esel-esb:eli/cz/sb/1945/108/0000-00-00/dokument/norma/cast_3/oddil_2/par_10/odst_2;1405;esel-esb:eli/cz/sb/1945/108/0000-00-00/dokument/norma/cast_3/oddil_2/par_10/odst_1;1405;1945/108;1945/108;1945/108;108/1945 Sb.
esel-esb:eli/cz/sb/1945/108/1949-04-07/dokument/norma/cast_3/oddil_2/par_10/odst_3;75237;esel-esb:eli/cz/sb/1945/108/1949-04-07/dokument/norma/cast_3/oddil_2/par_10;§ 10 odst. 3;NA;3;NA;/2/3/3/5/4/;esel-esb:právní-akt-fragment/110543;110543;110543;Odstavec_Dc;(3) Přídělový a úhradový plán pro malé majetkové podstaty je podkladem pro přidělování, jakmile byl okresní přídělovou komisí se zřetelem na stanovisko osidlovacího úřadu (§ 6, odst. 3) schválen, po případě upraven.;norms;"<a data-odkaz-id=""2182979"" href=""#""  class=""int_odkaz"">§ 6, odst. 3</a>";§ 6, odst. 3;2182979;int_odkaz;NA;NA;NA;NA;esel-esb:právní-akt-odkaz/2182979;§ 6, odst. 3;INTUSTAN;1405;esel-esb:eli/cz/sb/1945/108/0000-00-00/dokument/norma/cast_3/oddil_1/par_6/odst_3;1405;esel-esb:eli/cz/sb/1945/108/0000-00-00/dokument/norma/cast_3/oddil_2/par_10/odst_3;1405;1945/108;1945/108;1945/108;108/1945 Sb.
esel-esb:eli/cz/sb/1945/108/1949-04-07/dokument/norma/cast_3/oddil_2/par_11/odst_1;75240;esel-esb:eli/cz/sb/1945/108/1949-04-07/dokument/norma/cast_3/oddil_2/par_11;§ 11 odst. 1;NA;1;NA;/2/3/3/6/2/;esel-esb:právní-akt-fragment/110549;110549;110549;Odstavec_Dc;(1) Okresní přídělová komise vypracuje pro střední majetkové podstaty, určené k přídělu v obvodu okresního národního výboru, přídělový plán s návrhem na úhradu požadovanou za přidělovaný majetek. Plán vyloží k veřejnému nahlédnutí u okresního národního výboru po 15 dnů a upozorní zároveň na vyložení vyhláškou jednak vyvěšenou po tuto dobu na jeho úřední desce, jednak uveřejněnou - nejpozději prvního dne vyložení - v tisku a ve věstníku osidlovacího úřadu, a to s poučením o námitkách. Proti tomuto přídělovému plánu a návrhu na úhradu má každý československý státní příslušník, starší 18 let, právo podati ve lhůtě 15 dnů od posledního dne vyložení plánu námitky u okresní přídělové komise. Po uplynutí lhůty k námitkám předloží okresní přídělová komise přídělový plán s návrhem na úhradu a došlé námitky se svým vyjádřením k nim zemskému národnímu výboru (na Slovensku příslušnému orgánu Slovenské národní rady) k přezkoumání. Zároveň zašle opis přídělového plánu a návrhu na úhradu osidlovacímu úřadu (§ 6, odst. 3), berní správě a okresnímu národnímu výboru (odstavec 2).;norms;"<a data-odkaz-id=""2182985"" href=""#""  class=""int_odkaz"">§ 6, odst. 3</a>";§ 6, odst. 3;2182985;int_odkaz;NA;NA;NA;NA;esel-esb:právní-akt-odkaz/2182985;§ 6, odst. 3;INTUSTAN;1405;esel-esb:eli/cz/sb/1945/108/0000-00-00/dokument/norma/cast_3/oddil_1/par_6/odst_3;1405;esel-esb:eli/cz/sb/1945/108/0000-00-00/dokument/norma/cast_3/oddil_2/par_11/odst_1;1405;1945/108;1945/108;1945/108;108/1945 Sb.
esel-esb:eli/cz/sb/1945/108/1949-04-07/dokument/norma/cast_3/oddil_2/par_11/odst_1;75240;esel-esb:eli/cz/sb/1945/108/1949-04-07/dokument/norma/cast_3/oddil_2/par_11;§ 11 odst. 1;NA;1;NA;/2/3/3/6/2/;esel-esb:právní-akt-fragment/110549;110549;110549;Odstavec_Dc;(1) Okresní přídělová komise vypracuje pro střední majetkové podstaty, určené k přídělu v obvodu okresního národního výboru, přídělový plán s návrhem na úhradu požadovanou za přidělovaný majetek. Plán vyloží k veřejnému nahlédnutí u okresního národního výboru po 15 dnů a upozorní zároveň na vyložení vyhláškou jednak vyvěšenou po tuto dobu na jeho úřední desce, jednak uveřejněnou - nejpozději prvního dne vyložení - v tisku a ve věstníku osidlovacího úřadu, a to s poučením o námitkách. Proti tomuto přídělovému plánu a návrhu na úhradu má každý československý státní příslušník, starší 18 let, právo podati ve lhůtě 15 dnů od posledního dne vyložení plánu námitky u okresní přídělové komise. Po uplynutí lhůty k námitkám předloží okresní přídělová komise přídělový plán s návrhem na úhradu a došlé námitky se svým vyjádřením k nim zemskému národnímu výboru (na Slovensku příslušnému orgánu Slovenské národní rady) k přezkoumání. Zároveň zašle opis přídělového plánu a návrhu na úhradu osidlovacímu úřadu (§ 6, odst. 3), berní správě a okresnímu národnímu výboru (odstavec 2).;norms;"<a data-odkaz-id=""2182991"" href=""#""  class=""int_odkaz"">odstavec 2</a>";odstavec 2;2182991;int_odkaz;NA;NA;NA;NA;esel-esb:právní-akt-odkaz/2182991;odstavec 2;INTUSTAN;1405;esel-esb:eli/cz/sb/1945/108/0000-00-00/dokument/norma/cast_3/oddil_2/par_11/odst_2;1405;esel-esb:eli/cz/sb/1945/108/0000-00-00/dokument/norma/cast_3/oddil_2/par_11/odst_1;1405;1945/108;1945/108;1945/108;108/1945 Sb.
esel-esb:eli/cz/sb/1945/108/1949-04-07/dokument/norma/cast_3/oddil_2/par_11/odst_3;75242;esel-esb:eli/cz/sb/1945/108/1949-04-07/dokument/norma/cast_3/oddil_2/par_11;§ 11 odst. 3;NA;3;NA;/2/3/3/6/4/;esel-esb:právní-akt-fragment/110553;110553;110553;Odstavec_Dc;(3) Přídělový a úhradový plán pro střední majetkové podstaty je podkladem pro přidělování, jakmile byl zemským národním výborem (na Slovensku příslušným orgánem Slovenské národní rady) se zřetelem na stanovisko osidlovacího úřadu (§ 6, odst. 3) schválen, po případě upraven.;norms;"<a data-odkaz-id=""2182997"" href=""#""  class=""int_odkaz"">§ 6, odst. 3</a>";§ 6, odst. 3;2182997;int_odkaz;NA;NA;NA;NA;esel-esb:právní-akt-odkaz/2182997;§ 6, odst. 3;INTUSTAN;1405;esel-esb:eli/cz/sb/1945/108/0000-00-00/dokument/norma/cast_3/oddil_1/par_6/odst_3;1405;esel-esb:eli/cz/sb/1945/108/0000-00-00/dokument/norma/cast_3/oddil_2/par_11/odst_3;1405;1945/108;1945/108;1945/108;108/1945 Sb.
esel-esb:eli/cz/sb/1945/108/1949-04-07/dokument/norma/cast_3/oddil_2/par_12/odst_1;75245;esel-esb:eli/cz/sb/1945/108/1949-04-07/dokument/norma/cast_3/oddil_2/par_12;§ 12 odst. 1;NA;1;NA;/2/3/3/7/2/;esel-esb:právní-akt-fragment/110559;110559;110559;Odstavec_Dc;(1) Zemský národní výbor (na Slovensku příslušný orgán Slovenské národní rady) vypracuje pro průmyslový majetek a velké majetkové podstaty, určené k přídělu v jeho obvodu, přídělový plán s návrhem na úhradu požadovanou za přidělovaný majetek. Plány jest uveřejniti ve věstníku osidlovacího úřadu. Proti tomuto přídělovému plánu a návrhu na úhradu má každý československý státní příslušník, starší 18 let, právo podati námitky u zemského národního výboru (příslušného orgánu Slovenské národní rady) ve lhůtě 15 dnů od uveřejnění plánu. Po uplynutí lhůty k námitkám předloží zemský národní výbor (na Slovensku příslušný orgán Slovenské národní rady) přídělový plán s návrhem na úhradu a došlé námitky se svým vyjádřením k nim příslušnému ministerstvu k přezkoumání. Zároveň zašle opis přídělového plánu a návrhu na úhradu osidlovacímu úřadu (§ 6, odst. 3), ministerstvu financí, ministerstvu dopravy (odstavec 2) a nejvyššímu úřadu cenovému.;norms;"<a data-odkaz-id=""2183003"" href=""#""  class=""int_odkaz"">§ 6</a>";§ 6;2183003;int_odkaz;NA;NA;NA;NA;esel-esb:právní-akt-odkaz/2183003;§ 6;INTUSTAN;1405;esel-esb:eli/cz/sb/1945/108/0000-00-00/dokument/norma/cast_3/oddil_1/par_6;1405;esel-esb:eli/cz/sb/1945/108/0000-00-00/dokument/norma/cast_3/oddil_2/par_12/odst_1;1405;1945/108;1945/108;1945/108;108/1945 Sb.
esel-esb:eli/cz/sb/1945/108/1949-04-07/dokument/norma/cast_3/oddil_2/par_12/odst_1;75245;esel-esb:eli/cz/sb/1945/108/1949-04-07/dokument/norma/cast_3/oddil_2/par_12;§ 12 odst. 1;NA;1;NA;/2/3/3/7/2/;esel-esb:právní-akt-fragment/110559;110559;110559;Odstavec_Dc;(1) Zemský národní výbor (na Slovensku příslušný orgán Slovenské národní rady) vypracuje pro průmyslový majetek a velké majetkové podstaty, určené k přídělu v jeho obvodu, přídělový plán s návrhem na úhradu požadovanou za přidělovaný majetek. Plány jest uveřejniti ve věstníku osidlovacího úřadu. Proti tomuto přídělovému plánu a návrhu na úhradu má každý československý státní příslušník, starší 18 let, právo podati námitky u zemského národního výboru (příslušného orgánu Slovenské národní rady) ve lhůtě 15 dnů od uveřejnění plánu. Po uplynutí lhůty k námitkám předloží zemský národní výbor (na Slovensku příslušný orgán Slovenské národní rady) přídělový plán s návrhem na úhradu a došlé námitky se svým vyjádřením k nim příslušnému ministerstvu k přezkoumání. Zároveň zašle opis přídělového plánu a návrhu na úhradu osidlovacímu úřadu (§ 6, odst. 3), ministerstvu financí, ministerstvu dopravy (odstavec 2) a nejvyššímu úřadu cenovému.;norms;"<a data-odkaz-id=""2183009"" href=""#""  class=""int_odkaz"">odst. 3</a>";odst. 3;2183009;int_odkaz;NA;NA;NA;NA;esel-esb:právní-akt-odkaz/2183009;odst. 3;INTUSTAN;1405;esel-esb:eli/cz/sb/1945/108/0000-00-00/dokument/norma/cast_3/oddil_1/par_6/odst_3;1405;esel-esb:eli/cz/sb/1945/108/0000-00-00/dokument/norma/cast_3/oddil_2/par_12/odst_1;1405;1945/108;1945/108;1945/108;108/1945 Sb.
esel-esb:eli/cz/sb/1945/108/1949-04-07/dokument/norma/cast_3/oddil_2/par_12/odst_1;75245;esel-esb:eli/cz/sb/1945/108/1949-04-07/dokument/norma/cast_3/oddil_2/par_12;§ 12 odst. 1;NA;1;NA;/2/3/3/7/2/;esel-esb:právní-akt-fragment/110559;110559;110559;Odstavec_Dc;(1) Zemský národní výbor (na Slovensku příslušný orgán Slovenské národní rady) vypracuje pro průmyslový majetek a velké majetkové podstaty, určené k přídělu v jeho obvodu, přídělový plán s návrhem na úhradu požadovanou za přidělovaný majetek. Plány jest uveřejniti ve věstníku osidlovacího úřadu. Proti tomuto přídělovému plánu a návrhu na úhradu má každý československý státní příslušník, starší 18 let, právo podati námitky u zemského národního výboru (příslušného orgánu Slovenské národní rady) ve lhůtě 15 dnů od uveřejnění plánu. Po uplynutí lhůty k námitkám předloží zemský národní výbor (na Slovensku příslušný orgán Slovenské národní rady) přídělový plán s návrhem na úhradu a došlé námitky se svým vyjádřením k nim příslušnému ministerstvu k přezkoumání. Zároveň zašle opis přídělového plánu a návrhu na úhradu osidlovacímu úřadu (§ 6, odst. 3), ministerstvu financí, ministerstvu dopravy (odstavec 2) a nejvyššímu úřadu cenovému.;norms;"<a data-odkaz-id=""2183015"" href=""#""  class=""int_odkaz"">odstavec 2</a>";odstavec 2;2183015;int_odkaz;NA;NA;NA;NA;esel-esb:právní-akt-odkaz/2183015;odstavec 2;INTUSTAN;1405;esel-esb:eli/cz/sb/1945/108/0000-00-00/dokument/norma/cast_3/oddil_2/par_12/odst_2;1405;esel-esb:eli/cz/sb/1945/108/0000-00-00/dokument/norma/cast_3/oddil_2/par_12/odst_1;1405;1945/108;1945/108;1945/108;108/1945 Sb.
esel-esb:eli/cz/sb/1945/108/1949-04-07/dokument/norma/cast_3/oddil_2/par_12/odst_3;75247;esel-esb:eli/cz/sb/1945/108/1949-04-07/dokument/norma/cast_3/oddil_2/par_12;§ 12 odst. 3;NA;3;NA;/2/3/3/7/4/;esel-esb:právní-akt-fragment/110563;110563;110563;Odstavec_Dc;(3) Přídělový a úhradový plán pro průmyslový majetek a velké majetkové podstaty je podkladem pro přidělování, jakmile byl ministerstvem (na Slovensku v dohodě s příslušným pověřenectvem Slovenské národní rady) se zřetelem na stanovisko osidlovacího úřadu (§ 6, odst. 3) schválen, po případě upraven.;norms;"<a data-odkaz-id=""2183021"" href=""#""  class=""int_odkaz"">§ 6, odst. 3</a>";§ 6, odst. 3;2183021;int_odkaz;NA;NA;NA;NA;esel-esb:právní-akt-odkaz/2183021;§ 6, odst. 3;INTUSTAN;1405;esel-esb:eli/cz/sb/1945/108/0000-00-00/dokument/norma/cast_3/oddil_1/par_6/odst_3;1405;esel-esb:eli/cz/sb/1945/108/0000-00-00/dokument/norma/cast_3/oddil_2/par_12/odst_3;1405;1945/108;1945/108;1945/108;108/1945 Sb.
esel-esb:eli/cz/sb/1945/108/1949-04-07/dokument/norma/cast_3/oddil_2/par_13/frag_110569;75250;esel-esb:eli/cz/sb/1945/108/1949-04-07/dokument/norma/cast_3/oddil_2/par_13;NA;NA;NA;NA;/2/3/3/8/2/;esel-esb:právní-akt-fragment/110569;110569;110569;Odstavec_Dc;Zciziti, pronajmouti, propachtovati nebo zatížiti majetek přidělený podle § 8 lze jen po lhůtě stanovené jednotlivými přídělovými nařízeními. V této lhůtě lze tak učiniti jen se svolením Fondu.;norms;"<a data-odkaz-id=""2183027"" href=""#""  class=""int_odkaz"">§ 8</a>";§ 8;2183027;int_odkaz;NA;NA;NA;NA;esel-esb:právní-akt-odkaz/2183027;§ 8;INTUSTAN;1405;esel-esb:eli/cz/sb/1945/108/0000-00-00/dokument/norma/cast_3/oddil_2/par_8;1405;esel-esb:eli/cz/sb/1945/108/0000-00-00/dokument/norma/cast_3/oddil_2/par_13/frag_110569;1405;1945/108;1945/108;1945/108;108/1945 Sb.
esel-esb:eli/cz/sb/1945/108/1949-04-07/dokument/norma/cast_3/oddil_2/par_14/odst_2;75254;esel-esb:eli/cz/sb/1945/108/1949-04-07/dokument/norma/cast_3/oddil_2/par_14;§ 14 odst. 2;NA;2;NA;/2/3/3/9/3/;esel-esb:právní-akt-fragment/110577;110577;110577;Odstavec_Dc;(2) Této úhrady budiž použito k zaplacení závazků, náležejících ke zkonfiskovanému majetku, pokud při vypořádání (§ 5, odst. 1, č. 3) budou uznány a nebudou převzaty přídělci, a zbytek budiž odveden státní pokladně k vázaným účelům.;norms;"<a data-odkaz-id=""2183033"" href=""#""  class=""int_odkaz"">§ 5, odst. 1, č. 3</a>";§ 5, odst. 1, č. 3;2183033;int_odkaz;NA;NA;NA;NA;esel-esb:právní-akt-odkaz/2183033;§ 5, odst. 1, č. 3;INTUSTAN;1405;esel-esb:eli/cz/sb/1945/108/0000-00-00/dokument/norma/cast_2/par_5/odst_1/bod_3;1405;esel-esb:eli/cz/sb/1945/108/0000-00-00/dokument/norma/cast_3/oddil_2/par_14/odst_2;1405;1945/108;1945/108;1945/108;108/1945 Sb.
esel-esb:eli/cz/sb/1945/108/1949-04-07/dokument/norma/cast_4/par_16/frag_110593;75262;esel-esb:eli/cz/sb/1945/108/1949-04-07/dokument/norma/cast_4/par_16;NA;NA;NA;NA;/2/4/3/2/;esel-esb:právní-akt-fragment/110593;110593;110593;Odstavec_Dc;Přechod nemovitostí a knihovních práv, které nebudou přiděleny jiným osobám, na Československý stát, zapíší knihovní soudy ve veřejných knihách na návrh příslušného Fondu, a pokud jde o majetek uvedený v § 18, na návrh ministerstva zdravotnictví s odvoláním na tento dekret.;norms;"<a data-odkaz-id=""2183039"" href=""#""  class=""int_odkaz"">§ 18</a>";§ 18;2183039;int_odkaz;NA;NA;NA;NA;esel-esb:právní-akt-odkaz/2183039;§ 18;INTUSTAN;1405;esel-esb:eli/cz/sb/1945/108/0000-00-00/dokument/norma/cast_4/par_18;1405;esel-esb:eli/cz/sb/1945/108/0000-00-00/dokument/norma/cast_4/par_16/frag_110593;1405;1945/108;1945/108;1945/108;108/1945 Sb.
esel-esb:eli/cz/sb/1945/108/1949-04-07/dokument/norma/cast_4/par_17/frag_110599;75265;esel-esb:eli/cz/sb/1945/108/1949-04-07/dokument/norma/cast_4/par_17;NA;NA;NA;NA;/2/4/4/2/;esel-esb:právní-akt-fragment/110599;110599;110599;Odstavec_Dc;Tento dekret se nevztahuje na zemědělský majetek, pokud je konfiskován podle dekretu presidenta republiky ze dne 21. června 1945, č. 12 Sb., o konfiskaci a urychleném rozdělení zemědělského majetku Němců, Maďarů, jakož i zrádců a nepřátel českého a slovenského národa, a podle obdobných předpisů, platných na Slovensku.;norms;"<a data-odkaz-id=""2183045"" href=""#""  class=""ext_odkaz"">ze dne 21. června 1945, č. 12 Sb.</a>";ze dne 21. června 1945, č. 12 Sb.;2183045;ext_odkaz;NA;NA;NA;NA;esel-esb:právní-akt-odkaz/2183045;ze dne 21. června 1945, č. 12 Sb.;JINYPRED;64399;esel-esb:eli/cz/sb/1945/12/1945-06-23/dokument;1405;esel-esb:eli/cz/sb/1945/108/0000-00-00/dokument/norma/cast_4/par_17/frag_110599;1405;1945/108;1945/12;1945/108;108/1945 Sb.
esel-esb:eli/cz/sb/1945/108/1949-04-07/dokument/norma/cast_4/par_18/odst_1;75268;esel-esb:eli/cz/sb/1945/108/1949-04-07/dokument/norma/cast_4/par_18;§ 18 odst. 1;NA;1;NA;/2/4/5/2/;esel-esb:právní-akt-fragment/110605;110605;110605;Odstavec_Dc;(1) Ustanovení částí II a III se nevztahují:;norms;"<a data-odkaz-id=""2183051"" href=""#""  class=""int_odkaz"">částí II</a>";částí II;2183051;int_odkaz;NA;NA;NA;NA;esel-esb:právní-akt-odkaz/2183051;částí II;INTUSTAN;1405;esel-esb:eli/cz/sb/1945/108/0000-00-00/dokument/norma/cast_2;1405;esel-esb:eli/cz/sb/1945/108/0000-00-00/dokument/norma/cast_4/par_18/odst_1;1405;1945/108;1945/108;1945/108;108/1945 Sb.
esel-esb:eli/cz/sb/1945/108/1949-04-07/dokument/norma/cast_4/par_18/odst_1;75268;esel-esb:eli/cz/sb/1945/108/1949-04-07/dokument/norma/cast_4/par_18;§ 18 odst. 1;NA;1;NA;/2/4/5/2/;esel-esb:právní-akt-fragment/110605;110605;110605;Odstavec_Dc;(1) Ustanovení částí II a III se nevztahují:;norms;"<a data-odkaz-id=""2183057"" href=""#""  class=""int_odkaz"">III</a>";III;2183057;int_odkaz;NA;NA;NA;NA;esel-esb:právní-akt-odkaz/2183057;III;INTUSTAN;1405;esel-esb:eli/cz/sb/1945/108/0000-00-00/dokument/norma/cast_3;1405;esel-esb:eli/cz/sb/1945/108/0000-00-00/dokument/norma/cast_4/par_18/odst_1;1405;1945/108;1945/108;1945/108;108/1945 Sb.
esel-esb:eli/cz/sb/1945/108/1949-04-07/dokument/norma/cast_4/par_18/odst_1/bod_2/pism_e;75275;esel-esb:eli/cz/sb/1945/108/1949-04-07/dokument/norma/cast_4/par_18/odst_1/bod_2;§ 18 odst. 1 bod 2. písm. e);NA;e;NA;/2/4/5/2/2/5/;esel-esb:právní-akt-fragment/110619;110619;110619;Pismeno_Lb;e) pomocné podniky těch zařízení a podniků, jež jsou uvedeny pod písm. b) až d),;norms;"<a data-odkaz-id=""2183063"" href=""#""  class=""int_odkaz"">písm. b) až d)</a>";písm. b) až d);2183063;int_odkaz;NA;NA;NA;NA;esel-esb:právní-akt-odkaz/2183063;písm. b) až d);INTUSTAN;1405;esel-esb:eli/cz/sb/1945/108/0000-00-00/dokument/norma/cast_4/par_18/odst_1/bod_2/pism_b;1405;esel-esb:eli/cz/sb/1945/108/0000-00-00/dokument/norma/cast_4/par_18/odst_1/bod_2/pism_e;1405;1945/108;1945/108;1945/108;108/1945 Sb.
esel-esb:eli/cz/sb/1945/108/1949-04-07/dokument/norma/cast_4/par_18/odst_1/bod_2/pism_f;75276;esel-esb:eli/cz/sb/1945/108/1949-04-07/dokument/norma/cast_4/par_18/odst_1/bod_2;§ 18 odst. 1 bod 2. písm. f);NA;f;NA;/2/4/5/2/2/6/;esel-esb:právní-akt-fragment/110621;110621;110621;Pismeno_Lb;f) veškeré příslušenství podniků a zařízení, uvedených pod písm. b) až e), a všechen majetek sloužící k jejich provozu.;norms;"<a data-odkaz-id=""2183069"" href=""#""  class=""int_odkaz"">písm. b) až e)</a>";písm. b) až e);2183069;int_odkaz;NA;NA;NA;NA;esel-esb:právní-akt-odkaz/2183069;písm. b) až e);INTUSTAN;1405;esel-esb:eli/cz/sb/1945/108/0000-00-00/dokument/norma/cast_4/par_18/odst_1/bod_2/pism_b;1405;esel-esb:eli/cz/sb/1945/108/0000-00-00/dokument/norma/cast_4/par_18/odst_1/bod_2/pism_f;1405;1945/108;1945/108;1945/108;108/1945 Sb.
esel-esb:eli/cz/sb/1945/108/1949-04-07/dokument/norma/cast_4/par_18/odst_2;75277;esel-esb:eli/cz/sb/1945/108/1949-04-07/dokument/norma/cast_4/par_18;§ 18 odst. 2;NA;2;NA;/2/4/5/3/;esel-esb:právní-akt-fragment/110623;110623;110623;Odstavec_Dc;(2) Ministr zdravotnictví (na Slovensku v dohodě s pověřencem Slovenské národní rady) určí, kterého majetku se týká ustanovení odstavce 1.;norms;"<a data-odkaz-id=""2183075"" href=""#""  class=""int_odkaz"">odstavce 1</a>";odstavce 1;2183075;int_odkaz;NA;NA;NA;NA;esel-esb:právní-akt-odkaz/2183075;odstavce 1;INTUSTAN;1405;esel-esb:eli/cz/sb/1945/108/0000-00-00/dokument/norma/cast_4/par_18/odst_1;1405;esel-esb:eli/cz/sb/1945/108/0000-00-00/dokument/norma/cast_4/par_18/odst_2;1405;1945/108;1945/108;1945/108;108/1945 Sb.
esel-esb:eli/cz/sb/1945/108/1949-04-07/dokument/norma/cast_4/par_18/odst_3;75278;esel-esb:eli/cz/sb/1945/108/1949-04-07/dokument/norma/cast_4/par_18;§ 18 odst. 3;NA;3;NA;/2/4/5/4/;esel-esb:právní-akt-fragment/110625;110625;110625;Odstavec_Dc;(3) Jak bude naloženo s majetkem, uvedeným v odstavci 1, stanoví zvláštní předpisy.;norms;"<a data-odkaz-id=""2183081"" href=""#""  class=""int_odkaz"">odstavci 1</a>";odstavci 1;2183081;int_odkaz;NA;NA;NA;NA;esel-esb:právní-akt-odkaz/2183081;odstavci 1;INTUSTAN;1405;esel-esb:eli/cz/sb/1945/108/0000-00-00/dokument/norma/cast_4/par_18/odst_1;1405;esel-esb:eli/cz/sb/1945/108/0000-00-00/dokument/norma/cast_4/par_18/odst_3;1405;1945/108;1945/108;1945/108;108/1945 Sb.
esel-esb:eli/cz/sb/1945/108/1949-04-07/dokument/norma/cast_4/par_19/odst_2;75282;esel-esb:eli/cz/sb/1945/108/1949-04-07/dokument/norma/cast_4/par_19;§ 19 odst. 2;NA;2;NA;/2/4/6/3/;esel-esb:právní-akt-fragment/110633;110633;110633;Odstavec_Dc;(2) Přestupky uvedené v odstavci 1 se promlčují ve 3 letech.;norms;"<a data-odkaz-id=""2183087"" href=""#""  class=""int_odkaz"">odstavci 1</a>";odstavci 1;2183087;int_odkaz;NA;NA;NA;NA;esel-esb:právní-akt-odkaz/2183087;odstavci 1;INTUSTAN;1405;esel-esb:eli/cz/sb/1945/108/0000-00-00/dokument/norma/cast_4/par_19/odst_1;1405;esel-esb:eli/cz/sb/1945/108/0000-00-00/dokument/norma/cast_4/par_19/odst_2;1405;1945/108;1945/108;1945/108;108/1945 Sb.
