fragment.iri;fragment.id;fragment.předek.iri;fragment.citace;fragment.citace.text;fragment.označení.uzlu;fragment.označení.uzlu.text;fragment.hierarchie;akt.fragment.iri;akt.fragment.id;fragment.base.id;typ.fragmentu;fragment.text_clean;source;tag;tag_clean;odkaz.id;class;data_eurlex;data_celexid;data_cellarid;data_orig_href;odkaz.iri;odkaz.citace.cíl;typ.vazba.odkazu;cíl.dokument.id;fragment.cíl.iri;fragment.cíl.dokument.id;fragment.zdroj.iri;fragment.zdroj.dokument.id;iri_z;iri_c;iri_v;akt.citace
esel-esb:eli/cz/sb/1920/114/1945-11-27/dokument/norma/par_2/frag_3181;5189;esel-esb:eli/cz/sb/1920/114/1945-11-27/dokument/norma/par_2;NA;NA;NA;NA;/2/2/1/;esel-esb:právní-akt-fragment/3181;3181;3181;Odstavec_Dc;Dnem sloučení podřizuje se celý obvod vytčený v § 1 všem zákonům a ustanovením, platným pro hlavní město Prahu, pokud v tomto zákoně není jinak stanoveno.;norms;"<a data-odkaz-id=""2158117"" href=""#""  class=""int_odkaz"">§ 1</a>";§ 1;2158117;int_odkaz;NA;NA;NA;NA;esel-esb:právní-akt-odkaz/2158117;§ 1;INTUSTAN;59;esel-esb:eli/cz/sb/1920/114/0000-00-00/dokument/norma/par_1;59;esel-esb:eli/cz/sb/1920/114/0000-00-00/dokument/norma/par_2/frag_3181;59;1920/114;1920/114;1920/114;114/1920 Sb.
esel-esb:eli/cz/sb/1920/114/1945-11-27/dokument/norma/par_4/frag_3203;5200;esel-esb:eli/cz/sb/1920/114/1945-11-27/dokument/norma/par_4;NA;NA;NA;NA;/2/4/1/;esel-esb:právní-akt-fragment/3203;3203;3203;Odstavec_Dc;Sloučením obcí (osad), jmenovaných v § 1, s městem Prahou zanikají dosavadní samosprávné okresy král. vinohradský a žižkovský.;norms;"<a data-odkaz-id=""2158129"" href=""#""  class=""int_odkaz"">§ 1</a>";§ 1;2158129;int_odkaz;NA;NA;NA;NA;esel-esb:právní-akt-odkaz/2158129;§ 1;INTUSTAN;59;esel-esb:eli/cz/sb/1920/114/0000-00-00/dokument/norma/par_1;59;esel-esb:eli/cz/sb/1920/114/0000-00-00/dokument/norma/par_4/frag_3203;59;1920/114;1920/114;1920/114;114/1920 Sb.
esel-esb:eli/cz/sb/1920/114/1945-11-27/dokument/norma/par_4/frag_3205;5201;esel-esb:eli/cz/sb/1920/114/1945-11-27/dokument/norma/par_4;NA;NA;NA;NA;/2/4/2/;esel-esb:právní-akt-fragment/3205;3205;3205;Odstavec_Dc;Jejich práva a povinnosti, jmění a statek — vyjma okresní silnice, ležící mimo obce (osady), jmenované v § 1 — přecházejí na město Prahu, které přejímá též jejich úředníky a zřízence za stejných podmínek, jaké stanoveny jsou pro úředníky a zřízence obecní v § 3.;norms;"<a data-odkaz-id=""2158141"" href=""#""  class=""int_odkaz"">§ 1</a>";§ 1;2158141;int_odkaz;NA;NA;NA;NA;esel-esb:právní-akt-odkaz/2158141;§ 1;INTUSTAN;59;esel-esb:eli/cz/sb/1920/114/0000-00-00/dokument/norma/par_1;59;esel-esb:eli/cz/sb/1920/114/0000-00-00/dokument/norma/par_4/frag_3205;59;1920/114;1920/114;1920/114;114/1920 Sb.
esel-esb:eli/cz/sb/1920/114/1945-11-27/dokument/norma/par_4/frag_3205;5201;esel-esb:eli/cz/sb/1920/114/1945-11-27/dokument/norma/par_4;NA;NA;NA;NA;/2/4/2/;esel-esb:právní-akt-fragment/3205;3205;3205;Odstavec_Dc;Jejich práva a povinnosti, jmění a statek — vyjma okresní silnice, ležící mimo obce (osady), jmenované v § 1 — přecházejí na město Prahu, které přejímá též jejich úředníky a zřízence za stejných podmínek, jaké stanoveny jsou pro úředníky a zřízence obecní v § 3.;norms;"<a data-odkaz-id=""2158153"" href=""#""  class=""int_odkaz"">§ 3</a>";§ 3;2158153;int_odkaz;NA;NA;NA;NA;esel-esb:právní-akt-odkaz/2158153;§ 3;INTUSTAN;59;esel-esb:eli/cz/sb/1920/114/0000-00-00/dokument/norma/par_3;59;esel-esb:eli/cz/sb/1920/114/0000-00-00/dokument/norma/par_4/frag_3205;59;1920/114;1920/114;1920/114;114/1920 Sb.
esel-esb:eli/cz/sb/1920/114/1945-11-27/dokument/norma/par_5/frag_3211;5204;esel-esb:eli/cz/sb/1920/114/1945-11-27/dokument/norma/par_5;NA;NA;NA;NA;/2/5/1/;esel-esb:právní-akt-fragment/3211;3211;3211;Odstavec_Dc;Též okresní silnice v obvodu ostatních připojených obcí (osad) stávají se dnem sloučení obecními silnicemi města Prahy, jež s nimi současně převezme za podmínek § 3 tohoto zákona do služeb svých i okresní cestáře, kteří pro převzaté silnice do té doby pravoplatně byli ustanoveni.;norms;"<a data-odkaz-id=""2158259"" href=""#""  class=""int_odkaz"">§ 3</a>";§ 3;2158259;int_odkaz;NA;NA;NA;NA;esel-esb:právní-akt-odkaz/2158259;§ 3;INTUSTAN;59;esel-esb:eli/cz/sb/1920/114/0000-00-00/dokument/norma/par_3;59;esel-esb:eli/cz/sb/1920/114/0000-00-00/dokument/norma/par_5/frag_3211;59;1920/114;1920/114;1920/114;114/1920 Sb.
esel-esb:eli/cz/sb/1920/114/1945-11-27/dokument/norma/par_7/frag_3229;5213;esel-esb:eli/cz/sb/1920/114/1945-11-27/dokument/norma/par_7;NA;NA;NA;NA;/2/7/1/;esel-esb:právní-akt-fragment/3229;3229;3229;Odstavec_Dc;S ústavy a nemovitostmi přejímá město Praha také dosavadní pravoplatně jmenované úředníky a zřízence okresní, výhradně pro ně ustanovené, za podmínek uvedených v § 3.;norms;"<a data-odkaz-id=""2158271"" href=""#""  class=""int_odkaz"">§ 3</a>";§ 3;2158271;int_odkaz;NA;NA;NA;NA;esel-esb:právní-akt-odkaz/2158271;§ 3;INTUSTAN;59;esel-esb:eli/cz/sb/1920/114/0000-00-00/dokument/norma/par_3;59;esel-esb:eli/cz/sb/1920/114/0000-00-00/dokument/norma/par_7/frag_3229;59;1920/114;1920/114;1920/114;114/1920 Sb.
esel-esb:eli/cz/sb/1920/114/1945-11-27/dokument/norma/par_7/frag_3231;5214;esel-esb:eli/cz/sb/1920/114/1945-11-27/dokument/norma/par_7;NA;NA;NA;NA;/2/7/2/;esel-esb:právní-akt-fragment/3231;3231;3231;Odstavec_Dc;Z ostatních pravoplatně jmenovaných úředníkův a zřízenců těchto okresů povinna jest Praha podle dohody s dotčeným okresem převzíti za podmínek § 3 ty úředníky a zřízence, kterých okres následkem zmenšení nebude již potřebovati.;norms;"<a data-odkaz-id=""2158283"" href=""#""  class=""int_odkaz"">§ 3</a>";§ 3;2158283;int_odkaz;NA;NA;NA;NA;esel-esb:právní-akt-odkaz/2158283;§ 3;INTUSTAN;59;esel-esb:eli/cz/sb/1920/114/0000-00-00/dokument/norma/par_3;59;esel-esb:eli/cz/sb/1920/114/0000-00-00/dokument/norma/par_7/frag_3231;59;1920/114;1920/114;1920/114;114/1920 Sb.
esel-esb:eli/cz/sb/1920/114/1945-11-27/dokument/norma/par_8/frag_3237;5217;esel-esb:eli/cz/sb/1920/114/1945-11-27/dokument/norma/par_8;NA;NA;NA;NA;/2/8/1/;esel-esb:právní-akt-fragment/3237;3237;3237;Odstavec_Dc;Podle zásad, stanovených v §§ 5 až 7, upraven bude též poměr obce pražské k obcím Miličovu—Hájím, Velké Chuchli a Modřanům a k okresům, ke kterým přiděleny budou nepřipojené obce dosavadních okresů král. vinohradského a žižkovského, jakož i k okresu zbraslavskému.;norms;"<a data-odkaz-id=""2158295"" href=""#""  class=""int_odkaz"">§§ 5 až 7</a>";§§ 5 až 7;2158295;int_odkaz;NA;NA;NA;NA;esel-esb:právní-akt-odkaz/2158295;§§ 5 až 7;INTUSTAN;59;esel-esb:eli/cz/sb/1920/114/0000-00-00/dokument/norma/par_5;59;esel-esb:eli/cz/sb/1920/114/0000-00-00/dokument/norma/par_8/frag_3237;59;1920/114;1920/114;1920/114;114/1920 Sb.
esel-esb:eli/cz/sb/1920/114/1945-11-27/dokument/norma/par_10/frag_3245;5221;esel-esb:eli/cz/sb/1920/114/1945-11-27/dokument/norma/par_10;NA;NA;NA;NA;/2/10/1/;esel-esb:právní-akt-fragment/3245;3245;3245;Odstavec_Dc;Obecní dávky a poplatky budou se v obcích, jmenovaných v § 1, vybírati i po sloučení nadále podle dosavadní výměry potud, pokud na základě usnesení ústředního zastupitelstva nebudou jinak upraveny.;norms;"<a data-odkaz-id=""2158307"" href=""#""  class=""int_odkaz"">§ 1</a>";§ 1;2158307;int_odkaz;NA;NA;NA;NA;esel-esb:právní-akt-odkaz/2158307;§ 1;INTUSTAN;59;esel-esb:eli/cz/sb/1920/114/0000-00-00/dokument/norma/par_1;59;esel-esb:eli/cz/sb/1920/114/0000-00-00/dokument/norma/par_10/frag_3245;59;1920/114;1920/114;1920/114;114/1920 Sb.
esel-esb:eli/cz/sb/1920/114/1945-11-27/dokument/norma/par_13/frag_3265;5231;esel-esb:eli/cz/sb/1920/114/1945-11-27/dokument/norma/par_13;NA;NA;NA;NA;/2/13/1/;esel-esb:právní-akt-fragment/3265;3265;3265;Odstavec_Dc;Obvod policejního ředitelství pražského rozšíří se na celý obvod, stanovený v § 1.;norms;"<a data-odkaz-id=""2158319"" href=""#""  class=""int_odkaz"">§ 1</a>";§ 1;2158319;int_odkaz;NA;NA;NA;NA;esel-esb:právní-akt-odkaz/2158319;§ 1;INTUSTAN;59;esel-esb:eli/cz/sb/1920/114/0000-00-00/dokument/norma/par_1;59;esel-esb:eli/cz/sb/1920/114/0000-00-00/dokument/norma/par_13/frag_3265;59;1920/114;1920/114;1920/114;114/1920 Sb.
