fragment.iri;fragment.id;fragment.předek.iri;fragment.citace;fragment.citace.text;fragment.označení.uzlu;fragment.označení.uzlu.text;fragment.hierarchie;akt.fragment.iri;akt.fragment.id;fragment.base.id;typ.fragmentu;fragment.text_clean;source;tag;tag_clean;odkaz.id;class;data_eurlex;data_celexid;data_cellarid;data_orig_href;odkaz.iri;odkaz.citace.cíl;typ.vazba.odkazu;cíl.dokument.id;fragment.cíl.iri;fragment.cíl.dokument.id;fragment.zdroj.iri;fragment.zdroj.dokument.id;iri_z;iri_c;iri_v;akt.citace
esel-esb:eli/cz/sb/2021/121/2021-04-30/dokument/norma/par_1/odst_3;23427500;esel-esb:eli/cz/sb/2021/121/2021-04-30/dokument/norma/par_1;§ 1 odst. 3;NA;3;NA;/2/1/4/;esel-esb:právní-akt-fragment/10708733;10708733;10708733;Odstavec_Dc;(3) Pro účely tohoto zákona se karanténou rozumí též izolace podle zákona o ochraně veřejného zdraví1).;norms;"<a data-odkaz-id=""22061195"" href=""#""  class=""ext_odkaz"">zákona o ochraně veřejného zdraví</a>";zákona o ochraně veřejného zdraví;22061195;ext_odkaz;NA;NA;NA;NA;esel-esb:právní-akt-odkaz/22061195;zákona o ochraně veřejného zdraví;JINYPRED;111425;esel-esb:eli/cz/sb/2000/258/2021-02-27/dokument;61367;esel-esb:eli/cz/sb/2021/121/0000-00-00/dokument/norma/par_1/odst_3;61367;2021/121;2000/258;2021/121;121/2021 Sb.
esel-esb:eli/cz/sb/2021/121/2021-04-30/dokument/norma/par_1/odst_3;23427500;esel-esb:eli/cz/sb/2021/121/2021-04-30/dokument/norma/par_1;§ 1 odst. 3;NA;3;NA;/2/1/4/;esel-esb:právní-akt-fragment/10708733;10708733;10708733;Odstavec_Dc;(3) Pro účely tohoto zákona se karanténou rozumí též izolace podle zákona o ochraně veřejného zdraví1).;norms;"<a data-odkaz-id=""22061201"" href=""#""  class=""int_odkaz""><sup>1</sup>)</a>";1);22061201;int_odkaz;NA;NA;NA;NA;esel-esb:právní-akt-odkaz/22061201;<sup>1</sup>);POZNAMKA;61367;esel-esb:eli/cz/sb/2021/121/0000-00-00/dokument/poznamkypodcarou/ppc_1;61367;esel-esb:eli/cz/sb/2021/121/0000-00-00/dokument/norma/par_1/odst_3;61367;2021/121;2021/121;2021/121;121/2021 Sb.
esel-esb:eli/cz/sb/2021/121/2021-04-30/dokument/norma/par_2/odst_1;23427503;esel-esb:eli/cz/sb/2021/121/2021-04-30/dokument/norma/par_2;§ 2 odst. 1;NA;1;NA;/2/3/1/;esel-esb:právní-akt-fragment/10708739;10708739;10708739;Odstavec_Dc;(1) Zaměstnanci, kterému podle § 192 až 194 zákoníku práce z důvodu nařízené karantény vznikl nárok na náhradu mzdy, platu nebo odměny z dohody o pracích konaných mimo pracovní poměr (dále jen „náhrada příjmu“), přísluší příspěvek za podmínek stanovených tímto zákonem.;norms;"<a data-odkaz-id=""22061207"" href=""#""  class=""ext_odkaz"">§ 192 až 194</a>";§ 192 až 194;22061207;ext_odkaz;NA;NA;NA;NA;esel-esb:právní-akt-odkaz/22061207;§ 192 až 194;JINEUSTAN;130549;esel-esb:eli/cz/sb/2006/262/2021-01-01/dokument/norma/cast_8/hlava_1/dil_1/par_192;61367;esel-esb:eli/cz/sb/2021/121/0000-00-00/dokument/norma/par_2/odst_1;61367;2021/121;2006/262;2021/121;121/2021 Sb.
esel-esb:eli/cz/sb/2021/121/2021-04-30/dokument/norma/par_2/odst_1;23427503;esel-esb:eli/cz/sb/2021/121/2021-04-30/dokument/norma/par_2;§ 2 odst. 1;NA;1;NA;/2/3/1/;esel-esb:právní-akt-fragment/10708739;10708739;10708739;Odstavec_Dc;(1) Zaměstnanci, kterému podle § 192 až 194 zákoníku práce z důvodu nařízené karantény vznikl nárok na náhradu mzdy, platu nebo odměny z dohody o pracích konaných mimo pracovní poměr (dále jen „náhrada příjmu“), přísluší příspěvek za podmínek stanovených tímto zákonem.;norms;"<a data-odkaz-id=""22061213"" href=""#""  class=""ext_odkaz"">zákoníku práce</a>";zákoníku práce;22061213;ext_odkaz;NA;NA;NA;NA;esel-esb:právní-akt-odkaz/22061213;zákoníku práce;JINYPRED;130549;esel-esb:eli/cz/sb/2006/262/2021-01-01/dokument;61367;esel-esb:eli/cz/sb/2021/121/0000-00-00/dokument/norma/par_2/odst_1;61367;2021/121;2006/262;2021/121;121/2021 Sb.
esel-esb:eli/cz/sb/2021/121/2021-04-30/dokument/norma/par_4/odst_2;23427510;esel-esb:eli/cz/sb/2021/121/2021-04-30/dokument/norma/par_4;§ 4 odst. 2;NA;2;NA;/2/5/2/;esel-esb:právní-akt-fragment/10708753;10708753;10708753;Odstavec_Dc;(2) Při měsíčním vyúčtování mzdy, platu nebo odměny z dohody o pracích konaných mimo pracovní poměr2) je zaměstnavatel povinen vydat zaměstnanci písemný doklad obsahující rovněž údaj o zúčtovaném příspěvku.;norms;"<a data-odkaz-id=""22061219"" href=""#""  class=""int_odkaz""><sup>2</sup>)</a>";2);22061219;int_odkaz;NA;NA;NA;NA;esel-esb:právní-akt-odkaz/22061219;<sup>2</sup>);POZNAMKA;61367;esel-esb:eli/cz/sb/2021/121/0000-00-00/dokument/poznamkypodcarou/ppc_2;61367;esel-esb:eli/cz/sb/2021/121/0000-00-00/dokument/norma/par_4/odst_2;61367;2021/121;2021/121;2021/121;121/2021 Sb.
esel-esb:eli/cz/sb/2021/121/2021-04-30/dokument/norma/par_5/frag_10708757;23427512;esel-esb:eli/cz/sb/2021/121/2021-04-30/dokument/norma/par_5;NA;NA;NA;NA;/2/6/1/;esel-esb:právní-akt-fragment/10708757;10708757;10708757;Odstavec_Dc;Dalším osobám, které jsou účastny nemocenského pojištění jako zaměstnanci3) a mají podle jiného právního předpisu4) v době nařízené karantény nárok na plat ve snížené výši nebo odměnu ve snížené výši, přísluší příspěvek za podmínek stanovených v § 1 až 4 obdobně.;norms;"<a data-odkaz-id=""22061225"" href=""#""  class=""int_odkaz""><sup>3</sup>)</a>";3);22061225;int_odkaz;NA;NA;NA;NA;esel-esb:právní-akt-odkaz/22061225;<sup>3</sup>);POZNAMKA;61367;esel-esb:eli/cz/sb/2021/121/0000-00-00/dokument/poznamkypodcarou/ppc_3;61367;esel-esb:eli/cz/sb/2021/121/0000-00-00/dokument/norma/par_5/frag_10708757;61367;2021/121;2021/121;2021/121;121/2021 Sb.
esel-esb:eli/cz/sb/2021/121/2021-04-30/dokument/norma/par_5/frag_10708757;23427512;esel-esb:eli/cz/sb/2021/121/2021-04-30/dokument/norma/par_5;NA;NA;NA;NA;/2/6/1/;esel-esb:právní-akt-fragment/10708757;10708757;10708757;Odstavec_Dc;Dalším osobám, které jsou účastny nemocenského pojištění jako zaměstnanci3) a mají podle jiného právního předpisu4) v době nařízené karantény nárok na plat ve snížené výši nebo odměnu ve snížené výši, přísluší příspěvek za podmínek stanovených v § 1 až 4 obdobně.;norms;"<a data-odkaz-id=""22061231"" href=""#""  class=""int_odkaz""><sup>4</sup>)</a>";4);22061231;int_odkaz;NA;NA;NA;NA;esel-esb:právní-akt-odkaz/22061231;<sup>4</sup>);POZNAMKA;61367;esel-esb:eli/cz/sb/2021/121/0000-00-00/dokument/poznamkypodcarou/ppc_4;61367;esel-esb:eli/cz/sb/2021/121/0000-00-00/dokument/norma/par_5/frag_10708757;61367;2021/121;2021/121;2021/121;121/2021 Sb.
esel-esb:eli/cz/sb/2021/121/2021-04-30/dokument/norma/par_5/frag_10708757;23427512;esel-esb:eli/cz/sb/2021/121/2021-04-30/dokument/norma/par_5;NA;NA;NA;NA;/2/6/1/;esel-esb:právní-akt-fragment/10708757;10708757;10708757;Odstavec_Dc;Dalším osobám, které jsou účastny nemocenského pojištění jako zaměstnanci3) a mají podle jiného právního předpisu4) v době nařízené karantény nárok na plat ve snížené výši nebo odměnu ve snížené výši, přísluší příspěvek za podmínek stanovených v § 1 až 4 obdobně.;norms;"<a data-odkaz-id=""22061237"" href=""#""  class=""int_odkaz"">§ 1 až 4</a>";§ 1 až 4;22061237;int_odkaz;NA;NA;NA;NA;esel-esb:právní-akt-odkaz/22061237;§ 1 až 4;INTUSTAN;61367;esel-esb:eli/cz/sb/2021/121/0000-00-00/dokument/norma/par_1;61367;esel-esb:eli/cz/sb/2021/121/0000-00-00/dokument/norma/par_5/frag_10708757;61367;2021/121;2021/121;2021/121;121/2021 Sb.
esel-esb:eli/cz/sb/2021/121/2021-04-30/dokument/norma/par_6/odst_2;23427516;esel-esb:eli/cz/sb/2021/121/2021-04-30/dokument/norma/par_6;§ 6 odst. 2;NA;2;NA;/2/8/2/;esel-esb:právní-akt-fragment/10708765;10708765;10708765;Odstavec_Dc;(2) Zaměstnavatel má nárok na odečet podle odstavce 1, jen pokud příspěvek podle tohoto zákona vyplatil nejpozději do konce druhého kalendářního měsíce následujícího po kalendářním měsíci, ve kterém si příspěvek odečetl od pojistného.;norms;"<a data-odkaz-id=""22061243"" href=""#""  class=""int_odkaz"">odstavce 1</a>";odstavce 1;22061243;int_odkaz;NA;NA;NA;NA;esel-esb:právní-akt-odkaz/22061243;odstavce 1;INTUSTAN;61367;esel-esb:eli/cz/sb/2021/121/0000-00-00/dokument/norma/par_6/odst_1;61367;esel-esb:eli/cz/sb/2021/121/0000-00-00/dokument/norma/par_6/odst_2;61367;2021/121;2021/121;2021/121;121/2021 Sb.
esel-esb:eli/cz/sb/2021/121/2021-04-30/dokument/norma/par_6/odst_3;23427517;esel-esb:eli/cz/sb/2021/121/2021-04-30/dokument/norma/par_6;§ 6 odst. 3;NA;3;NA;/2/8/3/;esel-esb:právní-akt-fragment/10708767;10708767;10708767;Odstavec_Dc;(3) Nárok na odečet podle odstavce 1 lze uplatnit do 3 kalendářních měsíců po skončení karantény.;norms;"<a data-odkaz-id=""22061249"" href=""#""  class=""int_odkaz"">odstavce 1</a>";odstavce 1;22061249;int_odkaz;NA;NA;NA;NA;esel-esb:právní-akt-odkaz/22061249;odstavce 1;INTUSTAN;61367;esel-esb:eli/cz/sb/2021/121/0000-00-00/dokument/norma/par_6/odst_1;61367;esel-esb:eli/cz/sb/2021/121/0000-00-00/dokument/norma/par_6/odst_3;61367;2021/121;2021/121;2021/121;121/2021 Sb.
esel-esb:eli/cz/sb/2021/121/2021-04-30/dokument/norma/par_6/odst_4;23427518;esel-esb:eli/cz/sb/2021/121/2021-04-30/dokument/norma/par_6;§ 6 odst. 4;NA;4;NA;/2/8/4/;esel-esb:právní-akt-fragment/10708769;10708769;10708769;Odstavec_Dc;"(4) Zaměstnavatel uplatňuje odečet podle odstavce 1 na předepsaném tiskopisu podle § 9 odst. 2 zákona o pojistném na sociální zabezpečení a příspěvku na státní politiku zaměstnanosti; na tomto tiskopisu uvádí též údaj o počtu zaměstnanců, za které tento odečet uplatňuje, a úhrn příspěvků, které od pojistného odečítá.";norms;"<a data-odkaz-id=""22061255"" href=""#""  class=""int_odkaz"">odstavce 1</a>";odstavce 1;22061255;int_odkaz;NA;NA;NA;NA;esel-esb:právní-akt-odkaz/22061255;odstavce 1;INTUSTAN;61367;esel-esb:eli/cz/sb/2021/121/0000-00-00/dokument/norma/par_6/odst_1;61367;esel-esb:eli/cz/sb/2021/121/0000-00-00/dokument/norma/par_6/odst_4;61367;2021/121;2021/121;2021/121;121/2021 Sb.
esel-esb:eli/cz/sb/2021/121/2021-04-30/dokument/norma/par_6/odst_4;23427518;esel-esb:eli/cz/sb/2021/121/2021-04-30/dokument/norma/par_6;§ 6 odst. 4;NA;4;NA;/2/8/4/;esel-esb:právní-akt-fragment/10708769;10708769;10708769;Odstavec_Dc;"(4) Zaměstnavatel uplatňuje odečet podle odstavce 1 na předepsaném tiskopisu podle § 9 odst. 2 zákona o pojistném na sociální zabezpečení a příspěvku na státní politiku zaměstnanosti; na tomto tiskopisu uvádí též údaj o počtu zaměstnanců, za které tento odečet uplatňuje, a úhrn příspěvků, které od pojistného odečítá.";norms;"<a data-odkaz-id=""22061261"" href=""#"" class=""ext_odkaz"" data-vyzadujerevizi=""true"" data-orig-class=""linkpart""  data-orig-href=""../../../sbcr/1992/sbcr1992c118z0589/sbcr1992c118z0589-v20210101.html#f4441227"">§ 9 odst. 2</a>";§ 9 odst. 2;22061261;ext_odkaz;NA;NA;NA;../../../sbcr/1992/sbcr1992c118z0589/sbcr1992c118z0589-v20210101.html#f4441227;esel-esb:právní-akt-odkaz/22061261;§ 9 odst. 2;JINEUSTAN;NA;NA;NA;esel-esb:eli/cz/sb/2021/121/2021-03-05/dokument/norma/par_6/odst_4;156829;2021/121;NA;2021/121;121/2021 Sb.
esel-esb:eli/cz/sb/2021/121/2021-04-30/dokument/norma/par_6/odst_4;23427518;esel-esb:eli/cz/sb/2021/121/2021-04-30/dokument/norma/par_6;§ 6 odst. 4;NA;4;NA;/2/8/4/;esel-esb:právní-akt-fragment/10708769;10708769;10708769;Odstavec_Dc;"(4) Zaměstnavatel uplatňuje odečet podle odstavce 1 na předepsaném tiskopisu podle § 9 odst. 2 zákona o pojistném na sociální zabezpečení a příspěvku na státní politiku zaměstnanosti; na tomto tiskopisu uvádí též údaj o počtu zaměstnanců, za které tento odečet uplatňuje, a úhrn příspěvků, které od pojistného odečítá.";norms;"<a data-odkaz-id=""22061267"" href=""#""  class=""ext_odkaz"">o pojistném na sociální zabezpečení a příspěvku na státní politiku zaměstnanosti</a>";o pojistném na sociální zabezpečení a příspěvku na státní politiku zaměstnanosti;22061267;ext_odkaz;NA;NA;NA;NA;esel-esb:právní-akt-odkaz/22061267;o pojistném na sociální zabezpečení a příspěvku na státní politiku zaměstnanosti;JINYPRED;95987;esel-esb:eli/cz/sb/1992/589/2021-01-01/dokument;61367;esel-esb:eli/cz/sb/2021/121/0000-00-00/dokument/norma/par_6/odst_4;61367;2021/121;1992/589;2021/121;121/2021 Sb.
esel-esb:eli/cz/sb/2021/121/2021-04-30/dokument/norma/par_6/odst_5;23427519;esel-esb:eli/cz/sb/2021/121/2021-04-30/dokument/norma/par_6;§ 6 odst. 5;NA;5;NA;/2/8/5/;esel-esb:právní-akt-fragment/10708771;10708771;10708771;Odstavec_Dc;(5) Je-li částka, kterou v kalendářním měsíci zaměstnavatel odečítá z částky pojistného podle odstavce 1, vyšší než pojistné za tento kalendářní měsíc, považuje se tento rozdíl za přeplatek na pojistném. Za žádost o úhradu tohoto rozdílu se považuje podání tiskopisu podle § 9 odst. 2 zákona o pojistném na sociální zabezpečení a příspěvku na státní politiku zaměstnanosti.;norms;"<a data-odkaz-id=""22061273"" href=""#""  class=""int_odkaz"">odstavce 1</a>";odstavce 1;22061273;int_odkaz;NA;NA;NA;NA;esel-esb:právní-akt-odkaz/22061273;odstavce 1;INTUSTAN;61367;esel-esb:eli/cz/sb/2021/121/0000-00-00/dokument/norma/par_6/odst_1;61367;esel-esb:eli/cz/sb/2021/121/0000-00-00/dokument/norma/par_6/odst_5;61367;2021/121;2021/121;2021/121;121/2021 Sb.
esel-esb:eli/cz/sb/2021/121/2021-04-30/dokument/norma/par_6/odst_5;23427519;esel-esb:eli/cz/sb/2021/121/2021-04-30/dokument/norma/par_6;§ 6 odst. 5;NA;5;NA;/2/8/5/;esel-esb:právní-akt-fragment/10708771;10708771;10708771;Odstavec_Dc;(5) Je-li částka, kterou v kalendářním měsíci zaměstnavatel odečítá z částky pojistného podle odstavce 1, vyšší než pojistné za tento kalendářní měsíc, považuje se tento rozdíl za přeplatek na pojistném. Za žádost o úhradu tohoto rozdílu se považuje podání tiskopisu podle § 9 odst. 2 zákona o pojistném na sociální zabezpečení a příspěvku na státní politiku zaměstnanosti.;norms;"<a data-odkaz-id=""22061279"" href=""#"" class=""ext_odkaz"" data-vyzadujerevizi=""true"" data-orig-class=""linkpart""  data-orig-href=""../../../sbcr/1992/sbcr1992c118z0589/sbcr1992c118z0589-v20210101.html#f4441227"">§ 9 odst. 2</a>";§ 9 odst. 2;22061279;ext_odkaz;NA;NA;NA;../../../sbcr/1992/sbcr1992c118z0589/sbcr1992c118z0589-v20210101.html#f4441227;esel-esb:právní-akt-odkaz/22061279;§ 9 odst. 2;JINEUSTAN;NA;NA;NA;esel-esb:eli/cz/sb/2021/121/2021-03-05/dokument/norma/par_6/odst_5;156829;2021/121;NA;2021/121;121/2021 Sb.
esel-esb:eli/cz/sb/2021/121/2021-04-30/dokument/norma/par_6/odst_5;23427519;esel-esb:eli/cz/sb/2021/121/2021-04-30/dokument/norma/par_6;§ 6 odst. 5;NA;5;NA;/2/8/5/;esel-esb:právní-akt-fragment/10708771;10708771;10708771;Odstavec_Dc;(5) Je-li částka, kterou v kalendářním měsíci zaměstnavatel odečítá z částky pojistného podle odstavce 1, vyšší než pojistné za tento kalendářní měsíc, považuje se tento rozdíl za přeplatek na pojistném. Za žádost o úhradu tohoto rozdílu se považuje podání tiskopisu podle § 9 odst. 2 zákona o pojistném na sociální zabezpečení a příspěvku na státní politiku zaměstnanosti.;norms;"<a data-odkaz-id=""22061285"" href=""#""  class=""ext_odkaz"">o pojistném na sociální zabezpečení a příspěvku na státní politiku zaměstnanosti</a>";o pojistném na sociální zabezpečení a příspěvku na státní politiku zaměstnanosti;22061285;ext_odkaz;NA;NA;NA;NA;esel-esb:právní-akt-odkaz/22061285;o pojistném na sociální zabezpečení a příspěvku na státní politiku zaměstnanosti;JINYPRED;95987;esel-esb:eli/cz/sb/1992/589/2021-01-01/dokument;61367;esel-esb:eli/cz/sb/2021/121/0000-00-00/dokument/norma/par_6/odst_5;61367;2021/121;1992/589;2021/121;121/2021 Sb.
esel-esb:eli/cz/sb/2021/121/2021-04-30/dokument/norma/par_6/odst_6;23427520;esel-esb:eli/cz/sb/2021/121/2021-04-30/dokument/norma/par_6;§ 6 odst. 6;NA;6;NA;/2/8/6/;esel-esb:právní-akt-fragment/10708773;10708773;10708773;Odstavec_Dc;(6) Byla-li z částky pojistného odečtena vyšší částka, než měla být podle odstavce 1 odečtena, nebo provedl-li zaměstnavatel odečet, aniž byly splněny podmínky pro tento odečet, považuje se částka, o kterou bylo pojistné takto zkráceno, za dluh na pojistném. Byla-li z částky pojistného odečtena nižší částka, než měla být podle odstavce 1 odečtena, považuje se zbývající částka, která měla být odečtena z pojistného, za přeplatek na pojistném.;norms;"<a data-odkaz-id=""22061291"" href=""#""  class=""int_odkaz"">odstavce 1</a>";odstavce 1;22061291;int_odkaz;NA;NA;NA;NA;esel-esb:právní-akt-odkaz/22061291;odstavce 1;INTUSTAN;61367;esel-esb:eli/cz/sb/2021/121/0000-00-00/dokument/norma/par_6/odst_1;61367;esel-esb:eli/cz/sb/2021/121/0000-00-00/dokument/norma/par_6/odst_6;61367;2021/121;2021/121;2021/121;121/2021 Sb.
esel-esb:eli/cz/sb/2021/121/2021-04-30/dokument/norma/par_6/odst_6;23427520;esel-esb:eli/cz/sb/2021/121/2021-04-30/dokument/norma/par_6;§ 6 odst. 6;NA;6;NA;/2/8/6/;esel-esb:právní-akt-fragment/10708773;10708773;10708773;Odstavec_Dc;(6) Byla-li z částky pojistného odečtena vyšší částka, než měla být podle odstavce 1 odečtena, nebo provedl-li zaměstnavatel odečet, aniž byly splněny podmínky pro tento odečet, považuje se částka, o kterou bylo pojistné takto zkráceno, za dluh na pojistném. Byla-li z částky pojistného odečtena nižší částka, než měla být podle odstavce 1 odečtena, považuje se zbývající částka, která měla být odečtena z pojistného, za přeplatek na pojistném.;norms;"<a data-odkaz-id=""22061297"" href=""#""  class=""int_odkaz"">odstavce 1</a>";odstavce 1;22061297;int_odkaz;NA;NA;NA;NA;esel-esb:právní-akt-odkaz/22061297;odstavce 1;INTUSTAN;61367;esel-esb:eli/cz/sb/2021/121/0000-00-00/dokument/norma/par_6/odst_1;61367;esel-esb:eli/cz/sb/2021/121/0000-00-00/dokument/norma/par_6/odst_6;61367;2021/121;2021/121;2021/121;121/2021 Sb.
esel-esb:eli/cz/sb/2021/121/2021-04-30/dokument/norma/par_7/frag_10708777;23427522;esel-esb:eli/cz/sb/2021/121/2021-04-30/dokument/norma/par_7;NA;NA;NA;NA;/2/9/1/;esel-esb:právní-akt-fragment/10708777;10708777;10708777;Odstavec_Dc;Není-li v tomto zákoně stanoveno jinak, postupuje se ve věcech pojistného podle zákona o pojistném na sociální zabezpečení a příspěvku na státní politiku zaměstnanosti a zákona o organizaci a provádění sociálního zabezpečení.;norms;"<a data-odkaz-id=""22061303"" href=""#""  class=""ext_odkaz"">o pojistném na sociální zabezpečení a příspěvku na státní politiku zaměstnanosti</a>";o pojistném na sociální zabezpečení a příspěvku na státní politiku zaměstnanosti;22061303;ext_odkaz;NA;NA;NA;NA;esel-esb:právní-akt-odkaz/22061303;o pojistném na sociální zabezpečení a příspěvku na státní politiku zaměstnanosti;JINYPRED;95987;esel-esb:eli/cz/sb/1992/589/2021-01-01/dokument;61367;esel-esb:eli/cz/sb/2021/121/0000-00-00/dokument/norma/par_7/frag_10708777;61367;2021/121;1992/589;2021/121;121/2021 Sb.
esel-esb:eli/cz/sb/2021/121/2021-04-30/dokument/norma/par_7/frag_10708777;23427522;esel-esb:eli/cz/sb/2021/121/2021-04-30/dokument/norma/par_7;NA;NA;NA;NA;/2/9/1/;esel-esb:právní-akt-fragment/10708777;10708777;10708777;Odstavec_Dc;Není-li v tomto zákoně stanoveno jinak, postupuje se ve věcech pojistného podle zákona o pojistném na sociální zabezpečení a příspěvku na státní politiku zaměstnanosti a zákona o organizaci a provádění sociálního zabezpečení.;norms;"<a data-odkaz-id=""22061309"" href=""#""  class=""ext_odkaz"">o organizaci a provádění sociálního zabezpečení</a>";o organizaci a provádění sociálního zabezpečení;22061309;ext_odkaz;NA;NA;NA;NA;esel-esb:právní-akt-odkaz/22061309;o organizaci a provádění sociálního zabezpečení;JINYPRED;92569;esel-esb:eli/cz/sb/1991/582/2021-01-01/dokument;61367;esel-esb:eli/cz/sb/2021/121/0000-00-00/dokument/norma/par_7/frag_10708777;61367;2021/121;1991/582;2021/121;121/2021 Sb.
esel-esb:eli/cz/sb/2021/121/2021-04-30/dokument/norma/par_8/odst_2;23427526;esel-esb:eli/cz/sb/2021/121/2021-04-30/dokument/norma/par_8;§ 8 odst. 2;NA;2;NA;/2/11/2/;esel-esb:právní-akt-fragment/10708785;10708785;10708785;Odstavec_Dc;(2) Zjišťuje-li se pro účely jiných právních předpisů5) výše příjmu, k příspěvku se nepřihlíží.;norms;"<a data-odkaz-id=""22061315"" href=""#""  class=""int_odkaz""><sup>5</sup>)</a>";5);22061315;int_odkaz;NA;NA;NA;NA;esel-esb:právní-akt-odkaz/22061315;<sup>5</sup>);POZNAMKA;61367;esel-esb:eli/cz/sb/2021/121/0000-00-00/dokument/poznamkypodcarou/ppc_5;61367;esel-esb:eli/cz/sb/2021/121/0000-00-00/dokument/norma/par_8/odst_2;61367;2021/121;2021/121;2021/121;121/2021 Sb.
esel-esb:eli/cz/sb/2021/121/2021-04-30/dokument/norma/par_8/odst_4;23427528;esel-esb:eli/cz/sb/2021/121/2021-04-30/dokument/norma/par_8;§ 8 odst. 4;NA;4;NA;/2/11/4/;esel-esb:právní-akt-fragment/10708789;10708789;10708789;Odstavec_Dc;(4) Příspěvek je příjmem podle § 304d odst. 1 občanského soudního řádu.;norms;"<a data-odkaz-id=""22061321"" href=""#""  class=""ext_odkaz"">§ 304d odst. 1</a>";§ 304d odst. 1;22061321;ext_odkaz;NA;NA;NA;NA;esel-esb:právní-akt-odkaz/22061321;§ 304d odst. 1;JINEUSTAN;73473;esel-esb:eli/cz/sb/1963/99/2021-07-01/dokument/norma/cast_6/hlava_3/par_304d/odst_1;61367;esel-esb:eli/cz/sb/2021/121/0000-00-00/dokument/norma/par_8/odst_4;61367;2021/121;1963/99;2021/121;121/2021 Sb.
esel-esb:eli/cz/sb/2021/121/2021-04-30/dokument/norma/par_8/odst_4;23427528;esel-esb:eli/cz/sb/2021/121/2021-04-30/dokument/norma/par_8;§ 8 odst. 4;NA;4;NA;/2/11/4/;esel-esb:právní-akt-fragment/10708789;10708789;10708789;Odstavec_Dc;(4) Příspěvek je příjmem podle § 304d odst. 1 občanského soudního řádu.;norms;"<a data-odkaz-id=""22061363"" href=""#""  class=""ext_odkaz"">občanského soudního řádu</a>";občanského soudního řádu;22061363;ext_odkaz;NA;NA;NA;NA;esel-esb:právní-akt-odkaz/22061363;občanského soudního řádu;JINYPRED;73471;esel-esb:eli/cz/sb/1963/99/2020-04-24/dokument;61367;esel-esb:eli/cz/sb/2021/121/0000-00-00/dokument/norma/par_8/odst_4;61367;2021/121;1963/99;2021/121;121/2021 Sb.
esel-esb:eli/cz/sb/2021/121/2021-04-30/dokument/norma/par_9/odst_1;23427530;esel-esb:eli/cz/sb/2021/121/2021-04-30/dokument/norma/par_9;§ 9 odst. 1;NA;1;NA;/2/12/1/;esel-esb:právní-akt-fragment/10708793;10708793;10708793;Odstavec_Dc;(1) Zaměstnanec nebo bývalý zaměstnanec je povinen uhradit zaměstnavateli částku odečtu podle § 6, pokud zaměstnavatel tento odečet provedl nesprávně v důsledku zaviněného jednání zaměstnance.;norms;"<a data-odkaz-id=""22061369"" href=""#""  class=""int_odkaz"">§ 6</a>";§ 6;22061369;int_odkaz;NA;NA;NA;NA;esel-esb:právní-akt-odkaz/22061369;§ 6;INTUSTAN;61367;esel-esb:eli/cz/sb/2021/121/0000-00-00/dokument/norma/par_6;61367;esel-esb:eli/cz/sb/2021/121/0000-00-00/dokument/norma/par_9/odst_1;61367;2021/121;2021/121;2021/121;121/2021 Sb.
esel-esb:eli/cz/sb/2021/121/2021-04-30/dokument/norma/par_9/odst_2;23427531;esel-esb:eli/cz/sb/2021/121/2021-04-30/dokument/norma/par_9;§ 9 odst. 2;NA;2;NA;/2/12/2/;esel-esb:právní-akt-fragment/10708795;10708795;10708795;Odstavec_Dc;(2) Kromě ostatních případů uvedených v § 147 odst. 1 zákoníku práce smí zaměstnavatel zaměstnanci srazit i příspěvek poskytnutý podle tohoto zákona k úhradě podle odstavce 1.;norms;"<a data-odkaz-id=""22201661"" href=""#""  class=""ext_odkaz"">§ 147 odst. 1</a>";§ 147 odst. 1;22201661;ext_odkaz;NA;NA;NA;NA;esel-esb:právní-akt-odkaz/22201661;§ 147 odst. 1;JINEUSTAN;130489;esel-esb:eli/cz/sb/2006/262/2011-12-30/dokument/norma/cast_6/hlava_8/dil_2/par_147/odst_1;61367;esel-esb:eli/cz/sb/2021/121/0000-00-00/dokument/norma/par_9/odst_2;61367;2021/121;2006/262;2021/121;121/2021 Sb.
esel-esb:eli/cz/sb/2021/121/2021-04-30/dokument/norma/par_9/odst_2;23427531;esel-esb:eli/cz/sb/2021/121/2021-04-30/dokument/norma/par_9;§ 9 odst. 2;NA;2;NA;/2/12/2/;esel-esb:právní-akt-fragment/10708795;10708795;10708795;Odstavec_Dc;(2) Kromě ostatních případů uvedených v § 147 odst. 1 zákoníku práce smí zaměstnavatel zaměstnanci srazit i příspěvek poskytnutý podle tohoto zákona k úhradě podle odstavce 1.;norms;"<a data-odkaz-id=""22201667"" href=""#""  class=""ext_odkaz"">zákoníku práce</a>";zákoníku práce;22201667;ext_odkaz;NA;NA;NA;NA;esel-esb:právní-akt-odkaz/22201667;zákoníku práce;JINYPRED;130549;esel-esb:eli/cz/sb/2006/262/2021-01-01/dokument;61367;esel-esb:eli/cz/sb/2021/121/0000-00-00/dokument/norma/par_9/odst_2;61367;2021/121;2006/262;2021/121;121/2021 Sb.
esel-esb:eli/cz/sb/2021/121/2021-04-30/dokument/norma/par_9/odst_2;23427531;esel-esb:eli/cz/sb/2021/121/2021-04-30/dokument/norma/par_9;§ 9 odst. 2;NA;2;NA;/2/12/2/;esel-esb:právní-akt-fragment/10708795;10708795;10708795;Odstavec_Dc;(2) Kromě ostatních případů uvedených v § 147 odst. 1 zákoníku práce smí zaměstnavatel zaměstnanci srazit i příspěvek poskytnutý podle tohoto zákona k úhradě podle odstavce 1.;norms;"<a data-odkaz-id=""22201673"" href=""#""  class=""int_odkaz"">odstavce 1.</a>";odstavce 1.;22201673;int_odkaz;NA;NA;NA;NA;esel-esb:právní-akt-odkaz/22201673;odstavce 1.;INTUSTAN;61367;esel-esb:eli/cz/sb/2021/121/0000-00-00/dokument/norma/par_9/odst_1;61367;esel-esb:eli/cz/sb/2021/121/0000-00-00/dokument/norma/par_9/odst_2;61367;2021/121;2021/121;2021/121;121/2021 Sb.
esel-esb:eli/cz/sb/2021/121/2021-04-30/dokument/norma/par_10/frag_10708799;23427533;esel-esb:eli/cz/sb/2021/121/2021-04-30/dokument/norma/par_10/frag_12600937;NA;NA;NA;NA;/2/13/1/1/;esel-esb:právní-akt-fragment/10708799;10708799;10708799;Odstavec_Dc;"Česká správa sociálního zabezpečení neprodleně zašle zaměstnavateli na jeho žádost informaci, že od ošetřujícího lékaře obdržela informaci o nařízení karantény zaměstnanci a o jejím trvání nebo ukončení; pro podání žádosti a sdělení informace platí § 116a zákona o nemocenském pojištění obdobně. Za žádost zaměstnavatele podle věty první se považuje též žádost o sdělení informace o vzniku dočasné pracovní neschopnosti již podaná podle § 116a zákona o nemocenském pojištění.";norms;"<a data-odkaz-id=""22201679"" href=""#""  class=""ext_odkaz"">§ 116a</a>";§ 116a;22201679;ext_odkaz;NA;NA;NA;NA;esel-esb:právní-akt-odkaz/22201679;§ 116a;JINEUSTAN;130045;esel-esb:eli/cz/sb/2006/187/2021-01-01/dokument/norma/cast_5/hlava_4/dil_2/oddil_3/par_116a;61367;esel-esb:eli/cz/sb/2021/121/0000-00-00/dokument/norma/par_10/frag_10708799;61367;2021/121;2006/187;2021/121;121/2021 Sb.
esel-esb:eli/cz/sb/2021/121/2021-04-30/dokument/norma/par_10/frag_10708799;23427533;esel-esb:eli/cz/sb/2021/121/2021-04-30/dokument/norma/par_10/frag_12600937;NA;NA;NA;NA;/2/13/1/1/;esel-esb:právní-akt-fragment/10708799;10708799;10708799;Odstavec_Dc;"Česká správa sociálního zabezpečení neprodleně zašle zaměstnavateli na jeho žádost informaci, že od ošetřujícího lékaře obdržela informaci o nařízení karantény zaměstnanci a o jejím trvání nebo ukončení; pro podání žádosti a sdělení informace platí § 116a zákona o nemocenském pojištění obdobně. Za žádost zaměstnavatele podle věty první se považuje též žádost o sdělení informace o vzniku dočasné pracovní neschopnosti již podaná podle § 116a zákona o nemocenském pojištění.";norms;"<a data-odkaz-id=""22201685"" href=""#""  class=""ext_odkaz"">o nemocenském pojištění</a>";o nemocenském pojištění;22201685;ext_odkaz;NA;NA;NA;NA;esel-esb:právní-akt-odkaz/22201685;o nemocenském pojištění;JINYPRED;130045;esel-esb:eli/cz/sb/2006/187/2021-01-01/dokument;61367;esel-esb:eli/cz/sb/2021/121/0000-00-00/dokument/norma/par_10/frag_10708799;61367;2021/121;2006/187;2021/121;121/2021 Sb.
esel-esb:eli/cz/sb/2021/121/2021-04-30/dokument/norma/par_10/frag_10708799;23427533;esel-esb:eli/cz/sb/2021/121/2021-04-30/dokument/norma/par_10/frag_12600937;NA;NA;NA;NA;/2/13/1/1/;esel-esb:právní-akt-fragment/10708799;10708799;10708799;Odstavec_Dc;"Česká správa sociálního zabezpečení neprodleně zašle zaměstnavateli na jeho žádost informaci, že od ošetřujícího lékaře obdržela informaci o nařízení karantény zaměstnanci a o jejím trvání nebo ukončení; pro podání žádosti a sdělení informace platí § 116a zákona o nemocenském pojištění obdobně. Za žádost zaměstnavatele podle věty první se považuje též žádost o sdělení informace o vzniku dočasné pracovní neschopnosti již podaná podle § 116a zákona o nemocenském pojištění.";norms;"<a data-odkaz-id=""22201691"" href=""#""  class=""ext_odkaz"">§ 116a</a>";§ 116a;22201691;ext_odkaz;NA;NA;NA;NA;esel-esb:právní-akt-odkaz/22201691;§ 116a;JINEUSTAN;130045;esel-esb:eli/cz/sb/2006/187/2021-01-01/dokument/norma/cast_5/hlava_4/dil_2/oddil_3/par_116a;61367;esel-esb:eli/cz/sb/2021/121/0000-00-00/dokument/norma/par_10/frag_10708799;61367;2021/121;2006/187;2021/121;121/2021 Sb.
esel-esb:eli/cz/sb/2021/121/2021-04-30/dokument/norma/par_10/frag_10708799;23427533;esel-esb:eli/cz/sb/2021/121/2021-04-30/dokument/norma/par_10/frag_12600937;NA;NA;NA;NA;/2/13/1/1/;esel-esb:právní-akt-fragment/10708799;10708799;10708799;Odstavec_Dc;"Česká správa sociálního zabezpečení neprodleně zašle zaměstnavateli na jeho žádost informaci, že od ošetřujícího lékaře obdržela informaci o nařízení karantény zaměstnanci a o jejím trvání nebo ukončení; pro podání žádosti a sdělení informace platí § 116a zákona o nemocenském pojištění obdobně. Za žádost zaměstnavatele podle věty první se považuje též žádost o sdělení informace o vzniku dočasné pracovní neschopnosti již podaná podle § 116a zákona o nemocenském pojištění.";norms;"<a data-odkaz-id=""22201697"" href=""#""  class=""ext_odkaz"">o nemocenském pojištění</a>";o nemocenském pojištění;22201697;ext_odkaz;NA;NA;NA;NA;esel-esb:právní-akt-odkaz/22201697;o nemocenském pojištění;JINYPRED;130045;esel-esb:eli/cz/sb/2006/187/2021-01-01/dokument;61367;esel-esb:eli/cz/sb/2021/121/0000-00-00/dokument/norma/par_10/frag_10708799;61367;2021/121;2006/187;2021/121;121/2021 Sb.
esel-esb:eli/cz/sb/2021/121/2021-04-30/dokument/poznamkypodcarou/ppc_1;23427546;esel-esb:eli/cz/sb/2021/121/2021-04-30/dokument/poznamkypodcarou;pozn. 1;NA;1;NA;/5/1/;esel-esb:právní-akt-fragment/10708825;10708825;10708825;PPC;1) § 2 odst. 6 zákona č. 258/2000 Sb., o ochraně veřejného zdraví a o změně některých souvisejících zákonů, ve znění pozdějších předpisů.;notes;"<a data-odkaz-id=""22201703"" href=""#""  class=""ext_odkaz"">§ 2 odst. 6</a>";§ 2 odst. 6;22201703;ext_odkaz;NA;NA;NA;NA;esel-esb:právní-akt-odkaz/22201703;§ 2 odst. 6;JINEUSTAN;111325;esel-esb:eli/cz/sb/2000/258/2003-01-01/dokument/norma/cast_1/hlava_1/par_2/odst_6;61367;esel-esb:eli/cz/sb/2021/121/0000-00-00/dokument/poznamkypodcarou/ppc_1;61367;2021/121;2000/258;2021/121;121/2021 Sb.
esel-esb:eli/cz/sb/2021/121/2021-04-30/dokument/poznamkypodcarou/ppc_1;23427546;esel-esb:eli/cz/sb/2021/121/2021-04-30/dokument/poznamkypodcarou;pozn. 1;NA;1;NA;/5/1/;esel-esb:právní-akt-fragment/10708825;10708825;10708825;PPC;1) § 2 odst. 6 zákona č. 258/2000 Sb., o ochraně veřejného zdraví a o změně některých souvisejících zákonů, ve znění pozdějších předpisů.;notes;"<a data-odkaz-id=""22201709"" href=""#""  class=""ext_odkaz"">zákona č. 258/2000 Sb., o ochraně veřejného zdraví a o změně některých souvisejících zákonů</a>";zákona č. 258/2000 Sb., o ochraně veřejného zdraví a o změně některých souvisejících zákonů;22201709;ext_odkaz;NA;NA;NA;NA;esel-esb:právní-akt-odkaz/22201709;zákona č. 258/2000 Sb., o ochraně veřejného zdraví a o změně některých souvisejících zákonů;JINYPRED;111425;esel-esb:eli/cz/sb/2000/258/2021-02-27/dokument;61367;esel-esb:eli/cz/sb/2021/121/0000-00-00/dokument/poznamkypodcarou/ppc_1;61367;2021/121;2000/258;2021/121;121/2021 Sb.
esel-esb:eli/cz/sb/2021/121/2021-04-30/dokument/poznamkypodcarou/ppc_2;23427547;esel-esb:eli/cz/sb/2021/121/2021-04-30/dokument/poznamkypodcarou;pozn. 2;NA;2;NA;/5/2/;esel-esb:právní-akt-fragment/10708827;10708827;10708827;PPC;2) § 142 odst. 5 zákoníku práce.;notes;"<a data-odkaz-id=""22201715"" href=""#""  class=""ext_odkaz"">§ 142 odst. 5</a>";§ 142 odst. 5;22201715;ext_odkaz;NA;NA;NA;NA;esel-esb:právní-akt-odkaz/22201715;§ 142 odst. 5;JINEUSTAN;130489;esel-esb:eli/cz/sb/2006/262/2011-12-30/dokument/norma/cast_6/hlava_7/par_142/odst_4;61367;esel-esb:eli/cz/sb/2021/121/0000-00-00/dokument/poznamkypodcarou/ppc_2;61367;2021/121;2006/262;2021/121;121/2021 Sb.
esel-esb:eli/cz/sb/2021/121/2021-04-30/dokument/poznamkypodcarou/ppc_2;23427547;esel-esb:eli/cz/sb/2021/121/2021-04-30/dokument/poznamkypodcarou;pozn. 2;NA;2;NA;/5/2/;esel-esb:právní-akt-fragment/10708827;10708827;10708827;PPC;2) § 142 odst. 5 zákoníku práce.;notes;"<a data-odkaz-id=""22201721"" href=""#""  class=""ext_odkaz"">zákoníku práce</a>";zákoníku práce;22201721;ext_odkaz;NA;NA;NA;NA;esel-esb:právní-akt-odkaz/22201721;zákoníku práce;JINYPRED;130549;esel-esb:eli/cz/sb/2006/262/2021-01-01/dokument;61367;esel-esb:eli/cz/sb/2021/121/0000-00-00/dokument/poznamkypodcarou/ppc_2;61367;2021/121;2006/262;2021/121;121/2021 Sb.
esel-esb:eli/cz/sb/2021/121/2021-04-30/dokument/poznamkypodcarou/ppc_3;23427548;esel-esb:eli/cz/sb/2021/121/2021-04-30/dokument/poznamkypodcarou;pozn. 3;NA;3;NA;/5/3/;esel-esb:právní-akt-fragment/10708829;10708829;10708829;PPC;3) § 5 písm. a) zákona č. 187/2006 Sb., o nemocenském pojištění, ve znění pozdějších předpisů.;notes;"<a data-odkaz-id=""22201727"" href=""#""  class=""ext_odkaz"">§ 5 písm. a)</a>";§ 5 písm. a);22201727;ext_odkaz;NA;NA;NA;NA;esel-esb:právní-akt-odkaz/22201727;§ 5 písm. a);JINEUSTAN;130045;esel-esb:eli/cz/sb/2006/187/2021-01-01/dokument/norma/cast_2/hlava_1/par_5/pism_a;61367;esel-esb:eli/cz/sb/2021/121/0000-00-00/dokument/poznamkypodcarou/ppc_3;61367;2021/121;2006/187;2021/121;121/2021 Sb.
esel-esb:eli/cz/sb/2021/121/2021-04-30/dokument/poznamkypodcarou/ppc_3;23427548;esel-esb:eli/cz/sb/2021/121/2021-04-30/dokument/poznamkypodcarou;pozn. 3;NA;3;NA;/5/3/;esel-esb:právní-akt-fragment/10708829;10708829;10708829;PPC;3) § 5 písm. a) zákona č. 187/2006 Sb., o nemocenském pojištění, ve znění pozdějších předpisů.;notes;"<a data-odkaz-id=""22201733"" href=""#""  class=""ext_odkaz"">zákona č. 187/2006 Sb., o nemocenském pojištění</a>";zákona č. 187/2006 Sb., o nemocenském pojištění;22201733;ext_odkaz;NA;NA;NA;NA;esel-esb:právní-akt-odkaz/22201733;zákona č. 187/2006 Sb.;JINYPRED;130045;esel-esb:eli/cz/sb/2006/187/2021-01-01/dokument;61367;esel-esb:eli/cz/sb/2021/121/0000-00-00/dokument/poznamkypodcarou/ppc_3;61367;2021/121;2006/187;2021/121;121/2021 Sb.
esel-esb:eli/cz/sb/2021/121/2021-04-30/dokument/poznamkypodcarou/ppc_4;23427549;esel-esb:eli/cz/sb/2021/121/2021-04-30/dokument/poznamkypodcarou;pozn. 4;NA;4;NA;/5/4/;esel-esb:právní-akt-fragment/10708831;10708831;10708831;PPC;4) § 128 zákona č. 234/2014 Sb., o státní službě, ve znění pozdějších předpisů. § 34 odst. 4 zákona č. 236/1995 Sb., o platu a dalších náležitostech spojených s výkonem funkce představitelů státní moci a některých státních orgánů a soudců a poslanců Evropského parlamentu, ve znění pozdějších předpisů. § 72 odst. 7 zákona č. 128/2000 Sb., o obcích (obecní zřízení), ve znění pozdějších předpisů. § 47 odst. 7 zákona č. 129/2000 Sb., o krajích (krajské zřízení), ve znění pozdějších předpisů. § 53 odst. 7 zákona č. 131/2000 Sb., o hlavním městě Praze, ve znění pozdějších předpisů.;notes;"<a data-odkaz-id=""22201739"" href=""#""  class=""ext_odkaz"">§ 128</a>";§ 128;22201739;ext_odkaz;NA;NA;NA;NA;esel-esb:právní-akt-odkaz/22201739;§ 128;JINEUSTAN;146449;esel-esb:eli/cz/sb/2014/234/2021-01-01/dokument/norma/cast_7/par_128;61367;esel-esb:eli/cz/sb/2021/121/0000-00-00/dokument/poznamkypodcarou/ppc_4;61367;2021/121;2014/234;2021/121;121/2021 Sb.
esel-esb:eli/cz/sb/2021/121/2021-04-30/dokument/poznamkypodcarou/ppc_4;23427549;esel-esb:eli/cz/sb/2021/121/2021-04-30/dokument/poznamkypodcarou;pozn. 4;NA;4;NA;/5/4/;esel-esb:právní-akt-fragment/10708831;10708831;10708831;PPC;4) § 128 zákona č. 234/2014 Sb., o státní službě, ve znění pozdějších předpisů. § 34 odst. 4 zákona č. 236/1995 Sb., o platu a dalších náležitostech spojených s výkonem funkce představitelů státní moci a některých státních orgánů a soudců a poslanců Evropského parlamentu, ve znění pozdějších předpisů. § 72 odst. 7 zákona č. 128/2000 Sb., o obcích (obecní zřízení), ve znění pozdějších předpisů. § 47 odst. 7 zákona č. 129/2000 Sb., o krajích (krajské zřízení), ve znění pozdějších předpisů. § 53 odst. 7 zákona č. 131/2000 Sb., o hlavním městě Praze, ve znění pozdějších předpisů.;notes;"<a data-odkaz-id=""22201745"" href=""#""  class=""ext_odkaz"">zákona č. 234/2014 Sb., o státní službě</a>";zákona č. 234/2014 Sb., o státní službě;22201745;ext_odkaz;NA;NA;NA;NA;esel-esb:právní-akt-odkaz/22201745;zákona č. 234/2014 Sb.;JINYPRED;146449;esel-esb:eli/cz/sb/2014/234/2021-01-01/dokument;61367;esel-esb:eli/cz/sb/2021/121/0000-00-00/dokument/poznamkypodcarou/ppc_4;61367;2021/121;2014/234;2021/121;121/2021 Sb.
esel-esb:eli/cz/sb/2021/121/2021-04-30/dokument/poznamkypodcarou/ppc_4;23427549;esel-esb:eli/cz/sb/2021/121/2021-04-30/dokument/poznamkypodcarou;pozn. 4;NA;4;NA;/5/4/;esel-esb:právní-akt-fragment/10708831;10708831;10708831;PPC;4) § 128 zákona č. 234/2014 Sb., o státní službě, ve znění pozdějších předpisů. § 34 odst. 4 zákona č. 236/1995 Sb., o platu a dalších náležitostech spojených s výkonem funkce představitelů státní moci a některých státních orgánů a soudců a poslanců Evropského parlamentu, ve znění pozdějších předpisů. § 72 odst. 7 zákona č. 128/2000 Sb., o obcích (obecní zřízení), ve znění pozdějších předpisů. § 47 odst. 7 zákona č. 129/2000 Sb., o krajích (krajské zřízení), ve znění pozdějších předpisů. § 53 odst. 7 zákona č. 131/2000 Sb., o hlavním městě Praze, ve znění pozdějších předpisů.;notes;"<a data-odkaz-id=""22201751"" href=""#""  class=""ext_odkaz"">§ 34 odst. 4</a>";§ 34 odst. 4;22201751;ext_odkaz;NA;NA;NA;NA;esel-esb:právní-akt-odkaz/22201751;§ 34 odst. 4;JINEUSTAN;102043;esel-esb:eli/cz/sb/1995/236/2019-04-24/dokument/norma/cast_5/par_34/odst_4;61367;esel-esb:eli/cz/sb/2021/121/0000-00-00/dokument/poznamkypodcarou/ppc_4;61367;2021/121;1995/236;2021/121;121/2021 Sb.
esel-esb:eli/cz/sb/2021/121/2021-04-30/dokument/poznamkypodcarou/ppc_4;23427549;esel-esb:eli/cz/sb/2021/121/2021-04-30/dokument/poznamkypodcarou;pozn. 4;NA;4;NA;/5/4/;esel-esb:právní-akt-fragment/10708831;10708831;10708831;PPC;4) § 128 zákona č. 234/2014 Sb., o státní službě, ve znění pozdějších předpisů. § 34 odst. 4 zákona č. 236/1995 Sb., o platu a dalších náležitostech spojených s výkonem funkce představitelů státní moci a některých státních orgánů a soudců a poslanců Evropského parlamentu, ve znění pozdějších předpisů. § 72 odst. 7 zákona č. 128/2000 Sb., o obcích (obecní zřízení), ve znění pozdějších předpisů. § 47 odst. 7 zákona č. 129/2000 Sb., o krajích (krajské zřízení), ve znění pozdějších předpisů. § 53 odst. 7 zákona č. 131/2000 Sb., o hlavním městě Praze, ve znění pozdějších předpisů.;notes;"<a data-odkaz-id=""22201757"" href=""#""  class=""ext_odkaz"">zákona č. 236/1995 Sb., o platu a dalších náležitostech spojených s výkonem funkce představitelů státní moci a některých státních orgánů a soudců</a>";zákona č. 236/1995 Sb., o platu a dalších náležitostech spojených s výkonem funkce představitelů státní moci a některých státních orgánů a soudců;22201757;ext_odkaz;NA;NA;NA;NA;esel-esb:právní-akt-odkaz/22201757;zákona č. 236/1995 Sb.;JINYPRED;102049;esel-esb:eli/cz/sb/1995/236/2021-01-01/dokument;61367;esel-esb:eli/cz/sb/2021/121/0000-00-00/dokument/poznamkypodcarou/ppc_4;61367;2021/121;1995/236;2021/121;121/2021 Sb.
esel-esb:eli/cz/sb/2021/121/2021-04-30/dokument/poznamkypodcarou/ppc_4;23427549;esel-esb:eli/cz/sb/2021/121/2021-04-30/dokument/poznamkypodcarou;pozn. 4;NA;4;NA;/5/4/;esel-esb:právní-akt-fragment/10708831;10708831;10708831;PPC;4) § 128 zákona č. 234/2014 Sb., o státní službě, ve znění pozdějších předpisů. § 34 odst. 4 zákona č. 236/1995 Sb., o platu a dalších náležitostech spojených s výkonem funkce představitelů státní moci a některých státních orgánů a soudců a poslanců Evropského parlamentu, ve znění pozdějších předpisů. § 72 odst. 7 zákona č. 128/2000 Sb., o obcích (obecní zřízení), ve znění pozdějších předpisů. § 47 odst. 7 zákona č. 129/2000 Sb., o krajích (krajské zřízení), ve znění pozdějších předpisů. § 53 odst. 7 zákona č. 131/2000 Sb., o hlavním městě Praze, ve znění pozdějších předpisů.;notes;"<a data-odkaz-id=""22201763"" href=""#""  class=""ext_odkaz"">§ 72 odst. 7</a>";§ 72 odst. 7;22201763;ext_odkaz;NA;NA;NA;NA;esel-esb:právní-akt-odkaz/22201763;§ 72 odst. 7;JINEUSTAN;109647;esel-esb:eli/cz/sb/2000/128/2018-08-31/dokument/norma/cast_1/hlava_4/dil_1/par_72/odst_7;61367;esel-esb:eli/cz/sb/2021/121/0000-00-00/dokument/poznamkypodcarou/ppc_4;61367;2021/121;2000/128;2021/121;121/2021 Sb.
esel-esb:eli/cz/sb/2021/121/2021-04-30/dokument/poznamkypodcarou/ppc_4;23427549;esel-esb:eli/cz/sb/2021/121/2021-04-30/dokument/poznamkypodcarou;pozn. 4;NA;4;NA;/5/4/;esel-esb:právní-akt-fragment/10708831;10708831;10708831;PPC;4) § 128 zákona č. 234/2014 Sb., o státní službě, ve znění pozdějších předpisů. § 34 odst. 4 zákona č. 236/1995 Sb., o platu a dalších náležitostech spojených s výkonem funkce představitelů státní moci a některých státních orgánů a soudců a poslanců Evropského parlamentu, ve znění pozdějších předpisů. § 72 odst. 7 zákona č. 128/2000 Sb., o obcích (obecní zřízení), ve znění pozdějších předpisů. § 47 odst. 7 zákona č. 129/2000 Sb., o krajích (krajské zřízení), ve znění pozdějších předpisů. § 53 odst. 7 zákona č. 131/2000 Sb., o hlavním městě Praze, ve znění pozdějších předpisů.;notes;"<a data-odkaz-id=""22201769"" href=""#""  class=""ext_odkaz"">zákona č. 128/2000 Sb., o obcích</a>";zákona č. 128/2000 Sb., o obcích;22201769;ext_odkaz;NA;NA;NA;NA;esel-esb:právní-akt-odkaz/22201769;zákona č. 128/2000 Sb.;JINYPRED;109651;esel-esb:eli/cz/sb/2000/128/2020-01-01/dokument;61367;esel-esb:eli/cz/sb/2021/121/0000-00-00/dokument/poznamkypodcarou/ppc_4;61367;2021/121;2000/128;2021/121;121/2021 Sb.
esel-esb:eli/cz/sb/2021/121/2021-04-30/dokument/poznamkypodcarou/ppc_4;23427549;esel-esb:eli/cz/sb/2021/121/2021-04-30/dokument/poznamkypodcarou;pozn. 4;NA;4;NA;/5/4/;esel-esb:právní-akt-fragment/10708831;10708831;10708831;PPC;4) § 128 zákona č. 234/2014 Sb., o státní službě, ve znění pozdějších předpisů. § 34 odst. 4 zákona č. 236/1995 Sb., o platu a dalších náležitostech spojených s výkonem funkce představitelů státní moci a některých státních orgánů a soudců a poslanců Evropského parlamentu, ve znění pozdějších předpisů. § 72 odst. 7 zákona č. 128/2000 Sb., o obcích (obecní zřízení), ve znění pozdějších předpisů. § 47 odst. 7 zákona č. 129/2000 Sb., o krajích (krajské zřízení), ve znění pozdějších předpisů. § 53 odst. 7 zákona č. 131/2000 Sb., o hlavním městě Praze, ve znění pozdějších předpisů.;notes;"<a data-odkaz-id=""22201775"" href=""#""  class=""ext_odkaz"">§ 47 odst. 7</a>";§ 47 odst. 7;22201775;ext_odkaz;NA;NA;NA;NA;esel-esb:právní-akt-odkaz/22201775;§ 47 odst. 7;JINEUSTAN;109729;esel-esb:eli/cz/sb/2000/129/2018-01-01/dokument/norma/hlava_4/dil_1/par_47/odst_7;61367;esel-esb:eli/cz/sb/2021/121/0000-00-00/dokument/poznamkypodcarou/ppc_4;61367;2021/121;2000/129;2021/121;121/2021 Sb.
esel-esb:eli/cz/sb/2021/121/2021-04-30/dokument/poznamkypodcarou/ppc_4;23427549;esel-esb:eli/cz/sb/2021/121/2021-04-30/dokument/poznamkypodcarou;pozn. 4;NA;4;NA;/5/4/;esel-esb:právní-akt-fragment/10708831;10708831;10708831;PPC;4) § 128 zákona č. 234/2014 Sb., o státní službě, ve znění pozdějších předpisů. § 34 odst. 4 zákona č. 236/1995 Sb., o platu a dalších náležitostech spojených s výkonem funkce představitelů státní moci a některých státních orgánů a soudců a poslanců Evropského parlamentu, ve znění pozdějších předpisů. § 72 odst. 7 zákona č. 128/2000 Sb., o obcích (obecní zřízení), ve znění pozdějších předpisů. § 47 odst. 7 zákona č. 129/2000 Sb., o krajích (krajské zřízení), ve znění pozdějších předpisů. § 53 odst. 7 zákona č. 131/2000 Sb., o hlavním městě Praze, ve znění pozdějších předpisů.;notes;"<a data-odkaz-id=""22201781"" href=""#""  class=""ext_odkaz"">zákona č. 129/2000 Sb., o krajích</a>";zákona č. 129/2000 Sb., o krajích;22201781;ext_odkaz;NA;NA;NA;NA;esel-esb:právní-akt-odkaz/22201781;zákona č. 129/2000 Sb.;JINYPRED;109733;esel-esb:eli/cz/sb/2000/129/2020-01-01/dokument;61367;esel-esb:eli/cz/sb/2021/121/0000-00-00/dokument/poznamkypodcarou/ppc_4;61367;2021/121;2000/129;2021/121;121/2021 Sb.
esel-esb:eli/cz/sb/2021/121/2021-04-30/dokument/poznamkypodcarou/ppc_4;23427549;esel-esb:eli/cz/sb/2021/121/2021-04-30/dokument/poznamkypodcarou;pozn. 4;NA;4;NA;/5/4/;esel-esb:právní-akt-fragment/10708831;10708831;10708831;PPC;4) § 128 zákona č. 234/2014 Sb., o státní službě, ve znění pozdějších předpisů. § 34 odst. 4 zákona č. 236/1995 Sb., o platu a dalších náležitostech spojených s výkonem funkce představitelů státní moci a některých státních orgánů a soudců a poslanců Evropského parlamentu, ve znění pozdějších předpisů. § 72 odst. 7 zákona č. 128/2000 Sb., o obcích (obecní zřízení), ve znění pozdějších předpisů. § 47 odst. 7 zákona č. 129/2000 Sb., o krajích (krajské zřízení), ve znění pozdějších předpisů. § 53 odst. 7 zákona č. 131/2000 Sb., o hlavním městě Praze, ve znění pozdějších předpisů.;notes;"<a data-odkaz-id=""22201787"" href=""#""  class=""ext_odkaz"">§ 53 odst. 7</a>";§ 53 odst. 7;22201787;ext_odkaz;NA;NA;NA;NA;esel-esb:právní-akt-odkaz/22201787;§ 53 odst. 7;JINEUSTAN;109845;esel-esb:eli/cz/sb/2000/131/2018-01-01/dokument/norma/cast_1/hlava_8/dil_1/par_53/odst_7;61367;esel-esb:eli/cz/sb/2021/121/0000-00-00/dokument/poznamkypodcarou/ppc_4;61367;2021/121;2000/131;2021/121;121/2021 Sb.
esel-esb:eli/cz/sb/2021/121/2021-04-30/dokument/poznamkypodcarou/ppc_4;23427549;esel-esb:eli/cz/sb/2021/121/2021-04-30/dokument/poznamkypodcarou;pozn. 4;NA;4;NA;/5/4/;esel-esb:právní-akt-fragment/10708831;10708831;10708831;PPC;4) § 128 zákona č. 234/2014 Sb., o státní službě, ve znění pozdějších předpisů. § 34 odst. 4 zákona č. 236/1995 Sb., o platu a dalších náležitostech spojených s výkonem funkce představitelů státní moci a některých státních orgánů a soudců a poslanců Evropského parlamentu, ve znění pozdějších předpisů. § 72 odst. 7 zákona č. 128/2000 Sb., o obcích (obecní zřízení), ve znění pozdějších předpisů. § 47 odst. 7 zákona č. 129/2000 Sb., o krajích (krajské zřízení), ve znění pozdějších předpisů. § 53 odst. 7 zákona č. 131/2000 Sb., o hlavním městě Praze, ve znění pozdějších předpisů.;notes;"<a data-odkaz-id=""22201793"" href=""#""  class=""ext_odkaz"">zákona č. 131/2000 Sb., o hlavním městě Praze</a>";zákona č. 131/2000 Sb., o hlavním městě Praze;22201793;ext_odkaz;NA;NA;NA;NA;esel-esb:právní-akt-odkaz/22201793;zákona č. 131/2000 Sb.;JINYPRED;109849;esel-esb:eli/cz/sb/2000/131/2020-01-01/dokument;61367;esel-esb:eli/cz/sb/2021/121/0000-00-00/dokument/poznamkypodcarou/ppc_4;61367;2021/121;2000/131;2021/121;121/2021 Sb.
esel-esb:eli/cz/sb/2021/121/2021-04-30/dokument/poznamkypodcarou/ppc_5;23427550;esel-esb:eli/cz/sb/2021/121/2021-04-30/dokument/poznamkypodcarou;pozn. 5;NA;5;NA;/5/5/;esel-esb:právní-akt-fragment/10708833;10708833;10708833;PPC;5) Například zákon č. 117/1995 Sb., o státní sociální podpoře, ve znění pozdějších předpisů, a zákon č. 111/2006 Sb., o pomoci v hmotné nouzi, ve znění pozdějších předpisů.;notes;"<a data-odkaz-id=""22201799"" href=""#""  class=""ext_odkaz"">zákon č. 117/1995 Sb., o státní sociální podpoře</a>";zákon č. 117/1995 Sb., o státní sociální podpoře;22201799;ext_odkaz;NA;NA;NA;NA;esel-esb:právní-akt-odkaz/22201799;zákon č. 117/1995 Sb., o státní sociální podpoře;JINYPRED;101343;esel-esb:eli/cz/sb/1995/117/2021-01-01/dokument;61367;esel-esb:eli/cz/sb/2021/121/0000-00-00/dokument/poznamkypodcarou/ppc_5;61367;2021/121;1995/117;2021/121;121/2021 Sb.
esel-esb:eli/cz/sb/2021/121/2021-04-30/dokument/poznamkypodcarou/ppc_5;23427550;esel-esb:eli/cz/sb/2021/121/2021-04-30/dokument/poznamkypodcarou;pozn. 5;NA;5;NA;/5/5/;esel-esb:právní-akt-fragment/10708833;10708833;10708833;PPC;5) Například zákon č. 117/1995 Sb., o státní sociální podpoře, ve znění pozdějších předpisů, a zákon č. 111/2006 Sb., o pomoci v hmotné nouzi, ve znění pozdějších předpisů.;notes;"<a data-odkaz-id=""22201805"" href=""#""  class=""ext_odkaz"">zákon č. 111/2006 Sb., o pomoci v hmotné nouzi</a>";zákon č. 111/2006 Sb., o pomoci v hmotné nouzi;22201805;ext_odkaz;NA;NA;NA;NA;esel-esb:právní-akt-odkaz/22201805;zákon č. 111/2006 Sb., o pomoci v hmotné nouzi;JINYPRED;129345;esel-esb:eli/cz/sb/2006/111/2019-01-01/dokument;61367;esel-esb:eli/cz/sb/2021/121/0000-00-00/dokument/poznamkypodcarou/ppc_5;61367;2021/121;2006/111;2021/121;121/2021 Sb.
