fragment.iri;fragment.id;fragment.předek.iri;fragment.citace;fragment.citace.text;fragment.označení.uzlu;fragment.označení.uzlu.text;fragment.hierarchie;akt.fragment.iri;akt.fragment.id;fragment.base.id;typ.fragmentu;fragment.text_clean;source;tag;tag_clean;odkaz.id;class;data_eurlex;data_celexid;data_cellarid;data_orig_href;odkaz.iri;odkaz.citace.cíl;typ.vazba.odkazu;cíl.dokument.id;fragment.cíl.iri;fragment.cíl.dokument.id;fragment.zdroj.iri;fragment.zdroj.dokument.id;iri_z;iri_c;iri_v;akt.citace
esel-esb:eli/cz/sb/1948/124/1990-05-01/dokument/norma/oddil_1/par_1/odst_2;240977;esel-esb:eli/cz/sb/1948/124/1990-05-01/dokument/norma/oddil_1/par_1;§ 1 odst. 2;NA;2;NA;/2/1/2/2/;esel-esb:právní-akt-fragment/235039;235039;235039;Odstavec_Dc;(2) V případě, že se v budovách, v nichž je provozován hotelový podnik, provozují mimo to též jiné podniky podle § 16 živnostenského řádu, na Slovensku podle § 23 živnostenského zákona, znárodňují se týmž dnem všechny podniky včetně hotelového podniku i tehdy, když náležejí různým majitelům nebo provozovatelům, pokud součet všech osob v těchto podnicích zaměstnaných nebo činných dosáhl kdykoliv od 1. ledna 1946 padesáti osob. Ustanovení odstavce 1, věty druhé platí obdobně.;norms;"<a data-odkaz-id=""2565115"" href=""#""  class=""int_odkaz"">odstavce 1</a>";odstavce 1;2565115;int_odkaz;NA;NA;NA;NA;esel-esb:právní-akt-odkaz/2565115;odstavce 1;INTUSTAN;2743;esel-esb:eli/cz/sb/1948/124/0000-00-00/dokument/norma/oddil_1/par_1/odst_1;2743;esel-esb:eli/cz/sb/1948/124/0000-00-00/dokument/norma/oddil_1/par_1/odst_2;2743;1948/124;1948/124;1948/124;124/1948 Sb.
esel-esb:eli/cz/sb/1948/124/1990-05-01/dokument/norma/oddil_1/par_4/odst_1;240983;esel-esb:eli/cz/sb/1948/124/1990-05-01/dokument/norma/oddil_1/par_4;§ 4 odst. 1;NA;1;NA;/2/1/5/1/;esel-esb:právní-akt-fragment/235055;235055;235055;Odstavec_Dc;(1) Ustanovení §§ 1 a 2 se nevztahují na podniky státu, ani na;norms;"<a data-odkaz-id=""2565127"" href=""#""  class=""int_odkaz"">§§ 1</a>";§§ 1;2565127;int_odkaz;NA;NA;NA;NA;esel-esb:právní-akt-odkaz/2565127;§§ 1;INTUSTAN;2743;esel-esb:eli/cz/sb/1948/124/0000-00-00/dokument/norma/oddil_1/par_1;2743;esel-esb:eli/cz/sb/1948/124/0000-00-00/dokument/norma/oddil_1/par_4/odst_1;2743;1948/124;1948/124;1948/124;124/1948 Sb.
esel-esb:eli/cz/sb/1948/124/1990-05-01/dokument/norma/oddil_1/par_4/odst_1;240983;esel-esb:eli/cz/sb/1948/124/1990-05-01/dokument/norma/oddil_1/par_4;§ 4 odst. 1;NA;1;NA;/2/1/5/1/;esel-esb:právní-akt-fragment/235055;235055;235055;Odstavec_Dc;(1) Ustanovení §§ 1 a 2 se nevztahují na podniky státu, ani na;norms;"<a data-odkaz-id=""2565139"" href=""#""  class=""int_odkaz"">2</a>";2;2565139;int_odkaz;NA;NA;NA;NA;esel-esb:právní-akt-odkaz/2565139;2;INTUSTAN;2743;esel-esb:eli/cz/sb/1948/124/0000-00-00/dokument/norma/oddil_1/par_2;2743;esel-esb:eli/cz/sb/1948/124/0000-00-00/dokument/norma/oddil_1/par_4/odst_1;2743;1948/124;1948/124;1948/124;124/1948 Sb.
esel-esb:eli/cz/sb/1948/124/1990-05-01/dokument/norma/oddil_1/par_4/odst_2;240988;esel-esb:eli/cz/sb/1948/124/1990-05-01/dokument/norma/oddil_1/par_4;§ 4 odst. 2;NA;2;NA;/2/1/5/2/;esel-esb:právní-akt-fragment/235067;235067;235067;Odstavec_Dc;(2) Vyžaduje-li toho důležitý zájem veřejný, zejména zájem hospodářský, může ministr vnitřního obchodu povoliti výjimku z ustanovení §§ 1 nebo 2.;norms;"<a data-odkaz-id=""2565151"" href=""#""  class=""int_odkaz"">§§ 1</a>";§§ 1;2565151;int_odkaz;NA;NA;NA;NA;esel-esb:právní-akt-odkaz/2565151;§§ 1;INTUSTAN;2743;esel-esb:eli/cz/sb/1948/124/0000-00-00/dokument/norma/oddil_1/par_1;2743;esel-esb:eli/cz/sb/1948/124/0000-00-00/dokument/norma/oddil_1/par_4/odst_2;2743;1948/124;1948/124;1948/124;124/1948 Sb.
esel-esb:eli/cz/sb/1948/124/1990-05-01/dokument/norma/oddil_1/par_4/odst_2;240988;esel-esb:eli/cz/sb/1948/124/1990-05-01/dokument/norma/oddil_1/par_4;§ 4 odst. 2;NA;2;NA;/2/1/5/2/;esel-esb:právní-akt-fragment/235067;235067;235067;Odstavec_Dc;(2) Vyžaduje-li toho důležitý zájem veřejný, zejména zájem hospodářský, může ministr vnitřního obchodu povoliti výjimku z ustanovení §§ 1 nebo 2.;norms;"<a data-odkaz-id=""2565163"" href=""#""  class=""int_odkaz"">2</a>";2;2565163;int_odkaz;NA;NA;NA;NA;esel-esb:právní-akt-odkaz/2565163;2;INTUSTAN;2743;esel-esb:eli/cz/sb/1948/124/0000-00-00/dokument/norma/oddil_1/par_2;2743;esel-esb:eli/cz/sb/1948/124/0000-00-00/dokument/norma/oddil_1/par_4/odst_2;2743;1948/124;1948/124;1948/124;124/1948 Sb.
esel-esb:eli/cz/sb/1948/124/1990-05-01/dokument/norma/oddil_1/par_5/odst_1;240990;esel-esb:eli/cz/sb/1948/124/1990-05-01/dokument/norma/oddil_1/par_5;§ 5 odst. 1;NA;1;NA;/2/1/6/1/;esel-esb:právní-akt-fragment/235071;235071;235071;Odstavec_Dc;"(1) Osoby, které jsou povinny zatím vésti správu znárodněného majetku (§ 15), podají ministerstvu vnitřního obchodu hlášení, jehož vzor vyhlásí ministr vnitřního obchodu v Úředním listě. Toto hlášení jest podati do 15 dnů ode dne vyhlášení vzoru. V řízení musí spolupůsobiti též osoby, které k tomu budou vyzvány ministerstvem vnitřního obchodu. Hlášení má býti podepsáno i závodní radou nebo závodním důvěrníkem; pokud hlášení nepodává dosavadní vlastník nebo držitel znárodněného majetku, je povinen připojiti k němu své vyjádření.";norms;"<a data-odkaz-id=""2565175"" href=""#""  class=""int_odkaz"">§ 15</a>";§ 15;2565175;int_odkaz;NA;NA;NA;NA;esel-esb:právní-akt-odkaz/2565175;§ 15;INTUSTAN;2743;esel-esb:eli/cz/sb/1948/124/0000-00-00/dokument/norma/oddil_4/par_15;2743;esel-esb:eli/cz/sb/1948/124/0000-00-00/dokument/norma/oddil_1/par_5/odst_1;2743;1948/124;1948/124;1948/124;124/1948 Sb.
esel-esb:eli/cz/sb/1948/124/1990-05-01/dokument/norma/oddil_1/par_5/odst_2;240991;esel-esb:eli/cz/sb/1948/124/1990-05-01/dokument/norma/oddil_1/par_5;§ 5 odst. 2;NA;2;NA;/2/1/6/2/;esel-esb:právní-akt-fragment/235073;235073;235073;Odstavec_Dc;(2) Dosavadní vlastníci nebo držitelé podniků znárodněných podle §§ 1 a 2 i jiné osoby jsou povinny spolupůsobiti při sestavování účetních uzávěrek za dobu do znárodnění, pokud k tomu budou vyzvány příslušným ústředním orgánem.;norms;"<a data-odkaz-id=""2565181"" href=""#""  class=""int_odkaz"">§§ 1</a>";§§ 1;2565181;int_odkaz;NA;NA;NA;NA;esel-esb:právní-akt-odkaz/2565181;§§ 1;INTUSTAN;2743;esel-esb:eli/cz/sb/1948/124/0000-00-00/dokument/norma/oddil_1/par_1;2743;esel-esb:eli/cz/sb/1948/124/0000-00-00/dokument/norma/oddil_1/par_5/odst_2;2743;1948/124;1948/124;1948/124;124/1948 Sb.
esel-esb:eli/cz/sb/1948/124/1990-05-01/dokument/norma/oddil_1/par_5/odst_2;240991;esel-esb:eli/cz/sb/1948/124/1990-05-01/dokument/norma/oddil_1/par_5;§ 5 odst. 2;NA;2;NA;/2/1/6/2/;esel-esb:právní-akt-fragment/235073;235073;235073;Odstavec_Dc;(2) Dosavadní vlastníci nebo držitelé podniků znárodněných podle §§ 1 a 2 i jiné osoby jsou povinny spolupůsobiti při sestavování účetních uzávěrek za dobu do znárodnění, pokud k tomu budou vyzvány příslušným ústředním orgánem.;norms;"<a data-odkaz-id=""2565193"" href=""#""  class=""int_odkaz"">2</a>";2;2565193;int_odkaz;NA;NA;NA;NA;esel-esb:právní-akt-odkaz/2565193;2;INTUSTAN;2743;esel-esb:eli/cz/sb/1948/124/0000-00-00/dokument/norma/oddil_1/par_2;2743;esel-esb:eli/cz/sb/1948/124/0000-00-00/dokument/norma/oddil_1/par_5/odst_2;2743;1948/124;1948/124;1948/124;124/1948 Sb.
esel-esb:eli/cz/sb/1948/124/1990-05-01/dokument/norma/oddil_1/par_7/frag_235107;240993;esel-esb:eli/cz/sb/1948/124/1990-05-01/dokument/norma/oddil_1/par_7;NA;NA;NA;NA;/2/1/7/1/;esel-esb:právní-akt-fragment/235107;235107;235107;Odstavec_Dc;Ustanovení §§ 8, 8a až 13, §§ 17 a 18 a §§ 20 až 22 zákona č. 118/1948 Sb., ve znění čl. I platí přiměřeně i pro věci upravené tímto zákonem.;norms;"<a data-odkaz-id=""2565263"" href=""#""  class=""ext_odkaz"">§§ 8</a>";§§ 8;2565263;ext_odkaz;NA;NA;NA;NA;esel-esb:právní-akt-odkaz/2565263;§§ 8;JINEUSTAN;66239;esel-esb:eli/cz/sb/1948/118/1948-01-01/dokument/norma/oddil_2/par_8;66287;esel-esb:eli/cz/sb/1948/124/1948-01-01/dokument/norma/oddil_1/par_7/frag_235107;66287;1948/124;1948/118;1948/124;124/1948 Sb.
esel-esb:eli/cz/sb/1948/124/1990-05-01/dokument/norma/oddil_1/par_7/frag_235107;240993;esel-esb:eli/cz/sb/1948/124/1990-05-01/dokument/norma/oddil_1/par_7;NA;NA;NA;NA;/2/1/7/1/;esel-esb:právní-akt-fragment/235107;235107;235107;Odstavec_Dc;Ustanovení §§ 8, 8a až 13, §§ 17 a 18 a §§ 20 až 22 zákona č. 118/1948 Sb., ve znění čl. I platí přiměřeně i pro věci upravené tímto zákonem.;norms;"<a data-odkaz-id=""2565273"" href=""#""  class=""ext_odkaz"">8a až 13</a>";8a až 13;2565273;ext_odkaz;NA;NA;NA;NA;esel-esb:právní-akt-odkaz/2565273;8a až 13;JINEUSTAN;66239;esel-esb:eli/cz/sb/1948/118/1948-01-01/dokument/norma/oddil_2/par_8a;66287;esel-esb:eli/cz/sb/1948/124/1948-01-01/dokument/norma/oddil_1/par_7/frag_235107;66287;1948/124;1948/118;1948/124;124/1948 Sb.
esel-esb:eli/cz/sb/1948/124/1990-05-01/dokument/norma/oddil_1/par_7/frag_235107;240993;esel-esb:eli/cz/sb/1948/124/1990-05-01/dokument/norma/oddil_1/par_7;NA;NA;NA;NA;/2/1/7/1/;esel-esb:právní-akt-fragment/235107;235107;235107;Odstavec_Dc;Ustanovení §§ 8, 8a až 13, §§ 17 a 18 a §§ 20 až 22 zákona č. 118/1948 Sb., ve znění čl. I platí přiměřeně i pro věci upravené tímto zákonem.;norms;"<a data-odkaz-id=""2565283"" href=""#""  class=""ext_odkaz"">§§ 17</a>";§§ 17;2565283;ext_odkaz;NA;NA;NA;NA;esel-esb:právní-akt-odkaz/2565283;§§ 17;JINEUSTAN;66239;esel-esb:eli/cz/sb/1948/118/1948-01-01/dokument/norma/oddil_5/par_17;66287;esel-esb:eli/cz/sb/1948/124/1948-01-01/dokument/norma/oddil_1/par_7/frag_235107;66287;1948/124;1948/118;1948/124;124/1948 Sb.
esel-esb:eli/cz/sb/1948/124/1990-05-01/dokument/norma/oddil_1/par_7/frag_235107;240993;esel-esb:eli/cz/sb/1948/124/1990-05-01/dokument/norma/oddil_1/par_7;NA;NA;NA;NA;/2/1/7/1/;esel-esb:právní-akt-fragment/235107;235107;235107;Odstavec_Dc;Ustanovení §§ 8, 8a až 13, §§ 17 a 18 a §§ 20 až 22 zákona č. 118/1948 Sb., ve znění čl. I platí přiměřeně i pro věci upravené tímto zákonem.;norms;"<a data-odkaz-id=""2565293"" href=""#""  class=""ext_odkaz"">18</a>";18;2565293;ext_odkaz;NA;NA;NA;NA;esel-esb:právní-akt-odkaz/2565293;18;JINEUSTAN;66239;esel-esb:eli/cz/sb/1948/118/1948-01-01/dokument/norma/oddil_5/par_18;66287;esel-esb:eli/cz/sb/1948/124/1948-01-01/dokument/norma/oddil_1/par_7/frag_235107;66287;1948/124;1948/118;1948/124;124/1948 Sb.
esel-esb:eli/cz/sb/1948/124/1990-05-01/dokument/norma/oddil_1/par_7/frag_235107;240993;esel-esb:eli/cz/sb/1948/124/1990-05-01/dokument/norma/oddil_1/par_7;NA;NA;NA;NA;/2/1/7/1/;esel-esb:právní-akt-fragment/235107;235107;235107;Odstavec_Dc;Ustanovení §§ 8, 8a až 13, §§ 17 a 18 a §§ 20 až 22 zákona č. 118/1948 Sb., ve znění čl. I platí přiměřeně i pro věci upravené tímto zákonem.;norms;"<a data-odkaz-id=""2565303"" href=""#""  class=""ext_odkaz"">§§ 20 až 22</a>";§§ 20 až 22;2565303;ext_odkaz;NA;NA;NA;NA;esel-esb:právní-akt-odkaz/2565303;§§ 20 až 22;JINEUSTAN;66239;esel-esb:eli/cz/sb/1948/118/1948-01-01/dokument/norma/oddil_5/par_20;66287;esel-esb:eli/cz/sb/1948/124/1948-01-01/dokument/norma/oddil_1/par_7/frag_235107;66287;1948/124;1948/118;1948/124;124/1948 Sb.
esel-esb:eli/cz/sb/1948/124/1990-05-01/dokument/norma/oddil_1/par_7/frag_235107;240993;esel-esb:eli/cz/sb/1948/124/1990-05-01/dokument/norma/oddil_1/par_7;NA;NA;NA;NA;/2/1/7/1/;esel-esb:právní-akt-fragment/235107;235107;235107;Odstavec_Dc;Ustanovení §§ 8, 8a až 13, §§ 17 a 18 a §§ 20 až 22 zákona č. 118/1948 Sb., ve znění čl. I platí přiměřeně i pro věci upravené tímto zákonem.;norms;"<a data-odkaz-id=""2565313"" href=""#""  class=""ext_odkaz"">zákona č. 118/1948 Sb.</a>";zákona č. 118/1948 Sb.;2565313;ext_odkaz;NA;NA;NA;NA;esel-esb:právní-akt-odkaz/2565313;zákona č. 118/1948 Sb.;JINYPRED;66239;esel-esb:eli/cz/sb/1948/118/1948-01-01/dokument;66287;esel-esb:eli/cz/sb/1948/124/1948-01-01/dokument/norma/oddil_1/par_7/frag_235107;66287;1948/124;1948/118;1948/124;124/1948 Sb.
esel-esb:eli/cz/sb/1948/124/1990-05-01/dokument/norma/oddil_5/par_19/odst_1;241001;esel-esb:eli/cz/sb/1948/124/1990-05-01/dokument/norma/oddil_5/par_19;§ 19 odst. 1;NA;1;NA;/2/2/3/1/;esel-esb:právní-akt-fragment/235243;235243;235243;Odstavec_Dc;(1) Ukládá-li soud nebo okresní národní výbor trest na penězích zaměstnanci, zmocněnci, zástupci nebo jinému orgánu fysické nebo právnické osoby, při jejímž zastoupení byl čin trestný podle § 18 spáchán, může vysloviti, že tato osoba ručí za uložený trest na penězích rukou společnou a nerozdílnou.;norms;"<a data-odkaz-id=""2565729"" href=""#""  class=""int_odkaz"">§ 18</a>";§ 18;2565729;int_odkaz;NA;NA;NA;NA;esel-esb:právní-akt-odkaz/2565729;§ 18;INTUSTAN;2743;esel-esb:eli/cz/sb/1948/124/0000-00-00/dokument/norma/oddil_5/par_18;2743;esel-esb:eli/cz/sb/1948/124/0000-00-00/dokument/norma/oddil_5/par_19/odst_1;2743;1948/124;1948/124;1948/124;124/1948 Sb.
esel-esb:eli/cz/sb/1948/124/1990-05-01/dokument/norma/oddil_5/par_20/odst_1;241006;esel-esb:eli/cz/sb/1948/124/1990-05-01/dokument/norma/oddil_5/par_20;§ 20 odst. 1;NA;1;NA;/2/2/4/1/;esel-esb:právní-akt-fragment/235253;235253;235253;Odstavec_Dc;(1) Při odsouzení pro zločin podle § 18, odst. 1 nebo při odsouzení pro správní přestupek podle § 18, odst. 2 k trestu na svobodě nebo na penězích přesahujícímu jeden milion Kčs, uveřejní se rozsudek (trestní nález) v jednom nebo v několika denních listech určených rozsudkem (trestním nálezem) na útraty odsouzeného.;norms;"<a data-odkaz-id=""2565741"" href=""#""  class=""int_odkaz"">§ 18, odst. 1</a>";§ 18, odst. 1;2565741;int_odkaz;NA;NA;NA;NA;esel-esb:právní-akt-odkaz/2565741;§ 18, odst. 1;INTUSTAN;2743;esel-esb:eli/cz/sb/1948/124/0000-00-00/dokument/norma/oddil_5/par_18;2743;esel-esb:eli/cz/sb/1948/124/0000-00-00/dokument/norma/oddil_5/par_20/odst_1;2743;1948/124;1948/124;1948/124;124/1948 Sb.
esel-esb:eli/cz/sb/1948/124/1990-05-01/dokument/norma/oddil_5/par_20/odst_1;241006;esel-esb:eli/cz/sb/1948/124/1990-05-01/dokument/norma/oddil_5/par_20;§ 20 odst. 1;NA;1;NA;/2/2/4/1/;esel-esb:právní-akt-fragment/235253;235253;235253;Odstavec_Dc;(1) Při odsouzení pro zločin podle § 18, odst. 1 nebo při odsouzení pro správní přestupek podle § 18, odst. 2 k trestu na svobodě nebo na penězích přesahujícímu jeden milion Kčs, uveřejní se rozsudek (trestní nález) v jednom nebo v několika denních listech určených rozsudkem (trestním nálezem) na útraty odsouzeného.;norms;"<a data-odkaz-id=""2565753"" href=""#""  class=""int_odkaz"">§ 18</a>";§ 18;2565753;int_odkaz;NA;NA;NA;NA;esel-esb:právní-akt-odkaz/2565753;§ 18;INTUSTAN;2743;esel-esb:eli/cz/sb/1948/124/0000-00-00/dokument/norma/oddil_5/par_18;2743;esel-esb:eli/cz/sb/1948/124/0000-00-00/dokument/norma/oddil_5/par_20/odst_1;2743;1948/124;1948/124;1948/124;124/1948 Sb.
esel-esb:eli/cz/sb/1948/124/1990-05-01/dokument/norma/oddil_5/par_20/odst_1;241006;esel-esb:eli/cz/sb/1948/124/1990-05-01/dokument/norma/oddil_5/par_20;§ 20 odst. 1;NA;1;NA;/2/2/4/1/;esel-esb:právní-akt-fragment/235253;235253;235253;Odstavec_Dc;(1) Při odsouzení pro zločin podle § 18, odst. 1 nebo při odsouzení pro správní přestupek podle § 18, odst. 2 k trestu na svobodě nebo na penězích přesahujícímu jeden milion Kčs, uveřejní se rozsudek (trestní nález) v jednom nebo v několika denních listech určených rozsudkem (trestním nálezem) na útraty odsouzeného.;norms;"<a data-odkaz-id=""2565765"" href=""#""  class=""int_odkaz"">odst. 2</a>";odst. 2;2565765;int_odkaz;NA;NA;NA;NA;esel-esb:právní-akt-odkaz/2565765;odst. 2;INTUSTAN;2743;esel-esb:eli/cz/sb/1948/124/0000-00-00/dokument/norma/oddil_5/par_18/odst_2;2743;esel-esb:eli/cz/sb/1948/124/0000-00-00/dokument/norma/oddil_5/par_20/odst_1;2743;1948/124;1948/124;1948/124;124/1948 Sb.
