fragment.iri;fragment.id;fragment.předek.iri;fragment.citace;fragment.citace.text;fragment.označení.uzlu;fragment.označení.uzlu.text;fragment.hierarchie;akt.fragment.iri;akt.fragment.id;fragment.base.id;typ.fragmentu;fragment.text_clean;source;tag;tag_clean;odkaz.id;class;data_eurlex;data_celexid;data_cellarid;data_orig_href;odkaz.iri;odkaz.citace.cíl;typ.vazba.odkazu;cíl.dokument.id;fragment.cíl.iri;fragment.cíl.dokument.id;fragment.zdroj.iri;fragment.zdroj.dokument.id;iri_z;iri_c;iri_v;akt.citace
esel-esb:eli/cz/sb/1945/131/1945-11-17/dokument/norma/par_2/frag_110891;75527;esel-esb:eli/cz/sb/1945/131/1945-11-17/dokument/norma/par_2;NA;NA;NA;NA;/2/2/1/;esel-esb:právní-akt-fragment/110891;110891;110891;Odstavec_Dc;Československý stát věnuje nemovitosti uvedené v § 1, jakož i nemovitosti zapsané ve vložce č. 1622 pozemkové knihy pro katastrální území Praha I. spolku „Svaz vysokoškolského studentstva v Praze“ za účelem vybudování Akademického domu podle zákona ze dne 9. října 1919, č. 547 Sb., o vybudování a udržování „Akademického domu v Praze“.;norms;"<a data-odkaz-id=""2183093"" href=""#""  class=""int_odkaz"">§ 1</a>";§ 1;2183093;int_odkaz;NA;NA;NA;NA;esel-esb:právní-akt-odkaz/2183093;§ 1;INTUSTAN;1451;esel-esb:eli/cz/sb/1945/131/0000-00-00/dokument/norma/par_1;1451;esel-esb:eli/cz/sb/1945/131/0000-00-00/dokument/norma/par_2/frag_110891;1451;1945/131;1945/131;1945/131;131/1945 Sb.
esel-esb:eli/cz/sb/1945/131/1945-11-17/dokument/norma/par_4/frag_110901;75532;esel-esb:eli/cz/sb/1945/131/1945-11-17/dokument/norma/par_4;NA;NA;NA;NA;/2/4/1/;esel-esb:právní-akt-fragment/110901;110901;110901;Odstavec_Dc;Vklad práva vlastnického k nemovitostem uvedeným v § 2 pro Svaz vysokoškolského studentstva se provede podle tohoto dekretu, a to bez břemen. Převody vlastnictví podle §§ 1 a 2 jsou osvobozeny ode všech daní, dávek a poplatků.;norms;"<a data-odkaz-id=""2183097"" href=""#""  class=""int_odkaz"">§ 2</a>";§ 2;2183097;int_odkaz;NA;NA;NA;NA;esel-esb:právní-akt-odkaz/2183097;§ 2;INTUSTAN;1451;esel-esb:eli/cz/sb/1945/131/0000-00-00/dokument/norma/par_2;1451;esel-esb:eli/cz/sb/1945/131/0000-00-00/dokument/norma/par_4/frag_110901;1451;1945/131;1945/131;1945/131;131/1945 Sb.
esel-esb:eli/cz/sb/1945/131/1945-11-17/dokument/norma/par_4/frag_110901;75532;esel-esb:eli/cz/sb/1945/131/1945-11-17/dokument/norma/par_4;NA;NA;NA;NA;/2/4/1/;esel-esb:právní-akt-fragment/110901;110901;110901;Odstavec_Dc;Vklad práva vlastnického k nemovitostem uvedeným v § 2 pro Svaz vysokoškolského studentstva se provede podle tohoto dekretu, a to bez břemen. Převody vlastnictví podle §§ 1 a 2 jsou osvobozeny ode všech daní, dávek a poplatků.;norms;"<a data-odkaz-id=""2183101"" href=""#""  class=""int_odkaz"">§§ 1</a>";§§ 1;2183101;int_odkaz;NA;NA;NA;NA;esel-esb:právní-akt-odkaz/2183101;§§ 1;INTUSTAN;1451;esel-esb:eli/cz/sb/1945/131/0000-00-00/dokument/norma/par_1;1451;esel-esb:eli/cz/sb/1945/131/0000-00-00/dokument/norma/par_4/frag_110901;1451;1945/131;1945/131;1945/131;131/1945 Sb.
esel-esb:eli/cz/sb/1945/131/1945-11-17/dokument/norma/par_4/frag_110901;75532;esel-esb:eli/cz/sb/1945/131/1945-11-17/dokument/norma/par_4;NA;NA;NA;NA;/2/4/1/;esel-esb:právní-akt-fragment/110901;110901;110901;Odstavec_Dc;Vklad práva vlastnického k nemovitostem uvedeným v § 2 pro Svaz vysokoškolského studentstva se provede podle tohoto dekretu, a to bez břemen. Převody vlastnictví podle §§ 1 a 2 jsou osvobozeny ode všech daní, dávek a poplatků.;norms;"<a data-odkaz-id=""2183105"" href=""#""  class=""int_odkaz"">2</a>";2;2183105;int_odkaz;NA;NA;NA;NA;esel-esb:právní-akt-odkaz/2183105;2;INTUSTAN;1451;esel-esb:eli/cz/sb/1945/131/0000-00-00/dokument/norma/par_2;1451;esel-esb:eli/cz/sb/1945/131/0000-00-00/dokument/norma/par_4/frag_110901;1451;1945/131;1945/131;1945/131;131/1945 Sb.
esel-esb:eli/cz/sb/1945/131/1945-11-17/dokument/norma/par_5/frag_110905;75534;esel-esb:eli/cz/sb/1945/131/1945-11-17/dokument/norma/par_5;NA;NA;NA;NA;/2/5/1/;esel-esb:právní-akt-fragment/110905;110905;110905;Odstavec_Dc;Československý stát poskytne dosavadním vlastníkům nemovitostí a osobám, jejichž práva jsou na nemovitostech knihovně zajištěna, náhradu ve výši obecné ceny, pokud vlastnictví k těmto nemovitostem anebo příslušná práva nenabyl podle dekretu presidenta republiky ze dne 25. října 1945, č. 108 Sb., o konfiskaci nepřátelského majetku a Fondech národní obnovy.;norms;"<a data-odkaz-id=""2183109"" href=""#""  class=""ext_odkaz"">ze dne 25. října 1945, č. 108 Sb.</a>";ze dne 25. října 1945, č. 108 Sb.;2183109;ext_odkaz;NA;NA;NA;NA;esel-esb:právní-akt-odkaz/2183109;ze dne 25. října 1945, č. 108 Sb.;JINYPRED;64473;esel-esb:eli/cz/sb/1945/108/1945-10-30/dokument;1451;esel-esb:eli/cz/sb/1945/131/0000-00-00/dokument/norma/par_5/frag_110905;1451;1945/131;1945/108;1945/131;131/1945 Sb.
