fragment.iri;fragment.id;fragment.předek.iri;fragment.citace;fragment.citace.text;fragment.označení.uzlu;fragment.označení.uzlu.text;fragment.hierarchie;akt.fragment.iri;akt.fragment.id;fragment.base.id;typ.fragmentu;fragment.text_clean;source;tag;tag_clean;odkaz.id;class;data_eurlex;data_celexid;data_cellarid;data_orig_href;odkaz.iri;odkaz.citace.cíl;typ.vazba.odkazu;cíl.dokument.id;fragment.cíl.iri;fragment.cíl.dokument.id;fragment.zdroj.iri;fragment.zdroj.dokument.id;iri_z;iri_c;iri_v;akt.citace
esel-esb:eli/cz/sb/2021/136/2021-03-19/dokument/norma/cast_1/par_1/frag_10712235;23431934;esel-esb:eli/cz/sb/2021/136/2021-03-19/dokument/norma/cast_1/par_1;NA;NA;NA;NA;/2/1/2/1/;esel-esb:právní-akt-fragment/10712235;10712235;10712235;Odstavec_Dc;Tento zákon se použije na právní vztahy, které nejsou upraveny přímo použitelným předpisem Evropské unie v oblasti státních sociálních dávek1).;norms;"<a data-odkaz-id=""22061027"" href=""#""  class=""int_odkaz""><sup>1</sup>)</a>";1);22061027;int_odkaz;NA;NA;NA;NA;esel-esb:právní-akt-odkaz/22061027;<sup>1</sup>);POZNAMKA;61401;esel-esb:eli/cz/sb/2021/136/0000-00-00/dokument/poznamkypodcarou/ppc_1;61401;esel-esb:eli/cz/sb/2021/136/0000-00-00/dokument/norma/cast_1/par_1/frag_10712235;61401;2021/136;2021/136;2021/136;136/2021 Sb.
esel-esb:eli/cz/sb/2021/136/2021-03-19/dokument/norma/cast_1/par_2/odst_1;23431937;esel-esb:eli/cz/sb/2021/136/2021-03-19/dokument/norma/cast_1/par_2;§ 2 odst. 1;NA;1;NA;/2/1/3/2/;esel-esb:právní-akt-fragment/10712241;10712241;10712241;Odstavec_Dc;(1) Pro nárok na výplatu přídavku na dítě pro období od 1. dubna 2021 do 30. června 2021, jde-li o přídavek na dítě vyplácený k 31. březnu 2021, a pro stanovení jeho výše se vychází z příjmů a dalších skutečností rozhodných pro nárok na přídavek na dítě, ze kterých byla určena výše přídavku na dítě vypláceného ke dni 31. března 2021, není-li dále stanoveno jinak. Ustanovení vět druhé až čtvrté § 51 odst. 1 a 2 zákona o státní sociální podpoře se nepoužijí.;norms;"<a data-odkaz-id=""22061031"" href=""#""  class=""ext_odkaz"">§ 51 odst. 1</a>";§ 51 odst. 1;22061031;ext_odkaz;NA;NA;NA;NA;esel-esb:právní-akt-odkaz/22061031;§ 51 odst. 1;JINEUSTAN;101209;esel-esb:eli/cz/sb/1995/117/1997-10-01/dokument/norma/cast_4/hlava_1/dil_1/par_51/odst_1;61401;esel-esb:eli/cz/sb/2021/136/0000-00-00/dokument/norma/cast_1/par_2/odst_1;61401;2021/136;1995/117;2021/136;136/2021 Sb.
esel-esb:eli/cz/sb/2021/136/2021-03-19/dokument/norma/cast_1/par_2/odst_1;23431937;esel-esb:eli/cz/sb/2021/136/2021-03-19/dokument/norma/cast_1/par_2;§ 2 odst. 1;NA;1;NA;/2/1/3/2/;esel-esb:právní-akt-fragment/10712241;10712241;10712241;Odstavec_Dc;(1) Pro nárok na výplatu přídavku na dítě pro období od 1. dubna 2021 do 30. června 2021, jde-li o přídavek na dítě vyplácený k 31. březnu 2021, a pro stanovení jeho výše se vychází z příjmů a dalších skutečností rozhodných pro nárok na přídavek na dítě, ze kterých byla určena výše přídavku na dítě vypláceného ke dni 31. března 2021, není-li dále stanoveno jinak. Ustanovení vět druhé až čtvrté § 51 odst. 1 a 2 zákona o státní sociální podpoře se nepoužijí.;norms;"<a data-odkaz-id=""22061035"" href=""#""  class=""ext_odkaz"">2</a>";2;22061035;ext_odkaz;NA;NA;NA;NA;esel-esb:právní-akt-odkaz/22061035;2;JINEUSTAN;101331;esel-esb:eli/cz/sb/1995/117/2018-01-01/dokument/norma/cast_4/hlava_1/dil_1/par_51/odst_2;61401;esel-esb:eli/cz/sb/2021/136/0000-00-00/dokument/norma/cast_1/par_2/odst_1;61401;2021/136;1995/117;2021/136;136/2021 Sb.
esel-esb:eli/cz/sb/2021/136/2021-03-19/dokument/norma/cast_1/par_2/odst_1;23431937;esel-esb:eli/cz/sb/2021/136/2021-03-19/dokument/norma/cast_1/par_2;§ 2 odst. 1;NA;1;NA;/2/1/3/2/;esel-esb:právní-akt-fragment/10712241;10712241;10712241;Odstavec_Dc;(1) Pro nárok na výplatu přídavku na dítě pro období od 1. dubna 2021 do 30. června 2021, jde-li o přídavek na dítě vyplácený k 31. březnu 2021, a pro stanovení jeho výše se vychází z příjmů a dalších skutečností rozhodných pro nárok na přídavek na dítě, ze kterých byla určena výše přídavku na dítě vypláceného ke dni 31. března 2021, není-li dále stanoveno jinak. Ustanovení vět druhé až čtvrté § 51 odst. 1 a 2 zákona o státní sociální podpoře se nepoužijí.;norms;"<a data-odkaz-id=""22061039"" href=""#""  class=""ext_odkaz"">o státní sociální podpoře</a>";o státní sociální podpoře;22061039;ext_odkaz;NA;NA;NA;NA;esel-esb:právní-akt-odkaz/22061039;o státní sociální podpoře;JINYPRED;101343;esel-esb:eli/cz/sb/1995/117/2021-01-01/dokument;61401;esel-esb:eli/cz/sb/2021/136/0000-00-00/dokument/norma/cast_1/par_2/odst_1;61401;2021/136;1995/117;2021/136;136/2021 Sb.
esel-esb:eli/cz/sb/2021/136/2021-03-19/dokument/norma/cast_1/par_2/odst_2;23431938;esel-esb:eli/cz/sb/2021/136/2021-03-19/dokument/norma/cast_1/par_2;§ 2 odst. 2;NA;2;NA;/2/1/3/3/;esel-esb:právní-akt-fragment/10712243;10712243;10712243;Odstavec_Dc;(2) Dosáhne-li nezaopatřené dítě v období od 1. dubna 2021 do 30. června 2021 věku 26 let nebo v tomto období zemře, přídavek na dítě od kalendářního měsíce následujícího po kalendářním měsíci, ve kterém nezaopatřené dítě dosáhlo 26 let věku nebo zemřelo, nenáleží. Nezaopatřenost dítěte se pro účely tohoto zákona posuzuje podle zákona o státní sociální podpoře2).;norms;"<a data-odkaz-id=""22061043"" href=""#""  class=""ext_odkaz"">o státní sociální podpoře</a>";o státní sociální podpoře;22061043;ext_odkaz;NA;NA;NA;NA;esel-esb:právní-akt-odkaz/22061043;o státní sociální podpoře;JINYPRED;101343;esel-esb:eli/cz/sb/1995/117/2021-01-01/dokument;61401;esel-esb:eli/cz/sb/2021/136/0000-00-00/dokument/norma/cast_1/par_2/odst_2;61401;2021/136;1995/117;2021/136;136/2021 Sb.
esel-esb:eli/cz/sb/2021/136/2021-03-19/dokument/norma/cast_1/par_2/odst_2;23431938;esel-esb:eli/cz/sb/2021/136/2021-03-19/dokument/norma/cast_1/par_2;§ 2 odst. 2;NA;2;NA;/2/1/3/3/;esel-esb:právní-akt-fragment/10712243;10712243;10712243;Odstavec_Dc;(2) Dosáhne-li nezaopatřené dítě v období od 1. dubna 2021 do 30. června 2021 věku 26 let nebo v tomto období zemře, přídavek na dítě od kalendářního měsíce následujícího po kalendářním měsíci, ve kterém nezaopatřené dítě dosáhlo 26 let věku nebo zemřelo, nenáleží. Nezaopatřenost dítěte se pro účely tohoto zákona posuzuje podle zákona o státní sociální podpoře2).;norms;"<a data-odkaz-id=""22061047"" href=""#""  class=""int_odkaz""><sup>2</sup>)</a>";2);22061047;int_odkaz;NA;NA;NA;NA;esel-esb:právní-akt-odkaz/22061047;<sup>2</sup>);POZNAMKA;61401;esel-esb:eli/cz/sb/2021/136/0000-00-00/dokument/poznamkypodcarou/ppc_2;61401;esel-esb:eli/cz/sb/2021/136/0000-00-00/dokument/norma/cast_1/par_2/odst_2;61401;2021/136;2021/136;2021/136;136/2021 Sb.
esel-esb:eli/cz/sb/2021/136/2021-03-19/dokument/norma/cast_1/par_2/odst_3;23431939;esel-esb:eli/cz/sb/2021/136/2021-03-19/dokument/norma/cast_1/par_2;§ 2 odst. 3;NA;3;NA;/2/1/3/4/;esel-esb:právní-akt-fragment/10712245;10712245;10712245;Odstavec_Dc;"(3) Pro období od 1. dubna 2021 do 30. června 2021 se ustanovení § 61 odst. 1 a 3 zákona o státní sociální podpoře nepoužijí; to neplatí, postupuje-li se podle odstavce 2.";norms;"<a data-odkaz-id=""22061051"" href=""#""  class=""ext_odkaz"">§ 61 odst. 1</a>";§ 61 odst. 1;22061051;ext_odkaz;NA;NA;NA;NA;esel-esb:právní-akt-odkaz/22061051;§ 61 odst. 1;JINEUSTAN;101225;esel-esb:eli/cz/sb/1995/117/2001-10-01/dokument/norma/cast_4/hlava_2/dil_1/par_61/odst_1;61401;esel-esb:eli/cz/sb/2021/136/0000-00-00/dokument/norma/cast_1/par_2/odst_3;61401;2021/136;1995/117;2021/136;136/2021 Sb.
esel-esb:eli/cz/sb/2021/136/2021-03-19/dokument/norma/cast_1/par_2/odst_3;23431939;esel-esb:eli/cz/sb/2021/136/2021-03-19/dokument/norma/cast_1/par_2;§ 2 odst. 3;NA;3;NA;/2/1/3/4/;esel-esb:právní-akt-fragment/10712245;10712245;10712245;Odstavec_Dc;"(3) Pro období od 1. dubna 2021 do 30. června 2021 se ustanovení § 61 odst. 1 a 3 zákona o státní sociální podpoře nepoužijí; to neplatí, postupuje-li se podle odstavce 2.";norms;"<a data-odkaz-id=""22061055"" href=""#""  class=""ext_odkaz"">3</a>";3;22061055;ext_odkaz;NA;NA;NA;NA;esel-esb:právní-akt-odkaz/22061055;3;JINEUSTAN;101343;esel-esb:eli/cz/sb/1995/117/2021-01-01/dokument/norma/cast_4/hlava_2/dil_1/par_61/odst_3;61401;esel-esb:eli/cz/sb/2021/136/0000-00-00/dokument/norma/cast_1/par_2/odst_3;61401;2021/136;1995/117;2021/136;136/2021 Sb.
esel-esb:eli/cz/sb/2021/136/2021-03-19/dokument/norma/cast_1/par_2/odst_3;23431939;esel-esb:eli/cz/sb/2021/136/2021-03-19/dokument/norma/cast_1/par_2;§ 2 odst. 3;NA;3;NA;/2/1/3/4/;esel-esb:právní-akt-fragment/10712245;10712245;10712245;Odstavec_Dc;"(3) Pro období od 1. dubna 2021 do 30. června 2021 se ustanovení § 61 odst. 1 a 3 zákona o státní sociální podpoře nepoužijí; to neplatí, postupuje-li se podle odstavce 2.";norms;"<a data-odkaz-id=""22061059"" href=""#""  class=""ext_odkaz"">o státní sociální podpoře</a>";o státní sociální podpoře;22061059;ext_odkaz;NA;NA;NA;NA;esel-esb:právní-akt-odkaz/22061059;o státní sociální podpoře;JINYPRED;101343;esel-esb:eli/cz/sb/1995/117/2021-01-01/dokument;61401;esel-esb:eli/cz/sb/2021/136/0000-00-00/dokument/norma/cast_1/par_2/odst_3;61401;2021/136;1995/117;2021/136;136/2021 Sb.
esel-esb:eli/cz/sb/2021/136/2021-03-19/dokument/norma/cast_1/par_2/odst_3;23431939;esel-esb:eli/cz/sb/2021/136/2021-03-19/dokument/norma/cast_1/par_2;§ 2 odst. 3;NA;3;NA;/2/1/3/4/;esel-esb:právní-akt-fragment/10712245;10712245;10712245;Odstavec_Dc;"(3) Pro období od 1. dubna 2021 do 30. června 2021 se ustanovení § 61 odst. 1 a 3 zákona o státní sociální podpoře nepoužijí; to neplatí, postupuje-li se podle odstavce 2.";norms;"<a data-odkaz-id=""22061063"" href=""#""  class=""int_odkaz"">odstavce 2</a>";odstavce 2;22061063;int_odkaz;NA;NA;NA;NA;esel-esb:právní-akt-odkaz/22061063;odstavce 2;INTUSTAN;61401;esel-esb:eli/cz/sb/2021/136/0000-00-00/dokument/norma/cast_1/par_2/odst_2;61401;esel-esb:eli/cz/sb/2021/136/0000-00-00/dokument/norma/cast_1/par_2/odst_3;61401;2021/136;2021/136;2021/136;136/2021 Sb.
esel-esb:eli/cz/sb/2021/136/2021-03-19/dokument/norma/cast_1/par_3/odst_1;23431942;esel-esb:eli/cz/sb/2021/136/2021-03-19/dokument/norma/cast_1/par_3;§ 3 odst. 1;NA;1;NA;/2/1/4/2/;esel-esb:právní-akt-fragment/10712251;10712251;10712251;Odstavec_Dc;(1) Pro nárok na výplatu příspěvku na bydlení pro období od 1. dubna 2021 do 30. června 2021, jde-li o příspěvek na bydlení vyplácený k 31. březnu 2021, a pro stanovení jeho výše se vychází z příjmů a dalších skutečností rozhodných pro nárok na příspěvek na bydlení, ze kterých byla určena výše příspěvku na bydlení vypláceného ke dni 31. března 2021, není-li dále stanoveno jinak. Ustanovení vět třetí až šesté § 51 odst. 5 zákona o státní sociální podpoře se nepoužijí.;norms;"<a data-odkaz-id=""22061067"" href=""#""  class=""ext_odkaz"">§ 51 odst. 5</a>";§ 51 odst. 5;22061067;ext_odkaz;NA;NA;NA;NA;esel-esb:právní-akt-odkaz/22061067;§ 51 odst. 5;JINEUSTAN;101327;esel-esb:eli/cz/sb/1995/117/2017-08-15/dokument/norma/cast_4/hlava_1/dil_1/par_51/odst_2;61401;esel-esb:eli/cz/sb/2021/136/0000-00-00/dokument/norma/cast_1/par_3/odst_1;61401;2021/136;1995/117;2021/136;136/2021 Sb.
esel-esb:eli/cz/sb/2021/136/2021-03-19/dokument/norma/cast_1/par_3/odst_1;23431942;esel-esb:eli/cz/sb/2021/136/2021-03-19/dokument/norma/cast_1/par_3;§ 3 odst. 1;NA;1;NA;/2/1/4/2/;esel-esb:právní-akt-fragment/10712251;10712251;10712251;Odstavec_Dc;(1) Pro nárok na výplatu příspěvku na bydlení pro období od 1. dubna 2021 do 30. června 2021, jde-li o příspěvek na bydlení vyplácený k 31. březnu 2021, a pro stanovení jeho výše se vychází z příjmů a dalších skutečností rozhodných pro nárok na příspěvek na bydlení, ze kterých byla určena výše příspěvku na bydlení vypláceného ke dni 31. března 2021, není-li dále stanoveno jinak. Ustanovení vět třetí až šesté § 51 odst. 5 zákona o státní sociální podpoře se nepoužijí.;norms;"<a data-odkaz-id=""22061071"" href=""#""  class=""ext_odkaz"">o státní sociální podpoře</a>";o státní sociální podpoře;22061071;ext_odkaz;NA;NA;NA;NA;esel-esb:právní-akt-odkaz/22061071;o státní sociální podpoře;JINYPRED;101343;esel-esb:eli/cz/sb/1995/117/2021-01-01/dokument;61401;esel-esb:eli/cz/sb/2021/136/0000-00-00/dokument/norma/cast_1/par_3/odst_1;61401;2021/136;1995/117;2021/136;136/2021 Sb.
esel-esb:eli/cz/sb/2021/136/2021-03-19/dokument/norma/cast_1/par_3/odst_3;23431944;esel-esb:eli/cz/sb/2021/136/2021-03-19/dokument/norma/cast_1/par_3;§ 3 odst. 3;NA;3;NA;/2/1/4/4/;esel-esb:právní-akt-fragment/10712255;10712255;10712255;Odstavec_Dc;"(3) Pro období od 1. dubna 2021 do 30. června 2021 se ustanovení § 61 odst. 1 a 3 zákona o státní sociální podpoře nepoužijí; to neplatí, postupuje-li se podle odstavce 2.";norms;"<a data-odkaz-id=""22061075"" href=""#""  class=""ext_odkaz"">§ 61 odst. 1</a>";§ 61 odst. 1;22061075;ext_odkaz;NA;NA;NA;NA;esel-esb:právní-akt-odkaz/22061075;§ 61 odst. 1;JINEUSTAN;101225;esel-esb:eli/cz/sb/1995/117/2001-10-01/dokument/norma/cast_4/hlava_2/dil_1/par_61/odst_1;61401;esel-esb:eli/cz/sb/2021/136/0000-00-00/dokument/norma/cast_1/par_3/odst_3;61401;2021/136;1995/117;2021/136;136/2021 Sb.
esel-esb:eli/cz/sb/2021/136/2021-03-19/dokument/norma/cast_1/par_3/odst_3;23431944;esel-esb:eli/cz/sb/2021/136/2021-03-19/dokument/norma/cast_1/par_3;§ 3 odst. 3;NA;3;NA;/2/1/4/4/;esel-esb:právní-akt-fragment/10712255;10712255;10712255;Odstavec_Dc;"(3) Pro období od 1. dubna 2021 do 30. června 2021 se ustanovení § 61 odst. 1 a 3 zákona o státní sociální podpoře nepoužijí; to neplatí, postupuje-li se podle odstavce 2.";norms;"<a data-odkaz-id=""22061079"" href=""#""  class=""ext_odkaz"">3</a>";3;22061079;ext_odkaz;NA;NA;NA;NA;esel-esb:právní-akt-odkaz/22061079;3;JINEUSTAN;101343;esel-esb:eli/cz/sb/1995/117/2021-01-01/dokument/norma/cast_4/hlava_2/dil_1/par_61/odst_3;61401;esel-esb:eli/cz/sb/2021/136/0000-00-00/dokument/norma/cast_1/par_3/odst_3;61401;2021/136;1995/117;2021/136;136/2021 Sb.
esel-esb:eli/cz/sb/2021/136/2021-03-19/dokument/norma/cast_1/par_3/odst_3;23431944;esel-esb:eli/cz/sb/2021/136/2021-03-19/dokument/norma/cast_1/par_3;§ 3 odst. 3;NA;3;NA;/2/1/4/4/;esel-esb:právní-akt-fragment/10712255;10712255;10712255;Odstavec_Dc;"(3) Pro období od 1. dubna 2021 do 30. června 2021 se ustanovení § 61 odst. 1 a 3 zákona o státní sociální podpoře nepoužijí; to neplatí, postupuje-li se podle odstavce 2.";norms;"<a data-odkaz-id=""22061083"" href=""#""  class=""ext_odkaz"">o státní sociální podpoře</a>";o státní sociální podpoře;22061083;ext_odkaz;NA;NA;NA;NA;esel-esb:právní-akt-odkaz/22061083;o státní sociální podpoře;JINYPRED;101343;esel-esb:eli/cz/sb/1995/117/2021-01-01/dokument;61401;esel-esb:eli/cz/sb/2021/136/0000-00-00/dokument/norma/cast_1/par_3/odst_3;61401;2021/136;1995/117;2021/136;136/2021 Sb.
esel-esb:eli/cz/sb/2021/136/2021-03-19/dokument/norma/cast_1/par_3/odst_3;23431944;esel-esb:eli/cz/sb/2021/136/2021-03-19/dokument/norma/cast_1/par_3;§ 3 odst. 3;NA;3;NA;/2/1/4/4/;esel-esb:právní-akt-fragment/10712255;10712255;10712255;Odstavec_Dc;"(3) Pro období od 1. dubna 2021 do 30. června 2021 se ustanovení § 61 odst. 1 a 3 zákona o státní sociální podpoře nepoužijí; to neplatí, postupuje-li se podle odstavce 2.";norms;"<a data-odkaz-id=""22061087"" href=""#""  class=""int_odkaz"">odstavce 2</a>";odstavce 2;22061087;int_odkaz;NA;NA;NA;NA;esel-esb:právní-akt-odkaz/22061087;odstavce 2;INTUSTAN;61401;esel-esb:eli/cz/sb/2021/136/0000-00-00/dokument/norma/cast_1/par_3/odst_2;61401;esel-esb:eli/cz/sb/2021/136/0000-00-00/dokument/norma/cast_1/par_3/odst_3;61401;2021/136;2021/136;2021/136;136/2021 Sb.
esel-esb:eli/cz/sb/2021/136/2021-03-19/dokument/norma/cast_1/par_4/odst_1;23431947;esel-esb:eli/cz/sb/2021/136/2021-03-19/dokument/norma/cast_1/par_4;§ 4 odst. 1;NA;1;NA;/2/1/5/2/;esel-esb:právní-akt-fragment/10712261;10712261;10712261;Odstavec_Dc;(1) Pro nárok na zvýšení příspěvku na péči pro období od 1. dubna 2021 do 30. června 2021, jde-li o zvýšení příspěvku na péči vyplácené k 31. březnu 2021, se vychází z příjmů a dalších skutečností rozhodných pro nárok na zvýšení příspěvku na péči, ze kterých bylo přiznáno zvýšení příspěvku na péči vyplácené ke dni 31. března 2021. Ustanovení § 12 odst. 4 a § 21 odst. 2 písm. a), c) a e) zákona o sociálních službách se nepoužijí.;norms;"<a data-odkaz-id=""22061091"" href=""#""  class=""ext_odkaz"">§ 12 odst. 4</a>";§ 12 odst. 4;22061091;ext_odkaz;NA;NA;NA;NA;esel-esb:právní-akt-odkaz/22061091;§ 12 odst. 4;JINEUSTAN;129177;esel-esb:eli/cz/sb/2006/108/2012-11-16/dokument/norma/cast_2/hlava_3/par_12/odst_4;61401;esel-esb:eli/cz/sb/2021/136/0000-00-00/dokument/norma/cast_1/par_4/odst_1;61401;2021/136;2006/108;2021/136;136/2021 Sb.
esel-esb:eli/cz/sb/2021/136/2021-03-19/dokument/norma/cast_1/par_4/odst_1;23431947;esel-esb:eli/cz/sb/2021/136/2021-03-19/dokument/norma/cast_1/par_4;§ 4 odst. 1;NA;1;NA;/2/1/5/2/;esel-esb:právní-akt-fragment/10712261;10712261;10712261;Odstavec_Dc;(1) Pro nárok na zvýšení příspěvku na péči pro období od 1. dubna 2021 do 30. června 2021, jde-li o zvýšení příspěvku na péči vyplácené k 31. březnu 2021, se vychází z příjmů a dalších skutečností rozhodných pro nárok na zvýšení příspěvku na péči, ze kterých bylo přiznáno zvýšení příspěvku na péči vyplácené ke dni 31. března 2021. Ustanovení § 12 odst. 4 a § 21 odst. 2 písm. a), c) a e) zákona o sociálních službách se nepoužijí.;norms;"<a data-odkaz-id=""22061095"" href=""#""  class=""ext_odkaz"">§ 21 odst. 2 písm. a)</a>";§ 21 odst. 2 písm. a);22061095;ext_odkaz;NA;NA;NA;NA;esel-esb:právní-akt-odkaz/22061095;§ 21 odst. 2 písm. a);JINEUSTAN;129171;esel-esb:eli/cz/sb/2006/108/2011-04-01/dokument/norma/cast_2/hlava_6/par_21/odst_2/pism_a;61401;esel-esb:eli/cz/sb/2021/136/0000-00-00/dokument/norma/cast_1/par_4/odst_1;61401;2021/136;2006/108;2021/136;136/2021 Sb.
esel-esb:eli/cz/sb/2021/136/2021-03-19/dokument/norma/cast_1/par_4/odst_1;23431947;esel-esb:eli/cz/sb/2021/136/2021-03-19/dokument/norma/cast_1/par_4;§ 4 odst. 1;NA;1;NA;/2/1/5/2/;esel-esb:právní-akt-fragment/10712261;10712261;10712261;Odstavec_Dc;(1) Pro nárok na zvýšení příspěvku na péči pro období od 1. dubna 2021 do 30. června 2021, jde-li o zvýšení příspěvku na péči vyplácené k 31. březnu 2021, se vychází z příjmů a dalších skutečností rozhodných pro nárok na zvýšení příspěvku na péči, ze kterých bylo přiznáno zvýšení příspěvku na péči vyplácené ke dni 31. března 2021. Ustanovení § 12 odst. 4 a § 21 odst. 2 písm. a), c) a e) zákona o sociálních službách se nepoužijí.;norms;"<a data-odkaz-id=""22061099"" href=""#""  class=""ext_odkaz"">c)</a>";c);22061099;ext_odkaz;NA;NA;NA;NA;esel-esb:právní-akt-odkaz/22061099;c);JINEUSTAN;129159;esel-esb:eli/cz/sb/2006/108/2009-07-01/dokument/norma/cast_2/hlava_6/par_21/odst_2/pism_c;61401;esel-esb:eli/cz/sb/2021/136/0000-00-00/dokument/norma/cast_1/par_4/odst_1;61401;2021/136;2006/108;2021/136;136/2021 Sb.
esel-esb:eli/cz/sb/2021/136/2021-03-19/dokument/norma/cast_1/par_4/odst_1;23431947;esel-esb:eli/cz/sb/2021/136/2021-03-19/dokument/norma/cast_1/par_4;§ 4 odst. 1;NA;1;NA;/2/1/5/2/;esel-esb:právní-akt-fragment/10712261;10712261;10712261;Odstavec_Dc;(1) Pro nárok na zvýšení příspěvku na péči pro období od 1. dubna 2021 do 30. června 2021, jde-li o zvýšení příspěvku na péči vyplácené k 31. březnu 2021, se vychází z příjmů a dalších skutečností rozhodných pro nárok na zvýšení příspěvku na péči, ze kterých bylo přiznáno zvýšení příspěvku na péči vyplácené ke dni 31. března 2021. Ustanovení § 12 odst. 4 a § 21 odst. 2 písm. a), c) a e) zákona o sociálních službách se nepoužijí.;norms;"<a data-odkaz-id=""22061103"" href=""#""  class=""ext_odkaz"">e)</a>";e);22061103;ext_odkaz;NA;NA;NA;NA;esel-esb:právní-akt-odkaz/22061103;e);JINEUSTAN;129177;esel-esb:eli/cz/sb/2006/108/2012-11-16/dokument/norma/cast_2/hlava_6/par_21/odst_2/pism_e;61401;esel-esb:eli/cz/sb/2021/136/0000-00-00/dokument/norma/cast_1/par_4/odst_1;61401;2021/136;2006/108;2021/136;136/2021 Sb.
esel-esb:eli/cz/sb/2021/136/2021-03-19/dokument/norma/cast_1/par_4/odst_1;23431947;esel-esb:eli/cz/sb/2021/136/2021-03-19/dokument/norma/cast_1/par_4;§ 4 odst. 1;NA;1;NA;/2/1/5/2/;esel-esb:právní-akt-fragment/10712261;10712261;10712261;Odstavec_Dc;(1) Pro nárok na zvýšení příspěvku na péči pro období od 1. dubna 2021 do 30. června 2021, jde-li o zvýšení příspěvku na péči vyplácené k 31. březnu 2021, se vychází z příjmů a dalších skutečností rozhodných pro nárok na zvýšení příspěvku na péči, ze kterých bylo přiznáno zvýšení příspěvku na péči vyplácené ke dni 31. března 2021. Ustanovení § 12 odst. 4 a § 21 odst. 2 písm. a), c) a e) zákona o sociálních službách se nepoužijí.;norms;"<a data-odkaz-id=""22061107"" href=""#""  class=""ext_odkaz"">o sociálních službách</a>";o sociálních službách;22061107;ext_odkaz;NA;NA;NA;NA;esel-esb:právní-akt-odkaz/22061107;o sociálních službách;JINYPRED;129209;esel-esb:eli/cz/sb/2006/108/2019-07-01/dokument;61401;esel-esb:eli/cz/sb/2021/136/0000-00-00/dokument/norma/cast_1/par_4/odst_1;61401;2021/136;2006/108;2021/136;136/2021 Sb.
esel-esb:eli/cz/sb/2021/136/2021-03-19/dokument/poznamkypodcarou/ppc_1;23431976;esel-esb:eli/cz/sb/2021/136/2021-03-19/dokument/poznamkypodcarou;pozn. 1;NA;1;NA;/6/1/;esel-esb:právní-akt-fragment/10712319;10712319;10712319;PPC;1) Například nařízení Evropského parlamentu a Rady (ES) č. 883/2004 ze dne 29. dubna 2004 o koordinaci systémů sociálního zabezpečení, v platném znění, nařízení Evropského parlamentu a Rady (ES) č. 987/2009 ze dne 16. září 2009, kterým se stanoví prováděcí pravidla k nařízení (ES) č. 883/2004 o koordinaci systémů sociálního zabezpečení, v platném znění, nařízení Evropského parlamentu a Rady (EU) č. 1231/2010 ze dne 24. listopadu 2010, kterým se rozšiřuje působnost nařízení (ES) č. 883/2004 a nařízení (ES) č. 987/2009 na státní příslušníky třetích zemí, na které se tato nařízení dosud nevztahují pouze z důvodu jejich státní příslušnosti, nařízení Evropského parlamentu a Rady (EU) č. 492/2011 ze dne 5. dubna 2011 o volném pohybu pracovníků uvnitř Unie.;notes;"<a data-odkaz-id=""23532945"" href=""#""  class=""ext_odkaz"" data-eurlex=""true"" data-celexid=""32004R0883"" data-cellarid=""21eb3af6-32c2-4bb4-be0f-99f6c51e9278"" data-orig-href=""http://eur-lex.europa.eu/legal-content/CS/AUTO/?uri=cellar:21eb3af6-32c2-4bb4-be0f-99f6c51e9278"">883/2004</a>";883/2004;23532945;ext_odkaz;true;32004R0883;21eb3af6-32c2-4bb4-be0f-99f6c51e9278;http://eur-lex.europa.eu/legal-content/CS/AUTO/?uri=cellar:21eb3af6-32c2-4bb4-be0f-99f6c51e9278;esel-esb:právní-akt-odkaz/23532945;883/2004;PREDPEU;395511;NA;NA;esel-esb:eli/cz/sb/2021/136/0000-00-00/dokument/poznamkypodcarou/ppc_1;61401;2021/136;NA;2021/136;136/2021 Sb.
esel-esb:eli/cz/sb/2021/136/2021-03-19/dokument/poznamkypodcarou/ppc_1;23431976;esel-esb:eli/cz/sb/2021/136/2021-03-19/dokument/poznamkypodcarou;pozn. 1;NA;1;NA;/6/1/;esel-esb:právní-akt-fragment/10712319;10712319;10712319;PPC;1) Například nařízení Evropského parlamentu a Rady (ES) č. 883/2004 ze dne 29. dubna 2004 o koordinaci systémů sociálního zabezpečení, v platném znění, nařízení Evropského parlamentu a Rady (ES) č. 987/2009 ze dne 16. září 2009, kterým se stanoví prováděcí pravidla k nařízení (ES) č. 883/2004 o koordinaci systémů sociálního zabezpečení, v platném znění, nařízení Evropského parlamentu a Rady (EU) č. 1231/2010 ze dne 24. listopadu 2010, kterým se rozšiřuje působnost nařízení (ES) č. 883/2004 a nařízení (ES) č. 987/2009 na státní příslušníky třetích zemí, na které se tato nařízení dosud nevztahují pouze z důvodu jejich státní příslušnosti, nařízení Evropského parlamentu a Rady (EU) č. 492/2011 ze dne 5. dubna 2011 o volném pohybu pracovníků uvnitř Unie.;notes;"<a data-odkaz-id=""23532949"" href=""#""  class=""ext_odkaz"" data-eurlex=""true"" data-celexid=""32004R0883"" data-cellarid=""21eb3af6-32c2-4bb4-be0f-99f6c51e9278"" data-orig-href=""http://eur-lex.europa.eu/legal-content/CS/AUTO/?uri=cellar:21eb3af6-32c2-4bb4-be0f-99f6c51e9278"">883/2004</a>";883/2004;23532949;ext_odkaz;true;32004R0883;21eb3af6-32c2-4bb4-be0f-99f6c51e9278;http://eur-lex.europa.eu/legal-content/CS/AUTO/?uri=cellar:21eb3af6-32c2-4bb4-be0f-99f6c51e9278;esel-esb:právní-akt-odkaz/23532949;883/2004;PREDPEU;395511;NA;NA;esel-esb:eli/cz/sb/2021/136/0000-00-00/dokument/poznamkypodcarou/ppc_1;61401;2021/136;NA;2021/136;136/2021 Sb.
esel-esb:eli/cz/sb/2021/136/2021-03-19/dokument/poznamkypodcarou/ppc_1;23431976;esel-esb:eli/cz/sb/2021/136/2021-03-19/dokument/poznamkypodcarou;pozn. 1;NA;1;NA;/6/1/;esel-esb:právní-akt-fragment/10712319;10712319;10712319;PPC;1) Například nařízení Evropského parlamentu a Rady (ES) č. 883/2004 ze dne 29. dubna 2004 o koordinaci systémů sociálního zabezpečení, v platném znění, nařízení Evropského parlamentu a Rady (ES) č. 987/2009 ze dne 16. září 2009, kterým se stanoví prováděcí pravidla k nařízení (ES) č. 883/2004 o koordinaci systémů sociálního zabezpečení, v platném znění, nařízení Evropského parlamentu a Rady (EU) č. 1231/2010 ze dne 24. listopadu 2010, kterým se rozšiřuje působnost nařízení (ES) č. 883/2004 a nařízení (ES) č. 987/2009 na státní příslušníky třetích zemí, na které se tato nařízení dosud nevztahují pouze z důvodu jejich státní příslušnosti, nařízení Evropského parlamentu a Rady (EU) č. 492/2011 ze dne 5. dubna 2011 o volném pohybu pracovníků uvnitř Unie.;notes;"<a data-odkaz-id=""23532953"" href=""#""  class=""ext_odkaz"" data-eurlex=""true"" data-celexid=""32010R1231"" data-cellarid=""4acb9bc4-1a5b-4851-a957-15a86f351696"" data-orig-href=""http://eur-lex.europa.eu/legal-content/CS/AUTO/?uri=cellar:4acb9bc4-1a5b-4851-a957-15a86f351696"">1231/2010</a>";1231/2010;23532953;ext_odkaz;true;32010R1231;4acb9bc4-1a5b-4851-a957-15a86f351696;http://eur-lex.europa.eu/legal-content/CS/AUTO/?uri=cellar:4acb9bc4-1a5b-4851-a957-15a86f351696;esel-esb:právní-akt-odkaz/23532953;1231/2010;PREDPEU;427109;NA;NA;esel-esb:eli/cz/sb/2021/136/0000-00-00/dokument/poznamkypodcarou/ppc_1;61401;2021/136;NA;2021/136;136/2021 Sb.
esel-esb:eli/cz/sb/2021/136/2021-03-19/dokument/poznamkypodcarou/ppc_1;23431976;esel-esb:eli/cz/sb/2021/136/2021-03-19/dokument/poznamkypodcarou;pozn. 1;NA;1;NA;/6/1/;esel-esb:právní-akt-fragment/10712319;10712319;10712319;PPC;1) Například nařízení Evropského parlamentu a Rady (ES) č. 883/2004 ze dne 29. dubna 2004 o koordinaci systémů sociálního zabezpečení, v platném znění, nařízení Evropského parlamentu a Rady (ES) č. 987/2009 ze dne 16. září 2009, kterým se stanoví prováděcí pravidla k nařízení (ES) č. 883/2004 o koordinaci systémů sociálního zabezpečení, v platném znění, nařízení Evropského parlamentu a Rady (EU) č. 1231/2010 ze dne 24. listopadu 2010, kterým se rozšiřuje působnost nařízení (ES) č. 883/2004 a nařízení (ES) č. 987/2009 na státní příslušníky třetích zemí, na které se tato nařízení dosud nevztahují pouze z důvodu jejich státní příslušnosti, nařízení Evropského parlamentu a Rady (EU) č. 492/2011 ze dne 5. dubna 2011 o volném pohybu pracovníků uvnitř Unie.;notes;"<a data-odkaz-id=""23532957"" href=""#""  class=""ext_odkaz"" data-eurlex=""true"" data-celexid=""32004R0883"" data-cellarid=""21eb3af6-32c2-4bb4-be0f-99f6c51e9278"" data-orig-href=""http://eur-lex.europa.eu/legal-content/CS/AUTO/?uri=cellar:21eb3af6-32c2-4bb4-be0f-99f6c51e9278"">883/2004</a>";883/2004;23532957;ext_odkaz;true;32004R0883;21eb3af6-32c2-4bb4-be0f-99f6c51e9278;http://eur-lex.europa.eu/legal-content/CS/AUTO/?uri=cellar:21eb3af6-32c2-4bb4-be0f-99f6c51e9278;esel-esb:právní-akt-odkaz/23532957;883/2004;PREDPEU;395511;NA;NA;esel-esb:eli/cz/sb/2021/136/0000-00-00/dokument/poznamkypodcarou/ppc_1;61401;2021/136;NA;2021/136;136/2021 Sb.
esel-esb:eli/cz/sb/2021/136/2021-03-19/dokument/poznamkypodcarou/ppc_1;23431976;esel-esb:eli/cz/sb/2021/136/2021-03-19/dokument/poznamkypodcarou;pozn. 1;NA;1;NA;/6/1/;esel-esb:právní-akt-fragment/10712319;10712319;10712319;PPC;1) Například nařízení Evropského parlamentu a Rady (ES) č. 883/2004 ze dne 29. dubna 2004 o koordinaci systémů sociálního zabezpečení, v platném znění, nařízení Evropského parlamentu a Rady (ES) č. 987/2009 ze dne 16. září 2009, kterým se stanoví prováděcí pravidla k nařízení (ES) č. 883/2004 o koordinaci systémů sociálního zabezpečení, v platném znění, nařízení Evropského parlamentu a Rady (EU) č. 1231/2010 ze dne 24. listopadu 2010, kterým se rozšiřuje působnost nařízení (ES) č. 883/2004 a nařízení (ES) č. 987/2009 na státní příslušníky třetích zemí, na které se tato nařízení dosud nevztahují pouze z důvodu jejich státní příslušnosti, nařízení Evropského parlamentu a Rady (EU) č. 492/2011 ze dne 5. dubna 2011 o volném pohybu pracovníků uvnitř Unie.;notes;"<a data-odkaz-id=""23532961"" href=""#""  class=""ext_odkaz"" data-eurlex=""true"" data-celexid=""32011R0492"" data-cellarid=""41e24e15-dbd6-44b6-935b-950b289d7664"" data-orig-href=""http://eur-lex.europa.eu/legal-content/CS/AUTO/?uri=cellar:41e24e15-dbd6-44b6-935b-950b289d7664"">492/2011</a>";492/2011;23532961;ext_odkaz;true;32011R0492;41e24e15-dbd6-44b6-935b-950b289d7664;http://eur-lex.europa.eu/legal-content/CS/AUTO/?uri=cellar:41e24e15-dbd6-44b6-935b-950b289d7664;esel-esb:právní-akt-odkaz/23532961;492/2011;PREDPEU;424369;NA;NA;esel-esb:eli/cz/sb/2021/136/0000-00-00/dokument/poznamkypodcarou/ppc_1;61401;2021/136;NA;2021/136;136/2021 Sb.
esel-esb:eli/cz/sb/2021/136/2021-03-19/dokument/poznamkypodcarou/ppc_2;23431977;esel-esb:eli/cz/sb/2021/136/2021-03-19/dokument/poznamkypodcarou;pozn. 2;NA;2;NA;/6/2/;esel-esb:právní-akt-fragment/10712321;10712321;10712321;PPC;2) § 11 až 16 zákona č. 117/1995 Sb., o státní sociální podpoře, ve znění pozdějších předpisů.;notes;"<a data-odkaz-id=""22061155"" href=""#""  class=""ext_odkaz"">§ 11 až 16</a>";§ 11 až 16;22061155;ext_odkaz;NA;NA;NA;NA;esel-esb:právní-akt-odkaz/22061155;§ 11 až 16;JINEUSTAN;101343;esel-esb:eli/cz/sb/1995/117/2021-01-01/dokument/norma/cast_2/par_11;61401;esel-esb:eli/cz/sb/2021/136/0000-00-00/dokument/poznamkypodcarou/ppc_2;61401;2021/136;1995/117;2021/136;136/2021 Sb.
esel-esb:eli/cz/sb/2021/136/2021-03-19/dokument/poznamkypodcarou/ppc_2;23431977;esel-esb:eli/cz/sb/2021/136/2021-03-19/dokument/poznamkypodcarou;pozn. 2;NA;2;NA;/6/2/;esel-esb:právní-akt-fragment/10712321;10712321;10712321;PPC;2) § 11 až 16 zákona č. 117/1995 Sb., o státní sociální podpoře, ve znění pozdějších předpisů.;notes;"<a data-odkaz-id=""22061159"" href=""#""  class=""ext_odkaz"">zákona č. 117/1995 Sb., o státní sociální podpoře</a>";zákona č. 117/1995 Sb., o státní sociální podpoře;22061159;ext_odkaz;NA;NA;NA;NA;esel-esb:právní-akt-odkaz/22061159;zákona č. 117/1995 Sb.;JINYPRED;101343;esel-esb:eli/cz/sb/1995/117/2021-01-01/dokument;61401;esel-esb:eli/cz/sb/2021/136/0000-00-00/dokument/poznamkypodcarou/ppc_2;61401;2021/136;1995/117;2021/136;136/2021 Sb.
