fragment.iri;fragment.id;fragment.předek.iri;fragment.citace;fragment.citace.text;fragment.označení.uzlu;fragment.označení.uzlu.text;fragment.hierarchie;akt.fragment.iri;akt.fragment.id;fragment.base.id;typ.fragmentu;fragment.text_clean;source;tag;tag_clean;odkaz.id;class;data_eurlex;data_celexid;data_cellarid;data_orig_href;odkaz.iri;odkaz.citace.cíl;typ.vazba.odkazu;cíl.dokument.id;fragment.cíl.iri;fragment.cíl.dokument.id;fragment.zdroj.iri;fragment.zdroj.dokument.id;iri_z;iri_c;iri_v;akt.citace
esel-esb:eli/cz/sb/1996/140/2022-02-01/dokument/norma/par_3/pism_h;7309422;esel-esb:eli/cz/sb/1996/140/2022-02-01/dokument/norma/par_3/frag_3135127;§ 3 písm. h);NA;h;NA;/2/3/2/8/;esel-esb:právní-akt-fragment/3135145;3135145;3135145;Pismeno_Lb;h) Státní bezpečností součásti bývalé Státní bezpečnosti, jako složky Sboru národní bezpečnosti,1) Hlavní správa rozvědky Sboru národní bezpečnosti (I. správa), Hlavní správa kontrarozvědky Sboru národní bezpečnosti (II. správa), Správa sledování Sboru národní bezpečnosti (IV. správa), Správa zpravodajské techniky Sboru národní bezpečnosti (VI. správa), Správa pasů a víz Sboru národní bezpečnosti, územní útvary vykonávající činnosti těchto součástí anebo předchůdci těchto součástí a útvarů,;norms;"<a data-odkaz-id=""9100091"" href=""#""  class=""int_odkaz""><sup>1</sup>)</a>";1);9100091;int_odkaz;NA;NA;NA;NA;esel-esb:právní-akt-odkaz/9100091;<sup>1</sup>);POZNAMKA;102891;esel-esb:eli/cz/sb/1996/140/2002-03-20/dokument/poznamkypodcarou/ppc_1;102891;esel-esb:eli/cz/sb/1996/140/2002-03-20/dokument/norma/par_3/pism_h;102891;1996/140;1996/140;1996/140;140/1996 Sb.
esel-esb:eli/cz/sb/1996/140/2022-02-01/dokument/norma/par_4/odst_1/pism_b;7309428;esel-esb:eli/cz/sb/1996/140/2022-02-01/dokument/norma/par_4/odst_1;§ 4 odst. 1 písm. b);NA;b;NA;/2/5/1/2/;esel-esb:právní-akt-fragment/3135169;3135169;3135169;Pismeno_Lb;b) zpřístupnit jí kopii zachovaného svazku uvedeného v písmenu a), a pokud je v něm obsaženo jméno nebo nepravé (krycí) jméno osoby evidované jako spolupracovník nebo příslušník bezpečnostní složky, zpřístupnit i;norms;"<a data-odkaz-id=""9100115"" href=""#""  class=""int_odkaz"">písmenu a)</a>";písmenu a);9100115;int_odkaz;NA;NA;NA;NA;esel-esb:právní-akt-odkaz/9100115;písmenu a);INTUSTAN;102891;esel-esb:eli/cz/sb/1996/140/2002-03-20/dokument/norma/par_4/odst_1/pism_a;102891;esel-esb:eli/cz/sb/1996/140/2002-03-20/dokument/norma/par_4/odst_1/pism_b;102891;1996/140;1996/140;1996/140;140/1996 Sb.
esel-esb:eli/cz/sb/1996/140/2022-02-01/dokument/norma/par_4/odst_2;7309432;esel-esb:eli/cz/sb/1996/140/2022-02-01/dokument/norma/par_4;§ 4 odst. 2;NA;2;NA;/2/5/2/;esel-esb:právní-akt-fragment/3135183;3135183;3135179;Odstavec_Dc;(2) Po smrti osoby uvedené v odstavci 1 má Archiv povinnosti uvedené v odstavci 1 také na základě žádosti podané osobou oprávněnou uplatnit právo na ochranu osobnosti zemřelého.2);norms;"<a data-odkaz-id=""9100157"" href=""#""  class=""int_odkaz"">odstavci 1</a>";odstavci 1;9100157;int_odkaz;NA;NA;NA;NA;esel-esb:právní-akt-odkaz/9100157;odstavci 1;INTUSTAN;102897;esel-esb:eli/cz/sb/1996/140/2008-02-01/dokument/norma/par_4/odst_1;102897;esel-esb:eli/cz/sb/1996/140/2008-02-01/dokument/norma/par_4/odst_2;102897;1996/140;1996/140;1996/140;140/1996 Sb.
esel-esb:eli/cz/sb/1996/140/2022-02-01/dokument/norma/par_4/odst_2;7309432;esel-esb:eli/cz/sb/1996/140/2022-02-01/dokument/norma/par_4;§ 4 odst. 2;NA;2;NA;/2/5/2/;esel-esb:právní-akt-fragment/3135183;3135183;3135179;Odstavec_Dc;(2) Po smrti osoby uvedené v odstavci 1 má Archiv povinnosti uvedené v odstavci 1 také na základě žádosti podané osobou oprávněnou uplatnit právo na ochranu osobnosti zemřelého.2);norms;"<a data-odkaz-id=""9100163"" href=""#""  class=""int_odkaz"">odstavci 1</a>";odstavci 1;9100163;int_odkaz;NA;NA;NA;NA;esel-esb:právní-akt-odkaz/9100163;odstavci 1;INTUSTAN;102897;esel-esb:eli/cz/sb/1996/140/2008-02-01/dokument/norma/par_4/odst_1;102897;esel-esb:eli/cz/sb/1996/140/2008-02-01/dokument/norma/par_4/odst_2;102897;1996/140;1996/140;1996/140;140/1996 Sb.
esel-esb:eli/cz/sb/1996/140/2022-02-01/dokument/norma/par_4/odst_2;7309432;esel-esb:eli/cz/sb/1996/140/2022-02-01/dokument/norma/par_4;§ 4 odst. 2;NA;2;NA;/2/5/2/;esel-esb:právní-akt-fragment/3135183;3135183;3135179;Odstavec_Dc;(2) Po smrti osoby uvedené v odstavci 1 má Archiv povinnosti uvedené v odstavci 1 také na základě žádosti podané osobou oprávněnou uplatnit právo na ochranu osobnosti zemřelého.2);norms;"<a data-odkaz-id=""9100169"" href=""#""  class=""int_odkaz""><sup>2</sup>)</a>";2);9100169;int_odkaz;NA;NA;NA;NA;esel-esb:právní-akt-odkaz/9100169;<sup>2</sup>);POZNAMKA;102897;esel-esb:eli/cz/sb/1996/140/2008-02-01/dokument/poznamkypodcarou/ppc_2;102897;esel-esb:eli/cz/sb/1996/140/2008-02-01/dokument/norma/par_4/odst_2;102897;1996/140;1996/140;1996/140;140/1996 Sb.
esel-esb:eli/cz/sb/1996/140/2022-02-01/dokument/norma/par_4/odst_3;7309433;esel-esb:eli/cz/sb/1996/140/2022-02-01/dokument/norma/par_4;§ 4 odst. 3;NA;3;NA;/2/5/3/;esel-esb:právní-akt-fragment/3135187;3135187;3135185;Odstavec_Dc;(3) Je-li veden soudní spor v souvislosti s rehabilitačním řízením podle § 5 odst. 4 zákona č. 87/1991 Sb., ve znění nálezu Ústavního soudu České republiky č. 164/1994 Sb., bude osobám oprávněným ve smyslu § 3 téhož zákona3) umožněn přístup do svazků založených a vedených Státní bezpečností o osobách, které již nežijí a kterým byla způsobena majetková nebo jiná křivda ve smyslu § 1 téhož zákona, za účelem získání případného důkazního materiálu týkajícího se skutečností uvedených v § 2 odst. 1 písm. c) a § 2 odst. 2 písm. a) a b) téhož zákona.3);norms;"<a data-odkaz-id=""9100187"" href=""#""  class=""ext_odkaz"" data-version=""19941101"">§ 5 odst. 4</a>";§ 5 odst. 4;9100187;ext_odkaz;NA;NA;NA;NA;esel-esb:právní-akt-odkaz/9100187;§ 5 odst. 4;JINEUSTAN;90433;esel-esb:eli/cz/sb/1991/87/1994-11-01/dokument/norma/cast_2/hlava_1/par_5/odst_4;102891;esel-esb:eli/cz/sb/1996/140/2002-03-20/dokument/norma/par_4/odst_3;102891;1996/140;1991/87;1996/140;140/1996 Sb.
esel-esb:eli/cz/sb/1996/140/2022-02-01/dokument/norma/par_4/odst_3;7309433;esel-esb:eli/cz/sb/1996/140/2022-02-01/dokument/norma/par_4;§ 4 odst. 3;NA;3;NA;/2/5/3/;esel-esb:právní-akt-fragment/3135187;3135187;3135185;Odstavec_Dc;(3) Je-li veden soudní spor v souvislosti s rehabilitačním řízením podle § 5 odst. 4 zákona č. 87/1991 Sb., ve znění nálezu Ústavního soudu České republiky č. 164/1994 Sb., bude osobám oprávněným ve smyslu § 3 téhož zákona3) umožněn přístup do svazků založených a vedených Státní bezpečností o osobách, které již nežijí a kterým byla způsobena majetková nebo jiná křivda ve smyslu § 1 téhož zákona, za účelem získání případného důkazního materiálu týkajícího se skutečností uvedených v § 2 odst. 1 písm. c) a § 2 odst. 2 písm. a) a b) téhož zákona.3);norms;"<a data-odkaz-id=""9100199"" href=""#""  class=""ext_odkaz"" data-version=""19941101"">zákona č. 87/1991 Sb.</a>";zákona č. 87/1991 Sb.;9100199;ext_odkaz;NA;NA;NA;NA;esel-esb:právní-akt-odkaz/9100199;zákona č. 87/1991 Sb.;JINYPRED;90433;esel-esb:eli/cz/sb/1991/87/1994-11-01/dokument;102891;esel-esb:eli/cz/sb/1996/140/2002-03-20/dokument/norma/par_4/odst_3;102891;1996/140;1991/87;1996/140;140/1996 Sb.
esel-esb:eli/cz/sb/1996/140/2022-02-01/dokument/norma/par_4/odst_3;7309433;esel-esb:eli/cz/sb/1996/140/2022-02-01/dokument/norma/par_4;§ 4 odst. 3;NA;3;NA;/2/5/3/;esel-esb:právní-akt-fragment/3135187;3135187;3135185;Odstavec_Dc;(3) Je-li veden soudní spor v souvislosti s rehabilitačním řízením podle § 5 odst. 4 zákona č. 87/1991 Sb., ve znění nálezu Ústavního soudu České republiky č. 164/1994 Sb., bude osobám oprávněným ve smyslu § 3 téhož zákona3) umožněn přístup do svazků založených a vedených Státní bezpečností o osobách, které již nežijí a kterým byla způsobena majetková nebo jiná křivda ve smyslu § 1 téhož zákona, za účelem získání případného důkazního materiálu týkajícího se skutečností uvedených v § 2 odst. 1 písm. c) a § 2 odst. 2 písm. a) a b) téhož zákona.3);norms;"<a data-odkaz-id=""9100211"" href=""#""  class=""ext_odkaz"">nálezu Ústavního soudu České republiky č. 164/1994 Sb.</a>";nálezu Ústavního soudu České republiky č. 164/1994 Sb.;9100211;ext_odkaz;NA;NA;NA;NA;esel-esb:právní-akt-odkaz/9100211;nálezu Ústavního soudu České republiky č. 164/1994 Sb.;JINYPRED;31381;esel-esb:eli/cz/sb/1994/164/0000-00-00/dokument;102891;esel-esb:eli/cz/sb/1996/140/2002-03-20/dokument/norma/par_4/odst_3;102891;1996/140;1994/164;1996/140;140/1996 Sb.
esel-esb:eli/cz/sb/1996/140/2022-02-01/dokument/norma/par_4/odst_3;7309433;esel-esb:eli/cz/sb/1996/140/2022-02-01/dokument/norma/par_4;§ 4 odst. 3;NA;3;NA;/2/5/3/;esel-esb:právní-akt-fragment/3135187;3135187;3135185;Odstavec_Dc;(3) Je-li veden soudní spor v souvislosti s rehabilitačním řízením podle § 5 odst. 4 zákona č. 87/1991 Sb., ve znění nálezu Ústavního soudu České republiky č. 164/1994 Sb., bude osobám oprávněným ve smyslu § 3 téhož zákona3) umožněn přístup do svazků založených a vedených Státní bezpečností o osobách, které již nežijí a kterým byla způsobena majetková nebo jiná křivda ve smyslu § 1 téhož zákona, za účelem získání případného důkazního materiálu týkajícího se skutečností uvedených v § 2 odst. 1 písm. c) a § 2 odst. 2 písm. a) a b) téhož zákona.3);norms;"<a data-odkaz-id=""9100223"" href=""#""  class=""ext_odkaz"" data-version=""19941101"">§ 3</a>";§ 3;9100223;ext_odkaz;NA;NA;NA;NA;esel-esb:právní-akt-odkaz/9100223;§ 3;JINEUSTAN;90433;esel-esb:eli/cz/sb/1991/87/1994-11-01/dokument/norma/cast_2/hlava_1/par_3;102891;esel-esb:eli/cz/sb/1996/140/2002-03-20/dokument/norma/par_4/odst_3;102891;1996/140;1991/87;1996/140;140/1996 Sb.
esel-esb:eli/cz/sb/1996/140/2022-02-01/dokument/norma/par_4/odst_3;7309433;esel-esb:eli/cz/sb/1996/140/2022-02-01/dokument/norma/par_4;§ 4 odst. 3;NA;3;NA;/2/5/3/;esel-esb:právní-akt-fragment/3135187;3135187;3135185;Odstavec_Dc;(3) Je-li veden soudní spor v souvislosti s rehabilitačním řízením podle § 5 odst. 4 zákona č. 87/1991 Sb., ve znění nálezu Ústavního soudu České republiky č. 164/1994 Sb., bude osobám oprávněným ve smyslu § 3 téhož zákona3) umožněn přístup do svazků založených a vedených Státní bezpečností o osobách, které již nežijí a kterým byla způsobena majetková nebo jiná křivda ve smyslu § 1 téhož zákona, za účelem získání případného důkazního materiálu týkajícího se skutečností uvedených v § 2 odst. 1 písm. c) a § 2 odst. 2 písm. a) a b) téhož zákona.3);norms;"<a data-odkaz-id=""9100235"" href=""#""  class=""int_odkaz""><sup>3</sup>)</a>";3);9100235;int_odkaz;NA;NA;NA;NA;esel-esb:právní-akt-odkaz/9100235;<sup>3</sup>);POZNAMKA;102891;esel-esb:eli/cz/sb/1996/140/2002-03-20/dokument/poznamkypodcarou/ppc_3;102891;esel-esb:eli/cz/sb/1996/140/2002-03-20/dokument/norma/par_4/odst_3;102891;1996/140;1996/140;1996/140;140/1996 Sb.
esel-esb:eli/cz/sb/1996/140/2022-02-01/dokument/norma/par_4/odst_3;7309433;esel-esb:eli/cz/sb/1996/140/2022-02-01/dokument/norma/par_4;§ 4 odst. 3;NA;3;NA;/2/5/3/;esel-esb:právní-akt-fragment/3135187;3135187;3135185;Odstavec_Dc;(3) Je-li veden soudní spor v souvislosti s rehabilitačním řízením podle § 5 odst. 4 zákona č. 87/1991 Sb., ve znění nálezu Ústavního soudu České republiky č. 164/1994 Sb., bude osobám oprávněným ve smyslu § 3 téhož zákona3) umožněn přístup do svazků založených a vedených Státní bezpečností o osobách, které již nežijí a kterým byla způsobena majetková nebo jiná křivda ve smyslu § 1 téhož zákona, za účelem získání případného důkazního materiálu týkajícího se skutečností uvedených v § 2 odst. 1 písm. c) a § 2 odst. 2 písm. a) a b) téhož zákona.3);norms;"<a data-odkaz-id=""9100247"" href=""#""  class=""ext_odkaz"" data-version=""19941101"">§ 1</a>";§ 1;9100247;ext_odkaz;NA;NA;NA;NA;esel-esb:právní-akt-odkaz/9100247;§ 1;JINEUSTAN;90433;esel-esb:eli/cz/sb/1991/87/1994-11-01/dokument/norma/cast_1/par_1;102891;esel-esb:eli/cz/sb/1996/140/2002-03-20/dokument/norma/par_4/odst_3;102891;1996/140;1991/87;1996/140;140/1996 Sb.
esel-esb:eli/cz/sb/1996/140/2022-02-01/dokument/norma/par_4/odst_3;7309433;esel-esb:eli/cz/sb/1996/140/2022-02-01/dokument/norma/par_4;§ 4 odst. 3;NA;3;NA;/2/5/3/;esel-esb:právní-akt-fragment/3135187;3135187;3135185;Odstavec_Dc;(3) Je-li veden soudní spor v souvislosti s rehabilitačním řízením podle § 5 odst. 4 zákona č. 87/1991 Sb., ve znění nálezu Ústavního soudu České republiky č. 164/1994 Sb., bude osobám oprávněným ve smyslu § 3 téhož zákona3) umožněn přístup do svazků založených a vedených Státní bezpečností o osobách, které již nežijí a kterým byla způsobena majetková nebo jiná křivda ve smyslu § 1 téhož zákona, za účelem získání případného důkazního materiálu týkajícího se skutečností uvedených v § 2 odst. 1 písm. c) a § 2 odst. 2 písm. a) a b) téhož zákona.3);norms;"<a data-odkaz-id=""9100259"" href=""#""  class=""ext_odkaz"" data-version=""19941101"">§ 2 odst. 1 písm. c)</a>";§ 2 odst. 1 písm. c);9100259;ext_odkaz;NA;NA;NA;NA;esel-esb:právní-akt-odkaz/9100259;§ 2 odst. 1 písm. c);JINEUSTAN;90433;esel-esb:eli/cz/sb/1991/87/1994-11-01/dokument/norma/cast_2/par_2/odst_1/pism_c;102891;esel-esb:eli/cz/sb/1996/140/2002-03-20/dokument/norma/par_4/odst_3;102891;1996/140;1991/87;1996/140;140/1996 Sb.
esel-esb:eli/cz/sb/1996/140/2022-02-01/dokument/norma/par_4/odst_3;7309433;esel-esb:eli/cz/sb/1996/140/2022-02-01/dokument/norma/par_4;§ 4 odst. 3;NA;3;NA;/2/5/3/;esel-esb:právní-akt-fragment/3135187;3135187;3135185;Odstavec_Dc;(3) Je-li veden soudní spor v souvislosti s rehabilitačním řízením podle § 5 odst. 4 zákona č. 87/1991 Sb., ve znění nálezu Ústavního soudu České republiky č. 164/1994 Sb., bude osobám oprávněným ve smyslu § 3 téhož zákona3) umožněn přístup do svazků založených a vedených Státní bezpečností o osobách, které již nežijí a kterým byla způsobena majetková nebo jiná křivda ve smyslu § 1 téhož zákona, za účelem získání případného důkazního materiálu týkajícího se skutečností uvedených v § 2 odst. 1 písm. c) a § 2 odst. 2 písm. a) a b) téhož zákona.3);norms;"<a data-odkaz-id=""9100271"" href=""#""  class=""ext_odkaz"" data-version=""19941101"">§ 2 odst. 2 písm. a)</a>";§ 2 odst. 2 písm. a);9100271;ext_odkaz;NA;NA;NA;NA;esel-esb:právní-akt-odkaz/9100271;§ 2 odst. 2 písm. a);JINEUSTAN;90433;esel-esb:eli/cz/sb/1991/87/1994-11-01/dokument/norma/cast_2/par_2/odst_2/pism_a;102891;esel-esb:eli/cz/sb/1996/140/2002-03-20/dokument/norma/par_4/odst_3;102891;1996/140;1991/87;1996/140;140/1996 Sb.
esel-esb:eli/cz/sb/1996/140/2022-02-01/dokument/norma/par_4/odst_3;7309433;esel-esb:eli/cz/sb/1996/140/2022-02-01/dokument/norma/par_4;§ 4 odst. 3;NA;3;NA;/2/5/3/;esel-esb:právní-akt-fragment/3135187;3135187;3135185;Odstavec_Dc;(3) Je-li veden soudní spor v souvislosti s rehabilitačním řízením podle § 5 odst. 4 zákona č. 87/1991 Sb., ve znění nálezu Ústavního soudu České republiky č. 164/1994 Sb., bude osobám oprávněným ve smyslu § 3 téhož zákona3) umožněn přístup do svazků založených a vedených Státní bezpečností o osobách, které již nežijí a kterým byla způsobena majetková nebo jiná křivda ve smyslu § 1 téhož zákona, za účelem získání případného důkazního materiálu týkajícího se skutečností uvedených v § 2 odst. 1 písm. c) a § 2 odst. 2 písm. a) a b) téhož zákona.3);norms;"<a data-odkaz-id=""9100283"" href=""#""  class=""ext_odkaz"" data-version=""19941101"">b)</a>";b);9100283;ext_odkaz;NA;NA;NA;NA;esel-esb:právní-akt-odkaz/9100283;b);JINEUSTAN;90433;esel-esb:eli/cz/sb/1991/87/1994-11-01/dokument/norma/cast_2/par_2/odst_2/pism_b;102891;esel-esb:eli/cz/sb/1996/140/2002-03-20/dokument/norma/par_4/odst_3;102891;1996/140;1991/87;1996/140;140/1996 Sb.
esel-esb:eli/cz/sb/1996/140/2022-02-01/dokument/norma/par_4/odst_3;7309433;esel-esb:eli/cz/sb/1996/140/2022-02-01/dokument/norma/par_4;§ 4 odst. 3;NA;3;NA;/2/5/3/;esel-esb:právní-akt-fragment/3135187;3135187;3135185;Odstavec_Dc;(3) Je-li veden soudní spor v souvislosti s rehabilitačním řízením podle § 5 odst. 4 zákona č. 87/1991 Sb., ve znění nálezu Ústavního soudu České republiky č. 164/1994 Sb., bude osobám oprávněným ve smyslu § 3 téhož zákona3) umožněn přístup do svazků založených a vedených Státní bezpečností o osobách, které již nežijí a kterým byla způsobena majetková nebo jiná křivda ve smyslu § 1 téhož zákona, za účelem získání případného důkazního materiálu týkajícího se skutečností uvedených v § 2 odst. 1 písm. c) a § 2 odst. 2 písm. a) a b) téhož zákona.3);norms;"<a data-odkaz-id=""9100295"" href=""#""  class=""int_odkaz""><sup>3</sup>)</a>";3);9100295;int_odkaz;NA;NA;NA;NA;esel-esb:právní-akt-odkaz/9100295;<sup>3</sup>);POZNAMKA;102891;esel-esb:eli/cz/sb/1996/140/2002-03-20/dokument/poznamkypodcarou/ppc_3;102891;esel-esb:eli/cz/sb/1996/140/2002-03-20/dokument/norma/par_4/odst_3;102891;1996/140;1996/140;1996/140;140/1996 Sb.
esel-esb:eli/cz/sb/1996/140/2022-02-01/dokument/norma/par_5/pism_c;7309438;esel-esb:eli/cz/sb/1996/140/2022-02-01/dokument/norma/par_5/frag_3135219;§ 5 písm. c);NA;c;NA;/2/6/1/3/;esel-esb:právní-akt-fragment/3135225;3135225;3135225;Pismeno_Lb;c) zpřístupnit jí kopii zachovaného svazku uvedeného v písmenu a) a dokument uvedený v písmenu b), nejde-li o cizince,;norms;"<a data-odkaz-id=""9100307"" href=""#""  class=""int_odkaz"">písmenu a)</a>";písmenu a);9100307;int_odkaz;NA;NA;NA;NA;esel-esb:právní-akt-odkaz/9100307;písmenu a);INTUSTAN;102891;esel-esb:eli/cz/sb/1996/140/2002-03-20/dokument/norma/par_5/pism_a;102891;esel-esb:eli/cz/sb/1996/140/2002-03-20/dokument/norma/par_5/pism_c;102891;1996/140;1996/140;1996/140;140/1996 Sb.
esel-esb:eli/cz/sb/1996/140/2022-02-01/dokument/norma/par_5/pism_c;7309438;esel-esb:eli/cz/sb/1996/140/2022-02-01/dokument/norma/par_5/frag_3135219;§ 5 písm. c);NA;c;NA;/2/6/1/3/;esel-esb:právní-akt-fragment/3135225;3135225;3135225;Pismeno_Lb;c) zpřístupnit jí kopii zachovaného svazku uvedeného v písmenu a) a dokument uvedený v písmenu b), nejde-li o cizince,;norms;"<a data-odkaz-id=""9100319"" href=""#""  class=""int_odkaz"">písmenu b)</a>";písmenu b);9100319;int_odkaz;NA;NA;NA;NA;esel-esb:právní-akt-odkaz/9100319;písmenu b);INTUSTAN;102891;esel-esb:eli/cz/sb/1996/140/2002-03-20/dokument/norma/par_5/pism_b;102891;esel-esb:eli/cz/sb/1996/140/2002-03-20/dokument/norma/par_5/pism_c;102891;1996/140;1996/140;1996/140;140/1996 Sb.
esel-esb:eli/cz/sb/1996/140/2022-02-01/dokument/norma/par_5/pism_d;7309439;esel-esb:eli/cz/sb/1996/140/2022-02-01/dokument/norma/par_5/frag_3135219;§ 5 písm. d);NA;d;NA;/2/6/1/4/;esel-esb:právní-akt-fragment/3135229;3135229;3135227;Pismeno_Lb;d) zpřístupnit jí kopii zachovaného personálního (kádrového) spisu anebo osobní evidenční karty příslušníka Státní bezpečnosti, které jsou obsaženy v seznamu zveřejněném Archivem podle § 7.;norms;"<a data-odkaz-id=""9100337"" href=""#""  class=""int_odkaz"">§ 7</a>";§ 7;9100337;int_odkaz;NA;NA;NA;NA;esel-esb:právní-akt-odkaz/9100337;§ 7;INTUSTAN;102897;esel-esb:eli/cz/sb/1996/140/2008-02-01/dokument/norma/par_7;102897;esel-esb:eli/cz/sb/1996/140/2008-02-01/dokument/norma/par_5/pism_d;102897;1996/140;1996/140;1996/140;140/1996 Sb.
esel-esb:eli/cz/sb/1996/140/2022-02-01/dokument/norma/par_6/odst_1;7309441;esel-esb:eli/cz/sb/1996/140/2022-02-01/dokument/norma/par_6;§ 6 odst. 1;NA;1;NA;/2/7/1/;esel-esb:právní-akt-fragment/3135243;3135243;3135241;Odstavec_Dc;(1) Na žádost fyzické osoby starší 18 let nebo osoby podle § 4 odst. 2 je Archiv povinen sdělit informace o existenci dokumentů a zpřístupnit zachované dokumenty vzniklé z činnosti;norms;"<a data-odkaz-id=""9065503"" href=""#""  class=""int_odkaz"">§ 4 odst. 2</a>";§ 4 odst. 2;9065503;int_odkaz;NA;NA;NA;NA;esel-esb:právní-akt-odkaz/9065503;§ 4 odst. 2;INTUSTAN;102897;esel-esb:eli/cz/sb/1996/140/2008-02-01/dokument/norma/par_4/odst_2;102897;esel-esb:eli/cz/sb/1996/140/2008-02-01/dokument/norma/par_6/odst_1;102897;1996/140;1996/140;1996/140;140/1996 Sb.
esel-esb:eli/cz/sb/1996/140/2022-02-01/dokument/norma/par_6/odst_2;7309444;esel-esb:eli/cz/sb/1996/140/2022-02-01/dokument/norma/par_6;§ 6 odst. 2;NA;2;NA;/2/7/2/;esel-esb:právní-akt-fragment/3135257;3135257;3135255;Odstavec_Dc;(2) Na postup při zpřístupnění dokumentů uvedených v odstavci 1 se vztahují obdobně příslušná ustanovení o zpřístupnění dokumentů Statní bezpečnosti.;norms;"<a data-odkaz-id=""9100367"" href=""#""  class=""int_odkaz"">odstavci 1</a>";odstavci 1;9100367;int_odkaz;NA;NA;NA;NA;esel-esb:právní-akt-odkaz/9100367;odstavci 1;INTUSTAN;102897;esel-esb:eli/cz/sb/1996/140/2008-02-01/dokument/norma/par_6/odst_1;102897;esel-esb:eli/cz/sb/1996/140/2008-02-01/dokument/norma/par_6/odst_2;102897;1996/140;1996/140;1996/140;140/1996 Sb.
esel-esb:eli/cz/sb/1996/140/2022-02-01/dokument/norma/par_7/odst_3;7309449;esel-esb:eli/cz/sb/1996/140/2022-02-01/dokument/norma/par_7;§ 7 odst. 3;NA;3;NA;/2/8/4/;esel-esb:právní-akt-fragment/3135279;3135279;3135277;Odstavec_Dc;(3) Archiv průběžně vydává tiskem a na elektronických médiích seznam personálních (kádrových) spisů příslušníků bezpečnostních složek zpřístupněných podle § 4 odst. 1 písm. b) bodu 2, zároveň s uvedením data zařazení příslušníka do bezpečnostní složky, služebních funkcí vykonávaných příslušníkem v bezpečnostní složce a data ukončení tohoto zařazení.;norms;"<a data-odkaz-id=""9100377"" href=""#""  class=""int_odkaz"">§ 4 odst. 1 písm. b) bodu 2</a>";§ 4 odst. 1 písm. b) bodu 2;9100377;int_odkaz;NA;NA;NA;NA;esel-esb:právní-akt-odkaz/9100377;§ 4 odst. 1 písm. b) bodu 2;INTUSTAN;102897;esel-esb:eli/cz/sb/1996/140/2008-02-01/dokument/norma/par_4/odst_1/pism_b/bod_2;102897;esel-esb:eli/cz/sb/1996/140/2008-02-01/dokument/norma/par_7/odst_3;102897;1996/140;1996/140;1996/140;140/1996 Sb.
esel-esb:eli/cz/sb/1996/140/2022-02-01/dokument/norma/par_8/odst_1;7309453;esel-esb:eli/cz/sb/1996/140/2022-02-01/dokument/norma/par_8;§ 8 odst. 1;NA;1;NA;/2/10/2/;esel-esb:právní-akt-fragment/3135295;3135295;3135291;Odstavec_Dc;(1) Zpřístupnění dokumentů podle § 4 až 6 se uskutečňuje na základě žádosti. Žádost se podává písemně Archivu.;norms;"<a data-odkaz-id=""9065523"" href=""#""  class=""int_odkaz"">§ 4 až 6</a>";§ 4 až 6;9065523;int_odkaz;NA;NA;NA;NA;esel-esb:právní-akt-odkaz/9065523;§ 4 až 6;INTUSTAN;102897;esel-esb:eli/cz/sb/1996/140/2008-02-01/dokument/norma/par_4;102897;esel-esb:eli/cz/sb/1996/140/2008-02-01/dokument/norma/par_8/odst_1;102897;1996/140;1996/140;1996/140;140/1996 Sb.
esel-esb:eli/cz/sb/1996/140/2022-02-01/dokument/norma/par_8/odst_2/pism_a;7309455;esel-esb:eli/cz/sb/1996/140/2022-02-01/dokument/norma/par_8/odst_2;§ 8 odst. 2 písm. a);NA;a;NA;/2/10/3/1/;esel-esb:právní-akt-fragment/3135301;3135301;3135301;Pismeno_Lb;a) své státní občanství, včetně předchozích, předchozí změny svého příjmení, místo narození, trvalý pobyt na území České republiky, včetně názvu kraje předchozích trvalých pobytů, pokud jej má nebo měl, žádá-li o zpřístupnění dokumentů podle § 4 odst. 1,;norms;"<a data-odkaz-id=""9065535"" href=""#""  class=""int_odkaz"">§ 4 odst. 1</a>";§ 4 odst. 1;9065535;int_odkaz;NA;NA;NA;NA;esel-esb:právní-akt-odkaz/9065535;§ 4 odst. 1;INTUSTAN;102891;esel-esb:eli/cz/sb/1996/140/2002-03-20/dokument/norma/par_4/odst_1;102891;esel-esb:eli/cz/sb/1996/140/2002-03-20/dokument/norma/par_8/odst_2/pism_a;102891;1996/140;1996/140;1996/140;140/1996 Sb.
esel-esb:eli/cz/sb/1996/140/2022-02-01/dokument/norma/par_8/odst_2/pism_b;7309456;esel-esb:eli/cz/sb/1996/140/2022-02-01/dokument/norma/par_8/odst_2;§ 8 odst. 2 písm. b);NA;b;NA;/2/10/3/2/;esel-esb:právní-akt-fragment/3135303;3135303;3135303;Pismeno_Lb;b) název instituce nebo organizované skupiny osob, k níž se má objektový svazek vztahovat, nebo příjmení, popřípadě též jméno a další identifikační znaky osoby, na kterou se dotazuje, zda byla evidována jako spolupracovník Státní bezpečnosti, žádá-li o zpřístupnění svazků podle § 5 písm. b),;norms;"<a data-odkaz-id=""9065547"" href=""#""  class=""int_odkaz"">§ 5 písm. b)</a>";§ 5 písm. b);9065547;int_odkaz;NA;NA;NA;NA;esel-esb:právní-akt-odkaz/9065547;§ 5 písm. b);INTUSTAN;102891;esel-esb:eli/cz/sb/1996/140/2002-03-20/dokument/norma/par_5/pism_b;102891;esel-esb:eli/cz/sb/1996/140/2002-03-20/dokument/norma/par_8/odst_2/pism_b;102891;1996/140;1996/140;1996/140;140/1996 Sb.
esel-esb:eli/cz/sb/1996/140/2022-02-01/dokument/norma/par_8/odst_2/pism_c;7309457;esel-esb:eli/cz/sb/1996/140/2022-02-01/dokument/norma/par_8/odst_2;§ 8 odst. 2 písm. c);NA;c;NA;/2/10/3/3/;esel-esb:právní-akt-fragment/3135307;3135307;3135305;Pismeno_Lb;c) označení personálního (kádrového) spisu, pod kterým je uveden v seznamu zveřejněném Archivem podle § 7, žádá-li o zpřístupnění takového spisu podle § 5 písm. d),;norms;"<a data-odkaz-id=""9065571"" href=""#""  class=""int_odkaz"">§ 7</a>";§ 7;9065571;int_odkaz;NA;NA;NA;NA;esel-esb:právní-akt-odkaz/9065571;§ 7;INTUSTAN;102897;esel-esb:eli/cz/sb/1996/140/2008-02-01/dokument/norma/par_7;102897;esel-esb:eli/cz/sb/1996/140/2008-02-01/dokument/norma/par_8/odst_2/pism_c;102897;1996/140;1996/140;1996/140;140/1996 Sb.
esel-esb:eli/cz/sb/1996/140/2022-02-01/dokument/norma/par_8/odst_2/pism_c;7309457;esel-esb:eli/cz/sb/1996/140/2022-02-01/dokument/norma/par_8/odst_2;§ 8 odst. 2 písm. c);NA;c;NA;/2/10/3/3/;esel-esb:právní-akt-fragment/3135307;3135307;3135305;Pismeno_Lb;c) označení personálního (kádrového) spisu, pod kterým je uveden v seznamu zveřejněném Archivem podle § 7, žádá-li o zpřístupnění takového spisu podle § 5 písm. d),;norms;"<a data-odkaz-id=""9065577"" href=""#""  class=""int_odkaz"">§ 5 písm. d)</a>";§ 5 písm. d);9065577;int_odkaz;NA;NA;NA;NA;esel-esb:právní-akt-odkaz/9065577;§ 5 písm. d);INTUSTAN;102897;esel-esb:eli/cz/sb/1996/140/2008-02-01/dokument/norma/par_5/pism_d;102897;esel-esb:eli/cz/sb/1996/140/2008-02-01/dokument/norma/par_8/odst_2/pism_c;102897;1996/140;1996/140;1996/140;140/1996 Sb.
esel-esb:eli/cz/sb/1996/140/2022-02-01/dokument/norma/par_8/odst_2/pism_d;7309458;esel-esb:eli/cz/sb/1996/140/2022-02-01/dokument/norma/par_8/odst_2;§ 8 odst. 2 písm. d);NA;d;NA;/2/10/3/4/;esel-esb:právní-akt-fragment/3135309;3135309;3135309;Pismeno_Lb;d) jméno, příjmení a rodné číslo zemřelého nebo, nemá-li je, jeho datum narození a údaje o zemřelém uvedené v písmenu a), jestliže je žadatel osobou oprávněnou k podání žádosti podle § 4 odst. 2.;norms;"<a data-odkaz-id=""9065583"" href=""#""  class=""int_odkaz"">písmenu a)</a>";písmenu a);9065583;int_odkaz;NA;NA;NA;NA;esel-esb:právní-akt-odkaz/9065583;písmenu a);INTUSTAN;102891;esel-esb:eli/cz/sb/1996/140/2002-03-20/dokument/norma/par_8/odst_2/pism_a;102891;esel-esb:eli/cz/sb/1996/140/2002-03-20/dokument/norma/par_8/odst_2/pism_d;102891;1996/140;1996/140;1996/140;140/1996 Sb.
esel-esb:eli/cz/sb/1996/140/2022-02-01/dokument/norma/par_8/odst_2/pism_d;7309458;esel-esb:eli/cz/sb/1996/140/2022-02-01/dokument/norma/par_8/odst_2;§ 8 odst. 2 písm. d);NA;d;NA;/2/10/3/4/;esel-esb:právní-akt-fragment/3135309;3135309;3135309;Pismeno_Lb;d) jméno, příjmení a rodné číslo zemřelého nebo, nemá-li je, jeho datum narození a údaje o zemřelém uvedené v písmenu a), jestliže je žadatel osobou oprávněnou k podání žádosti podle § 4 odst. 2.;norms;"<a data-odkaz-id=""9065595"" href=""#""  class=""int_odkaz"">§ 4 odst. 2.</a>";§ 4 odst. 2.;9065595;int_odkaz;NA;NA;NA;NA;esel-esb:právní-akt-odkaz/9065595;§ 4 odst. 2.;INTUSTAN;102891;esel-esb:eli/cz/sb/1996/140/2002-03-20/dokument/norma/par_4/odst_2;102891;esel-esb:eli/cz/sb/1996/140/2002-03-20/dokument/norma/par_8/odst_2/pism_d;102891;1996/140;1996/140;1996/140;140/1996 Sb.
esel-esb:eli/cz/sb/1996/140/2022-02-01/dokument/norma/par_9/odst_1;7309462;esel-esb:eli/cz/sb/1996/140/2022-02-01/dokument/norma/par_9;§ 9 odst. 1;NA;1;NA;/2/11/2/;esel-esb:právní-akt-fragment/3135325;3135325;3135321;Odstavec_Dc;"(1) Žádost, která neobsahuje náležitosti stanovené v § 8 odst. 2 nebo 3, Archiv bez zbytečného odkladu odmítne s uvedením zjištěných vad žádosti; učiní tak vždy písemně do vlastních rukou žadatele, s výjimkou případů, kdy žadatel vzal při ústním jednání prohlášením do protokolu svou žádost zpět.";norms;"<a data-odkaz-id=""9065619"" href=""#""  class=""int_odkaz"">§ 8 odst. 2</a>";§ 8 odst. 2;9065619;int_odkaz;NA;NA;NA;NA;esel-esb:právní-akt-odkaz/9065619;§ 8 odst. 2;INTUSTAN;102897;esel-esb:eli/cz/sb/1996/140/2008-02-01/dokument/norma/par_8/odst_2;102897;esel-esb:eli/cz/sb/1996/140/2008-02-01/dokument/norma/par_9/odst_1;102897;1996/140;1996/140;1996/140;140/1996 Sb.
esel-esb:eli/cz/sb/1996/140/2022-02-01/dokument/norma/par_9/odst_1;7309462;esel-esb:eli/cz/sb/1996/140/2022-02-01/dokument/norma/par_9;§ 9 odst. 1;NA;1;NA;/2/11/2/;esel-esb:právní-akt-fragment/3135325;3135325;3135321;Odstavec_Dc;"(1) Žádost, která neobsahuje náležitosti stanovené v § 8 odst. 2 nebo 3, Archiv bez zbytečného odkladu odmítne s uvedením zjištěných vad žádosti; učiní tak vždy písemně do vlastních rukou žadatele, s výjimkou případů, kdy žadatel vzal při ústním jednání prohlášením do protokolu svou žádost zpět.";norms;"<a data-odkaz-id=""9065625"" href=""#""  class=""int_odkaz"">3</a>";3;9065625;int_odkaz;NA;NA;NA;NA;esel-esb:právní-akt-odkaz/9065625;3;INTUSTAN;102897;esel-esb:eli/cz/sb/1996/140/2008-02-01/dokument/norma/par_8/odst_3;102897;esel-esb:eli/cz/sb/1996/140/2008-02-01/dokument/norma/par_9/odst_1;102897;1996/140;1996/140;1996/140;140/1996 Sb.
esel-esb:eli/cz/sb/1996/140/2022-02-01/dokument/norma/par_9/odst_2;7309463;esel-esb:eli/cz/sb/1996/140/2022-02-01/dokument/norma/par_9;§ 9 odst. 2;NA;2;NA;/2/11/3/;esel-esb:právní-akt-fragment/3135331;3135331;3135327;Odstavec_Dc;(2) Žádost o zpřístupnění osobního svazku, která obsahuje náležitosti stanovené v § 8 odst. 2 a 3, Archiv vyřídí ve lhůtě do 90 dnů ode dne doručení žádosti písemnou odpovědí do vlastních rukou žadatele.;norms;"<a data-odkaz-id=""9065649"" href=""#""  class=""int_odkaz"">§ 8 odst. 2</a>";§ 8 odst. 2;9065649;int_odkaz;NA;NA;NA;NA;esel-esb:právní-akt-odkaz/9065649;§ 8 odst. 2;INTUSTAN;102897;esel-esb:eli/cz/sb/1996/140/2008-02-01/dokument/norma/par_8/odst_2;102897;esel-esb:eli/cz/sb/1996/140/2008-02-01/dokument/norma/par_9/odst_2;102897;1996/140;1996/140;1996/140;140/1996 Sb.
esel-esb:eli/cz/sb/1996/140/2022-02-01/dokument/norma/par_9/odst_2;7309463;esel-esb:eli/cz/sb/1996/140/2022-02-01/dokument/norma/par_9;§ 9 odst. 2;NA;2;NA;/2/11/3/;esel-esb:právní-akt-fragment/3135331;3135331;3135327;Odstavec_Dc;(2) Žádost o zpřístupnění osobního svazku, která obsahuje náležitosti stanovené v § 8 odst. 2 a 3, Archiv vyřídí ve lhůtě do 90 dnů ode dne doručení žádosti písemnou odpovědí do vlastních rukou žadatele.;norms;"<a data-odkaz-id=""9065655"" href=""#""  class=""int_odkaz"">3</a>";3;9065655;int_odkaz;NA;NA;NA;NA;esel-esb:právní-akt-odkaz/9065655;3;INTUSTAN;102897;esel-esb:eli/cz/sb/1996/140/2008-02-01/dokument/norma/par_8/odst_3;102897;esel-esb:eli/cz/sb/1996/140/2008-02-01/dokument/norma/par_9/odst_2;102897;1996/140;1996/140;1996/140;140/1996 Sb.
esel-esb:eli/cz/sb/1996/140/2022-02-01/dokument/norma/par_9/odst_3;7309464;esel-esb:eli/cz/sb/1996/140/2022-02-01/dokument/norma/par_9;§ 9 odst. 3;NA;3;NA;/2/11/4/;esel-esb:právní-akt-fragment/3135335;3135335;3135333;Odstavec_Dc;(3) Žádost o zpřístupnění dokumentů, které nejsou osobním svazkem, obsahuje-li náležitosti stanovené v § 8 odst. 2 a 3, Archiv vyřídí bez zbytečného odkladu poté, kdy k tomu zajistí technické možnosti.;norms;"<a data-odkaz-id=""9065673"" href=""#""  class=""int_odkaz"">§ 8 odst. 2</a>";§ 8 odst. 2;9065673;int_odkaz;NA;NA;NA;NA;esel-esb:právní-akt-odkaz/9065673;§ 8 odst. 2;INTUSTAN;102897;esel-esb:eli/cz/sb/1996/140/2008-02-01/dokument/norma/par_8/odst_2;102897;esel-esb:eli/cz/sb/1996/140/2008-02-01/dokument/norma/par_9/odst_3;102897;1996/140;1996/140;1996/140;140/1996 Sb.
esel-esb:eli/cz/sb/1996/140/2022-02-01/dokument/norma/par_9/odst_3;7309464;esel-esb:eli/cz/sb/1996/140/2022-02-01/dokument/norma/par_9;§ 9 odst. 3;NA;3;NA;/2/11/4/;esel-esb:právní-akt-fragment/3135335;3135335;3135333;Odstavec_Dc;(3) Žádost o zpřístupnění dokumentů, které nejsou osobním svazkem, obsahuje-li náležitosti stanovené v § 8 odst. 2 a 3, Archiv vyřídí bez zbytečného odkladu poté, kdy k tomu zajistí technické možnosti.;norms;"<a data-odkaz-id=""9065679"" href=""#""  class=""int_odkaz"">3</a>";3;9065679;int_odkaz;NA;NA;NA;NA;esel-esb:právní-akt-odkaz/9065679;3;INTUSTAN;102897;esel-esb:eli/cz/sb/1996/140/2008-02-01/dokument/norma/par_8/odst_3;102897;esel-esb:eli/cz/sb/1996/140/2008-02-01/dokument/norma/par_9/odst_3;102897;1996/140;1996/140;1996/140;140/1996 Sb.
esel-esb:eli/cz/sb/1996/140/2022-02-01/dokument/norma/par_9/odst_4/pism_a;7309466;esel-esb:eli/cz/sb/1996/140/2022-02-01/dokument/norma/par_9/odst_4;§ 9 odst. 4 písm. a);NA;a;NA;/2/11/5/1/;esel-esb:právní-akt-fragment/3135341;3135341;3135341;Pismeno_Lb;a) údaje uvedené v § 4 odst. 1 písm. a) a § 5 písm. a),;norms;"<a data-odkaz-id=""9065685"" href=""#""  class=""int_odkaz"">§ 4 odst. 1 písm. a)</a>";§ 4 odst. 1 písm. a);9065685;int_odkaz;NA;NA;NA;NA;esel-esb:právní-akt-odkaz/9065685;§ 4 odst. 1 písm. a);INTUSTAN;102891;esel-esb:eli/cz/sb/1996/140/2002-03-20/dokument/norma/par_4/odst_1/pism_a;102891;esel-esb:eli/cz/sb/1996/140/2002-03-20/dokument/norma/par_9/odst_4/pism_a;102891;1996/140;1996/140;1996/140;140/1996 Sb.
esel-esb:eli/cz/sb/1996/140/2022-02-01/dokument/norma/par_9/odst_4/pism_a;7309466;esel-esb:eli/cz/sb/1996/140/2022-02-01/dokument/norma/par_9/odst_4;§ 9 odst. 4 písm. a);NA;a;NA;/2/11/5/1/;esel-esb:právní-akt-fragment/3135341;3135341;3135341;Pismeno_Lb;a) údaje uvedené v § 4 odst. 1 písm. a) a § 5 písm. a),;norms;"<a data-odkaz-id=""9065697"" href=""#""  class=""int_odkaz"">§ 5 písm. a)</a>";§ 5 písm. a);9065697;int_odkaz;NA;NA;NA;NA;esel-esb:právní-akt-odkaz/9065697;§ 5 písm. a);INTUSTAN;102891;esel-esb:eli/cz/sb/1996/140/2002-03-20/dokument/norma/par_5/pism_a;102891;esel-esb:eli/cz/sb/1996/140/2002-03-20/dokument/norma/par_9/odst_4/pism_a;102891;1996/140;1996/140;1996/140;140/1996 Sb.
esel-esb:eli/cz/sb/1996/140/2022-02-01/dokument/norma/par_10/odst_3;7309474;esel-esb:eli/cz/sb/1996/140/2022-02-01/dokument/norma/par_10;§ 10 odst. 3;NA;3;NA;/2/12/4/;esel-esb:právní-akt-fragment/3135373;3135373;3135369;Odstavec_Dc;(3) Právo na zpřístupnění dokumentů uvedených v § 4 odst. 1 má vedle oprávněného žadatele rovněž fyzická osoba, která předloží souhlas oprávněného žadatele s jeho úředně ověřeným podpisem. Dokumenty se této osobě zpřístupňují v rozsahu a způsobem, jakým se zpřístupňují oprávněnému žadateli. Pokud souhlas nemůže být udělen ani oprávněným žadatelem, ani osobami prokazujícími právo na ochranu osobnosti zemřelého, může o zpřístupnění rozhodnout Rada Ústavu pro studium totalitních režimů.;norms;"<a data-odkaz-id=""9065739"" href=""#""  class=""int_odkaz"">§ 4 odst. 1</a>";§ 4 odst. 1;9065739;int_odkaz;NA;NA;NA;NA;esel-esb:právní-akt-odkaz/9065739;§ 4 odst. 1;INTUSTAN;102897;esel-esb:eli/cz/sb/1996/140/2008-02-01/dokument/norma/par_4/odst_1;102897;esel-esb:eli/cz/sb/1996/140/2008-02-01/dokument/norma/par_10/odst_3;102897;1996/140;1996/140;1996/140;140/1996 Sb.
esel-esb:eli/cz/sb/1996/140/2022-02-01/dokument/norma/par_10c/odst_2;7309485;esel-esb:eli/cz/sb/1996/140/2022-02-01/dokument/norma/par_10c;§ 10c odst. 2;NA;2;NA;/2/15/3/;esel-esb:právní-akt-fragment/3135407;3135407;3135405;Odstavec_Dc;(2) Za vydání kopie vybírá Archiv správní poplatek podle zvláštního právního předpisu.4);norms;"<a data-odkaz-id=""9065763"" href=""#""  class=""int_odkaz""><sup>4</sup>)</a>";4);9065763;int_odkaz;NA;NA;NA;NA;esel-esb:právní-akt-odkaz/9065763;<sup>4</sup>);POZNAMKA;102897;esel-esb:eli/cz/sb/1996/140/2008-02-01/dokument/poznamkypodcarou/ppc_4;102897;esel-esb:eli/cz/sb/1996/140/2008-02-01/dokument/norma/par_10c/odst_2;102897;1996/140;1996/140;1996/140;140/1996 Sb.
esel-esb:eli/cz/sb/1996/140/2022-02-01/dokument/norma/par_10d/odst_2;7309489;esel-esb:eli/cz/sb/1996/140/2022-02-01/dokument/norma/par_10d;§ 10d odst. 2;NA;2;NA;/2/16/3/;esel-esb:právní-akt-fragment/3135419;3135419;3135417;Odstavec_Dc;(2) V informačním systému dokumentů eviduje Archiv dokumenty, které jsou předmětem zpřístupnění a zveřejnění, uchovává údaje o oprávněných žadatelích, a pokud je oprávněným žadatelem osoba oprávněná podle § 4 odst. 2, údaje o zemřelé osobě uvedené v § 4 odst. 1.;norms;"<a data-odkaz-id=""9065781"" href=""#""  class=""int_odkaz"">§ 4 odst. 2</a>";§ 4 odst. 2;9065781;int_odkaz;NA;NA;NA;NA;esel-esb:právní-akt-odkaz/9065781;§ 4 odst. 2;INTUSTAN;102897;esel-esb:eli/cz/sb/1996/140/2008-02-01/dokument/norma/par_4/odst_2;102897;esel-esb:eli/cz/sb/1996/140/2008-02-01/dokument/norma/par_10d/odst_2;102897;1996/140;1996/140;1996/140;140/1996 Sb.
esel-esb:eli/cz/sb/1996/140/2022-02-01/dokument/norma/par_10d/odst_2;7309489;esel-esb:eli/cz/sb/1996/140/2022-02-01/dokument/norma/par_10d;§ 10d odst. 2;NA;2;NA;/2/16/3/;esel-esb:právní-akt-fragment/3135419;3135419;3135417;Odstavec_Dc;(2) V informačním systému dokumentů eviduje Archiv dokumenty, které jsou předmětem zpřístupnění a zveřejnění, uchovává údaje o oprávněných žadatelích, a pokud je oprávněným žadatelem osoba oprávněná podle § 4 odst. 2, údaje o zemřelé osobě uvedené v § 4 odst. 1.;norms;"<a data-odkaz-id=""9065787"" href=""#""  class=""int_odkaz"">§ 4 odst. 1.</a>";§ 4 odst. 1.;9065787;int_odkaz;NA;NA;NA;NA;esel-esb:právní-akt-odkaz/9065787;§ 4 odst. 1.;INTUSTAN;102897;esel-esb:eli/cz/sb/1996/140/2008-02-01/dokument/norma/par_4/odst_1;102897;esel-esb:eli/cz/sb/1996/140/2008-02-01/dokument/norma/par_10d/odst_2;102897;1996/140;1996/140;1996/140;140/1996 Sb.
esel-esb:eli/cz/sb/1996/140/2022-02-01/dokument/norma/par_10d/odst_3;7309490;esel-esb:eli/cz/sb/1996/140/2022-02-01/dokument/norma/par_10d;§ 10d odst. 3;NA;3;NA;/2/16/4/;esel-esb:právní-akt-fragment/3135423;3135423;3135421;Odstavec_Dc;(3) Archiv není povinen ověřovat, zda údaje obsažené v dokumentu a údaje získané do informačního systému dokumentů ze zachovaných evidenčních pomůcek uvedených v odstavci 2 jsou přesné či pravdivé.;norms;"<a data-odkaz-id=""9065799"" href=""#""  class=""int_odkaz"">odstavci 2</a>";odstavci 2;9065799;int_odkaz;NA;NA;NA;NA;esel-esb:právní-akt-odkaz/9065799;odstavci 2;INTUSTAN;102897;esel-esb:eli/cz/sb/1996/140/2008-02-01/dokument/norma/par_10d/odst_2;102897;esel-esb:eli/cz/sb/1996/140/2008-02-01/dokument/norma/par_10d/odst_3;102897;1996/140;1996/140;1996/140;140/1996 Sb.
esel-esb:eli/cz/sb/1996/140/2022-02-01/dokument/norma/par_10d/odst_4;7309491;esel-esb:eli/cz/sb/1996/140/2022-02-01/dokument/norma/par_10d;§ 10d odst. 4;NA;4;NA;/2/16/5/;esel-esb:právní-akt-fragment/3135427;3135427;3135425;Odstavec_Dc;(4) Součástí informačního systému dokumentů je evidence žádostí. V této evidenci Archiv uchovává žádosti podle § 8 a kopie odpovědí podle § 9 a potvrzení o převzetí kopie podle § 10c.;norms;"<a data-odkaz-id=""9065823"" href=""#""  class=""int_odkaz"">§ 8</a>";§ 8;9065823;int_odkaz;NA;NA;NA;NA;esel-esb:právní-akt-odkaz/9065823;§ 8;INTUSTAN;102897;esel-esb:eli/cz/sb/1996/140/2008-02-01/dokument/norma/par_8;102897;esel-esb:eli/cz/sb/1996/140/2008-02-01/dokument/norma/par_10d/odst_4;102897;1996/140;1996/140;1996/140;140/1996 Sb.
esel-esb:eli/cz/sb/1996/140/2022-02-01/dokument/norma/par_10d/odst_4;7309491;esel-esb:eli/cz/sb/1996/140/2022-02-01/dokument/norma/par_10d;§ 10d odst. 4;NA;4;NA;/2/16/5/;esel-esb:právní-akt-fragment/3135427;3135427;3135425;Odstavec_Dc;(4) Součástí informačního systému dokumentů je evidence žádostí. V této evidenci Archiv uchovává žádosti podle § 8 a kopie odpovědí podle § 9 a potvrzení o převzetí kopie podle § 10c.;norms;"<a data-odkaz-id=""9065829"" href=""#""  class=""int_odkaz"">§ 9</a>";§ 9;9065829;int_odkaz;NA;NA;NA;NA;esel-esb:právní-akt-odkaz/9065829;§ 9;INTUSTAN;102897;esel-esb:eli/cz/sb/1996/140/2008-02-01/dokument/norma/par_9;102897;esel-esb:eli/cz/sb/1996/140/2008-02-01/dokument/norma/par_10d/odst_4;102897;1996/140;1996/140;1996/140;140/1996 Sb.
esel-esb:eli/cz/sb/1996/140/2022-02-01/dokument/norma/par_10d/odst_4;7309491;esel-esb:eli/cz/sb/1996/140/2022-02-01/dokument/norma/par_10d;§ 10d odst. 4;NA;4;NA;/2/16/5/;esel-esb:právní-akt-fragment/3135427;3135427;3135425;Odstavec_Dc;(4) Součástí informačního systému dokumentů je evidence žádostí. V této evidenci Archiv uchovává žádosti podle § 8 a kopie odpovědí podle § 9 a potvrzení o převzetí kopie podle § 10c.;norms;"<a data-odkaz-id=""9065835"" href=""#""  class=""int_odkaz"">§ 10c</a>";§ 10c;9065835;int_odkaz;NA;NA;NA;NA;esel-esb:právní-akt-odkaz/9065835;§ 10c;INTUSTAN;102897;esel-esb:eli/cz/sb/1996/140/2008-02-01/dokument/norma/par_10c;102897;esel-esb:eli/cz/sb/1996/140/2008-02-01/dokument/norma/par_10d/odst_4;102897;1996/140;1996/140;1996/140;140/1996 Sb.
esel-esb:eli/cz/sb/1996/140/2022-02-01/dokument/norma/par_10e/frag_3135431;7309493;esel-esb:eli/cz/sb/1996/140/2022-02-01/dokument/norma/par_10e/frag_12547591;NA;NA;NA;NA;/2/17/1/1/;esel-esb:právní-akt-fragment/3135431;3135431;3135431;Odstavec_Dc;Vyžaduje-li zpřístupnění dokumentu zjištění, zda osoba evidovaná jako spolupracovník bezpečnostní složky je státním občanem České republiky, může orgán příslušný podle tohoto zákona ke zpřístupňování činit taková zjištění v informačním systému evidence obyvatelstva.5);norms;"<a data-odkaz-id=""9065841"" href=""#""  class=""int_odkaz""><sup>5</sup>)</a>";5);9065841;int_odkaz;NA;NA;NA;NA;esel-esb:právní-akt-odkaz/9065841;<sup>5</sup>);POZNAMKA;102891;esel-esb:eli/cz/sb/1996/140/2002-03-20/dokument/poznamkypodcarou/ppc_5;102891;esel-esb:eli/cz/sb/1996/140/2002-03-20/dokument/norma/par_10e/frag_3135431;102891;1996/140;1996/140;1996/140;140/1996 Sb.
esel-esb:eli/cz/sb/1996/140/2022-02-01/dokument/zaver/par_12/frag_3135553;7309497;esel-esb:eli/cz/sb/1996/140/2022-02-01/dokument/zaver/par_12;NA;NA;NA;NA;/3/1/2/;esel-esb:právní-akt-fragment/3135553;3135553;3135551;Odstavec_Dc;Na postup podle tohoto zákona se nevztahuje správní řád6).;closing;"<a data-odkaz-id=""9113113"" href=""#""  class=""ext_odkaz"">správní řád</a>";správní řád;9113113;ext_odkaz;NA;NA;NA;NA;esel-esb:právní-akt-odkaz/9113113;správní řád;JINYPRED;124665;esel-esb:eli/cz/sb/2004/500/2006-01-01/dokument;102897;esel-esb:eli/cz/sb/1996/140/2008-02-01/dokument/norma/par_12/frag_3135553;102897;1996/140;2004/500;1996/140;140/1996 Sb.
esel-esb:eli/cz/sb/1996/140/2022-02-01/dokument/zaver/par_12/frag_3135553;7309497;esel-esb:eli/cz/sb/1996/140/2022-02-01/dokument/zaver/par_12;NA;NA;NA;NA;/3/1/2/;esel-esb:právní-akt-fragment/3135553;3135553;3135551;Odstavec_Dc;Na postup podle tohoto zákona se nevztahuje správní řád6).;closing;"<a data-odkaz-id=""9113119"" href=""#""  class=""int_odkaz""><sup>6</sup>)</a>";6);9113119;int_odkaz;NA;NA;NA;NA;esel-esb:právní-akt-odkaz/9113119;<sup>6</sup>);POZNAMKA;102897;esel-esb:eli/cz/sb/1996/140/2008-02-01/dokument/poznamkypodcarou/ppc_6;102897;esel-esb:eli/cz/sb/1996/140/2008-02-01/dokument/norma/par_12/frag_3135553;102897;1996/140;1996/140;1996/140;140/1996 Sb.
esel-esb:eli/cz/sb/1996/140/2022-02-01/dokument/poznamkypodcarou/ppc_1;7309506;esel-esb:eli/cz/sb/1996/140/2022-02-01/dokument/poznamkypodcarou;pozn. 1;NA;1;NA;/5/1/;esel-esb:právní-akt-fragment/3135577;3135577;3135575;PPC;1) § 9 zákona č. 40/1974 Sb., o Sboru národní bezpečnosti.;notes;"<a data-odkaz-id=""9113137"" href=""#""  class=""ext_odkaz"">§ 9</a>";§ 9;9113137;ext_odkaz;NA;NA;NA;NA;esel-esb:právní-akt-odkaz/9113137;§ 9;JINEUSTAN;80255;esel-esb:eli/cz/sb/1974/40/1990-11-01/dokument/norma/hlava_2/par_9;102891;esel-esb:eli/cz/sb/1996/140/2002-03-20/dokument/poznamkypodcarou/ppc_1;102891;1996/140;1974/40;1996/140;140/1996 Sb.
esel-esb:eli/cz/sb/1996/140/2022-02-01/dokument/poznamkypodcarou/ppc_1;7309506;esel-esb:eli/cz/sb/1996/140/2022-02-01/dokument/poznamkypodcarou;pozn. 1;NA;1;NA;/5/1/;esel-esb:právní-akt-fragment/3135577;3135577;3135575;PPC;1) § 9 zákona č. 40/1974 Sb., o Sboru národní bezpečnosti.;notes;"<a data-odkaz-id=""9113149"" href=""#""  class=""ext_odkaz"">zákona č. 40/1974 Sb., o Sboru národní bezpečnosti</a>";zákona č. 40/1974 Sb., o Sboru národní bezpečnosti;9113149;ext_odkaz;NA;NA;NA;NA;esel-esb:právní-akt-odkaz/9113149;zákona č. 40/1974 Sb.;JINYPRED;80255;esel-esb:eli/cz/sb/1974/40/1990-11-01/dokument;102891;esel-esb:eli/cz/sb/1996/140/2002-03-20/dokument/poznamkypodcarou/ppc_1;102891;1996/140;1974/40;1996/140;140/1996 Sb.
esel-esb:eli/cz/sb/1996/140/2022-02-01/dokument/poznamkypodcarou/ppc_2;7309507;esel-esb:eli/cz/sb/1996/140/2022-02-01/dokument/poznamkypodcarou;pozn. 2;NA;2;NA;/5/2/;esel-esb:právní-akt-fragment/3135581;3135581;3135579;PPC;2) § 15 občanského zákoníku.;notes;"<a data-odkaz-id=""9113167"" href=""#""  class=""ext_odkaz"">§ 15</a>";§ 15;9113167;ext_odkaz;NA;NA;NA;NA;esel-esb:právní-akt-odkaz/9113167;§ 15;JINEUSTAN;73829;esel-esb:eli/cz/sb/1964/40/2002-01-01/dokument/norma/cast_1/hlava_2/oddil_1/par_15;102891;esel-esb:eli/cz/sb/1996/140/2002-03-20/dokument/poznamkypodcarou/ppc_2;102891;1996/140;1964/40;1996/140;140/1996 Sb.
esel-esb:eli/cz/sb/1996/140/2022-02-01/dokument/poznamkypodcarou/ppc_2;7309507;esel-esb:eli/cz/sb/1996/140/2022-02-01/dokument/poznamkypodcarou;pozn. 2;NA;2;NA;/5/2/;esel-esb:právní-akt-fragment/3135581;3135581;3135579;PPC;2) § 15 občanského zákoníku.;notes;"<a data-odkaz-id=""9113179"" href=""#""  class=""ext_odkaz"">občanského zákoníku</a>";občanského zákoníku;9113179;ext_odkaz;NA;NA;NA;NA;esel-esb:právní-akt-odkaz/9113179;občanského zákoníku;JINYPRED;73829;esel-esb:eli/cz/sb/1964/40/2002-01-01/dokument;102891;esel-esb:eli/cz/sb/1996/140/2002-03-20/dokument/poznamkypodcarou/ppc_2;102891;1996/140;1964/40;1996/140;140/1996 Sb.
esel-esb:eli/cz/sb/1996/140/2022-02-01/dokument/poznamkypodcarou/ppc_3;7309508;esel-esb:eli/cz/sb/1996/140/2022-02-01/dokument/poznamkypodcarou;pozn. 3;NA;3;NA;/5/3/;esel-esb:právní-akt-fragment/3135585;3135585;3135583;PPC;3) Zákon č. 87/1991 Sb., o mimosoudních rehabilitacích, ve znění pozdějších předpisů.;notes;"<a data-odkaz-id=""9113209"" href=""#""  class=""ext_odkaz"">Zákon č. 87/1991 Sb., o mimosoudních rehabilitacích</a>";Zákon č. 87/1991 Sb., o mimosoudních rehabilitacích;9113209;ext_odkaz;NA;NA;NA;NA;esel-esb:právní-akt-odkaz/9113209;Zákon č. 87/1991 Sb.;JINYPRED;90447;esel-esb:eli/cz/sb/1991/87/1999-12-30/dokument;102891;esel-esb:eli/cz/sb/1996/140/2002-03-20/dokument/poznamkypodcarou/ppc_3;102891;1996/140;1991/87;1996/140;140/1996 Sb.
esel-esb:eli/cz/sb/1996/140/2022-02-01/dokument/poznamkypodcarou/ppc_4;7309509;esel-esb:eli/cz/sb/1996/140/2022-02-01/dokument/poznamkypodcarou;pozn. 4;NA;4;NA;/5/4/;esel-esb:právní-akt-fragment/3135589;3135589;3135587;PPC;4) Položka 3 Sazebníku správních poplatků, který je přílohou zákona č. 368/1992 Sb., o správních poplatcích, ve znění pozdějších předpisů.;notes;"<a data-odkaz-id=""9113233"" href=""#""  class=""ext_odkaz"">Položka 3</a>";Položka 3;9113233;ext_odkaz;NA;NA;NA;NA;esel-esb:právní-akt-odkaz/9113233;Položka 3;JINEUSTAN;95173;esel-esb:eli/cz/sb/1992/368/1994-05-01/dokument/prilohy/priloha_0/pol_3;102891;esel-esb:eli/cz/sb/1996/140/2002-03-20/dokument/poznamkypodcarou/ppc_4;102891;1996/140;1992/368;1996/140;140/1996 Sb.
esel-esb:eli/cz/sb/1996/140/2022-02-01/dokument/poznamkypodcarou/ppc_4;7309509;esel-esb:eli/cz/sb/1996/140/2022-02-01/dokument/poznamkypodcarou;pozn. 4;NA;4;NA;/5/4/;esel-esb:právní-akt-fragment/3135589;3135589;3135587;PPC;4) Položka 3 Sazebníku správních poplatků, který je přílohou zákona č. 368/1992 Sb., o správních poplatcích, ve znění pozdějších předpisů.;notes;"<a data-odkaz-id=""9113245"" href=""#""  class=""ext_odkaz"">zákona č. 368/1992 Sb.</a>";zákona č. 368/1992 Sb.;9113245;ext_odkaz;NA;NA;NA;NA;esel-esb:právní-akt-odkaz/9113245;zákona č. 368/1992 Sb.;JINYPRED;95225;esel-esb:eli/cz/sb/1992/368/2002-03-20/dokument;102891;esel-esb:eli/cz/sb/1996/140/2002-03-20/dokument/poznamkypodcarou/ppc_4;102891;1996/140;1992/368;1996/140;140/1996 Sb.
esel-esb:eli/cz/sb/1996/140/2022-02-01/dokument/poznamkypodcarou/ppc_5;7309510;esel-esb:eli/cz/sb/1996/140/2022-02-01/dokument/poznamkypodcarou;pozn. 5;NA;5;NA;/5/5/;esel-esb:právní-akt-fragment/3135593;3135593;3135591;PPC;5) § 8 zákona č. 133/2000 Sb., o evidenci obyvatel a rodných číslech a o změně některých zákonů (zákon o evidenci obyvatel).;notes;"<a data-odkaz-id=""9113263"" href=""#""  class=""ext_odkaz"">§ 8</a>";§ 8;9113263;ext_odkaz;NA;NA;NA;NA;esel-esb:právní-akt-odkaz/9113263;§ 8;JINEUSTAN;109895;esel-esb:eli/cz/sb/2000/133/2000-07-01/dokument/norma/cast_1/hlava_1/par_8;102891;esel-esb:eli/cz/sb/1996/140/2002-03-20/dokument/poznamkypodcarou/ppc_5;102891;1996/140;2000/133;1996/140;140/1996 Sb.
esel-esb:eli/cz/sb/1996/140/2022-02-01/dokument/poznamkypodcarou/ppc_5;7309510;esel-esb:eli/cz/sb/1996/140/2022-02-01/dokument/poznamkypodcarou;pozn. 5;NA;5;NA;/5/5/;esel-esb:právní-akt-fragment/3135593;3135593;3135591;PPC;5) § 8 zákona č. 133/2000 Sb., o evidenci obyvatel a rodných číslech a o změně některých zákonů (zákon o evidenci obyvatel).;notes;"<a data-odkaz-id=""9113275"" href=""#""  class=""ext_odkaz"">zákona č. 133/2000 Sb., o evidenci obyvatel a rodných číslech a o změně některých zákonů</a>";zákona č. 133/2000 Sb., o evidenci obyvatel a rodných číslech a o změně některých zákonů;9113275;ext_odkaz;NA;NA;NA;NA;esel-esb:právní-akt-odkaz/9113275;zákona č. 133/2000 Sb.;JINYPRED;109895;esel-esb:eli/cz/sb/2000/133/2000-07-01/dokument;102891;esel-esb:eli/cz/sb/1996/140/2002-03-20/dokument/poznamkypodcarou/ppc_5;102891;1996/140;2000/133;1996/140;140/1996 Sb.
esel-esb:eli/cz/sb/1996/140/2022-02-01/dokument/poznamkypodcarou/ppc_5a;7309511;esel-esb:eli/cz/sb/1996/140/2022-02-01/dokument/poznamkypodcarou;pozn. 5a;NA;5a;NA;/5/6/;esel-esb:právní-akt-fragment/3135595;3135595;3135595;PPC;5a) Zákon č. 133/2000 Sb., o evidenci obyvatel a rodných číslech a o změně některých zákonů (zákon o evidenci obyvatel), ve znění pozdějších předpisů.;notes;"<a data-odkaz-id=""9113287"" href=""#""  class=""ext_odkaz"">Zákon č. 133/2000 Sb., o evidenci obyvatel a rodných číslech a o změně některých zákonů</a>";Zákon č. 133/2000 Sb., o evidenci obyvatel a rodných číslech a o změně některých zákonů;9113287;ext_odkaz;NA;NA;NA;NA;esel-esb:právní-akt-odkaz/9113287;Zákon č. 133/2000 Sb.;JINYPRED;109911;esel-esb:eli/cz/sb/2000/133/2006-07-03/dokument;102895;esel-esb:eli/cz/sb/1996/140/2006-07-03/dokument/poznamkypodcarou/ppc_5a;102895;1996/140;2000/133;1996/140;140/1996 Sb.
esel-esb:eli/cz/sb/1996/140/2022-02-01/dokument/poznamkypodcarou/ppc_5b;7309512;esel-esb:eli/cz/sb/1996/140/2022-02-01/dokument/poznamkypodcarou;pozn. 5b;NA;5b;NA;/5/7/;esel-esb:právní-akt-fragment/3135597;3135597;3135597;PPC;5b) § 1 zákona č. 133/2000 Sb., ve znění zákona č. 53/2004 Sb.;notes;"<a data-odkaz-id=""9113295"" href=""#""  class=""ext_odkaz"" data-version=""20040401"">§ 1</a>";§ 1;9113295;ext_odkaz;NA;NA;NA;NA;esel-esb:právní-akt-odkaz/9113295;§ 1;JINEUSTAN;109899;esel-esb:eli/cz/sb/2000/133/2004-04-01/dokument/norma/cast_1/hlava_1/par_1;102895;esel-esb:eli/cz/sb/1996/140/2006-07-03/dokument/poznamkypodcarou/ppc_5b;102895;1996/140;2000/133;1996/140;140/1996 Sb.
esel-esb:eli/cz/sb/1996/140/2022-02-01/dokument/poznamkypodcarou/ppc_5b;7309512;esel-esb:eli/cz/sb/1996/140/2022-02-01/dokument/poznamkypodcarou;pozn. 5b;NA;5b;NA;/5/7/;esel-esb:právní-akt-fragment/3135597;3135597;3135597;PPC;5b) § 1 zákona č. 133/2000 Sb., ve znění zákona č. 53/2004 Sb.;notes;"<a data-odkaz-id=""9113303"" href=""#""  class=""ext_odkaz"" data-version=""20040401"">zákona č. 133/2000 Sb.</a>";zákona č. 133/2000 Sb.;9113303;ext_odkaz;NA;NA;NA;NA;esel-esb:právní-akt-odkaz/9113303;zákona č. 133/2000 Sb.;JINYPRED;109899;esel-esb:eli/cz/sb/2000/133/2004-04-01/dokument;102895;esel-esb:eli/cz/sb/1996/140/2006-07-03/dokument/poznamkypodcarou/ppc_5b;102895;1996/140;2000/133;1996/140;140/1996 Sb.
esel-esb:eli/cz/sb/1996/140/2022-02-01/dokument/poznamkypodcarou/ppc_5b;7309512;esel-esb:eli/cz/sb/1996/140/2022-02-01/dokument/poznamkypodcarou;pozn. 5b;NA;5b;NA;/5/7/;esel-esb:právní-akt-fragment/3135597;3135597;3135597;PPC;5b) § 1 zákona č. 133/2000 Sb., ve znění zákona č. 53/2004 Sb.;notes;"<a data-odkaz-id=""9113311"" href=""#""  class=""ext_odkaz"">zákona č. 53/2004 Sb.</a>";zákona č. 53/2004 Sb.;9113311;ext_odkaz;NA;NA;NA;NA;esel-esb:právní-akt-odkaz/9113311;zákona č. 53/2004 Sb.;JINYPRED;121925;esel-esb:eli/cz/sb/2004/53/2005-05-01/dokument;102895;esel-esb:eli/cz/sb/1996/140/2006-07-03/dokument/poznamkypodcarou/ppc_5b;102895;1996/140;2004/53;1996/140;140/1996 Sb.
esel-esb:eli/cz/sb/1996/140/2022-02-01/dokument/poznamkypodcarou/ppc_5c;7309513;esel-esb:eli/cz/sb/1996/140/2022-02-01/dokument/poznamkypodcarou;pozn. 5c;NA;5c;NA;/5/8/;esel-esb:právní-akt-fragment/3135599;3135599;3135599;PPC;5c) Zákon č. 40/1993 Sb., o nabývání a pozbývání státního občanství České republiky, ve znění pozdějších předpisů.;notes;"<a data-odkaz-id=""9113319"" href=""#""  class=""ext_odkaz"">Zákon č. 40/1993 Sb., o nabývání a pozbývání státního občanství České republiky</a>";Zákon č. 40/1993 Sb., o nabývání a pozbývání státního občanství České republiky;9113319;ext_odkaz;NA;NA;NA;NA;esel-esb:právní-akt-odkaz/9113319;Zákon č. 40/1993 Sb.;JINYPRED;98025;esel-esb:eli/cz/sb/1993/40/2006-01-01/dokument;102895;esel-esb:eli/cz/sb/1996/140/2006-07-03/dokument/poznamkypodcarou/ppc_5c;102895;1996/140;1993/40;1996/140;140/1996 Sb.
esel-esb:eli/cz/sb/1996/140/2022-02-01/dokument/poznamkypodcarou/ppc_6;7309514;esel-esb:eli/cz/sb/1996/140/2022-02-01/dokument/poznamkypodcarou;pozn. 6;NA;6;NA;/5/9/;esel-esb:právní-akt-fragment/3135601;3135601;3135601;PPC;6) Zákon č. 71/1967 Sb., o správním řízení (správní řád).;notes;"<a data-odkaz-id=""9113327"" href=""#""  class=""ext_odkaz"">Zákon č. 71/1967 Sb., o správním řízení</a>";Zákon č. 71/1967 Sb., o správním řízení;9113327;ext_odkaz;NA;NA;NA;NA;esel-esb:právní-akt-odkaz/9113327;Zákon č. 71/1967 Sb.;JINYPRED;76201;esel-esb:eli/cz/sb/1967/71/1968-01-01/dokument;32789;esel-esb:eli/cz/sb/1996/140/0000-00-00/dokument/poznamkypodcarou/ppc_6;32789;1996/140;1967/71;1996/140;140/1996 Sb.
esel-esb:eli/cz/sb/1996/140/2022-02-01/dokument/poznamkypodcarou/ppc_6;7309514;esel-esb:eli/cz/sb/1996/140/2022-02-01/dokument/poznamkypodcarou;pozn. 6;NA;6;NA;/5/9/;esel-esb:právní-akt-fragment/3135601;3135601;3135601;PPC;6) Zákon č. 71/1967 Sb., o správním řízení (správní řád).;notes;"<a data-odkaz-id=""9113345"" href=""#""  class=""ext_odkaz"">správní řád</a>";správní řád;9113345;ext_odkaz;NA;NA;NA;NA;esel-esb:právní-akt-odkaz/9113345;správní řád;JINYPRED;76201;esel-esb:eli/cz/sb/1967/71/1968-01-01/dokument;32789;esel-esb:eli/cz/sb/1996/140/0000-00-00/dokument/poznamkypodcarou/ppc_6;32789;1996/140;1967/71;1996/140;140/1996 Sb.
