fragment.iri;fragment.id;fragment.předek.iri;fragment.citace;fragment.citace.text;fragment.označení.uzlu;fragment.označení.uzlu.text;fragment.hierarchie;akt.fragment.iri;akt.fragment.id;fragment.base.id;typ.fragmentu;fragment.text_clean;source;tag;tag_clean;odkaz.id;class;data_eurlex;data_celexid;data_cellarid;data_orig_href;odkaz.iri;odkaz.citace.cíl;typ.vazba.odkazu;cíl.dokument.id;fragment.cíl.iri;fragment.cíl.dokument.id;fragment.zdroj.iri;fragment.zdroj.dokument.id;iri_z;iri_c;iri_v;akt.citace
esel-esb:eli/cz/sb/2003/148/2017-07-01/dokument/norma/cast_1/hlava_1/par_1/odst_1;13134521;esel-esb:eli/cz/sb/2003/148/2017-07-01/dokument/norma/cast_1/hlava_1/par_1;§ 1 odst. 1;NA;1;NA;/2/1/2/2/2/;esel-esb:právní-akt-fragment/5706051;5706051;5706051;Odstavec_Dc;(1) Tento zákon upravuje podmínky a postupy ochrany, konzervace a využívání genetických zdrojů rostlin a mikroorganismů, které se nacházejí na území České republiky a jsou významné pro výživu a zemědělství, pro uchování biologické a genetické rozmanitosti světového přírodního bohatství a pro umožnění jejich využívání pro potřeby současných i budoucích generací.1) Tyto podmínky a postupy jsou upraveny v Národním programu konzervace a využívání genetických zdrojů rostlin a mikroorganismů významných pro výživu a zemědělství (dále jen „Národní program“).;norms;"<a data-odkaz-id=""13481673"" href=""#""  class=""int_odkaz""><sup>1</sup>)</a>";1);13481673;int_odkaz;NA;NA;NA;NA;esel-esb:právní-akt-odkaz/13481673;<sup>1</sup>);POZNAMKA;40511;esel-esb:eli/cz/sb/2003/148/0000-00-00/dokument/poznamkypodcarou/ppc_1;40511;esel-esb:eli/cz/sb/2003/148/0000-00-00/dokument/norma/cast_1/hlava_1/par_1/odst_1;40511;2003/148;2003/148;2003/148;148/2003 Sb.
esel-esb:eli/cz/sb/2003/148/2017-07-01/dokument/norma/cast_1/hlava_1/par_1/odst_3;13134526;esel-esb:eli/cz/sb/2003/148/2017-07-01/dokument/norma/cast_1/hlava_1/par_1;§ 1 odst. 3;NA;3;NA;/2/1/2/2/4/;esel-esb:právní-akt-fragment/5706061;5706061;5706061;Odstavec_Dc;(3) Tento zákon se nevztahuje na genetické zdroje rostlin, které tvoří reprodukční materiál lesních dřevin.2);norms;"<a data-odkaz-id=""13481653"" href=""#""  class=""int_odkaz""><sup>2</sup>)</a>";2);13481653;int_odkaz;NA;NA;NA;NA;esel-esb:právní-akt-odkaz/13481653;<sup>2</sup>);POZNAMKA;40511;esel-esb:eli/cz/sb/2003/148/0000-00-00/dokument/poznamkypodcarou/ppc_2;40511;esel-esb:eli/cz/sb/2003/148/0000-00-00/dokument/norma/cast_1/hlava_1/par_1/odst_3;40511;2003/148;2003/148;2003/148;148/2003 Sb.
esel-esb:eli/cz/sb/2003/148/2017-07-01/dokument/norma/cast_1/hlava_1/par_2/odst_1/pism_a;13134530;esel-esb:eli/cz/sb/2003/148/2017-07-01/dokument/norma/cast_1/hlava_1/par_2/odst_1;§ 2 odst. 1 písm. a);NA;a;NA;/2/1/2/3/2/1/;esel-esb:právní-akt-fragment/5706571;5706571;5706069;Pismeno_Lb;a) genetickým zdrojem rostliny odrůda3) pěstované rostliny, krajová odrůda pěstované rostliny, šlechtitelská a genetická linie nebo příbuzný planý druh rostliny, které jsou využitelné pro výživu a zemědělství, jsou zdrojem genetické rozmanitosti a jejich druh nebo rod je zařazen do Národního programu,;norms;"<a data-odkaz-id=""13485643"" href=""#""  class=""int_odkaz""><sup>3</sup>)</a>";3);13485643;int_odkaz;NA;NA;NA;NA;esel-esb:právní-akt-odkaz/13485643;<sup>3</sup>);POZNAMKA;119825;esel-esb:eli/cz/sb/2003/148/2014-01-01/dokument/poznamkypodcarou/ppc_3;119825;esel-esb:eli/cz/sb/2003/148/2014-01-01/dokument/norma/cast_1/hlava_1/par_2/odst_1/pism_a;119825;2003/148;2003/148;2003/148;148/2003 Sb.
esel-esb:eli/cz/sb/2003/148/2017-07-01/dokument/norma/cast_1/hlava_1/par_2/odst_1/pism_d;13134533;esel-esb:eli/cz/sb/2003/148/2017-07-01/dokument/norma/cast_1/hlava_1/par_2/odst_1;§ 2 odst. 1 písm. d);NA;d;NA;/2/1/2/3/2/4/;esel-esb:právní-akt-fragment/5706075;5706075;5706075;Pismeno_Lb;d) vzorkem genetického zdroje odebraný rozmnožovací materiál3) nebo jiná část pěstované rostliny nebo odebraná část kultury druhu, kmenu nebo rasy mikroorganismu, umožňující přenos a regeneraci genetického zdroje při zachování jeho genetického základu,;norms;"<a data-odkaz-id=""13481617"" href=""#""  class=""int_odkaz""><sup>3</sup>)</a>";3);13481617;int_odkaz;NA;NA;NA;NA;esel-esb:právní-akt-odkaz/13481617;<sup>3</sup>);POZNAMKA;40511;esel-esb:eli/cz/sb/2003/148/0000-00-00/dokument/poznamkypodcarou/ppc_3;40511;esel-esb:eli/cz/sb/2003/148/0000-00-00/dokument/norma/cast_1/hlava_1/par_2/odst_1/pism_d;40511;2003/148;2003/148;2003/148;148/2003 Sb.
esel-esb:eli/cz/sb/2003/148/2017-07-01/dokument/norma/cast_1/hlava_1/par_2/odst_1/pism_l;13134541;esel-esb:eli/cz/sb/2003/148/2017-07-01/dokument/norma/cast_1/hlava_1/par_2/odst_1;§ 2 odst. 1 písm. l);NA;l;NA;/2/1/2/3/2/12/;esel-esb:právní-akt-fragment/5706093;5706093;5706093;Pismeno_Lb;l) evidenčním číslem identifikační označení genetického zdroje tvořené souborem písmen a číslic, které je přiděleno genetickému zdroji v rámci Národního programu.;norms;"<a data-odkaz-id=""13481597"" href=""#""  class=""int_odkaz"">písmen a</a>";písmen a;13481597;int_odkaz;NA;NA;NA;NA;esel-esb:právní-akt-odkaz/13481597;písmen a;INTUSTAN;40511;esel-esb:eli/cz/sb/2003/148/0000-00-00/dokument/norma/cast_1/hlava_1/par_2/odst_1/pism_a;40511;esel-esb:eli/cz/sb/2003/148/0000-00-00/dokument/norma/cast_1/hlava_1/par_2/odst_1/pism_l;40511;2003/148;2003/148;2003/148;148/2003 Sb.
esel-esb:eli/cz/sb/2003/148/2017-07-01/dokument/norma/cast_1/hlava_1/par_3/odst_2;13134546;esel-esb:eli/cz/sb/2003/148/2017-07-01/dokument/norma/cast_1/hlava_1/par_3;§ 3 odst. 2;NA;2;NA;/2/1/2/4/3/;esel-esb:právní-akt-fragment/5706575;5706575;5706103;Odstavec_Dc;(2) Ministerstvo provede každoročně hodnocení Národního programu, přičemž v hodnocení zejména uvede počty nově získaných vzorků genetických zdrojů, vzorků zařazených do kolekcí genetických zdrojů, zhodnocených genetických zdrojů, regenerovaných genetických zdrojů, vzorků genetických zdrojů předaných do genobanky, poskytnutých vzorků genetických zdrojů, údaje o souborech dat předaných účastníkem Národního programu do informačního systému o genetických zdrojích (§ 17 odst. 4) a informace o výsledcích mezinárodní spolupráce v oblasti konzervace a využívání genetických zdrojů.;norms;"<a data-odkaz-id=""13485647"" href=""#""  class=""int_odkaz"">§ 17 odst. 4</a>";§ 17 odst. 4;13485647;int_odkaz;NA;NA;NA;NA;esel-esb:právní-akt-odkaz/13485647;§ 17 odst. 4;INTUSTAN;119825;esel-esb:eli/cz/sb/2003/148/2014-01-01/dokument/norma/cast_1/hlava_2/par_17/odst_4;119825;esel-esb:eli/cz/sb/2003/148/2014-01-01/dokument/norma/cast_1/hlava_1/par_3/odst_2;119825;2003/148;2003/148;2003/148;148/2003 Sb.
esel-esb:eli/cz/sb/2003/148/2017-07-01/dokument/norma/cast_1/hlava_1/par_3/odst_3;13134547;esel-esb:eli/cz/sb/2003/148/2017-07-01/dokument/norma/cast_1/hlava_1/par_3;§ 3 odst. 3;NA;3;NA;/2/1/2/4/4/;esel-esb:právní-akt-fragment/5706105;5706105;5706105;Odstavec_Dc;"(3) Změnu Národního programu může ministerstvo provést z podnětu pověřené osoby, a to formou číslovaného dodatku k Národnímu programu; to neplatí, jde-li o rozhodnutí podle § 5, 7, 8 a 9.";norms;"<a data-odkaz-id=""13481501"" href=""#""  class=""int_odkaz"">§ 5</a>";§ 5;13481501;int_odkaz;NA;NA;NA;NA;esel-esb:právní-akt-odkaz/13481501;§ 5;INTUSTAN;40511;esel-esb:eli/cz/sb/2003/148/0000-00-00/dokument/norma/cast_1/hlava_1/par_5;40511;esel-esb:eli/cz/sb/2003/148/0000-00-00/dokument/norma/cast_1/hlava_1/par_3/odst_3;40511;2003/148;2003/148;2003/148;148/2003 Sb.
esel-esb:eli/cz/sb/2003/148/2017-07-01/dokument/norma/cast_1/hlava_1/par_3/odst_3;13134547;esel-esb:eli/cz/sb/2003/148/2017-07-01/dokument/norma/cast_1/hlava_1/par_3;§ 3 odst. 3;NA;3;NA;/2/1/2/4/4/;esel-esb:právní-akt-fragment/5706105;5706105;5706105;Odstavec_Dc;"(3) Změnu Národního programu může ministerstvo provést z podnětu pověřené osoby, a to formou číslovaného dodatku k Národnímu programu; to neplatí, jde-li o rozhodnutí podle § 5, 7, 8 a 9.";norms;"<a data-odkaz-id=""13481521"" href=""#""  class=""int_odkaz"">7</a>";7;13481521;int_odkaz;NA;NA;NA;NA;esel-esb:právní-akt-odkaz/13481521;7;INTUSTAN;40511;esel-esb:eli/cz/sb/2003/148/0000-00-00/dokument/norma/cast_1/hlava_1/par_7;40511;esel-esb:eli/cz/sb/2003/148/0000-00-00/dokument/norma/cast_1/hlava_1/par_3/odst_3;40511;2003/148;2003/148;2003/148;148/2003 Sb.
esel-esb:eli/cz/sb/2003/148/2017-07-01/dokument/norma/cast_1/hlava_1/par_3/odst_3;13134547;esel-esb:eli/cz/sb/2003/148/2017-07-01/dokument/norma/cast_1/hlava_1/par_3;§ 3 odst. 3;NA;3;NA;/2/1/2/4/4/;esel-esb:právní-akt-fragment/5706105;5706105;5706105;Odstavec_Dc;"(3) Změnu Národního programu může ministerstvo provést z podnětu pověřené osoby, a to formou číslovaného dodatku k Národnímu programu; to neplatí, jde-li o rozhodnutí podle § 5, 7, 8 a 9.";norms;"<a data-odkaz-id=""13481541"" href=""#""  class=""int_odkaz"">8</a>";8;13481541;int_odkaz;NA;NA;NA;NA;esel-esb:právní-akt-odkaz/13481541;8;INTUSTAN;40511;esel-esb:eli/cz/sb/2003/148/0000-00-00/dokument/norma/cast_1/hlava_1/par_8;40511;esel-esb:eli/cz/sb/2003/148/0000-00-00/dokument/norma/cast_1/hlava_1/par_3/odst_3;40511;2003/148;2003/148;2003/148;148/2003 Sb.
esel-esb:eli/cz/sb/2003/148/2017-07-01/dokument/norma/cast_1/hlava_1/par_3/odst_3;13134547;esel-esb:eli/cz/sb/2003/148/2017-07-01/dokument/norma/cast_1/hlava_1/par_3;§ 3 odst. 3;NA;3;NA;/2/1/2/4/4/;esel-esb:právní-akt-fragment/5706105;5706105;5706105;Odstavec_Dc;"(3) Změnu Národního programu může ministerstvo provést z podnětu pověřené osoby, a to formou číslovaného dodatku k Národnímu programu; to neplatí, jde-li o rozhodnutí podle § 5, 7, 8 a 9.";norms;"<a data-odkaz-id=""13481561"" href=""#""  class=""int_odkaz"">9</a>";9;13481561;int_odkaz;NA;NA;NA;NA;esel-esb:právní-akt-odkaz/13481561;9;INTUSTAN;40511;esel-esb:eli/cz/sb/2003/148/0000-00-00/dokument/norma/cast_1/hlava_1/par_9;40511;esel-esb:eli/cz/sb/2003/148/0000-00-00/dokument/norma/cast_1/hlava_1/par_3/odst_3;40511;2003/148;2003/148;2003/148;148/2003 Sb.
esel-esb:eli/cz/sb/2003/148/2017-07-01/dokument/norma/cast_1/hlava_1/par_4/odst_1/pism_b;13134552;esel-esb:eli/cz/sb/2003/148/2017-07-01/dokument/norma/cast_1/hlava_1/par_4/odst_1;§ 4 odst. 1 písm. b);NA;b;NA;/2/1/2/5/2/2/;esel-esb:právní-akt-fragment/5706115;5706115;5706115;Pismeno_Lb;b) vlastník rozmnožovacího materiálu,3) popřípadě další části pěstovaných rostlin, nebo;norms;"<a data-odkaz-id=""13481481"" href=""#""  class=""int_odkaz""><sup>3</sup>)</a>";3);13481481;int_odkaz;NA;NA;NA;NA;esel-esb:právní-akt-odkaz/13481481;<sup>3</sup>);POZNAMKA;40511;esel-esb:eli/cz/sb/2003/148/0000-00-00/dokument/poznamkypodcarou/ppc_3;40511;esel-esb:eli/cz/sb/2003/148/0000-00-00/dokument/norma/cast_1/hlava_1/par_4/odst_1/pism_b;40511;2003/148;2003/148;2003/148;148/2003 Sb.
esel-esb:eli/cz/sb/2003/148/2017-07-01/dokument/norma/cast_1/hlava_1/par_4/odst_3;13134566;esel-esb:eli/cz/sb/2003/148/2017-07-01/dokument/norma/cast_1/hlava_1/par_4;§ 4 odst. 3;NA;3;NA;/2/1/2/5/4/;esel-esb:právní-akt-fragment/5706145;5706145;5706145;Odstavec_Dc;(3) Při podání žádosti o zařazení do Národního programu musí žadatel uhradit správní poplatek podle zvláštního právního předpisu.4);norms;"<a data-odkaz-id=""13481461"" href=""#""  class=""int_odkaz""><sup>4</sup>)</a>";4);13481461;int_odkaz;NA;NA;NA;NA;esel-esb:právní-akt-odkaz/13481461;<sup>4</sup>);POZNAMKA;40511;esel-esb:eli/cz/sb/2003/148/0000-00-00/dokument/poznamkypodcarou/ppc_4;40511;esel-esb:eli/cz/sb/2003/148/0000-00-00/dokument/norma/cast_1/hlava_1/par_4/odst_3;40511;2003/148;2003/148;2003/148;148/2003 Sb.
esel-esb:eli/cz/sb/2003/148/2017-07-01/dokument/norma/cast_1/hlava_1/par_4/odst_5;13134568;esel-esb:eli/cz/sb/2003/148/2017-07-01/dokument/norma/cast_1/hlava_1/par_4;§ 4 odst. 5;NA;5;NA;/2/1/2/5/6/;esel-esb:právní-akt-fragment/5706149;5706149;5706149;Odstavec_Dc;(5) Ministerstvo stanoví vyhláškou rozsah odborných a technických předpokladů pro shromažďování, hodnocení, dokumentaci a konzervaci genetických zdrojů a kolekcí genetických zdrojů (odstavec 1), včetně druhu dokladů, kterými může žadatel osvědčit splnění stanoveného rozsahu požadovaných odborných a technických předpokladů.;norms;"<a data-odkaz-id=""13481441"" href=""#""  class=""int_odkaz"">odstavec 1</a>";odstavec 1;13481441;int_odkaz;NA;NA;NA;NA;esel-esb:právní-akt-odkaz/13481441;odstavec 1;INTUSTAN;40511;esel-esb:eli/cz/sb/2003/148/0000-00-00/dokument/norma/cast_1/hlava_1/par_4/odst_1;40511;esel-esb:eli/cz/sb/2003/148/0000-00-00/dokument/norma/cast_1/hlava_1/par_4/odst_5;40511;2003/148;2003/148;2003/148;148/2003 Sb.
esel-esb:eli/cz/sb/2003/148/2017-07-01/dokument/norma/cast_1/hlava_1/par_5/odst_1;13134574;esel-esb:eli/cz/sb/2003/148/2017-07-01/dokument/norma/cast_1/hlava_1/par_5;§ 5 odst. 1;NA;1;NA;/2/1/2/6/2/;esel-esb:právní-akt-fragment/5706161;5706161;5706161;Odstavec_Dc;(1) Pokud nedojde k zastavení řízení o zařazení do Národního programu podle § 4 odst. 8, rozhodne ministerstvo do 90 dnů ode dne zahájení řízení o zařazení do Národního programu, jestliže;norms;"<a data-odkaz-id=""13481421"" href=""#""  class=""int_odkaz"">§ 4 odst. 8</a>";§ 4 odst. 8;13481421;int_odkaz;NA;NA;NA;NA;esel-esb:právní-akt-odkaz/13481421;§ 4 odst. 8;INTUSTAN;40511;esel-esb:eli/cz/sb/2003/148/0000-00-00/dokument/norma/cast_1/hlava_1/par_4/odst_8;40511;esel-esb:eli/cz/sb/2003/148/0000-00-00/dokument/norma/cast_1/hlava_1/par_5/odst_1;40511;2003/148;2003/148;2003/148;148/2003 Sb.
esel-esb:eli/cz/sb/2003/148/2017-07-01/dokument/norma/cast_1/hlava_1/par_5/odst_1/pism_b;13134576;esel-esb:eli/cz/sb/2003/148/2017-07-01/dokument/norma/cast_1/hlava_1/par_5/odst_1;§ 5 odst. 1 písm. b);NA;b;NA;/2/1/2/6/2/2/;esel-esb:právní-akt-fragment/5706165;5706165;5706165;Pismeno_Lb;b) rostlina splňuje znaky genetického zdroje rostliny podle § 2 odst. 1 písm. a) nebo mikroorganismus splňuje znaky genetického zdroje mikroorganismu podle § 2 odst. 1 písm. b),;norms;"<a data-odkaz-id=""13482935"" href=""#""  class=""int_odkaz"">§ 2 odst. 1 písm. a)</a>";§ 2 odst. 1 písm. a);13482935;int_odkaz;NA;NA;NA;NA;esel-esb:právní-akt-odkaz/13482935;§ 2 odst. 1 písm. a);INTUSTAN;40511;esel-esb:eli/cz/sb/2003/148/0000-00-00/dokument/norma/cast_1/hlava_1/par_2/odst_1/pism_a;40511;esel-esb:eli/cz/sb/2003/148/0000-00-00/dokument/norma/cast_1/hlava_1/par_5/odst_1/pism_b;40511;2003/148;2003/148;2003/148;148/2003 Sb.
esel-esb:eli/cz/sb/2003/148/2017-07-01/dokument/norma/cast_1/hlava_1/par_5/odst_1/pism_b;13134576;esel-esb:eli/cz/sb/2003/148/2017-07-01/dokument/norma/cast_1/hlava_1/par_5/odst_1;§ 5 odst. 1 písm. b);NA;b;NA;/2/1/2/6/2/2/;esel-esb:právní-akt-fragment/5706165;5706165;5706165;Pismeno_Lb;b) rostlina splňuje znaky genetického zdroje rostliny podle § 2 odst. 1 písm. a) nebo mikroorganismus splňuje znaky genetického zdroje mikroorganismu podle § 2 odst. 1 písm. b),;norms;"<a data-odkaz-id=""13482955"" href=""#""  class=""int_odkaz"">§ 2 odst. 1 písm. b)</a>";§ 2 odst. 1 písm. b);13482955;int_odkaz;NA;NA;NA;NA;esel-esb:právní-akt-odkaz/13482955;§ 2 odst. 1 písm. b);INTUSTAN;40511;esel-esb:eli/cz/sb/2003/148/0000-00-00/dokument/norma/cast_1/hlava_1/par_2/odst_1/pism_b;40511;esel-esb:eli/cz/sb/2003/148/0000-00-00/dokument/norma/cast_1/hlava_1/par_5/odst_1/pism_b;40511;2003/148;2003/148;2003/148;148/2003 Sb.
esel-esb:eli/cz/sb/2003/148/2017-07-01/dokument/norma/cast_1/hlava_1/par_5/odst_2;13134578;esel-esb:eli/cz/sb/2003/148/2017-07-01/dokument/norma/cast_1/hlava_1/par_5;§ 5 odst. 2;NA;2;NA;/2/1/2/6/3/;esel-esb:právní-akt-fragment/5706579;5706579;5706169;Odstavec_Dc;(2) Rozhodnutí o zařazení do Národního programu musí kromě obecných náležitostí5) obsahovat název genetického zdroje nebo název kolekce genetických zdrojů.;norms;"<a data-odkaz-id=""13485651"" href=""#""  class=""int_odkaz""><sup>5</sup>)</a>";5);13485651;int_odkaz;NA;NA;NA;NA;esel-esb:právní-akt-odkaz/13485651;<sup>5</sup>);POZNAMKA;119825;esel-esb:eli/cz/sb/2003/148/2014-01-01/dokument/poznamkypodcarou/ppc_5;119825;esel-esb:eli/cz/sb/2003/148/2014-01-01/dokument/norma/cast_1/hlava_1/par_5/odst_2;119825;2003/148;2003/148;2003/148;148/2003 Sb.
esel-esb:eli/cz/sb/2003/148/2017-07-01/dokument/norma/cast_1/hlava_1/par_5/odst_4;13134580;esel-esb:eli/cz/sb/2003/148/2017-07-01/dokument/norma/cast_1/hlava_1/par_5;§ 5 odst. 4;NA;4;NA;/2/1/2/6/5/;esel-esb:právní-akt-fragment/5706173;5706173;5706173;Odstavec_Dc;(4) Nejsou-li splněny podmínky podle odstavce 1 pro vydání rozhodnutí o zařazení do Národního programu, ministerstvo žádost zamítne.;norms;"<a data-odkaz-id=""13482991"" href=""#""  class=""int_odkaz"">odstavce 1</a>";odstavce 1;13482991;int_odkaz;NA;NA;NA;NA;esel-esb:právní-akt-odkaz/13482991;odstavce 1;INTUSTAN;40511;esel-esb:eli/cz/sb/2003/148/0000-00-00/dokument/norma/cast_1/hlava_1/par_5/odst_1;40511;esel-esb:eli/cz/sb/2003/148/0000-00-00/dokument/norma/cast_1/hlava_1/par_5/odst_4;40511;2003/148;2003/148;2003/148;148/2003 Sb.
esel-esb:eli/cz/sb/2003/148/2017-07-01/dokument/norma/cast_1/hlava_1/par_6/odst_1;13134583;esel-esb:eli/cz/sb/2003/148/2017-07-01/dokument/norma/cast_1/hlava_1/par_6;§ 6 odst. 1;NA;1;NA;/2/1/2/7/2/;esel-esb:právní-akt-fragment/5706179;5706179;5706179;Odstavec_Dc;(1) Práva a povinnosti vyplývající z tohoto zákona vznikají účastníku Národního programu dnem, kdy nabylo právní moci rozhodnutí o zařazení do Národního programu vydané podle § 5.;norms;"<a data-odkaz-id=""13483011"" href=""#""  class=""int_odkaz"">§ 5</a>";§ 5;13483011;int_odkaz;NA;NA;NA;NA;esel-esb:právní-akt-odkaz/13483011;§ 5;INTUSTAN;40511;esel-esb:eli/cz/sb/2003/148/0000-00-00/dokument/norma/cast_1/hlava_1/par_5;40511;esel-esb:eli/cz/sb/2003/148/0000-00-00/dokument/norma/cast_1/hlava_1/par_6/odst_1;40511;2003/148;2003/148;2003/148;148/2003 Sb.
esel-esb:eli/cz/sb/2003/148/2017-07-01/dokument/norma/cast_1/hlava_1/par_7/odst_4;13134590;esel-esb:eli/cz/sb/2003/148/2017-07-01/dokument/norma/cast_1/hlava_1/par_7;§ 7 odst. 4;NA;4;NA;/2/1/2/8/5/;esel-esb:právní-akt-fragment/5706193;5706193;5706193;Odstavec_Dc;(4) Pro řízení o prodloužení platnosti rozhodnutí o zařazení do Národního programu platí ustanovení § 4 a 5 obdobně.;norms;"<a data-odkaz-id=""13483031"" href=""#""  class=""int_odkaz"">§ 4</a>";§ 4;13483031;int_odkaz;NA;NA;NA;NA;esel-esb:právní-akt-odkaz/13483031;§ 4;INTUSTAN;40511;esel-esb:eli/cz/sb/2003/148/0000-00-00/dokument/norma/cast_1/hlava_1/par_4;40511;esel-esb:eli/cz/sb/2003/148/0000-00-00/dokument/norma/cast_1/hlava_1/par_7/odst_4;40511;2003/148;2003/148;2003/148;148/2003 Sb.
esel-esb:eli/cz/sb/2003/148/2017-07-01/dokument/norma/cast_1/hlava_1/par_7/odst_4;13134590;esel-esb:eli/cz/sb/2003/148/2017-07-01/dokument/norma/cast_1/hlava_1/par_7;§ 7 odst. 4;NA;4;NA;/2/1/2/8/5/;esel-esb:právní-akt-fragment/5706193;5706193;5706193;Odstavec_Dc;(4) Pro řízení o prodloužení platnosti rozhodnutí o zařazení do Národního programu platí ustanovení § 4 a 5 obdobně.;norms;"<a data-odkaz-id=""13483051"" href=""#""  class=""int_odkaz"">5</a>";5;13483051;int_odkaz;NA;NA;NA;NA;esel-esb:právní-akt-odkaz/13483051;5;INTUSTAN;40511;esel-esb:eli/cz/sb/2003/148/0000-00-00/dokument/norma/cast_1/hlava_1/par_5;40511;esel-esb:eli/cz/sb/2003/148/0000-00-00/dokument/norma/cast_1/hlava_1/par_7/odst_4;40511;2003/148;2003/148;2003/148;148/2003 Sb.
esel-esb:eli/cz/sb/2003/148/2017-07-01/dokument/norma/cast_1/hlava_1/par_9/odst_1/pism_a;13134598;esel-esb:eli/cz/sb/2003/148/2017-07-01/dokument/norma/cast_1/hlava_1/par_9/odst_1;§ 9 odst. 1 písm. a);NA;a;NA;/2/1/2/10/2/1/;esel-esb:právní-akt-fragment/5706209;5706209;5706209;Pismeno_Lb;a) genetický zdroj nebo kolekce genetických zdrojů již nesplňuje znaky podle § 2 odst. 1 písm. a), b) nebo e),;norms;"<a data-odkaz-id=""13483071"" href=""#""  class=""int_odkaz"">§ 2 odst. 1 písm. a)</a>";§ 2 odst. 1 písm. a);13483071;int_odkaz;NA;NA;NA;NA;esel-esb:právní-akt-odkaz/13483071;§ 2 odst. 1 písm. a);INTUSTAN;40511;esel-esb:eli/cz/sb/2003/148/0000-00-00/dokument/norma/cast_1/hlava_1/par_2/odst_1/pism_a;40511;esel-esb:eli/cz/sb/2003/148/0000-00-00/dokument/norma/cast_1/hlava_1/par_9/odst_1/pism_a;40511;2003/148;2003/148;2003/148;148/2003 Sb.
esel-esb:eli/cz/sb/2003/148/2017-07-01/dokument/norma/cast_1/hlava_1/par_9/odst_1/pism_a;13134598;esel-esb:eli/cz/sb/2003/148/2017-07-01/dokument/norma/cast_1/hlava_1/par_9/odst_1;§ 9 odst. 1 písm. a);NA;a;NA;/2/1/2/10/2/1/;esel-esb:právní-akt-fragment/5706209;5706209;5706209;Pismeno_Lb;a) genetický zdroj nebo kolekce genetických zdrojů již nesplňuje znaky podle § 2 odst. 1 písm. a), b) nebo e),;norms;"<a data-odkaz-id=""13483091"" href=""#""  class=""int_odkaz"">b)</a>";b);13483091;int_odkaz;NA;NA;NA;NA;esel-esb:právní-akt-odkaz/13483091;b);INTUSTAN;40511;esel-esb:eli/cz/sb/2003/148/0000-00-00/dokument/norma/cast_1/hlava_1/par_2/odst_1/pism_b;40511;esel-esb:eli/cz/sb/2003/148/0000-00-00/dokument/norma/cast_1/hlava_1/par_9/odst_1/pism_a;40511;2003/148;2003/148;2003/148;148/2003 Sb.
esel-esb:eli/cz/sb/2003/148/2017-07-01/dokument/norma/cast_1/hlava_1/par_9/odst_1/pism_a;13134598;esel-esb:eli/cz/sb/2003/148/2017-07-01/dokument/norma/cast_1/hlava_1/par_9/odst_1;§ 9 odst. 1 písm. a);NA;a;NA;/2/1/2/10/2/1/;esel-esb:právní-akt-fragment/5706209;5706209;5706209;Pismeno_Lb;a) genetický zdroj nebo kolekce genetických zdrojů již nesplňuje znaky podle § 2 odst. 1 písm. a), b) nebo e),;norms;"<a data-odkaz-id=""13483111"" href=""#""  class=""int_odkaz"">e)</a>";e);13483111;int_odkaz;NA;NA;NA;NA;esel-esb:právní-akt-odkaz/13483111;e);INTUSTAN;40511;esel-esb:eli/cz/sb/2003/148/0000-00-00/dokument/norma/cast_1/hlava_1/par_2/odst_1/pism_e;40511;esel-esb:eli/cz/sb/2003/148/0000-00-00/dokument/norma/cast_1/hlava_1/par_9/odst_1/pism_a;40511;2003/148;2003/148;2003/148;148/2003 Sb.
esel-esb:eli/cz/sb/2003/148/2017-07-01/dokument/norma/cast_1/hlava_1/par_9/odst_2;13134601;esel-esb:eli/cz/sb/2003/148/2017-07-01/dokument/norma/cast_1/hlava_1/par_9;§ 9 odst. 2;NA;2;NA;/2/1/2/10/3/;esel-esb:právní-akt-fragment/5706215;5706215;5706215;Odstavec_Dc;(2) Pro rozhodnutí podle odstavce 1 si ministerstvo vyžádá stanovisko pověřené osoby.;norms;"<a data-odkaz-id=""13483131"" href=""#""  class=""int_odkaz"">odstavce 1</a>";odstavce 1;13483131;int_odkaz;NA;NA;NA;NA;esel-esb:právní-akt-odkaz/13483131;odstavce 1;INTUSTAN;40511;esel-esb:eli/cz/sb/2003/148/0000-00-00/dokument/norma/cast_1/hlava_1/par_9/odst_1;40511;esel-esb:eli/cz/sb/2003/148/0000-00-00/dokument/norma/cast_1/hlava_1/par_9/odst_2;40511;2003/148;2003/148;2003/148;148/2003 Sb.
esel-esb:eli/cz/sb/2003/148/2017-07-01/dokument/norma/cast_1/hlava_2/par_11/odst_2;13134614;esel-esb:eli/cz/sb/2003/148/2017-07-01/dokument/norma/cast_1/hlava_2/par_11;§ 11 odst. 2;NA;2;NA;/2/1/3/3/3/;esel-esb:právní-akt-fragment/5706241;5706241;5706241;Odstavec_Dc;(2) Účastník Národního programu je povinen na písemnou výzvu pověřené osoby předat této osobě vzorek genetického zdroje, který se u něho nachází. Společně se vzorkem genetického zdroje je účastník Národního programu povinen předat údaje o tomto genetickém zdroji, s výjimkou údajů, které tvoří předmět jeho obchodního tajemství.6);norms;"<a data-odkaz-id=""13483151"" href=""#""  class=""int_odkaz""><sup>6</sup>)</a>";6);13483151;int_odkaz;NA;NA;NA;NA;esel-esb:právní-akt-odkaz/13483151;<sup>6</sup>);POZNAMKA;40511;esel-esb:eli/cz/sb/2003/148/0000-00-00/dokument/poznamkypodcarou/ppc_6;40511;esel-esb:eli/cz/sb/2003/148/0000-00-00/dokument/norma/cast_1/hlava_2/par_11/odst_2;40511;2003/148;2003/148;2003/148;148/2003 Sb.
esel-esb:eli/cz/sb/2003/148/2017-07-01/dokument/norma/cast_1/hlava_2/par_13/odst_3;13134627;esel-esb:eli/cz/sb/2003/148/2017-07-01/dokument/norma/cast_1/hlava_2/par_13;§ 13 odst. 3;NA;3;NA;/2/1/3/5/4/;esel-esb:právní-akt-fragment/5706267;5706267;5706267;Odstavec_Dc;(3) Při ohrožení genetického zdroje rostliny konzervovaného in situ a genetického zdroje rostliny konzervovaného ex situ v polních kolekcích a kulturách in vitro je účastník Národního programu povinen tuto skutečnost neprodleně oznámit pověřené osobě a předat jí vzorek genetického zdroje. Pro předání vzorku genetického zdroje platí § 11 odst. 3.;norms;"<a data-odkaz-id=""13483171"" href=""#""  class=""int_odkaz"">§ 11 odst. 3.</a>";§ 11 odst. 3.;13483171;int_odkaz;NA;NA;NA;NA;esel-esb:právní-akt-odkaz/13483171;§ 11 odst. 3.;INTUSTAN;40511;esel-esb:eli/cz/sb/2003/148/0000-00-00/dokument/norma/cast_1/hlava_2/par_11/odst_3;40511;esel-esb:eli/cz/sb/2003/148/0000-00-00/dokument/norma/cast_1/hlava_2/par_13/odst_3;40511;2003/148;2003/148;2003/148;148/2003 Sb.
esel-esb:eli/cz/sb/2003/148/2017-07-01/dokument/norma/cast_1/hlava_2/par_16/odst_2;13134643;esel-esb:eli/cz/sb/2003/148/2017-07-01/dokument/norma/cast_1/hlava_2/par_16;§ 16 odst. 2;NA;2;NA;/2/1/3/8/3/;esel-esb:právní-akt-fragment/5706299;5706299;5706299;Odstavec_Dc;(2) O vstupu na pozemky a do provozních objektů podle odstavce 1 musí být účastník Národního programu předem písemně vyrozuměn.;norms;"<a data-odkaz-id=""13483191"" href=""#""  class=""int_odkaz"">odstavce 1</a>";odstavce 1;13483191;int_odkaz;NA;NA;NA;NA;esel-esb:právní-akt-odkaz/13483191;odstavce 1;INTUSTAN;40511;esel-esb:eli/cz/sb/2003/148/0000-00-00/dokument/norma/cast_1/hlava_2/par_16/odst_1;40511;esel-esb:eli/cz/sb/2003/148/0000-00-00/dokument/norma/cast_1/hlava_2/par_16/odst_2;40511;2003/148;2003/148;2003/148;148/2003 Sb.
esel-esb:eli/cz/sb/2003/148/2017-07-01/dokument/norma/cast_1/hlava_2/par_16/odst_4;13134645;esel-esb:eli/cz/sb/2003/148/2017-07-01/dokument/norma/cast_1/hlava_2/par_16;§ 16 odst. 4;NA;4;NA;/2/1/3/8/5/;esel-esb:právní-akt-fragment/5706303;5706303;5706303;Odstavec_Dc;(4) Údaje o genetických zdrojích, které pověřená osoba získá od účastníka Národního programu a které tvoří předmět jeho obchodního tajemství,6) nesmí být pověřenou osobou bez souhlasu účastníka Národního programu poskytnuty třetím osobám. Pověření zaměstnanci pověřené osoby, kteří budou přicházet do styku s údaji tvořícími předmět obchodního tajemství, jsou povinni zachovávat mlčenlivost o těchto údajích.;norms;"<a data-odkaz-id=""13483211"" href=""#""  class=""int_odkaz""><sup>6</sup>)</a>";6);13483211;int_odkaz;NA;NA;NA;NA;esel-esb:právní-akt-odkaz/13483211;<sup>6</sup>);POZNAMKA;40511;esel-esb:eli/cz/sb/2003/148/0000-00-00/dokument/poznamkypodcarou/ppc_6;40511;esel-esb:eli/cz/sb/2003/148/0000-00-00/dokument/norma/cast_1/hlava_2/par_16/odst_4;40511;2003/148;2003/148;2003/148;148/2003 Sb.
esel-esb:eli/cz/sb/2003/148/2017-07-01/dokument/norma/cast_1/hlava_2/par_17/odst_7;13134654;esel-esb:eli/cz/sb/2003/148/2017-07-01/dokument/norma/cast_1/hlava_2/par_17;§ 17 odst. 7;NA;7;NA;/2/1/3/9/8/;esel-esb:právní-akt-fragment/5706321;5706321;5706321;Odstavec_Dc;(7) Bylo-li rozhodnutí o zařazení do Národního programu zrušeno (§ 9), je osoba, která byla účastníkem Národního programu, povinna ve lhůtě do 30 dnů ode dne nabytí právní moci rozhodnutí o zrušení rozhodnutí o zařazení do Národního programu předat veškerou dokumentaci o genetickém zdroji pověřené osobě.;norms;"<a data-odkaz-id=""13483231"" href=""#""  class=""int_odkaz"">§ 9</a>";§ 9;13483231;int_odkaz;NA;NA;NA;NA;esel-esb:právní-akt-odkaz/13483231;§ 9;INTUSTAN;40511;esel-esb:eli/cz/sb/2003/148/0000-00-00/dokument/norma/cast_1/hlava_1/par_9;40511;esel-esb:eli/cz/sb/2003/148/0000-00-00/dokument/norma/cast_1/hlava_2/par_17/odst_7;40511;2003/148;2003/148;2003/148;148/2003 Sb.
esel-esb:eli/cz/sb/2003/148/2017-07-01/dokument/norma/cast_1/hlava_2/par_19/odst_2;13134665;esel-esb:eli/cz/sb/2003/148/2017-07-01/dokument/norma/cast_1/hlava_2/par_19;§ 19 odst. 2;NA;2;NA;/2/1/3/11/3/;esel-esb:právní-akt-fragment/5706585;5706585;5706343;Odstavec_Dc;(2) Pokud je za poskytnutí vzorku genetických zdrojů požadována úplata, nesmí přesáhnout vynaložené minimální náklady14).;norms;"<a data-odkaz-id=""13485655"" href=""#""  class=""int_odkaz""><sup>14</sup>)</a>";14);13485655;int_odkaz;NA;NA;NA;NA;esel-esb:právní-akt-odkaz/13485655;<sup>14</sup>);POZNAMKA;119825;esel-esb:eli/cz/sb/2003/148/2014-01-01/dokument/poznamkypodcarou/ppc_14;119825;esel-esb:eli/cz/sb/2003/148/2014-01-01/dokument/norma/cast_1/hlava_2/par_19/odst_2;119825;2003/148;2003/148;2003/148;148/2003 Sb.
esel-esb:eli/cz/sb/2003/148/2017-07-01/dokument/norma/cast_1/hlava_2/par_19/odst_3;13134666;esel-esb:eli/cz/sb/2003/148/2017-07-01/dokument/norma/cast_1/hlava_2/par_19;§ 19 odst. 3;NA;3;NA;/2/1/3/11/4/;esel-esb:právní-akt-fragment/5706589;5706589;5706345;Odstavec_Dc;(3) Zahraničním právnickým osobám7) nebo zahraničním fyzickým osobám7) poskytuje pověřená osoba a účastník Národního programu vzorky genetických zdrojů pouze na základě mezinárodních smluv týkajících se genetických zdrojů, jimiž je Česká republika vázána,1) nebo na základě dodržení principu vzájemného poskytování stejných nebo obdobných výhod.;norms;"<a data-odkaz-id=""13485675"" href=""#""  class=""int_odkaz""><sup>7</sup>)</a>";7);13485675;int_odkaz;NA;NA;NA;NA;esel-esb:právní-akt-odkaz/13485675;<sup>7</sup>);POZNAMKA;119825;esel-esb:eli/cz/sb/2003/148/2014-01-01/dokument/poznamkypodcarou/ppc_7;119825;esel-esb:eli/cz/sb/2003/148/2014-01-01/dokument/norma/cast_1/hlava_2/par_19/odst_3;119825;2003/148;2003/148;2003/148;148/2003 Sb.
esel-esb:eli/cz/sb/2003/148/2017-07-01/dokument/norma/cast_1/hlava_2/par_19/odst_3;13134666;esel-esb:eli/cz/sb/2003/148/2017-07-01/dokument/norma/cast_1/hlava_2/par_19;§ 19 odst. 3;NA;3;NA;/2/1/3/11/4/;esel-esb:právní-akt-fragment/5706589;5706589;5706345;Odstavec_Dc;(3) Zahraničním právnickým osobám7) nebo zahraničním fyzickým osobám7) poskytuje pověřená osoba a účastník Národního programu vzorky genetických zdrojů pouze na základě mezinárodních smluv týkajících se genetických zdrojů, jimiž je Česká republika vázána,1) nebo na základě dodržení principu vzájemného poskytování stejných nebo obdobných výhod.;norms;"<a data-odkaz-id=""13485679"" href=""#""  class=""int_odkaz""><sup>7</sup>)</a>";7);13485679;int_odkaz;NA;NA;NA;NA;esel-esb:právní-akt-odkaz/13485679;<sup>7</sup>);POZNAMKA;119825;esel-esb:eli/cz/sb/2003/148/2014-01-01/dokument/poznamkypodcarou/ppc_7;119825;esel-esb:eli/cz/sb/2003/148/2014-01-01/dokument/norma/cast_1/hlava_2/par_19/odst_3;119825;2003/148;2003/148;2003/148;148/2003 Sb.
esel-esb:eli/cz/sb/2003/148/2017-07-01/dokument/norma/cast_1/hlava_2/par_19/odst_3;13134666;esel-esb:eli/cz/sb/2003/148/2017-07-01/dokument/norma/cast_1/hlava_2/par_19;§ 19 odst. 3;NA;3;NA;/2/1/3/11/4/;esel-esb:právní-akt-fragment/5706589;5706589;5706345;Odstavec_Dc;(3) Zahraničním právnickým osobám7) nebo zahraničním fyzickým osobám7) poskytuje pověřená osoba a účastník Národního programu vzorky genetických zdrojů pouze na základě mezinárodních smluv týkajících se genetických zdrojů, jimiž je Česká republika vázána,1) nebo na základě dodržení principu vzájemného poskytování stejných nebo obdobných výhod.;norms;"<a data-odkaz-id=""13485683"" href=""#""  class=""int_odkaz""><sup>1</sup>)</a>";1);13485683;int_odkaz;NA;NA;NA;NA;esel-esb:právní-akt-odkaz/13485683;<sup>1</sup>);POZNAMKA;119825;esel-esb:eli/cz/sb/2003/148/2014-01-01/dokument/poznamkypodcarou/ppc_1;119825;esel-esb:eli/cz/sb/2003/148/2014-01-01/dokument/norma/cast_1/hlava_2/par_19/odst_3;119825;2003/148;2003/148;2003/148;148/2003 Sb.
esel-esb:eli/cz/sb/2003/148/2017-07-01/dokument/norma/cast_1/hlava_2/par_20/frag_5706597;13134670;esel-esb:eli/cz/sb/2003/148/2017-07-01/dokument/norma/cast_1/hlava_2/par_20;NA;NA;NA;NA;/2/1/3/12/2/;esel-esb:právní-akt-fragment/5706597;5706597;5706353;Odstavec_Dc;Informace o genetických zdrojích zveřejňuje pověřená osoba na svých internetových stránkách prostřednictvím informačního systému o genetických zdrojích podle § 17 odst. 4 a v souladu s platnými mezinárodními dohodami14).;norms;"<a data-odkaz-id=""13485687"" href=""#""  class=""int_odkaz"">§ 17 odst. 4</a>";§ 17 odst. 4;13485687;int_odkaz;NA;NA;NA;NA;esel-esb:právní-akt-odkaz/13485687;§ 17 odst. 4;INTUSTAN;119825;esel-esb:eli/cz/sb/2003/148/2014-01-01/dokument/norma/cast_1/hlava_2/par_17/odst_4;119825;esel-esb:eli/cz/sb/2003/148/2014-01-01/dokument/norma/cast_1/hlava_2/par_20/frag_5706597;119825;2003/148;2003/148;2003/148;148/2003 Sb.
esel-esb:eli/cz/sb/2003/148/2017-07-01/dokument/norma/cast_1/hlava_2/par_20/frag_5706597;13134670;esel-esb:eli/cz/sb/2003/148/2017-07-01/dokument/norma/cast_1/hlava_2/par_20;NA;NA;NA;NA;/2/1/3/12/2/;esel-esb:právní-akt-fragment/5706597;5706597;5706353;Odstavec_Dc;Informace o genetických zdrojích zveřejňuje pověřená osoba na svých internetových stránkách prostřednictvím informačního systému o genetických zdrojích podle § 17 odst. 4 a v souladu s platnými mezinárodními dohodami14).;norms;"<a data-odkaz-id=""13485691"" href=""#""  class=""int_odkaz""><sup>14</sup>)</a>";14);13485691;int_odkaz;NA;NA;NA;NA;esel-esb:právní-akt-odkaz/13485691;<sup>14</sup>);POZNAMKA;119825;esel-esb:eli/cz/sb/2003/148/2014-01-01/dokument/poznamkypodcarou/ppc_14;119825;esel-esb:eli/cz/sb/2003/148/2014-01-01/dokument/norma/cast_1/hlava_2/par_20/frag_5706597;119825;2003/148;2003/148;2003/148;148/2003 Sb.
esel-esb:eli/cz/sb/2003/148/2017-07-01/dokument/norma/cast_1/hlava_3/par_21/odst_2/pism_c;13134678;esel-esb:eli/cz/sb/2003/148/2017-07-01/dokument/norma/cast_1/hlava_3/par_21/odst_2;§ 21 odst. 2 písm. c);NA;c;NA;/2/1/4/2/2/3/;esel-esb:právní-akt-fragment/5706369;5706369;5706369;Pismeno_Lb;c) vydává rozhodnutí podle § 5, § 7 až 9,;norms;"<a data-odkaz-id=""13483331"" href=""#""  class=""int_odkaz"">§ 5</a>";§ 5;13483331;int_odkaz;NA;NA;NA;NA;esel-esb:právní-akt-odkaz/13483331;§ 5;INTUSTAN;40511;esel-esb:eli/cz/sb/2003/148/0000-00-00/dokument/norma/cast_1/hlava_1/par_5;40511;esel-esb:eli/cz/sb/2003/148/0000-00-00/dokument/norma/cast_1/hlava_3/par_21/odst_2/pism_c;40511;2003/148;2003/148;2003/148;148/2003 Sb.
esel-esb:eli/cz/sb/2003/148/2017-07-01/dokument/norma/cast_1/hlava_3/par_21/odst_2/pism_c;13134678;esel-esb:eli/cz/sb/2003/148/2017-07-01/dokument/norma/cast_1/hlava_3/par_21/odst_2;§ 21 odst. 2 písm. c);NA;c;NA;/2/1/4/2/2/3/;esel-esb:právní-akt-fragment/5706369;5706369;5706369;Pismeno_Lb;c) vydává rozhodnutí podle § 5, § 7 až 9,;norms;"<a data-odkaz-id=""13483351"" href=""#""  class=""int_odkaz"">§ 7 až 9</a>";§ 7 až 9;13483351;int_odkaz;NA;NA;NA;NA;esel-esb:právní-akt-odkaz/13483351;§ 7 až 9;INTUSTAN;40511;esel-esb:eli/cz/sb/2003/148/0000-00-00/dokument/norma/cast_1/hlava_1/par_7;40511;esel-esb:eli/cz/sb/2003/148/0000-00-00/dokument/norma/cast_1/hlava_3/par_21/odst_2/pism_c;40511;2003/148;2003/148;2003/148;148/2003 Sb.
esel-esb:eli/cz/sb/2003/148/2017-07-01/dokument/norma/cast_1/hlava_3/par_21/odst_2/pism_f;13134681;esel-esb:eli/cz/sb/2003/148/2017-07-01/dokument/norma/cast_1/hlava_3/par_21/odst_2;§ 21 odst. 2 písm. f);NA;f;NA;/2/1/4/2/2/6/;esel-esb:právní-akt-fragment/5706375;5706375;5706375;Pismeno_Lb;f) ukládá zvláštní opatření podle § 24,;norms;"<a data-odkaz-id=""13483407"" href=""#""  class=""int_odkaz"">§ 24</a>";§ 24;13483407;int_odkaz;NA;NA;NA;NA;esel-esb:právní-akt-odkaz/13483407;§ 24;INTUSTAN;40511;esel-esb:eli/cz/sb/2003/148/0000-00-00/dokument/norma/cast_1/hlava_3/par_24;40511;esel-esb:eli/cz/sb/2003/148/0000-00-00/dokument/norma/cast_1/hlava_3/par_21/odst_2/pism_f;40511;2003/148;2003/148;2003/148;148/2003 Sb.
esel-esb:eli/cz/sb/2003/148/2017-07-01/dokument/norma/cast_1/hlava_3/par_21/odst_2/pism_g;13134682;esel-esb:eli/cz/sb/2003/148/2017-07-01/dokument/norma/cast_1/hlava_3/par_21/odst_2;§ 21 odst. 2 písm. g);NA;g;NA;/2/1/4/2/2/7/;esel-esb:právní-akt-fragment/5706377;5706377;5706377;Pismeno_Lb;g) poskytuje finanční prostředky podle § 25.;norms;"<a data-odkaz-id=""13483427"" href=""#""  class=""int_odkaz"">§ 25</a>";§ 25;13483427;int_odkaz;NA;NA;NA;NA;esel-esb:právní-akt-odkaz/13483427;§ 25;INTUSTAN;40511;esel-esb:eli/cz/sb/2003/148/0000-00-00/dokument/norma/cast_1/hlava_4/par_25;40511;esel-esb:eli/cz/sb/2003/148/0000-00-00/dokument/norma/cast_1/hlava_3/par_21/odst_2/pism_g;40511;2003/148;2003/148;2003/148;148/2003 Sb.
esel-esb:eli/cz/sb/2003/148/2017-07-01/dokument/norma/cast_1/hlava_3/par_22/odst_1/pism_a;13134686;esel-esb:eli/cz/sb/2003/148/2017-07-01/dokument/norma/cast_1/hlava_3/par_22/odst_1;§ 22 odst. 1 písm. a);NA;a;NA;/2/1/4/3/2/1/;esel-esb:právní-akt-fragment/5706385;5706385;5706385;Pismeno_Lb;a) nepředá pověřené osobě údaje o genetickém zdroji (§ 11 odst. 2) nebo výsledky hodnocení genetického zdroje (§ 12 odst. 2),;norms;"<a data-odkaz-id=""13483447"" href=""#""  class=""int_odkaz"">§ 11 odst. 2</a>";§ 11 odst. 2;13483447;int_odkaz;NA;NA;NA;NA;esel-esb:právní-akt-odkaz/13483447;§ 11 odst. 2;INTUSTAN;40511;esel-esb:eli/cz/sb/2003/148/0000-00-00/dokument/norma/cast_1/hlava_2/par_11/odst_2;40511;esel-esb:eli/cz/sb/2003/148/0000-00-00/dokument/norma/cast_1/hlava_3/par_22/odst_1/pism_a;40511;2003/148;2003/148;2003/148;148/2003 Sb.
esel-esb:eli/cz/sb/2003/148/2017-07-01/dokument/norma/cast_1/hlava_3/par_22/odst_1/pism_a;13134686;esel-esb:eli/cz/sb/2003/148/2017-07-01/dokument/norma/cast_1/hlava_3/par_22/odst_1;§ 22 odst. 1 písm. a);NA;a;NA;/2/1/4/3/2/1/;esel-esb:právní-akt-fragment/5706385;5706385;5706385;Pismeno_Lb;a) nepředá pověřené osobě údaje o genetickém zdroji (§ 11 odst. 2) nebo výsledky hodnocení genetického zdroje (§ 12 odst. 2),;norms;"<a data-odkaz-id=""13483467"" href=""#""  class=""int_odkaz"">§ 12 odst. 2</a>";§ 12 odst. 2;13483467;int_odkaz;NA;NA;NA;NA;esel-esb:právní-akt-odkaz/13483467;§ 12 odst. 2;INTUSTAN;40511;esel-esb:eli/cz/sb/2003/148/0000-00-00/dokument/norma/cast_1/hlava_2/par_12/odst_2;40511;esel-esb:eli/cz/sb/2003/148/0000-00-00/dokument/norma/cast_1/hlava_3/par_22/odst_1/pism_a;40511;2003/148;2003/148;2003/148;148/2003 Sb.
esel-esb:eli/cz/sb/2003/148/2017-07-01/dokument/norma/cast_1/hlava_3/par_22/odst_1/pism_b;13134687;esel-esb:eli/cz/sb/2003/148/2017-07-01/dokument/norma/cast_1/hlava_3/par_22/odst_1;§ 22 odst. 1 písm. b);NA;b;NA;/2/1/4/3/2/2/;esel-esb:právní-akt-fragment/5706387;5706387;5706387;Pismeno_Lb;b) neposkytne pověřené osobě vzorek genetického zdroje (§ 11 odst. 2 nebo § 13 odst. 3),;norms;"<a data-odkaz-id=""13483487"" href=""#""  class=""int_odkaz"">§ 11 odst. 2</a>";§ 11 odst. 2;13483487;int_odkaz;NA;NA;NA;NA;esel-esb:právní-akt-odkaz/13483487;§ 11 odst. 2;INTUSTAN;40511;esel-esb:eli/cz/sb/2003/148/0000-00-00/dokument/norma/cast_1/hlava_2/par_11/odst_2;40511;esel-esb:eli/cz/sb/2003/148/0000-00-00/dokument/norma/cast_1/hlava_3/par_22/odst_1/pism_b;40511;2003/148;2003/148;2003/148;148/2003 Sb.
esel-esb:eli/cz/sb/2003/148/2017-07-01/dokument/norma/cast_1/hlava_3/par_22/odst_1/pism_b;13134687;esel-esb:eli/cz/sb/2003/148/2017-07-01/dokument/norma/cast_1/hlava_3/par_22/odst_1;§ 22 odst. 1 písm. b);NA;b;NA;/2/1/4/3/2/2/;esel-esb:právní-akt-fragment/5706387;5706387;5706387;Pismeno_Lb;b) neposkytne pověřené osobě vzorek genetického zdroje (§ 11 odst. 2 nebo § 13 odst. 3),;norms;"<a data-odkaz-id=""13483507"" href=""#""  class=""int_odkaz"">§ 13 odst. 3</a>";§ 13 odst. 3;13483507;int_odkaz;NA;NA;NA;NA;esel-esb:právní-akt-odkaz/13483507;§ 13 odst. 3;INTUSTAN;40511;esel-esb:eli/cz/sb/2003/148/0000-00-00/dokument/norma/cast_1/hlava_2/par_13/odst_3;40511;esel-esb:eli/cz/sb/2003/148/0000-00-00/dokument/norma/cast_1/hlava_3/par_22/odst_1/pism_b;40511;2003/148;2003/148;2003/148;148/2003 Sb.
esel-esb:eli/cz/sb/2003/148/2017-07-01/dokument/norma/cast_1/hlava_3/par_22/odst_1/pism_c;13134688;esel-esb:eli/cz/sb/2003/148/2017-07-01/dokument/norma/cast_1/hlava_3/par_22/odst_1;§ 22 odst. 1 písm. c);NA;c;NA;/2/1/4/3/2/3/;esel-esb:právní-akt-fragment/5706389;5706389;5706389;Pismeno_Lb;c) nehodnotí řádně genetické zdroje a kolekce genetických zdrojů (§ 12 odst. 1),;norms;"<a data-odkaz-id=""13483527"" href=""#""  class=""int_odkaz"">§ 12 odst. 1</a>";§ 12 odst. 1;13483527;int_odkaz;NA;NA;NA;NA;esel-esb:právní-akt-odkaz/13483527;§ 12 odst. 1;INTUSTAN;40511;esel-esb:eli/cz/sb/2003/148/0000-00-00/dokument/norma/cast_1/hlava_2/par_12/odst_1;40511;esel-esb:eli/cz/sb/2003/148/0000-00-00/dokument/norma/cast_1/hlava_3/par_22/odst_1/pism_c;40511;2003/148;2003/148;2003/148;148/2003 Sb.
esel-esb:eli/cz/sb/2003/148/2017-07-01/dokument/norma/cast_1/hlava_3/par_22/odst_1/pism_d;13134689;esel-esb:eli/cz/sb/2003/148/2017-07-01/dokument/norma/cast_1/hlava_3/par_22/odst_1;§ 22 odst. 1 písm. d);NA;d;NA;/2/1/4/3/2/4/;esel-esb:právní-akt-fragment/5706391;5706391;5706391;Pismeno_Lb;d) nevede řádně dokumentaci o genetických zdrojích (§ 17 odst. 1),;norms;"<a data-odkaz-id=""13483547"" href=""#""  class=""int_odkaz"">§ 17 odst. 1</a>";§ 17 odst. 1;13483547;int_odkaz;NA;NA;NA;NA;esel-esb:právní-akt-odkaz/13483547;§ 17 odst. 1;INTUSTAN;40511;esel-esb:eli/cz/sb/2003/148/0000-00-00/dokument/norma/cast_1/hlava_2/par_17/odst_1;40511;esel-esb:eli/cz/sb/2003/148/0000-00-00/dokument/norma/cast_1/hlava_3/par_22/odst_1/pism_d;40511;2003/148;2003/148;2003/148;148/2003 Sb.
esel-esb:eli/cz/sb/2003/148/2017-07-01/dokument/norma/cast_1/hlava_3/par_22/odst_1/pism_e;13134690;esel-esb:eli/cz/sb/2003/148/2017-07-01/dokument/norma/cast_1/hlava_3/par_22/odst_1;§ 22 odst. 1 písm. e);NA;e;NA;/2/1/4/3/2/5/;esel-esb:právní-akt-fragment/5706393;5706393;5706393;Pismeno_Lb;e) neoznámí pověřené osobě změnu údajů týkajících se genetického zdroje [§ 13 odst. 2 písm. b)], nebo jejich ohrožení (§ 13 odst. 3),;norms;"<a data-odkaz-id=""13483567"" href=""#""  class=""int_odkaz"">§ 13 odst. 2 písm. b)</a>";§ 13 odst. 2 písm. b);13483567;int_odkaz;NA;NA;NA;NA;esel-esb:právní-akt-odkaz/13483567;§ 13 odst. 2 písm. b);INTUSTAN;40511;esel-esb:eli/cz/sb/2003/148/0000-00-00/dokument/norma/cast_1/hlava_2/par_13/odst_2/pism_b;40511;esel-esb:eli/cz/sb/2003/148/0000-00-00/dokument/norma/cast_1/hlava_3/par_22/odst_1/pism_e;40511;2003/148;2003/148;2003/148;148/2003 Sb.
esel-esb:eli/cz/sb/2003/148/2017-07-01/dokument/norma/cast_1/hlava_3/par_22/odst_1/pism_e;13134690;esel-esb:eli/cz/sb/2003/148/2017-07-01/dokument/norma/cast_1/hlava_3/par_22/odst_1;§ 22 odst. 1 písm. e);NA;e;NA;/2/1/4/3/2/5/;esel-esb:právní-akt-fragment/5706393;5706393;5706393;Pismeno_Lb;e) neoznámí pověřené osobě změnu údajů týkajících se genetického zdroje [§ 13 odst. 2 písm. b)], nebo jejich ohrožení (§ 13 odst. 3),;norms;"<a data-odkaz-id=""13483587"" href=""#""  class=""int_odkaz"">§ 13 odst. 3</a>";§ 13 odst. 3;13483587;int_odkaz;NA;NA;NA;NA;esel-esb:právní-akt-odkaz/13483587;§ 13 odst. 3;INTUSTAN;40511;esel-esb:eli/cz/sb/2003/148/0000-00-00/dokument/norma/cast_1/hlava_2/par_13/odst_3;40511;esel-esb:eli/cz/sb/2003/148/0000-00-00/dokument/norma/cast_1/hlava_3/par_22/odst_1/pism_e;40511;2003/148;2003/148;2003/148;148/2003 Sb.
esel-esb:eli/cz/sb/2003/148/2017-07-01/dokument/norma/cast_1/hlava_3/par_22/odst_1/pism_f;13134691;esel-esb:eli/cz/sb/2003/148/2017-07-01/dokument/norma/cast_1/hlava_3/par_22/odst_1;§ 22 odst. 1 písm. f);NA;f;NA;/2/1/4/3/2/6/;esel-esb:právní-akt-fragment/5706395;5706395;5706395;Pismeno_Lb;f) neprovádí inventarizaci vzorků genetických zdrojů (§ 18 odst. 1),;norms;"<a data-odkaz-id=""13483607"" href=""#""  class=""int_odkaz"">§ 18 odst. 1</a>";§ 18 odst. 1;13483607;int_odkaz;NA;NA;NA;NA;esel-esb:právní-akt-odkaz/13483607;§ 18 odst. 1;INTUSTAN;40511;esel-esb:eli/cz/sb/2003/148/0000-00-00/dokument/norma/cast_1/hlava_2/par_18/odst_1;40511;esel-esb:eli/cz/sb/2003/148/0000-00-00/dokument/norma/cast_1/hlava_3/par_22/odst_1/pism_f;40511;2003/148;2003/148;2003/148;148/2003 Sb.
esel-esb:eli/cz/sb/2003/148/2017-07-01/dokument/norma/cast_1/hlava_3/par_22/odst_1/pism_g;13134692;esel-esb:eli/cz/sb/2003/148/2017-07-01/dokument/norma/cast_1/hlava_3/par_22/odst_1;§ 22 odst. 1 písm. g);NA;g;NA;/2/1/4/3/2/7/;esel-esb:právní-akt-fragment/5706397;5706397;5706397;Pismeno_Lb;g) nepředá veškerou dokumentaci o genetických zdrojích pověřené osobě podle § 17 odst. 7 nebo nepředá vzorky genetických zdrojů podle § 9 odst. 5 nebo § 17 odst. 8, nebo;norms;"<a data-odkaz-id=""13483627"" href=""#""  class=""int_odkaz"">§ 17 odst. 7</a>";§ 17 odst. 7;13483627;int_odkaz;NA;NA;NA;NA;esel-esb:právní-akt-odkaz/13483627;§ 17 odst. 7;INTUSTAN;40511;esel-esb:eli/cz/sb/2003/148/0000-00-00/dokument/norma/cast_1/hlava_2/par_17/odst_7;40511;esel-esb:eli/cz/sb/2003/148/0000-00-00/dokument/norma/cast_1/hlava_3/par_22/odst_1/pism_g;40511;2003/148;2003/148;2003/148;148/2003 Sb.
esel-esb:eli/cz/sb/2003/148/2017-07-01/dokument/norma/cast_1/hlava_3/par_22/odst_1/pism_g;13134692;esel-esb:eli/cz/sb/2003/148/2017-07-01/dokument/norma/cast_1/hlava_3/par_22/odst_1;§ 22 odst. 1 písm. g);NA;g;NA;/2/1/4/3/2/7/;esel-esb:právní-akt-fragment/5706397;5706397;5706397;Pismeno_Lb;g) nepředá veškerou dokumentaci o genetických zdrojích pověřené osobě podle § 17 odst. 7 nebo nepředá vzorky genetických zdrojů podle § 9 odst. 5 nebo § 17 odst. 8, nebo;norms;"<a data-odkaz-id=""13483647"" href=""#""  class=""int_odkaz"">§ 9 odst. 5</a>";§ 9 odst. 5;13483647;int_odkaz;NA;NA;NA;NA;esel-esb:právní-akt-odkaz/13483647;§ 9 odst. 5;INTUSTAN;40511;esel-esb:eli/cz/sb/2003/148/0000-00-00/dokument/norma/cast_1/hlava_1/par_9/odst_5;40511;esel-esb:eli/cz/sb/2003/148/0000-00-00/dokument/norma/cast_1/hlava_3/par_22/odst_1/pism_g;40511;2003/148;2003/148;2003/148;148/2003 Sb.
esel-esb:eli/cz/sb/2003/148/2017-07-01/dokument/norma/cast_1/hlava_3/par_22/odst_1/pism_g;13134692;esel-esb:eli/cz/sb/2003/148/2017-07-01/dokument/norma/cast_1/hlava_3/par_22/odst_1;§ 22 odst. 1 písm. g);NA;g;NA;/2/1/4/3/2/7/;esel-esb:právní-akt-fragment/5706397;5706397;5706397;Pismeno_Lb;g) nepředá veškerou dokumentaci o genetických zdrojích pověřené osobě podle § 17 odst. 7 nebo nepředá vzorky genetických zdrojů podle § 9 odst. 5 nebo § 17 odst. 8, nebo;norms;"<a data-odkaz-id=""13483667"" href=""#""  class=""int_odkaz"">§ 17 odst. 8</a>";§ 17 odst. 8;13483667;int_odkaz;NA;NA;NA;NA;esel-esb:právní-akt-odkaz/13483667;§ 17 odst. 8;INTUSTAN;40511;esel-esb:eli/cz/sb/2003/148/0000-00-00/dokument/norma/cast_1/hlava_2/par_17/odst_8;40511;esel-esb:eli/cz/sb/2003/148/0000-00-00/dokument/norma/cast_1/hlava_3/par_22/odst_1/pism_g;40511;2003/148;2003/148;2003/148;148/2003 Sb.
esel-esb:eli/cz/sb/2003/148/2017-07-01/dokument/norma/cast_1/hlava_3/par_22/odst_1/pism_h;13134693;esel-esb:eli/cz/sb/2003/148/2017-07-01/dokument/norma/cast_1/hlava_3/par_22/odst_1;§ 22 odst. 1 písm. h);NA;h;NA;/2/1/4/3/2/8/;esel-esb:právní-akt-fragment/5706399;5706399;5706399;Pismeno_Lb;h) poskytuje za úplatu vzorky genetických zdrojů pro účely šlechtění, výzkumu a vzdělávání (§ 19 odst. 2).;norms;"<a data-odkaz-id=""13483687"" href=""#""  class=""int_odkaz"">§ 19 odst. 2</a>";§ 19 odst. 2;13483687;int_odkaz;NA;NA;NA;NA;esel-esb:právní-akt-odkaz/13483687;§ 19 odst. 2;INTUSTAN;40511;esel-esb:eli/cz/sb/2003/148/0000-00-00/dokument/norma/cast_1/hlava_2/par_19/odst_2;40511;esel-esb:eli/cz/sb/2003/148/0000-00-00/dokument/norma/cast_1/hlava_3/par_22/odst_1/pism_h;40511;2003/148;2003/148;2003/148;148/2003 Sb.
esel-esb:eli/cz/sb/2003/148/2017-07-01/dokument/norma/cast_1/hlava_3/par_22/odst_2/pism_a;13134695;esel-esb:eli/cz/sb/2003/148/2017-07-01/dokument/norma/cast_1/hlava_3/par_22/odst_2;§ 22 odst. 2 písm. a);NA;a;NA;/2/1/4/3/3/1/;esel-esb:právní-akt-fragment/5706615;5706615;5706403;Pismeno_Lb;a) nechrání genetický zdroj rostlin ve všech jeho podzemních a nadzemních částech a ve všech jeho vývojových stádiích [§ 13 odst. 2 písm. a)],;norms;"<a data-odkaz-id=""13944339"" href=""#""  class=""int_odkaz"">§ 13 odst. 2 písm. a)</a>";§ 13 odst. 2 písm. a);13944339;int_odkaz;NA;NA;NA;NA;esel-esb:právní-akt-odkaz/13944339;§ 13 odst. 2 písm. a);INTUSTAN;119827;esel-esb:eli/cz/sb/2003/148/2017-07-01/dokument/norma/cast_1/hlava_2/par_13/odst_2/pism_a;119827;esel-esb:eli/cz/sb/2003/148/2017-07-01/dokument/norma/cast_1/hlava_3/par_22/odst_2/pism_a;119827;2003/148;2003/148;2003/148;148/2003 Sb.
esel-esb:eli/cz/sb/2003/148/2017-07-01/dokument/norma/cast_1/hlava_3/par_22/odst_2/pism_b;13134696;esel-esb:eli/cz/sb/2003/148/2017-07-01/dokument/norma/cast_1/hlava_3/par_22/odst_2;§ 22 odst. 2 písm. b);NA;b;NA;/2/1/4/3/3/2/;esel-esb:právní-akt-fragment/5706617;5706617;5706405;Pismeno_Lb;b) nechrání genetický zdroj mikroorganismu a nebo jej neuchovává (§ 15 odst. 2), nebo;norms;"<a data-odkaz-id=""13944341"" href=""#""  class=""int_odkaz"">§ 15 odst. 2</a>";§ 15 odst. 2;13944341;int_odkaz;NA;NA;NA;NA;esel-esb:právní-akt-odkaz/13944341;§ 15 odst. 2;INTUSTAN;119827;esel-esb:eli/cz/sb/2003/148/2017-07-01/dokument/norma/cast_1/hlava_2/par_15/odst_2;119827;esel-esb:eli/cz/sb/2003/148/2017-07-01/dokument/norma/cast_1/hlava_3/par_22/odst_2/pism_b;119827;2003/148;2003/148;2003/148;148/2003 Sb.
esel-esb:eli/cz/sb/2003/148/2017-07-01/dokument/norma/cast_1/hlava_3/par_22/odst_2/pism_c;13134697;esel-esb:eli/cz/sb/2003/148/2017-07-01/dokument/norma/cast_1/hlava_3/par_22/odst_2;§ 22 odst. 2 písm. c);NA;c;NA;/2/1/4/3/3/3/;esel-esb:právní-akt-fragment/5706619;5706619;5706407;Pismeno_Lb;c) nezajistí uchování ohroženého vzorku genetického zdroje nebo kolekce genetických zdrojů (§ 18 odst. 2).;norms;"<a data-odkaz-id=""13944343"" href=""#""  class=""int_odkaz"">§ 18 odst. 2</a>";§ 18 odst. 2;13944343;int_odkaz;NA;NA;NA;NA;esel-esb:právní-akt-odkaz/13944343;§ 18 odst. 2;INTUSTAN;119827;esel-esb:eli/cz/sb/2003/148/2017-07-01/dokument/norma/cast_1/hlava_2/par_18/odst_2;119827;esel-esb:eli/cz/sb/2003/148/2017-07-01/dokument/norma/cast_1/hlava_3/par_22/odst_2/pism_c;119827;2003/148;2003/148;2003/148;148/2003 Sb.
esel-esb:eli/cz/sb/2003/148/2017-07-01/dokument/norma/cast_1/hlava_3/par_22/odst_3/pism_a;13134699;esel-esb:eli/cz/sb/2003/148/2017-07-01/dokument/norma/cast_1/hlava_3/par_22/odst_3;§ 22 odst. 3 písm. a);NA;a;NA;/2/1/4/3/4/1/;esel-esb:právní-akt-fragment/5706623;5706623;5706623;Pismeno_Lb;a) 100 000 Kč, jde-li o přestupek podle odstavce 1, nebo;norms;"<a data-odkaz-id=""13944345"" href=""#""  class=""int_odkaz"">odstavce 1</a>";odstavce 1;13944345;int_odkaz;NA;NA;NA;NA;esel-esb:právní-akt-odkaz/13944345;odstavce 1;INTUSTAN;119827;esel-esb:eli/cz/sb/2003/148/2017-07-01/dokument/norma/cast_1/hlava_3/par_22/odst_1;119827;esel-esb:eli/cz/sb/2003/148/2017-07-01/dokument/norma/cast_1/hlava_3/par_22/odst_3/pism_a;119827;2003/148;2003/148;2003/148;148/2003 Sb.
esel-esb:eli/cz/sb/2003/148/2017-07-01/dokument/norma/cast_1/hlava_3/par_22/odst_3/pism_b;13134700;esel-esb:eli/cz/sb/2003/148/2017-07-01/dokument/norma/cast_1/hlava_3/par_22/odst_3;§ 22 odst. 3 písm. b);NA;b;NA;/2/1/4/3/4/2/;esel-esb:právní-akt-fragment/5706625;5706625;5706625;Pismeno_Lb;b) 200 000 Kč, jde-li o přestupek podle odstavce 2.;norms;"<a data-odkaz-id=""13944347"" href=""#""  class=""int_odkaz"">odstavce 2.</a>";odstavce 2.;13944347;int_odkaz;NA;NA;NA;NA;esel-esb:právní-akt-odkaz/13944347;odstavce 2.;INTUSTAN;119827;esel-esb:eli/cz/sb/2003/148/2017-07-01/dokument/norma/cast_1/hlava_3/par_22/odst_2;119827;esel-esb:eli/cz/sb/2003/148/2017-07-01/dokument/norma/cast_1/hlava_3/par_22/odst_3/pism_b;119827;2003/148;2003/148;2003/148;148/2003 Sb.
esel-esb:eli/cz/sb/2003/148/2017-07-01/dokument/norma/cast_1/hlava_3/par_22/odst_4;13134701;esel-esb:eli/cz/sb/2003/148/2017-07-01/dokument/norma/cast_1/hlava_3/par_22;§ 22 odst. 4;NA;4;NA;/2/1/4/3/5/;esel-esb:právní-akt-fragment/5706627;5706627;5706411;Odstavec_Dc;(4) Je-li přestupek podle tohoto zákona spáchán opakovaně po nabytí právní moci rozhodnutí o přestupku, uloží se pokuta do dvojnásobku horní hranice sazeb uvedených v odstavci 3. Přestupek je spáchán opakovaně, jestliže od nabytí právní moci rozhodnutí o stejném přestupku, z něhož byl obviněný uznán vinným, do jeho spáchání neuplynulo 12 měsíců.;norms;"<a data-odkaz-id=""13944349"" href=""#""  class=""int_odkaz"">odstavci 3.</a>";odstavci 3.;13944349;int_odkaz;NA;NA;NA;NA;esel-esb:právní-akt-odkaz/13944349;odstavci 3.;INTUSTAN;119827;esel-esb:eli/cz/sb/2003/148/2017-07-01/dokument/norma/cast_1/hlava_3/par_22/odst_3;119827;esel-esb:eli/cz/sb/2003/148/2017-07-01/dokument/norma/cast_1/hlava_3/par_22/odst_4;119827;2003/148;2003/148;2003/148;148/2003 Sb.
esel-esb:eli/cz/sb/2003/148/2017-07-01/dokument/norma/cast_1/hlava_4/par_25/odst_2;13134713;esel-esb:eli/cz/sb/2003/148/2017-07-01/dokument/norma/cast_1/hlava_4/par_25;§ 25 odst. 2;NA;2;NA;/2/1/5/2/3/;esel-esb:právní-akt-fragment/5706451;5706451;5706451;Odstavec_Dc;(2) Pověřené osobě jsou finanční prostředky podle odstavce 1 poskytovány v rámci finančních vztahů stanovených ministerstvem.10);norms;"<a data-odkaz-id=""13483829"" href=""#""  class=""int_odkaz"">odstavce 1</a>";odstavce 1;13483829;int_odkaz;NA;NA;NA;NA;esel-esb:právní-akt-odkaz/13483829;odstavce 1;INTUSTAN;40511;esel-esb:eli/cz/sb/2003/148/0000-00-00/dokument/norma/cast_1/hlava_4/par_25/odst_1;40511;esel-esb:eli/cz/sb/2003/148/0000-00-00/dokument/norma/cast_1/hlava_4/par_25/odst_2;40511;2003/148;2003/148;2003/148;148/2003 Sb.
esel-esb:eli/cz/sb/2003/148/2017-07-01/dokument/norma/cast_1/hlava_4/par_25/odst_2;13134713;esel-esb:eli/cz/sb/2003/148/2017-07-01/dokument/norma/cast_1/hlava_4/par_25;§ 25 odst. 2;NA;2;NA;/2/1/5/2/3/;esel-esb:právní-akt-fragment/5706451;5706451;5706451;Odstavec_Dc;(2) Pověřené osobě jsou finanční prostředky podle odstavce 1 poskytovány v rámci finančních vztahů stanovených ministerstvem.10);norms;"<a data-odkaz-id=""13483849"" href=""#""  class=""int_odkaz""><sup>10</sup>)</a>";10);13483849;int_odkaz;NA;NA;NA;NA;esel-esb:právní-akt-odkaz/13483849;<sup>10</sup>);POZNAMKA;40511;esel-esb:eli/cz/sb/2003/148/0000-00-00/dokument/poznamkypodcarou/ppc_10;40511;esel-esb:eli/cz/sb/2003/148/0000-00-00/dokument/norma/cast_1/hlava_4/par_25/odst_2;40511;2003/148;2003/148;2003/148;148/2003 Sb.
esel-esb:eli/cz/sb/2003/148/2017-07-01/dokument/norma/cast_1/hlava_4/par_25/odst_3;13134714;esel-esb:eli/cz/sb/2003/148/2017-07-01/dokument/norma/cast_1/hlava_4/par_25;§ 25 odst. 3;NA;3;NA;/2/1/5/2/4/;esel-esb:právní-akt-fragment/5706601;5706601;5706453;Odstavec_Dc;"(3) Účastníkovi Národního programu jsou finanční prostředky podle odstavce 1 poskytovány formou dotací;11) na poskytování dotací je právní nárok.";norms;"<a data-odkaz-id=""13485695"" href=""#""  class=""int_odkaz"">odstavce 1</a>";odstavce 1;13485695;int_odkaz;NA;NA;NA;NA;esel-esb:právní-akt-odkaz/13485695;odstavce 1;INTUSTAN;119825;esel-esb:eli/cz/sb/2003/148/2014-01-01/dokument/norma/cast_1/hlava_4/par_25/odst_1;119825;esel-esb:eli/cz/sb/2003/148/2014-01-01/dokument/norma/cast_1/hlava_4/par_25/odst_3;119825;2003/148;2003/148;2003/148;148/2003 Sb.
esel-esb:eli/cz/sb/2003/148/2017-07-01/dokument/norma/cast_1/hlava_4/par_25/odst_3;13134714;esel-esb:eli/cz/sb/2003/148/2017-07-01/dokument/norma/cast_1/hlava_4/par_25;§ 25 odst. 3;NA;3;NA;/2/1/5/2/4/;esel-esb:právní-akt-fragment/5706601;5706601;5706453;Odstavec_Dc;"(3) Účastníkovi Národního programu jsou finanční prostředky podle odstavce 1 poskytovány formou dotací;11) na poskytování dotací je právní nárok.";norms;"<a data-odkaz-id=""13485699"" href=""#""  class=""int_odkaz""><sup>11</sup>)</a>";11);13485699;int_odkaz;NA;NA;NA;NA;esel-esb:právní-akt-odkaz/13485699;<sup>11</sup>);POZNAMKA;119825;esel-esb:eli/cz/sb/2003/148/2014-01-01/dokument/poznamkypodcarou/ppc_11;119825;esel-esb:eli/cz/sb/2003/148/2014-01-01/dokument/norma/cast_1/hlava_4/par_25/odst_3;119825;2003/148;2003/148;2003/148;148/2003 Sb.
esel-esb:eli/cz/sb/2003/148/2017-07-01/dokument/norma/cast_1/hlava_4/par_27/pism_a;13134721;esel-esb:eli/cz/sb/2003/148/2017-07-01/dokument/norma/cast_1/hlava_4/par_27/frag_5706465;§ 27 písm. a);NA;a;NA;/2/1/5/4/2/1/;esel-esb:právní-akt-fragment/5706467;5706467;5706467;Pismeno_Lb;a) rozsah odborných a technických předpokladů pro shromažďování, hodnocení, dokumentaci a konzervaci genetických zdrojů a kolekcí genetických zdrojů, včetně druhu dokladů, kterými může žadatel osvědčit splnění stanoveného rozsahu požadovaných odborných a technických předpokladů (§ 4 odst. 5),;norms;"<a data-odkaz-id=""13483901"" href=""#""  class=""int_odkaz"">§ 4 odst. 5</a>";§ 4 odst. 5;13483901;int_odkaz;NA;NA;NA;NA;esel-esb:právní-akt-odkaz/13483901;§ 4 odst. 5;INTUSTAN;40511;esel-esb:eli/cz/sb/2003/148/0000-00-00/dokument/norma/cast_1/hlava_1/par_4/odst_5;40511;esel-esb:eli/cz/sb/2003/148/0000-00-00/dokument/norma/cast_1/hlava_4/par_27/pism_a;40511;2003/148;2003/148;2003/148;148/2003 Sb.
esel-esb:eli/cz/sb/2003/148/2017-07-01/dokument/norma/cast_1/hlava_4/par_27/pism_b;13134722;esel-esb:eli/cz/sb/2003/148/2017-07-01/dokument/norma/cast_1/hlava_4/par_27/frag_5706465;§ 27 písm. b);NA;b;NA;/2/1/5/4/2/2/;esel-esb:právní-akt-fragment/5706469;5706469;5706469;Pismeno_Lb;b) velikost vzorku genetického zdroje a rozsah údajů, které o genetickém zdroji poskytne účastník Národního programu pověřené osobě na její písemnou výzvu (§ 11 odst. 3),;norms;"<a data-odkaz-id=""13483921"" href=""#""  class=""int_odkaz"">§ 11 odst. 3</a>";§ 11 odst. 3;13483921;int_odkaz;NA;NA;NA;NA;esel-esb:právní-akt-odkaz/13483921;§ 11 odst. 3;INTUSTAN;40511;esel-esb:eli/cz/sb/2003/148/0000-00-00/dokument/norma/cast_1/hlava_2/par_11/odst_3;40511;esel-esb:eli/cz/sb/2003/148/0000-00-00/dokument/norma/cast_1/hlava_4/par_27/pism_b;40511;2003/148;2003/148;2003/148;148/2003 Sb.
esel-esb:eli/cz/sb/2003/148/2017-07-01/dokument/norma/cast_1/hlava_4/par_27/pism_c;13134723;esel-esb:eli/cz/sb/2003/148/2017-07-01/dokument/norma/cast_1/hlava_4/par_27/frag_5706465;§ 27 písm. c);NA;c;NA;/2/1/5/4/2/3/;esel-esb:právní-akt-fragment/5706471;5706471;5706471;Pismeno_Lb;c) rozsah a způsob hodnocení genetických zdrojů (§ 12 odst. 1),;norms;"<a data-odkaz-id=""13483941"" href=""#""  class=""int_odkaz"">§ 12 odst. 1</a>";§ 12 odst. 1;13483941;int_odkaz;NA;NA;NA;NA;esel-esb:právní-akt-odkaz/13483941;§ 12 odst. 1;INTUSTAN;40511;esel-esb:eli/cz/sb/2003/148/0000-00-00/dokument/norma/cast_1/hlava_2/par_12/odst_1;40511;esel-esb:eli/cz/sb/2003/148/0000-00-00/dokument/norma/cast_1/hlava_4/par_27/pism_c;40511;2003/148;2003/148;2003/148;148/2003 Sb.
esel-esb:eli/cz/sb/2003/148/2017-07-01/dokument/norma/cast_1/hlava_4/par_27/pism_d;13134724;esel-esb:eli/cz/sb/2003/148/2017-07-01/dokument/norma/cast_1/hlava_4/par_27/frag_5706465;§ 27 písm. d);NA;d;NA;/2/1/5/4/2/4/;esel-esb:právní-akt-fragment/5706473;5706473;5706473;Pismeno_Lb;d) rozsah a způsob vedení dokumentace účastníkem Národního programu (§ 17 odst. 3),;norms;"<a data-odkaz-id=""13483961"" href=""#""  class=""int_odkaz"">§ 17 odst. 3</a>";§ 17 odst. 3;13483961;int_odkaz;NA;NA;NA;NA;esel-esb:právní-akt-odkaz/13483961;§ 17 odst. 3;INTUSTAN;40511;esel-esb:eli/cz/sb/2003/148/0000-00-00/dokument/norma/cast_1/hlava_2/par_17/odst_3;40511;esel-esb:eli/cz/sb/2003/148/0000-00-00/dokument/norma/cast_1/hlava_4/par_27/pism_d;40511;2003/148;2003/148;2003/148;148/2003 Sb.
esel-esb:eli/cz/sb/2003/148/2017-07-01/dokument/norma/cast_1/hlava_4/par_27/pism_e;13134725;esel-esb:eli/cz/sb/2003/148/2017-07-01/dokument/norma/cast_1/hlava_4/par_27/frag_5706465;§ 27 písm. e);NA;e;NA;/2/1/5/4/2/5/;esel-esb:právní-akt-fragment/5706475;5706475;5706475;Pismeno_Lb;e) velikost vzorků poskytovaných pro účely šlechtění, výzkumu a vzdělávání (§ 19 odst. 4).;norms;"<a data-odkaz-id=""13483981"" href=""#""  class=""int_odkaz"">§ 19 odst. 4</a>";§ 19 odst. 4;13483981;int_odkaz;NA;NA;NA;NA;esel-esb:právní-akt-odkaz/13483981;§ 19 odst. 4;INTUSTAN;40511;esel-esb:eli/cz/sb/2003/148/0000-00-00/dokument/norma/cast_1/hlava_2/par_19/odst_4;40511;esel-esb:eli/cz/sb/2003/148/0000-00-00/dokument/norma/cast_1/hlava_4/par_27/pism_e;40511;2003/148;2003/148;2003/148;148/2003 Sb.
esel-esb:eli/cz/sb/2003/148/2017-07-01/dokument/norma/cast_1/hlava_4/par_28/frag_5706481;13134728;esel-esb:eli/cz/sb/2003/148/2017-07-01/dokument/norma/cast_1/hlava_4/par_28;NA;NA;NA;NA;/2/1/5/5/2/;esel-esb:právní-akt-fragment/5706481;5706481;5706481;Odstavec_Dc;Není-li v tomto zákoně stanoveno jinak, vztahuje se na řízení podle tohoto zákona správní řád.;norms;"<a data-odkaz-id=""13484001"" href=""#""  class=""ext_odkaz"">správní řád</a>";správní řád;13484001;ext_odkaz;NA;NA;NA;NA;esel-esb:právní-akt-odkaz/13484001;správní řád;JINYPRED;76207;esel-esb:eli/cz/sb/1967/71/2002-07-01/dokument;40511;esel-esb:eli/cz/sb/2003/148/0000-00-00/dokument/norma/cast_1/hlava_4/par_28/frag_5706481;40511;2003/148;1967/71;2003/148;148/2003 Sb.
esel-esb:eli/cz/sb/2003/148/2017-07-01/dokument/norma/cast_1/hlava_4/par_29/odst_1;13134731;esel-esb:eli/cz/sb/2003/148/2017-07-01/dokument/norma/cast_1/hlava_4/par_29;§ 29 odst. 1;NA;1;NA;/2/1/5/6/2/;esel-esb:právní-akt-fragment/5706487;5706487;5706487;Odstavec_Dc;(1) Tímto zákonem nejsou dotčena práva a povinnosti stanovené zvláštními právními předpisy.12);norms;"<a data-odkaz-id=""13484021"" href=""#""  class=""int_odkaz""><sup>12</sup>)</a>";12);13484021;int_odkaz;NA;NA;NA;NA;esel-esb:právní-akt-odkaz/13484021;<sup>12</sup>);POZNAMKA;40511;esel-esb:eli/cz/sb/2003/148/0000-00-00/dokument/poznamkypodcarou/ppc_12;40511;esel-esb:eli/cz/sb/2003/148/0000-00-00/dokument/norma/cast_1/hlava_4/par_29/odst_1;40511;2003/148;2003/148;2003/148;148/2003 Sb.
esel-esb:eli/cz/sb/2003/148/2017-07-01/dokument/norma/cast_1/hlava_4/par_29/odst_2;13134732;esel-esb:eli/cz/sb/2003/148/2017-07-01/dokument/norma/cast_1/hlava_4/par_29;§ 29 odst. 2;NA;2;NA;/2/1/5/6/3/;esel-esb:právní-akt-fragment/5706489;5706489;5706489;Odstavec_Dc;(2) Při shromažďování, uchovávání, zpřístupňování, předávání a jiném zpracování osobních údajů účastníka Národního programu se postupuje podle zvláštního právního předpisu.13);norms;"<a data-odkaz-id=""13484041"" href=""#""  class=""int_odkaz""><sup>13</sup>)</a>";13);13484041;int_odkaz;NA;NA;NA;NA;esel-esb:právní-akt-odkaz/13484041;<sup>13</sup>);POZNAMKA;40511;esel-esb:eli/cz/sb/2003/148/0000-00-00/dokument/poznamkypodcarou/ppc_13;40511;esel-esb:eli/cz/sb/2003/148/0000-00-00/dokument/norma/cast_1/hlava_4/par_29/odst_2;40511;2003/148;2003/148;2003/148;148/2003 Sb.
esel-esb:eli/cz/sb/2003/148/2017-07-01/dokument/poznamkypodcarou/ppc_1;13134761;esel-esb:eli/cz/sb/2003/148/2017-07-01/dokument/poznamkypodcarou;pozn. 1;NA;1;NA;/5/1/;esel-esb:právní-akt-fragment/5706543;5706543;5706543;PPC;1) Sdělení Ministerstva zahraničních věcí č. 134/1999 Sb., o sjednání Úmluvy o biologické rozmanitosti.;notes;"<a data-odkaz-id=""13485051"" href=""#""  class=""ext_odkaz"">Sdělení Ministerstva zahraničních věcí č. 134/1999 Sb., o sjednání Úmluvy o biologické rozmanitosti</a>";Sdělení Ministerstva zahraničních věcí č. 134/1999 Sb., o sjednání Úmluvy o biologické rozmanitosti;13485051;ext_odkaz;NA;NA;NA;NA;esel-esb:právní-akt-odkaz/13485051;Sdělení Ministerstva zahraničních věcí č. 134/1999 Sb.;JINYPRED;35259;esel-esb:eli/cz/sb/1999/134/0000-00-00/dokument;40511;esel-esb:eli/cz/sb/2003/148/0000-00-00/dokument/poznamkypodcarou/ppc_1;40511;2003/148;1999/134;2003/148;148/2003 Sb.
esel-esb:eli/cz/sb/2003/148/2017-07-01/dokument/poznamkypodcarou/ppc_2;13134762;esel-esb:eli/cz/sb/2003/148/2017-07-01/dokument/poznamkypodcarou;pozn. 2;NA;2;NA;/5/2/;esel-esb:právní-akt-fragment/5706545;5706545;5706545;PPC;2) Zákon č. 149/2003 Sb., o uvádění do oběhu reprodukčního materiálu lesních dřevin lesnicky významných druhů a umělých kříženců, určeného k obnově lesa a k zalesňování, a o změně některých souvisejících zákonů (zákon o obchodu s reprodukčním materiálem lesních dřevin).;notes;"<a data-odkaz-id=""13485071"" href=""#""  class=""ext_odkaz"">Zákon č. 149/2003 Sb., o uvádění do oběhu reprodukčního materiálu lesních dřevin lesnicky významných druhů a umělých kříženců, určeného k obnově lesa a k zalesňování, a o změně některých souvisejících zákonů</a>";Zákon č. 149/2003 Sb., o uvádění do oběhu reprodukčního materiálu lesních dřevin lesnicky významných druhů a umělých kříženců, určeného k obnově lesa a k zalesňování, a o změně některých souvisejících zákonů;13485071;ext_odkaz;NA;NA;NA;NA;esel-esb:právní-akt-odkaz/13485071;Zákon č. 149/2003 Sb.;JINYPRED;119829;esel-esb:eli/cz/sb/2003/149/2003-05-23/dokument;40511;esel-esb:eli/cz/sb/2003/148/0000-00-00/dokument/poznamkypodcarou/ppc_2;40511;2003/148;2003/149;2003/148;148/2003 Sb.
esel-esb:eli/cz/sb/2003/148/2017-07-01/dokument/poznamkypodcarou/ppc_3;13134763;esel-esb:eli/cz/sb/2003/148/2017-07-01/dokument/poznamkypodcarou;pozn. 3;NA;3;NA;/5/3/;esel-esb:právní-akt-fragment/5706547;5706547;5706547;PPC;3) Zákon č. 92/1996 Sb., o odrůdách, osivu a sadbě pěstovaných rostlin, ve znění pozdějších předpisů.;notes;"<a data-odkaz-id=""13485091"" href=""#""  class=""ext_odkaz"">Zákon č. 92/1996 Sb., o odrůdách, osivu a sadbě pěstovaných rostlin</a>";Zákon č. 92/1996 Sb., o odrůdách, osivu a sadbě pěstovaných rostlin;13485091;ext_odkaz;NA;NA;NA;NA;esel-esb:právní-akt-odkaz/13485091;Zákon č. 92/1996 Sb.;JINYPRED;102791;esel-esb:eli/cz/sb/1996/92/2001-02-01/dokument;40511;esel-esb:eli/cz/sb/2003/148/0000-00-00/dokument/poznamkypodcarou/ppc_3;40511;2003/148;1996/92;2003/148;148/2003 Sb.
esel-esb:eli/cz/sb/2003/148/2017-07-01/dokument/poznamkypodcarou/ppc_4;13134764;esel-esb:eli/cz/sb/2003/148/2017-07-01/dokument/poznamkypodcarou;pozn. 4;NA;4;NA;/5/4/;esel-esb:právní-akt-fragment/5706549;5706549;5706549;PPC;4) Zákon č. 368/1992 Sb., o správních poplatcích, ve znění pozdějších předpisů.;notes;"<a data-odkaz-id=""13485111"" href=""#""  class=""ext_odkaz"">Zákon č. 368/1992 Sb.</a>";Zákon č. 368/1992 Sb.;13485111;ext_odkaz;NA;NA;NA;NA;esel-esb:právní-akt-odkaz/13485111;Zákon č. 368/1992 Sb.;JINYPRED;95233;esel-esb:eli/cz/sb/1992/368/2003-01-01/dokument;40511;esel-esb:eli/cz/sb/2003/148/0000-00-00/dokument/poznamkypodcarou/ppc_4;40511;2003/148;1992/368;2003/148;148/2003 Sb.
esel-esb:eli/cz/sb/2003/148/2017-07-01/dokument/poznamkypodcarou/ppc_5;13134765;esel-esb:eli/cz/sb/2003/148/2017-07-01/dokument/poznamkypodcarou;pozn. 5;NA;5;NA;/5/5/;esel-esb:právní-akt-fragment/5706551;5706551;5706551;PPC;5) § 47 zákona č. 71/1967 Sb., o správním řízení (správní řád), ve znění pozdějších předpisů.;notes;"<a data-odkaz-id=""13485131"" href=""#""  class=""ext_odkaz"">§ 47</a>";§ 47;13485131;ext_odkaz;NA;NA;NA;NA;esel-esb:právní-akt-odkaz/13485131;§ 47;JINEUSTAN;76207;esel-esb:eli/cz/sb/1967/71/2002-07-01/dokument/norma/cast_3/oddil_4/par_47;40511;esel-esb:eli/cz/sb/2003/148/0000-00-00/dokument/poznamkypodcarou/ppc_5;40511;2003/148;1967/71;2003/148;148/2003 Sb.
esel-esb:eli/cz/sb/2003/148/2017-07-01/dokument/poznamkypodcarou/ppc_5;13134765;esel-esb:eli/cz/sb/2003/148/2017-07-01/dokument/poznamkypodcarou;pozn. 5;NA;5;NA;/5/5/;esel-esb:právní-akt-fragment/5706551;5706551;5706551;PPC;5) § 47 zákona č. 71/1967 Sb., o správním řízení (správní řád), ve znění pozdějších předpisů.;notes;"<a data-odkaz-id=""13485151"" href=""#""  class=""ext_odkaz"">zákona č. 71/1967 Sb., o správním řízení</a>";zákona č. 71/1967 Sb., o správním řízení;13485151;ext_odkaz;NA;NA;NA;NA;esel-esb:právní-akt-odkaz/13485151;zákona č. 71/1967 Sb.;JINYPRED;76207;esel-esb:eli/cz/sb/1967/71/2002-07-01/dokument;40511;esel-esb:eli/cz/sb/2003/148/0000-00-00/dokument/poznamkypodcarou/ppc_5;40511;2003/148;1967/71;2003/148;148/2003 Sb.
esel-esb:eli/cz/sb/2003/148/2017-07-01/dokument/poznamkypodcarou/ppc_5;13134765;esel-esb:eli/cz/sb/2003/148/2017-07-01/dokument/poznamkypodcarou;pozn. 5;NA;5;NA;/5/5/;esel-esb:právní-akt-fragment/5706551;5706551;5706551;PPC;5) § 47 zákona č. 71/1967 Sb., o správním řízení (správní řád), ve znění pozdějších předpisů.;notes;"<a data-odkaz-id=""13485171"" href=""#""  class=""ext_odkaz"">správní řád</a>";správní řád;13485171;ext_odkaz;NA;NA;NA;NA;esel-esb:právní-akt-odkaz/13485171;správní řád;JINYPRED;76207;esel-esb:eli/cz/sb/1967/71/2002-07-01/dokument;40511;esel-esb:eli/cz/sb/2003/148/0000-00-00/dokument/poznamkypodcarou/ppc_5;40511;2003/148;1967/71;2003/148;148/2003 Sb.
esel-esb:eli/cz/sb/2003/148/2017-07-01/dokument/poznamkypodcarou/ppc_6;13134766;esel-esb:eli/cz/sb/2003/148/2017-07-01/dokument/poznamkypodcarou;pozn. 6;NA;6;NA;/5/6/;esel-esb:právní-akt-fragment/5706553;5706553;5706553;PPC;6) § 17 zákona č. 513/1991 Sb., obchodní zákoník, ve znění pozdějších předpisů.;notes;"<a data-odkaz-id=""13485191"" href=""#""  class=""ext_odkaz"">§ 17</a>";§ 17;13485191;ext_odkaz;NA;NA;NA;NA;esel-esb:právní-akt-odkaz/13485191;§ 17;JINEUSTAN;91831;esel-esb:eli/cz/sb/1991/513/2003-04-01/dokument/norma/cast_1/hlava_1/dil_5/par_17;40511;esel-esb:eli/cz/sb/2003/148/0000-00-00/dokument/poznamkypodcarou/ppc_6;40511;2003/148;1991/513;2003/148;148/2003 Sb.
esel-esb:eli/cz/sb/2003/148/2017-07-01/dokument/poznamkypodcarou/ppc_6;13134766;esel-esb:eli/cz/sb/2003/148/2017-07-01/dokument/poznamkypodcarou;pozn. 6;NA;6;NA;/5/6/;esel-esb:právní-akt-fragment/5706553;5706553;5706553;PPC;6) § 17 zákona č. 513/1991 Sb., obchodní zákoník, ve znění pozdějších předpisů.;notes;"<a data-odkaz-id=""13485211"" href=""#""  class=""ext_odkaz"">zákona č. 513/1991 Sb., obchodní zákoník</a>";zákona č. 513/1991 Sb., obchodní zákoník;13485211;ext_odkaz;NA;NA;NA;NA;esel-esb:právní-akt-odkaz/13485211;zákona č. 513/1991 Sb.;JINYPRED;91831;esel-esb:eli/cz/sb/1991/513/2003-04-01/dokument;40511;esel-esb:eli/cz/sb/2003/148/0000-00-00/dokument/poznamkypodcarou/ppc_6;40511;2003/148;1991/513;2003/148;148/2003 Sb.
esel-esb:eli/cz/sb/2003/148/2017-07-01/dokument/poznamkypodcarou/ppc_7;13134767;esel-esb:eli/cz/sb/2003/148/2017-07-01/dokument/poznamkypodcarou;pozn. 7;NA;7;NA;/5/7/;esel-esb:právní-akt-fragment/5706555;5706555;5706555;PPC;7) § 21 odst. 2 zákona č. 513/1991 Sb., ve znění pozdějších předpisů.;notes;"<a data-odkaz-id=""13485231"" href=""#""  class=""ext_odkaz"">§ 21 odst. 2</a>";§ 21 odst. 2;13485231;ext_odkaz;NA;NA;NA;NA;esel-esb:právní-akt-odkaz/13485231;§ 21 odst. 2;JINEUSTAN;91807;esel-esb:eli/cz/sb/1991/513/2000-10-25/dokument/norma/cast_1/hlava_2/dil_1/par_21/odst_2;40511;esel-esb:eli/cz/sb/2003/148/0000-00-00/dokument/poznamkypodcarou/ppc_7;40511;2003/148;1991/513;2003/148;148/2003 Sb.
esel-esb:eli/cz/sb/2003/148/2017-07-01/dokument/poznamkypodcarou/ppc_7;13134767;esel-esb:eli/cz/sb/2003/148/2017-07-01/dokument/poznamkypodcarou;pozn. 7;NA;7;NA;/5/7/;esel-esb:právní-akt-fragment/5706555;5706555;5706555;PPC;7) § 21 odst. 2 zákona č. 513/1991 Sb., ve znění pozdějších předpisů.;notes;"<a data-odkaz-id=""13485251"" href=""#""  class=""ext_odkaz"">zákona č. 513/1991 Sb.</a>";zákona č. 513/1991 Sb.;13485251;ext_odkaz;NA;NA;NA;NA;esel-esb:právní-akt-odkaz/13485251;zákona č. 513/1991 Sb.;JINYPRED;91831;esel-esb:eli/cz/sb/1991/513/2003-04-01/dokument;40511;esel-esb:eli/cz/sb/2003/148/0000-00-00/dokument/poznamkypodcarou/ppc_7;40511;2003/148;1991/513;2003/148;148/2003 Sb.
esel-esb:eli/cz/sb/2003/148/2017-07-01/dokument/poznamkypodcarou/ppc_10;13134768;esel-esb:eli/cz/sb/2003/148/2017-07-01/dokument/poznamkypodcarou;pozn. 10;NA;10;NA;/5/8/;esel-esb:právní-akt-fragment/5706561;5706561;5706561;PPC;10) Zákon č. 218/2000 Sb., o rozpočtových pravidlech a o změně některých souvisejících zákonů (rozpočtová pravidla), ve znění pozdějších předpisů.;notes;"<a data-odkaz-id=""13485329"" href=""#""  class=""ext_odkaz"">Zákon č. 218/2000 Sb., o rozpočtových pravidlech a o změně některých souvisejících zákonů</a>";Zákon č. 218/2000 Sb., o rozpočtových pravidlech a o změně některých souvisejících zákonů;13485329;ext_odkaz;NA;NA;NA;NA;esel-esb:právní-akt-odkaz/13485329;Zákon č. 218/2000 Sb.;JINYPRED;110515;esel-esb:eli/cz/sb/2000/218/2003-01-01/dokument;40511;esel-esb:eli/cz/sb/2003/148/0000-00-00/dokument/poznamkypodcarou/ppc_10;40511;2003/148;2000/218;2003/148;148/2003 Sb.
esel-esb:eli/cz/sb/2003/148/2017-07-01/dokument/poznamkypodcarou/ppc_11;13134769;esel-esb:eli/cz/sb/2003/148/2017-07-01/dokument/poznamkypodcarou;pozn. 11;NA;11;NA;/5/9/;esel-esb:právní-akt-fragment/5706563;5706563;5706563;PPC;11) § 14 zákona č. 218/2000 Sb.;notes;"<a data-odkaz-id=""13485349"" href=""#""  class=""ext_odkaz"">§ 14</a>";§ 14;13485349;ext_odkaz;NA;NA;NA;NA;esel-esb:právní-akt-odkaz/13485349;§ 14;JINEUSTAN;110515;esel-esb:eli/cz/sb/2000/218/2003-01-01/dokument/norma/cast_1/hlava_3/dil_2/par_14;40511;esel-esb:eli/cz/sb/2003/148/0000-00-00/dokument/poznamkypodcarou/ppc_11;40511;2003/148;2000/218;2003/148;148/2003 Sb.
esel-esb:eli/cz/sb/2003/148/2017-07-01/dokument/poznamkypodcarou/ppc_11;13134769;esel-esb:eli/cz/sb/2003/148/2017-07-01/dokument/poznamkypodcarou;pozn. 11;NA;11;NA;/5/9/;esel-esb:právní-akt-fragment/5706563;5706563;5706563;PPC;11) § 14 zákona č. 218/2000 Sb.;notes;"<a data-odkaz-id=""13485369"" href=""#""  class=""ext_odkaz"">zákona č. 218/2000 Sb.</a>";zákona č. 218/2000 Sb.;13485369;ext_odkaz;NA;NA;NA;NA;esel-esb:právní-akt-odkaz/13485369;zákona č. 218/2000 Sb.;JINYPRED;110515;esel-esb:eli/cz/sb/2000/218/2003-01-01/dokument;40511;esel-esb:eli/cz/sb/2003/148/0000-00-00/dokument/poznamkypodcarou/ppc_11;40511;2003/148;2000/218;2003/148;148/2003 Sb.
esel-esb:eli/cz/sb/2003/148/2017-07-01/dokument/poznamkypodcarou/ppc_12;13134770;esel-esb:eli/cz/sb/2003/148/2017-07-01/dokument/poznamkypodcarou;pozn. 12;NA;12;NA;/5/10/;esel-esb:právní-akt-fragment/5706565;5706565;5706565;PPC;12) Například zákon č. 114/1992 Sb., o ochraně přírody a krajiny, ve znění pozdějších předpisů, zákon č. 147/1996 Sb., o rostlinolékařské péči a změnách některých souvisejících zákonů, ve znění pozdějších předpisů, zákon č. 153/2000 Sb., o nakládání s geneticky modifikovanými organismy a produkty a o změně některých souvisejících zákonů, zákon č. 408/2000 Sb., o ochraně práv k odrůdám rostlin a o změně zákona č. 92/1996 Sb., o odrůdách, osivu a sadbě pěstovaných rostlin, ve znění pozdějších předpisů (zákon o ochraně práv k odrůdám), zákon č. 207/2000 Sb., o ochraně průmyslových vzorů a o změně zákona č. 527/1990 Sb., o vynálezech, průmyslových vzorech a zlepšovacích návrzích, ve znění pozdějších předpisů, zákon č. 137/1995 Sb., o ochranných známkách, ve znění pozdějších předpisů, zákon č. 121/2000 Sb., o právu autorském, o právech souvisejících s právem autorským a o změně některých zákonů (autorský zákon).;notes;"<a data-odkaz-id=""13485423"" href=""#""  class=""ext_odkaz"">zákon č. 114/1992 Sb., o ochraně přírody a krajiny</a>";zákon č. 114/1992 Sb., o ochraně přírody a krajiny;13485423;ext_odkaz;NA;NA;NA;NA;esel-esb:právní-akt-odkaz/13485423;zákon č. 114/1992 Sb.;JINYPRED;94085;esel-esb:eli/cz/sb/1992/114/2003-01-01/dokument;40511;esel-esb:eli/cz/sb/2003/148/0000-00-00/dokument/poznamkypodcarou/ppc_12;40511;2003/148;1992/114;2003/148;148/2003 Sb.
esel-esb:eli/cz/sb/2003/148/2017-07-01/dokument/poznamkypodcarou/ppc_12;13134770;esel-esb:eli/cz/sb/2003/148/2017-07-01/dokument/poznamkypodcarou;pozn. 12;NA;12;NA;/5/10/;esel-esb:právní-akt-fragment/5706565;5706565;5706565;PPC;12) Například zákon č. 114/1992 Sb., o ochraně přírody a krajiny, ve znění pozdějších předpisů, zákon č. 147/1996 Sb., o rostlinolékařské péči a změnách některých souvisejících zákonů, ve znění pozdějších předpisů, zákon č. 153/2000 Sb., o nakládání s geneticky modifikovanými organismy a produkty a o změně některých souvisejících zákonů, zákon č. 408/2000 Sb., o ochraně práv k odrůdám rostlin a o změně zákona č. 92/1996 Sb., o odrůdách, osivu a sadbě pěstovaných rostlin, ve znění pozdějších předpisů (zákon o ochraně práv k odrůdám), zákon č. 207/2000 Sb., o ochraně průmyslových vzorů a o změně zákona č. 527/1990 Sb., o vynálezech, průmyslových vzorech a zlepšovacích návrzích, ve znění pozdějších předpisů, zákon č. 137/1995 Sb., o ochranných známkách, ve znění pozdějších předpisů, zákon č. 121/2000 Sb., o právu autorském, o právech souvisejících s právem autorským a o změně některých zákonů (autorský zákon).;notes;"<a data-odkaz-id=""13485443"" href=""#""  class=""ext_odkaz"">zákon č. 147/1996 Sb., o rostlinolékařské péči a změnách některých souvisejících zákonů</a>";zákon č. 147/1996 Sb., o rostlinolékařské péči a změnách některých souvisejících zákonů;13485443;ext_odkaz;NA;NA;NA;NA;esel-esb:právní-akt-odkaz/13485443;zákon č. 147/1996 Sb.;JINYPRED;102931;esel-esb:eli/cz/sb/1996/147/2003-01-01/dokument;40511;esel-esb:eli/cz/sb/2003/148/0000-00-00/dokument/poznamkypodcarou/ppc_12;40511;2003/148;1996/147;2003/148;148/2003 Sb.
esel-esb:eli/cz/sb/2003/148/2017-07-01/dokument/poznamkypodcarou/ppc_12;13134770;esel-esb:eli/cz/sb/2003/148/2017-07-01/dokument/poznamkypodcarou;pozn. 12;NA;12;NA;/5/10/;esel-esb:právní-akt-fragment/5706565;5706565;5706565;PPC;12) Například zákon č. 114/1992 Sb., o ochraně přírody a krajiny, ve znění pozdějších předpisů, zákon č. 147/1996 Sb., o rostlinolékařské péči a změnách některých souvisejících zákonů, ve znění pozdějších předpisů, zákon č. 153/2000 Sb., o nakládání s geneticky modifikovanými organismy a produkty a o změně některých souvisejících zákonů, zákon č. 408/2000 Sb., o ochraně práv k odrůdám rostlin a o změně zákona č. 92/1996 Sb., o odrůdách, osivu a sadbě pěstovaných rostlin, ve znění pozdějších předpisů (zákon o ochraně práv k odrůdám), zákon č. 207/2000 Sb., o ochraně průmyslových vzorů a o změně zákona č. 527/1990 Sb., o vynálezech, průmyslových vzorech a zlepšovacích návrzích, ve znění pozdějších předpisů, zákon č. 137/1995 Sb., o ochranných známkách, ve znění pozdějších předpisů, zákon č. 121/2000 Sb., o právu autorském, o právech souvisejících s právem autorským a o změně některých zákonů (autorský zákon).;notes;"<a data-odkaz-id=""13485463"" href=""#""  class=""ext_odkaz"">zákon č. 153/2000 Sb., o nakládání s geneticky modifikovanými organismy a produkty a o změně některých souvisejících zákonů</a>";zákon č. 153/2000 Sb., o nakládání s geneticky modifikovanými organismy a produkty a o změně některých souvisejících zákonů;13485463;ext_odkaz;NA;NA;NA;NA;esel-esb:právní-akt-odkaz/13485463;zákon č. 153/2000 Sb.;JINYPRED;110083;esel-esb:eli/cz/sb/2000/153/2001-01-01/dokument;40511;esel-esb:eli/cz/sb/2003/148/0000-00-00/dokument/poznamkypodcarou/ppc_12;40511;2003/148;2000/153;2003/148;148/2003 Sb.
esel-esb:eli/cz/sb/2003/148/2017-07-01/dokument/poznamkypodcarou/ppc_12;13134770;esel-esb:eli/cz/sb/2003/148/2017-07-01/dokument/poznamkypodcarou;pozn. 12;NA;12;NA;/5/10/;esel-esb:právní-akt-fragment/5706565;5706565;5706565;PPC;12) Například zákon č. 114/1992 Sb., o ochraně přírody a krajiny, ve znění pozdějších předpisů, zákon č. 147/1996 Sb., o rostlinolékařské péči a změnách některých souvisejících zákonů, ve znění pozdějších předpisů, zákon č. 153/2000 Sb., o nakládání s geneticky modifikovanými organismy a produkty a o změně některých souvisejících zákonů, zákon č. 408/2000 Sb., o ochraně práv k odrůdám rostlin a o změně zákona č. 92/1996 Sb., o odrůdách, osivu a sadbě pěstovaných rostlin, ve znění pozdějších předpisů (zákon o ochraně práv k odrůdám), zákon č. 207/2000 Sb., o ochraně průmyslových vzorů a o změně zákona č. 527/1990 Sb., o vynálezech, průmyslových vzorech a zlepšovacích návrzích, ve znění pozdějších předpisů, zákon č. 137/1995 Sb., o ochranných známkách, ve znění pozdějších předpisů, zákon č. 121/2000 Sb., o právu autorském, o právech souvisejících s právem autorským a o změně některých zákonů (autorský zákon).;notes;"<a data-odkaz-id=""13485483"" href=""#""  class=""ext_odkaz"">zákon č. 408/2000 Sb.</a>";zákon č. 408/2000 Sb.;13485483;ext_odkaz;NA;NA;NA;NA;esel-esb:právní-akt-odkaz/13485483;zákon č. 408/2000 Sb.;JINYPRED;112341;esel-esb:eli/cz/sb/2000/408/2002-06-01/dokument;40511;esel-esb:eli/cz/sb/2003/148/0000-00-00/dokument/poznamkypodcarou/ppc_12;40511;2003/148;2000/408;2003/148;148/2003 Sb.
esel-esb:eli/cz/sb/2003/148/2017-07-01/dokument/poznamkypodcarou/ppc_12;13134770;esel-esb:eli/cz/sb/2003/148/2017-07-01/dokument/poznamkypodcarou;pozn. 12;NA;12;NA;/5/10/;esel-esb:právní-akt-fragment/5706565;5706565;5706565;PPC;12) Například zákon č. 114/1992 Sb., o ochraně přírody a krajiny, ve znění pozdějších předpisů, zákon č. 147/1996 Sb., o rostlinolékařské péči a změnách některých souvisejících zákonů, ve znění pozdějších předpisů, zákon č. 153/2000 Sb., o nakládání s geneticky modifikovanými organismy a produkty a o změně některých souvisejících zákonů, zákon č. 408/2000 Sb., o ochraně práv k odrůdám rostlin a o změně zákona č. 92/1996 Sb., o odrůdách, osivu a sadbě pěstovaných rostlin, ve znění pozdějších předpisů (zákon o ochraně práv k odrůdám), zákon č. 207/2000 Sb., o ochraně průmyslových vzorů a o změně zákona č. 527/1990 Sb., o vynálezech, průmyslových vzorech a zlepšovacích návrzích, ve znění pozdějších předpisů, zákon č. 137/1995 Sb., o ochranných známkách, ve znění pozdějších předpisů, zákon č. 121/2000 Sb., o právu autorském, o právech souvisejících s právem autorským a o změně některých zákonů (autorský zákon).;notes;"<a data-odkaz-id=""13485503"" href=""#""  class=""ext_odkaz"">zákona č. 92/1996 Sb., o odrůdách, osivu a sadbě pěstovaných rostlin</a>";zákona č. 92/1996 Sb., o odrůdách, osivu a sadbě pěstovaných rostlin;13485503;ext_odkaz;NA;NA;NA;NA;esel-esb:právní-akt-odkaz/13485503;zákona č. 92/1996 Sb.;JINYPRED;102791;esel-esb:eli/cz/sb/1996/92/2001-02-01/dokument;40511;esel-esb:eli/cz/sb/2003/148/0000-00-00/dokument/poznamkypodcarou/ppc_12;40511;2003/148;1996/92;2003/148;148/2003 Sb.
esel-esb:eli/cz/sb/2003/148/2017-07-01/dokument/poznamkypodcarou/ppc_12;13134770;esel-esb:eli/cz/sb/2003/148/2017-07-01/dokument/poznamkypodcarou;pozn. 12;NA;12;NA;/5/10/;esel-esb:právní-akt-fragment/5706565;5706565;5706565;PPC;12) Například zákon č. 114/1992 Sb., o ochraně přírody a krajiny, ve znění pozdějších předpisů, zákon č. 147/1996 Sb., o rostlinolékařské péči a změnách některých souvisejících zákonů, ve znění pozdějších předpisů, zákon č. 153/2000 Sb., o nakládání s geneticky modifikovanými organismy a produkty a o změně některých souvisejících zákonů, zákon č. 408/2000 Sb., o ochraně práv k odrůdám rostlin a o změně zákona č. 92/1996 Sb., o odrůdách, osivu a sadbě pěstovaných rostlin, ve znění pozdějších předpisů (zákon o ochraně práv k odrůdám), zákon č. 207/2000 Sb., o ochraně průmyslových vzorů a o změně zákona č. 527/1990 Sb., o vynálezech, průmyslových vzorech a zlepšovacích návrzích, ve znění pozdějších předpisů, zákon č. 137/1995 Sb., o ochranných známkách, ve znění pozdějších předpisů, zákon č. 121/2000 Sb., o právu autorském, o právech souvisejících s právem autorským a o změně některých zákonů (autorský zákon).;notes;"<a data-odkaz-id=""13485523"" href=""#""  class=""ext_odkaz"">o ochraně práv k odrůdám</a>";o ochraně práv k odrůdám;13485523;ext_odkaz;NA;NA;NA;NA;esel-esb:právní-akt-odkaz/13485523;o ochraně práv k odrůdám;JINYPRED;102791;esel-esb:eli/cz/sb/1996/92/2001-02-01/dokument;40511;esel-esb:eli/cz/sb/2003/148/0000-00-00/dokument/poznamkypodcarou/ppc_12;40511;2003/148;1996/92;2003/148;148/2003 Sb.
esel-esb:eli/cz/sb/2003/148/2017-07-01/dokument/poznamkypodcarou/ppc_12;13134770;esel-esb:eli/cz/sb/2003/148/2017-07-01/dokument/poznamkypodcarou;pozn. 12;NA;12;NA;/5/10/;esel-esb:právní-akt-fragment/5706565;5706565;5706565;PPC;12) Například zákon č. 114/1992 Sb., o ochraně přírody a krajiny, ve znění pozdějších předpisů, zákon č. 147/1996 Sb., o rostlinolékařské péči a změnách některých souvisejících zákonů, ve znění pozdějších předpisů, zákon č. 153/2000 Sb., o nakládání s geneticky modifikovanými organismy a produkty a o změně některých souvisejících zákonů, zákon č. 408/2000 Sb., o ochraně práv k odrůdám rostlin a o změně zákona č. 92/1996 Sb., o odrůdách, osivu a sadbě pěstovaných rostlin, ve znění pozdějších předpisů (zákon o ochraně práv k odrůdám), zákon č. 207/2000 Sb., o ochraně průmyslových vzorů a o změně zákona č. 527/1990 Sb., o vynálezech, průmyslových vzorech a zlepšovacích návrzích, ve znění pozdějších předpisů, zákon č. 137/1995 Sb., o ochranných známkách, ve znění pozdějších předpisů, zákon č. 121/2000 Sb., o právu autorském, o právech souvisejících s právem autorským a o změně některých zákonů (autorský zákon).;notes;"<a data-odkaz-id=""13485543"" href=""#""  class=""ext_odkaz"">zákon č. 207/2000 Sb., o ochraně průmyslových vzorů a o změně zákona č. 527/1990 Sb., o vynálezech, průmyslových vzorech a zlepšovacích návrzích, ve znění pozdějších předpisů</a>";zákon č. 207/2000 Sb., o ochraně průmyslových vzorů a o změně zákona č. 527/1990 Sb., o vynálezech, průmyslových vzorech a zlepšovacích návrzích, ve znění pozdějších předpisů;13485543;ext_odkaz;NA;NA;NA;NA;esel-esb:právní-akt-odkaz/13485543;zákon č. 207/2000 Sb.;JINYPRED;110403;esel-esb:eli/cz/sb/2000/207/2000-10-01/dokument;40511;esel-esb:eli/cz/sb/2003/148/0000-00-00/dokument/poznamkypodcarou/ppc_12;40511;2003/148;2000/207;2003/148;148/2003 Sb.
esel-esb:eli/cz/sb/2003/148/2017-07-01/dokument/poznamkypodcarou/ppc_12;13134770;esel-esb:eli/cz/sb/2003/148/2017-07-01/dokument/poznamkypodcarou;pozn. 12;NA;12;NA;/5/10/;esel-esb:právní-akt-fragment/5706565;5706565;5706565;PPC;12) Například zákon č. 114/1992 Sb., o ochraně přírody a krajiny, ve znění pozdějších předpisů, zákon č. 147/1996 Sb., o rostlinolékařské péči a změnách některých souvisejících zákonů, ve znění pozdějších předpisů, zákon č. 153/2000 Sb., o nakládání s geneticky modifikovanými organismy a produkty a o změně některých souvisejících zákonů, zákon č. 408/2000 Sb., o ochraně práv k odrůdám rostlin a o změně zákona č. 92/1996 Sb., o odrůdách, osivu a sadbě pěstovaných rostlin, ve znění pozdějších předpisů (zákon o ochraně práv k odrůdám), zákon č. 207/2000 Sb., o ochraně průmyslových vzorů a o změně zákona č. 527/1990 Sb., o vynálezech, průmyslových vzorech a zlepšovacích návrzích, ve znění pozdějších předpisů, zákon č. 137/1995 Sb., o ochranných známkách, ve znění pozdějších předpisů, zákon č. 121/2000 Sb., o právu autorském, o právech souvisejících s právem autorským a o změně některých zákonů (autorský zákon).;notes;"<a data-odkaz-id=""13485583"" href=""#""  class=""ext_odkaz"">zákon č. 137/1995 Sb., o ochranných známkách</a>";zákon č. 137/1995 Sb., o ochranných známkách;13485583;ext_odkaz;NA;NA;NA;NA;esel-esb:právní-akt-odkaz/13485583;zákon č. 137/1995 Sb.;JINYPRED;101429;esel-esb:eli/cz/sb/1995/137/2000-05-10/dokument;40511;esel-esb:eli/cz/sb/2003/148/0000-00-00/dokument/poznamkypodcarou/ppc_12;40511;2003/148;1995/137;2003/148;148/2003 Sb.
esel-esb:eli/cz/sb/2003/148/2017-07-01/dokument/poznamkypodcarou/ppc_12;13134770;esel-esb:eli/cz/sb/2003/148/2017-07-01/dokument/poznamkypodcarou;pozn. 12;NA;12;NA;/5/10/;esel-esb:právní-akt-fragment/5706565;5706565;5706565;PPC;12) Například zákon č. 114/1992 Sb., o ochraně přírody a krajiny, ve znění pozdějších předpisů, zákon č. 147/1996 Sb., o rostlinolékařské péči a změnách některých souvisejících zákonů, ve znění pozdějších předpisů, zákon č. 153/2000 Sb., o nakládání s geneticky modifikovanými organismy a produkty a o změně některých souvisejících zákonů, zákon č. 408/2000 Sb., o ochraně práv k odrůdám rostlin a o změně zákona č. 92/1996 Sb., o odrůdách, osivu a sadbě pěstovaných rostlin, ve znění pozdějších předpisů (zákon o ochraně práv k odrůdám), zákon č. 207/2000 Sb., o ochraně průmyslových vzorů a o změně zákona č. 527/1990 Sb., o vynálezech, průmyslových vzorech a zlepšovacích návrzích, ve znění pozdějších předpisů, zákon č. 137/1995 Sb., o ochranných známkách, ve znění pozdějších předpisů, zákon č. 121/2000 Sb., o právu autorském, o právech souvisejících s právem autorským a o změně některých zákonů (autorský zákon).;notes;"<a data-odkaz-id=""13485603"" href=""#""  class=""ext_odkaz"">zákon č. 121/2000 Sb., o právu autorském, o právech souvisejících s právem autorským a o změně některých zákonů</a>";zákon č. 121/2000 Sb., o právu autorském, o právech souvisejících s právem autorským a o změně některých zákonů;13485603;ext_odkaz;NA;NA;NA;NA;esel-esb:právní-akt-odkaz/13485603;zákon č. 121/2000 Sb.;JINYPRED;109455;esel-esb:eli/cz/sb/2000/121/2000-12-01/dokument;40511;esel-esb:eli/cz/sb/2003/148/0000-00-00/dokument/poznamkypodcarou/ppc_12;40511;2003/148;2000/121;2003/148;148/2003 Sb.
esel-esb:eli/cz/sb/2003/148/2017-07-01/dokument/poznamkypodcarou/ppc_13;13134771;esel-esb:eli/cz/sb/2003/148/2017-07-01/dokument/poznamkypodcarou;pozn. 13;NA;13;NA;/5/11/;esel-esb:právní-akt-fragment/5706567;5706567;5706567;PPC;13) Zákon č. 101/2000 Sb., o ochraně osobních údajů a o změně některých zákonů, ve znění pozdějších předpisů.;notes;"<a data-odkaz-id=""13485623"" href=""#""  class=""ext_odkaz"">Zákon č. 101/2000 Sb., o ochraně osobních údajů a o změně některých zákonů</a>";Zákon č. 101/2000 Sb., o ochraně osobních údajů a o změně některých zákonů;13485623;ext_odkaz;NA;NA;NA;NA;esel-esb:právní-akt-odkaz/13485623;Zákon č. 101/2000 Sb.;JINYPRED;109261;esel-esb:eli/cz/sb/2000/101/2003-01-01/dokument;40511;esel-esb:eli/cz/sb/2003/148/0000-00-00/dokument/poznamkypodcarou/ppc_13;40511;2003/148;2000/101;2003/148;148/2003 Sb.
esel-esb:eli/cz/sb/2003/148/2017-07-01/dokument/poznamkypodcarou/ppc_14;13134772;esel-esb:eli/cz/sb/2003/148/2017-07-01/dokument/poznamkypodcarou;pozn. 14;NA;14;NA;/5/12/;esel-esb:právní-akt-fragment/5706587;5706587;5706587;PPC;14) Mezinárodní smlouva č. 73/2004 Sb. m. s., o rostlinných genetických zdrojích pro výživu a zemědělství.;notes;"<a data-odkaz-id=""13485671"" href=""#""  class=""ext_odkaz"">smlouva č. 73/2004 Sb. m. s.</a>";smlouva č. 73/2004 Sb. m. s.;13485671;ext_odkaz;NA;NA;NA;NA;esel-esb:právní-akt-odkaz/13485671;smlouva č. 73/2004 Sb. m. s.;JINYPRED;43057;esel-esb:eli/cz/sm/2004/73/0000-00-00/dokument;119825;esel-esb:eli/cz/sb/2003/148/2014-01-01/dokument/poznamkypodcarou/ppc_14;119825;2003/148;NA;2003/148;148/2003 Sb.
