fragment.iri;fragment.id;fragment.předek.iri;fragment.citace;fragment.citace.text;fragment.označení.uzlu;fragment.označení.uzlu.text;fragment.hierarchie;akt.fragment.iri;akt.fragment.id;fragment.base.id;typ.fragmentu;fragment.text_clean;source;tag;tag_clean;odkaz.id;class;data_eurlex;data_celexid;data_cellarid;data_orig_href;odkaz.iri;odkaz.citace.cíl;typ.vazba.odkazu;cíl.dokument.id;fragment.cíl.iri;fragment.cíl.dokument.id;fragment.zdroj.iri;fragment.zdroj.dokument.id;iri_z;iri_c;iri_v;akt.citace
esel-esb:eli/cz/sb/2013/158/2013-07-01/dokument/norma/cast_1/par_2/odst_1;20674443;esel-esb:eli/cz/sb/2013/158/2013-07-01/dokument/norma/cast_1/par_2;§ 2 odst. 1;NA;1;NA;/2/1/3/2/;esel-esb:právní-akt-fragment/9087721;9087721;9087721;Odstavec_Dc;(1) Za účastníka Květnového povstání českého lidu se považuje občan České republiky, kterému v souvislosti s jeho účastí na tomto povstání (§ 1) bylo vydáno;norms;"<a data-odkaz-id=""19924903"" href=""#""  class=""int_odkaz"">§ 1</a>";§ 1;19924903;int_odkaz;NA;NA;NA;NA;esel-esb:právní-akt-odkaz/19924903;§ 1;INTUSTAN;53247;esel-esb:eli/cz/sb/2013/158/0000-00-00/dokument/norma/cast_1/par_1;53247;esel-esb:eli/cz/sb/2013/158/0000-00-00/dokument/norma/cast_1/par_2/odst_1;53247;2013/158;2013/158;2013/158;158/2013 Sb.
esel-esb:eli/cz/sb/2013/158/2013-07-01/dokument/norma/cast_1/par_2/odst_1/pism_a;20674444;esel-esb:eli/cz/sb/2013/158/2013-07-01/dokument/norma/cast_1/par_2/odst_1;§ 2 odst. 1 písm. a);NA;a;NA;/2/1/3/2/1/;esel-esb:právní-akt-fragment/9087723;9087723;9087723;Pismeno_Lb;a) osvědčení podle § 1 odst. 1 bodu 1 písm. f) a § 8 zákona č. 255/1946 Sb., o příslušnících československé armády v zahraničí a o některých jiných účastnících národního boje za osvobození, nebo;norms;"<a data-odkaz-id=""19924909"" href=""#""  class=""ext_odkaz"">§ 1 odst. 1 bodu 1 písm. f)</a>";§ 1 odst. 1 bodu 1 písm. f);19924909;ext_odkaz;NA;NA;NA;NA;esel-esb:právní-akt-odkaz/19924909;§ 1 odst. 1 bodu 1 písm. f);JINEUSTAN;64977;esel-esb:eli/cz/sb/1946/255/1964-07-01/dokument/norma/par_1/odst_1/bod_1/pism_f;53247;esel-esb:eli/cz/sb/2013/158/0000-00-00/dokument/norma/cast_1/par_2/odst_1/pism_a;53247;2013/158;1946/255;2013/158;158/2013 Sb.
esel-esb:eli/cz/sb/2013/158/2013-07-01/dokument/norma/cast_1/par_2/odst_1/pism_a;20674444;esel-esb:eli/cz/sb/2013/158/2013-07-01/dokument/norma/cast_1/par_2/odst_1;§ 2 odst. 1 písm. a);NA;a;NA;/2/1/3/2/1/;esel-esb:právní-akt-fragment/9087723;9087723;9087723;Pismeno_Lb;a) osvědčení podle § 1 odst. 1 bodu 1 písm. f) a § 8 zákona č. 255/1946 Sb., o příslušnících československé armády v zahraničí a o některých jiných účastnících národního boje za osvobození, nebo;norms;"<a data-odkaz-id=""19924915"" href=""#""  class=""ext_odkaz"">§ 8</a>";§ 8;19924915;ext_odkaz;NA;NA;NA;NA;esel-esb:právní-akt-odkaz/19924915;§ 8;JINEUSTAN;64977;esel-esb:eli/cz/sb/1946/255/1964-07-01/dokument/norma/par_8;53247;esel-esb:eli/cz/sb/2013/158/0000-00-00/dokument/norma/cast_1/par_2/odst_1/pism_a;53247;2013/158;1946/255;2013/158;158/2013 Sb.
esel-esb:eli/cz/sb/2013/158/2013-07-01/dokument/norma/cast_1/par_2/odst_1/pism_a;20674444;esel-esb:eli/cz/sb/2013/158/2013-07-01/dokument/norma/cast_1/par_2/odst_1;§ 2 odst. 1 písm. a);NA;a;NA;/2/1/3/2/1/;esel-esb:právní-akt-fragment/9087723;9087723;9087723;Pismeno_Lb;a) osvědčení podle § 1 odst. 1 bodu 1 písm. f) a § 8 zákona č. 255/1946 Sb., o příslušnících československé armády v zahraničí a o některých jiných účastnících národního boje za osvobození, nebo;norms;"<a data-odkaz-id=""19924921"" href=""#""  class=""ext_odkaz"">zákona č. 255/1946 Sb., o příslušnících československé armády v zahraničí a o některých jiných účastnících národního boje za osvobození</a>";zákona č. 255/1946 Sb., o příslušnících československé armády v zahraničí a o některých jiných účastnících národního boje za osvobození;19924921;ext_odkaz;NA;NA;NA;NA;esel-esb:právní-akt-odkaz/19924921;zákona č. 255/1946 Sb.;JINYPRED;64977;esel-esb:eli/cz/sb/1946/255/1964-07-01/dokument;53247;esel-esb:eli/cz/sb/2013/158/0000-00-00/dokument/norma/cast_1/par_2/odst_1/pism_a;53247;2013/158;1946/255;2013/158;158/2013 Sb.
esel-esb:eli/cz/sb/2013/158/2013-07-01/dokument/norma/cast_1/par_2/odst_1/pism_b;20674445;esel-esb:eli/cz/sb/2013/158/2013-07-01/dokument/norma/cast_1/par_2/odst_1;§ 2 odst. 1 písm. b);NA;b;NA;/2/1/3/2/2/;esel-esb:právní-akt-fragment/9087725;9087725;9087725;Pismeno_Lb;b) potvrzení podle § 5 odst. 1 písm. b) a § 7 zákona č. 357/2005 Sb., o ocenění účastníků národního boje za vznik a osvobození Československa a některých pozůstalých po nich, o zvláštním příspěvku k důchodu některým osobám, o jednorázové peněžní částce některým účastníkům národního boje za osvobození v letech 1939 až 1945 a o změně některých zákonů.;norms;"<a data-odkaz-id=""19924927"" href=""#""  class=""ext_odkaz"">§ 5 odst. 1 písm. b)</a>";§ 5 odst. 1 písm. b);19924927;ext_odkaz;NA;NA;NA;NA;esel-esb:právní-akt-odkaz/19924927;§ 5 odst. 1 písm. b);JINEUSTAN;127649;esel-esb:eli/cz/sb/2005/357/2011-07-22/dokument/norma/cast_1/hlava_2/par_5/odst_1/pism_b;53247;esel-esb:eli/cz/sb/2013/158/0000-00-00/dokument/norma/cast_1/par_2/odst_1/pism_b;53247;2013/158;2005/357;2013/158;158/2013 Sb.
esel-esb:eli/cz/sb/2013/158/2013-07-01/dokument/norma/cast_1/par_2/odst_1/pism_b;20674445;esel-esb:eli/cz/sb/2013/158/2013-07-01/dokument/norma/cast_1/par_2/odst_1;§ 2 odst. 1 písm. b);NA;b;NA;/2/1/3/2/2/;esel-esb:právní-akt-fragment/9087725;9087725;9087725;Pismeno_Lb;b) potvrzení podle § 5 odst. 1 písm. b) a § 7 zákona č. 357/2005 Sb., o ocenění účastníků národního boje za vznik a osvobození Československa a některých pozůstalých po nich, o zvláštním příspěvku k důchodu některým osobám, o jednorázové peněžní částce některým účastníkům národního boje za osvobození v letech 1939 až 1945 a o změně některých zákonů.;norms;"<a data-odkaz-id=""19924933"" href=""#""  class=""ext_odkaz"">§ 7</a>";§ 7;19924933;ext_odkaz;NA;NA;NA;NA;esel-esb:právní-akt-odkaz/19924933;§ 7;JINEUSTAN;127649;esel-esb:eli/cz/sb/2005/357/2011-07-22/dokument/norma/cast_1/hlava_2/par_7;53247;esel-esb:eli/cz/sb/2013/158/0000-00-00/dokument/norma/cast_1/par_2/odst_1/pism_b;53247;2013/158;2005/357;2013/158;158/2013 Sb.
esel-esb:eli/cz/sb/2013/158/2013-07-01/dokument/norma/cast_1/par_2/odst_1/pism_b;20674445;esel-esb:eli/cz/sb/2013/158/2013-07-01/dokument/norma/cast_1/par_2/odst_1;§ 2 odst. 1 písm. b);NA;b;NA;/2/1/3/2/2/;esel-esb:právní-akt-fragment/9087725;9087725;9087725;Pismeno_Lb;b) potvrzení podle § 5 odst. 1 písm. b) a § 7 zákona č. 357/2005 Sb., o ocenění účastníků národního boje za vznik a osvobození Československa a některých pozůstalých po nich, o zvláštním příspěvku k důchodu některým osobám, o jednorázové peněžní částce některým účastníkům národního boje za osvobození v letech 1939 až 1945 a o změně některých zákonů.;norms;"<a data-odkaz-id=""19924939"" href=""#""  class=""ext_odkaz"">zákona č. 357/2005 Sb.</a>";zákona č. 357/2005 Sb.;19924939;ext_odkaz;NA;NA;NA;NA;esel-esb:právní-akt-odkaz/19924939;zákona č. 357/2005 Sb.;JINYPRED;127649;esel-esb:eli/cz/sb/2005/357/2011-07-22/dokument;53247;esel-esb:eli/cz/sb/2013/158/0000-00-00/dokument/norma/cast_1/par_2/odst_1/pism_b;53247;2013/158;2005/357;2013/158;158/2013 Sb.
esel-esb:eli/cz/sb/2013/158/2013-07-01/dokument/norma/cast_1/par_2/odst_2;20674446;esel-esb:eli/cz/sb/2013/158/2013-07-01/dokument/norma/cast_1/par_2;§ 2 odst. 2;NA;2;NA;/2/1/3/3/;esel-esb:právní-akt-fragment/9087727;9087727;9087727;Odstavec_Dc;(2) Za účastníka Květnového povstání českého lidu se pro účely tohoto zákona považuje také občan České republiky, který splnil podmínky pro vydání potvrzení uvedené v odstavci 1 písm. b), avšak toto potvrzení mu nebylo vydáno jen z toho důvodu, že podal žádost o jeho vydání po uplynutí lhůty stanovené k jejímu podání.;norms;"<a data-odkaz-id=""19924945"" href=""#""  class=""int_odkaz"">odstavci 1 písm. b)</a>";odstavci 1 písm. b);19924945;int_odkaz;NA;NA;NA;NA;esel-esb:právní-akt-odkaz/19924945;odstavci 1 písm. b);INTUSTAN;53247;esel-esb:eli/cz/sb/2013/158/0000-00-00/dokument/norma/cast_1/par_2/odst_1/pism_b;53247;esel-esb:eli/cz/sb/2013/158/0000-00-00/dokument/norma/cast_1/par_2/odst_2;53247;2013/158;2013/158;2013/158;158/2013 Sb.
