fragment.iri;fragment.id;fragment.předek.iri;fragment.citace;fragment.citace.text;fragment.označení.uzlu;fragment.označení.uzlu.text;fragment.hierarchie;akt.fragment.iri;akt.fragment.id;fragment.base.id;typ.fragmentu;fragment.text_clean;source;tag;tag_clean;odkaz.id;class;data_eurlex;data_celexid;data_cellarid;data_orig_href;odkaz.iri;odkaz.citace.cíl;typ.vazba.odkazu;cíl.dokument.id;fragment.cíl.iri;fragment.cíl.dokument.id;fragment.zdroj.iri;fragment.zdroj.dokument.id;iri_z;iri_c;iri_v;akt.citace
esel-esb:eli/cz/sb/1991/172/2014-01-01/dokument/norma/par_1/odst_1;4202427;esel-esb:eli/cz/sb/1991/172/2014-01-01/dokument/norma/par_1;§ 1 odst. 1;NA;1;NA;/2/1/1/;esel-esb:právní-akt-fragment/2100759;2100759;2100759;Odstavec_Dc;(1) Do vlastnictví obcí dnem účinnosti tohoto zákona přecházejí věci z vlastnictví České republiky, k nimž ke dni 23. listopadu 1990 příslušelo právo hospodaření národním výborům, jejichž práva a závazky přešly na obce1) a v hlavním městě Praze též na městské části,2), 3) pokud obce a v hlavním městě Praze též městské části s těmito věcmi ke dni účinnosti tohoto zákona hospodařily.;norms;"<a data-odkaz-id=""5771053"" href=""#""  class=""int_odkaz""><sup>1</sup>)</a>";1);5771053;int_odkaz;NA;NA;NA;NA;esel-esb:právní-akt-odkaz/5771053;<sup>1</sup>);POZNAMKA;27595;esel-esb:eli/cz/sb/1991/172/0000-00-00/dokument/poznamkypodcarou/ppc_1;27595;esel-esb:eli/cz/sb/1991/172/0000-00-00/dokument/norma/par_1/odst_1;27595;1991/172;1991/172;1991/172;172/1991 Sb.
esel-esb:eli/cz/sb/1991/172/2014-01-01/dokument/norma/par_1/odst_1;4202427;esel-esb:eli/cz/sb/1991/172/2014-01-01/dokument/norma/par_1;§ 1 odst. 1;NA;1;NA;/2/1/1/;esel-esb:právní-akt-fragment/2100759;2100759;2100759;Odstavec_Dc;(1) Do vlastnictví obcí dnem účinnosti tohoto zákona přecházejí věci z vlastnictví České republiky, k nimž ke dni 23. listopadu 1990 příslušelo právo hospodaření národním výborům, jejichž práva a závazky přešly na obce1) a v hlavním městě Praze též na městské části,2), 3) pokud obce a v hlavním městě Praze též městské části s těmito věcmi ke dni účinnosti tohoto zákona hospodařily.;norms;"<a data-odkaz-id=""5771071"" href=""#""  class=""int_odkaz""><sup>2</sup>)</a>";2);5771071;int_odkaz;NA;NA;NA;NA;esel-esb:právní-akt-odkaz/5771071;<sup>2</sup>);POZNAMKA;27595;esel-esb:eli/cz/sb/1991/172/0000-00-00/dokument/poznamkypodcarou/ppc_2;27595;esel-esb:eli/cz/sb/1991/172/0000-00-00/dokument/norma/par_1/odst_1;27595;1991/172;1991/172;1991/172;172/1991 Sb.
esel-esb:eli/cz/sb/1991/172/2014-01-01/dokument/norma/par_1/odst_1;4202427;esel-esb:eli/cz/sb/1991/172/2014-01-01/dokument/norma/par_1;§ 1 odst. 1;NA;1;NA;/2/1/1/;esel-esb:právní-akt-fragment/2100759;2100759;2100759;Odstavec_Dc;(1) Do vlastnictví obcí dnem účinnosti tohoto zákona přecházejí věci z vlastnictví České republiky, k nimž ke dni 23. listopadu 1990 příslušelo právo hospodaření národním výborům, jejichž práva a závazky přešly na obce1) a v hlavním městě Praze též na městské části,2), 3) pokud obce a v hlavním městě Praze též městské části s těmito věcmi ke dni účinnosti tohoto zákona hospodařily.;norms;"<a data-odkaz-id=""5771089"" href=""#""  class=""int_odkaz""><sup>3</sup>)</a>";3);5771089;int_odkaz;NA;NA;NA;NA;esel-esb:právní-akt-odkaz/5771089;<sup>3</sup>);POZNAMKA;27595;esel-esb:eli/cz/sb/1991/172/0000-00-00/dokument/poznamkypodcarou/ppc_3;27595;esel-esb:eli/cz/sb/1991/172/0000-00-00/dokument/norma/par_1/odst_1;27595;1991/172;1991/172;1991/172;172/1991 Sb.
esel-esb:eli/cz/sb/1991/172/2014-01-01/dokument/norma/par_1/odst_3;4202429;esel-esb:eli/cz/sb/1991/172/2014-01-01/dokument/norma/par_1;§ 1 odst. 3;NA;3;NA;/2/1/3/;esel-esb:právní-akt-fragment/2100763;2100763;2100763;Odstavec_Dc;(3) Ustanovení odstavců 1 a 2 se nevztahují na věci, které sloužily k plnění úkolů drobných provozoven národních výborů.;norms;"<a data-odkaz-id=""5771107"" href=""#""  class=""int_odkaz"">odstavců 1</a>";odstavců 1;5771107;int_odkaz;NA;NA;NA;NA;esel-esb:právní-akt-odkaz/5771107;odstavců 1;INTUSTAN;27595;esel-esb:eli/cz/sb/1991/172/0000-00-00/dokument/norma/par_1/odst_1;27595;esel-esb:eli/cz/sb/1991/172/0000-00-00/dokument/norma/par_1/odst_3;27595;1991/172;1991/172;1991/172;172/1991 Sb.
esel-esb:eli/cz/sb/1991/172/2014-01-01/dokument/norma/par_1/odst_3;4202429;esel-esb:eli/cz/sb/1991/172/2014-01-01/dokument/norma/par_1;§ 1 odst. 3;NA;3;NA;/2/1/3/;esel-esb:právní-akt-fragment/2100763;2100763;2100763;Odstavec_Dc;(3) Ustanovení odstavců 1 a 2 se nevztahují na věci, které sloužily k plnění úkolů drobných provozoven národních výborů.;norms;"<a data-odkaz-id=""5771125"" href=""#""  class=""int_odkaz"">2</a>";2;5771125;int_odkaz;NA;NA;NA;NA;esel-esb:právní-akt-odkaz/5771125;2;INTUSTAN;27595;esel-esb:eli/cz/sb/1991/172/0000-00-00/dokument/norma/par_1/odst_2;27595;esel-esb:eli/cz/sb/1991/172/0000-00-00/dokument/norma/par_1/odst_3;27595;1991/172;1991/172;1991/172;172/1991 Sb.
esel-esb:eli/cz/sb/1991/172/2014-01-01/dokument/norma/par_2/odst_1/pism_d;4202435;esel-esb:eli/cz/sb/1991/172/2014-01-01/dokument/norma/par_2/odst_1;§ 2 odst. 1 písm. d);NA;d;NA;/2/2/1/4/;esel-esb:právní-akt-fragment/2100775;2100775;2100775;Pismeno_Lb;d) pozemky zastavěné stavbami přecházejícími do vlastnictví obcí podle odstavců 4 a 5,;norms;"<a data-odkaz-id=""5771143"" href=""#""  class=""int_odkaz"">odstavců 4</a>";odstavců 4;5771143;int_odkaz;NA;NA;NA;NA;esel-esb:právní-akt-odkaz/5771143;odstavců 4;INTUSTAN;90591;esel-esb:eli/cz/sb/1991/172/2000-07-01/dokument/norma/par_2/odst_4;90591;esel-esb:eli/cz/sb/1991/172/2000-07-01/dokument/norma/par_2/odst_1/pism_d;90591;1991/172;1991/172;1991/172;172/1991 Sb.
esel-esb:eli/cz/sb/1991/172/2014-01-01/dokument/norma/par_2/odst_1/pism_d;4202435;esel-esb:eli/cz/sb/1991/172/2014-01-01/dokument/norma/par_2/odst_1;§ 2 odst. 1 písm. d);NA;d;NA;/2/2/1/4/;esel-esb:právní-akt-fragment/2100775;2100775;2100775;Pismeno_Lb;d) pozemky zastavěné stavbami přecházejícími do vlastnictví obcí podle odstavců 4 a 5,;norms;"<a data-odkaz-id=""5771153"" href=""#""  class=""int_odkaz"">5</a>";5;5771153;int_odkaz;NA;NA;NA;NA;esel-esb:právní-akt-odkaz/5771153;5;INTUSTAN;90591;esel-esb:eli/cz/sb/1991/172/2000-07-01/dokument/norma/par_2/odst_5;90591;esel-esb:eli/cz/sb/1991/172/2000-07-01/dokument/norma/par_2/odst_1/pism_d;90591;1991/172;1991/172;1991/172;172/1991 Sb.
esel-esb:eli/cz/sb/1991/172/2014-01-01/dokument/norma/par_2/odst_1/frag_2100777;4202436;esel-esb:eli/cz/sb/1991/172/2014-01-01/dokument/norma/par_2/odst_1;NA;NA;NA;NA;/2/2/1/5/;esel-esb:právní-akt-fragment/2100777;2100777;2100777;Pokracovani_Text;které obce vlastnily ke dni 31. prosince 1949, pokud jsou ve vlastnictví České republiky a nepřecházejí do vlastnictví obcí podle § 1.;norms;"<a data-odkaz-id=""5771163"" href=""#""  class=""int_odkaz"">§ 1</a>";§ 1;5771163;int_odkaz;NA;NA;NA;NA;esel-esb:právní-akt-odkaz/5771163;§ 1;INTUSTAN;27595;esel-esb:eli/cz/sb/1991/172/0000-00-00/dokument/norma/par_1;27595;esel-esb:eli/cz/sb/1991/172/0000-00-00/dokument/norma/par_2/odst_1/frag_2100777;27595;1991/172;1991/172;1991/172;172/1991 Sb.
esel-esb:eli/cz/sb/1991/172/2014-01-01/dokument/norma/par_2/odst_4;4202441;esel-esb:eli/cz/sb/1991/172/2014-01-01/dokument/norma/par_2;§ 2 odst. 4;NA;4;NA;/2/2/4/;esel-esb:právní-akt-fragment/2100787;2100787;2100787;Odstavec_Dc;(4) Pokud nemovitosti, které obce vlastnily k 31. prosinci 1949, nepřecházejí do vlastnictví žádné obce podle odstavce 1, neboť tato obec zanikla, pak tyto přecházejí, a to spolu se stavbami uvedenými v odstavci 5, do vlastnictví té obce, jejíž území ke dni 1. července 2000 tyto nemovitosti tvoří.3a) Nachází-li se v příslušném katastrálním území tvořícím území obce jen část původní nemovitosti, přechází do vlastnictví obce jen tato část.;norms;"<a data-odkaz-id=""5771181"" href=""#""  class=""int_odkaz"">odstavce 1</a>";odstavce 1;5771181;int_odkaz;NA;NA;NA;NA;esel-esb:právní-akt-odkaz/5771181;odstavce 1;INTUSTAN;90591;esel-esb:eli/cz/sb/1991/172/2000-07-01/dokument/norma/par_2/odst_1;90591;esel-esb:eli/cz/sb/1991/172/2000-07-01/dokument/norma/par_2/odst_4;90591;1991/172;1991/172;1991/172;172/1991 Sb.
esel-esb:eli/cz/sb/1991/172/2014-01-01/dokument/norma/par_2/odst_4;4202441;esel-esb:eli/cz/sb/1991/172/2014-01-01/dokument/norma/par_2;§ 2 odst. 4;NA;4;NA;/2/2/4/;esel-esb:právní-akt-fragment/2100787;2100787;2100787;Odstavec_Dc;(4) Pokud nemovitosti, které obce vlastnily k 31. prosinci 1949, nepřecházejí do vlastnictví žádné obce podle odstavce 1, neboť tato obec zanikla, pak tyto přecházejí, a to spolu se stavbami uvedenými v odstavci 5, do vlastnictví té obce, jejíž území ke dni 1. července 2000 tyto nemovitosti tvoří.3a) Nachází-li se v příslušném katastrálním území tvořícím území obce jen část původní nemovitosti, přechází do vlastnictví obce jen tato část.;norms;"<a data-odkaz-id=""5771191"" href=""#""  class=""int_odkaz"">odstavci 5</a>";odstavci 5;5771191;int_odkaz;NA;NA;NA;NA;esel-esb:právní-akt-odkaz/5771191;odstavci 5;INTUSTAN;90591;esel-esb:eli/cz/sb/1991/172/2000-07-01/dokument/norma/par_2/odst_5;90591;esel-esb:eli/cz/sb/1991/172/2000-07-01/dokument/norma/par_2/odst_4;90591;1991/172;1991/172;1991/172;172/1991 Sb.
esel-esb:eli/cz/sb/1991/172/2014-01-01/dokument/norma/par_2/odst_4;4202441;esel-esb:eli/cz/sb/1991/172/2014-01-01/dokument/norma/par_2;§ 2 odst. 4;NA;4;NA;/2/2/4/;esel-esb:právní-akt-fragment/2100787;2100787;2100787;Odstavec_Dc;(4) Pokud nemovitosti, které obce vlastnily k 31. prosinci 1949, nepřecházejí do vlastnictví žádné obce podle odstavce 1, neboť tato obec zanikla, pak tyto přecházejí, a to spolu se stavbami uvedenými v odstavci 5, do vlastnictví té obce, jejíž území ke dni 1. července 2000 tyto nemovitosti tvoří.3a) Nachází-li se v příslušném katastrálním území tvořícím území obce jen část původní nemovitosti, přechází do vlastnictví obce jen tato část.;norms;"<a data-odkaz-id=""5771201"" href=""#""  class=""int_odkaz""><sup>3a</sup>)</a>";3a);5771201;int_odkaz;NA;NA;NA;NA;esel-esb:právní-akt-odkaz/5771201;<sup>3a</sup>);POZNAMKA;90591;esel-esb:eli/cz/sb/1991/172/2000-07-01/dokument/poznamkypodcarou/ppc_3a;90591;esel-esb:eli/cz/sb/1991/172/2000-07-01/dokument/norma/par_2/odst_4;90591;1991/172;1991/172;1991/172;172/1991 Sb.
esel-esb:eli/cz/sb/1991/172/2014-01-01/dokument/norma/par_2/odst_5;4202442;esel-esb:eli/cz/sb/1991/172/2014-01-01/dokument/norma/par_2;§ 2 odst. 5;NA;5;NA;/2/2/5/;esel-esb:právní-akt-fragment/2100789;2100789;2100789;Odstavec_Dc;(5) Spolu s nemovitostmi podle odstavce 1 přecházejí do vlastnictví obce dnem 1. července 2000 stavby účelových komunikací, drobné stavby sloužící k plnění funkcí lesa, k výkonu práva myslivosti nebo k ochraně trvalých porostů, drobné stavby melioračních zařízení a drobné stavby lesotechnických meliorací, pokud byly v období od 1. ledna 1950 do 24. května 1991 vybudovány na pozemcích, které obce vlastnily ke dni 31. prosince 1949, nebo přecházejí na obce podle § 2a tohoto zákona, pokud jsou ke dni 1. července 2000 ve vlastnictví České republiky.;norms;"<a data-odkaz-id=""5771211"" href=""#""  class=""int_odkaz"">odstavce 1</a>";odstavce 1;5771211;int_odkaz;NA;NA;NA;NA;esel-esb:právní-akt-odkaz/5771211;odstavce 1;INTUSTAN;90591;esel-esb:eli/cz/sb/1991/172/2000-07-01/dokument/norma/par_2/odst_1;90591;esel-esb:eli/cz/sb/1991/172/2000-07-01/dokument/norma/par_2/odst_5;90591;1991/172;1991/172;1991/172;172/1991 Sb.
esel-esb:eli/cz/sb/1991/172/2014-01-01/dokument/norma/par_2/odst_5;4202442;esel-esb:eli/cz/sb/1991/172/2014-01-01/dokument/norma/par_2;§ 2 odst. 5;NA;5;NA;/2/2/5/;esel-esb:právní-akt-fragment/2100789;2100789;2100789;Odstavec_Dc;(5) Spolu s nemovitostmi podle odstavce 1 přecházejí do vlastnictví obce dnem 1. července 2000 stavby účelových komunikací, drobné stavby sloužící k plnění funkcí lesa, k výkonu práva myslivosti nebo k ochraně trvalých porostů, drobné stavby melioračních zařízení a drobné stavby lesotechnických meliorací, pokud byly v období od 1. ledna 1950 do 24. května 1991 vybudovány na pozemcích, které obce vlastnily ke dni 31. prosince 1949, nebo přecházejí na obce podle § 2a tohoto zákona, pokud jsou ke dni 1. července 2000 ve vlastnictví České republiky.;norms;"<a data-odkaz-id=""5771221"" href=""#""  class=""int_odkaz"">§ 2a</a>";§ 2a;5771221;int_odkaz;NA;NA;NA;NA;esel-esb:právní-akt-odkaz/5771221;§ 2a;INTUSTAN;90591;esel-esb:eli/cz/sb/1991/172/2000-07-01/dokument/norma/par_2a;90591;esel-esb:eli/cz/sb/1991/172/2000-07-01/dokument/norma/par_2/odst_5;90591;1991/172;1991/172;1991/172;172/1991 Sb.
esel-esb:eli/cz/sb/1991/172/2014-01-01/dokument/norma/par_2a/odst_1;4202444;esel-esb:eli/cz/sb/1991/172/2014-01-01/dokument/norma/par_2a;§ 2a odst. 1;NA;1;NA;/2/3/1/;esel-esb:právní-akt-fragment/2100793;2100793;2100793;Odstavec_Dc;(1) Do vlastnictví obcí dnem 1. července 2000 přecházejí i nemovitosti vyjmenované v § 2 odst. 1 písm. a) až d), které;norms;"<a data-odkaz-id=""5771231"" href=""#""  class=""int_odkaz"">§ 2 odst. 1 písm. a) až d)</a>";§ 2 odst. 1 písm. a) až d);5771231;int_odkaz;NA;NA;NA;NA;esel-esb:právní-akt-odkaz/5771231;§ 2 odst. 1 písm. a) až d);INTUSTAN;90591;esel-esb:eli/cz/sb/1991/172/2000-07-01/dokument/norma/par_2/odst_1/pism_a;90591;esel-esb:eli/cz/sb/1991/172/2000-07-01/dokument/norma/par_2a/odst_1;90591;1991/172;1991/172;1991/172;172/1991 Sb.
esel-esb:eli/cz/sb/1991/172/2014-01-01/dokument/norma/par_2a/odst_1/pism_a;4202445;esel-esb:eli/cz/sb/1991/172/2014-01-01/dokument/norma/par_2a/odst_1;§ 2a odst. 1 písm. a);NA;a;NA;/2/3/1/1/;esel-esb:právní-akt-fragment/2100795;2100795;2100795;Pismeno_Lb;a) byly obcím přiděleny jako přídělcům rozhodnutím příslušného státního orgánu o přídělu vydaným podle dekretu prezidenta republiky č. 12/1945 Sb. nebo dekretu prezidenta republiky č. 108/1945 Sb. nebo dekretu prezidenta republiky č. 28/1945 Sb., nebo byly vydány obcím podle zákona č. 142/1947 Sb., o revizi první pozemkové reformy, nebo podle zákona č. 46/1948 Sb., o nové pozemkové reformě (trvalé úpravě vlastnictví k zemědělské a lesní půdě),;norms;"<a data-odkaz-id=""6108143"" href=""#""  class=""ext_odkaz"">dekretu prezidenta republiky č. 12/1945 Sb.</a>";dekretu prezidenta republiky č. 12/1945 Sb.;6108143;ext_odkaz;NA;NA;NA;NA;esel-esb:právní-akt-odkaz/6108143;dekretu prezidenta republiky č. 12/1945 Sb.;JINYPRED;64399;esel-esb:eli/cz/sb/1945/12/1945-06-23/dokument;90591;esel-esb:eli/cz/sb/1991/172/2000-07-01/dokument/norma/par_2a/odst_1/pism_a;90591;1991/172;1945/12;1991/172;172/1991 Sb.
esel-esb:eli/cz/sb/1991/172/2014-01-01/dokument/norma/par_2a/odst_1/pism_a;4202445;esel-esb:eli/cz/sb/1991/172/2014-01-01/dokument/norma/par_2a/odst_1;§ 2a odst. 1 písm. a);NA;a;NA;/2/3/1/1/;esel-esb:právní-akt-fragment/2100795;2100795;2100795;Pismeno_Lb;a) byly obcím přiděleny jako přídělcům rozhodnutím příslušného státního orgánu o přídělu vydaným podle dekretu prezidenta republiky č. 12/1945 Sb. nebo dekretu prezidenta republiky č. 108/1945 Sb. nebo dekretu prezidenta republiky č. 28/1945 Sb., nebo byly vydány obcím podle zákona č. 142/1947 Sb., o revizi první pozemkové reformy, nebo podle zákona č. 46/1948 Sb., o nové pozemkové reformě (trvalé úpravě vlastnictví k zemědělské a lesní půdě),;norms;"<a data-odkaz-id=""6108153"" href=""#""  class=""ext_odkaz"">dekretu prezidenta republiky č. 108/1945 Sb.</a>";dekretu prezidenta republiky č. 108/1945 Sb.;6108153;ext_odkaz;NA;NA;NA;NA;esel-esb:právní-akt-odkaz/6108153;dekretu prezidenta republiky č. 108/1945 Sb.;JINYPRED;64475;esel-esb:eli/cz/sb/1945/108/1949-04-07/dokument;90591;esel-esb:eli/cz/sb/1991/172/2000-07-01/dokument/norma/par_2a/odst_1/pism_a;90591;1991/172;1945/108;1991/172;172/1991 Sb.
esel-esb:eli/cz/sb/1991/172/2014-01-01/dokument/norma/par_2a/odst_1/pism_a;4202445;esel-esb:eli/cz/sb/1991/172/2014-01-01/dokument/norma/par_2a/odst_1;§ 2a odst. 1 písm. a);NA;a;NA;/2/3/1/1/;esel-esb:právní-akt-fragment/2100795;2100795;2100795;Pismeno_Lb;a) byly obcím přiděleny jako přídělcům rozhodnutím příslušného státního orgánu o přídělu vydaným podle dekretu prezidenta republiky č. 12/1945 Sb. nebo dekretu prezidenta republiky č. 108/1945 Sb. nebo dekretu prezidenta republiky č. 28/1945 Sb., nebo byly vydány obcím podle zákona č. 142/1947 Sb., o revizi první pozemkové reformy, nebo podle zákona č. 46/1948 Sb., o nové pozemkové reformě (trvalé úpravě vlastnictví k zemědělské a lesní půdě),;norms;"<a data-odkaz-id=""6108163"" href=""#""  class=""ext_odkaz"">dekretu prezidenta republiky č. 28/1945 Sb.</a>";dekretu prezidenta republiky č. 28/1945 Sb.;6108163;ext_odkaz;NA;NA;NA;NA;esel-esb:právní-akt-odkaz/6108163;dekretu prezidenta republiky č. 28/1945 Sb.;JINYPRED;64401;esel-esb:eli/cz/sb/1945/28/1945-07-26/dokument;90591;esel-esb:eli/cz/sb/1991/172/2000-07-01/dokument/norma/par_2a/odst_1/pism_a;90591;1991/172;1945/28;1991/172;172/1991 Sb.
esel-esb:eli/cz/sb/1991/172/2014-01-01/dokument/norma/par_2a/odst_1/pism_a;4202445;esel-esb:eli/cz/sb/1991/172/2014-01-01/dokument/norma/par_2a/odst_1;§ 2a odst. 1 písm. a);NA;a;NA;/2/3/1/1/;esel-esb:právní-akt-fragment/2100795;2100795;2100795;Pismeno_Lb;a) byly obcím přiděleny jako přídělcům rozhodnutím příslušného státního orgánu o přídělu vydaným podle dekretu prezidenta republiky č. 12/1945 Sb. nebo dekretu prezidenta republiky č. 108/1945 Sb. nebo dekretu prezidenta republiky č. 28/1945 Sb., nebo byly vydány obcím podle zákona č. 142/1947 Sb., o revizi první pozemkové reformy, nebo podle zákona č. 46/1948 Sb., o nové pozemkové reformě (trvalé úpravě vlastnictví k zemědělské a lesní půdě),;norms;"<a data-odkaz-id=""6108173"" href=""#""  class=""ext_odkaz"">zákona č. 142/1947 Sb.</a>";zákona č. 142/1947 Sb.;6108173;ext_odkaz;NA;NA;NA;NA;esel-esb:právní-akt-odkaz/6108173;zákona č. 142/1947 Sb.;JINYPRED;65845;esel-esb:eli/cz/sb/1947/142/1948-04-14/dokument;90591;esel-esb:eli/cz/sb/1991/172/2000-07-01/dokument/norma/par_2a/odst_1/pism_a;90591;1991/172;1947/142;1991/172;172/1991 Sb.
esel-esb:eli/cz/sb/1991/172/2014-01-01/dokument/norma/par_2a/odst_1/pism_a;4202445;esel-esb:eli/cz/sb/1991/172/2014-01-01/dokument/norma/par_2a/odst_1;§ 2a odst. 1 písm. a);NA;a;NA;/2/3/1/1/;esel-esb:právní-akt-fragment/2100795;2100795;2100795;Pismeno_Lb;a) byly obcím přiděleny jako přídělcům rozhodnutím příslušného státního orgánu o přídělu vydaným podle dekretu prezidenta republiky č. 12/1945 Sb. nebo dekretu prezidenta republiky č. 108/1945 Sb. nebo dekretu prezidenta republiky č. 28/1945 Sb., nebo byly vydány obcím podle zákona č. 142/1947 Sb., o revizi první pozemkové reformy, nebo podle zákona č. 46/1948 Sb., o nové pozemkové reformě (trvalé úpravě vlastnictví k zemědělské a lesní půdě),;norms;"<a data-odkaz-id=""6108183"" href=""#""  class=""ext_odkaz"">zákona č. 46/1948 Sb., o nové pozemkové reformě (trvalé úpravě vlastnictví k zemědělské a lesní půdě)</a>";zákona č. 46/1948 Sb., o nové pozemkové reformě (trvalé úpravě vlastnictví k zemědělské a lesní půdě);6108183;ext_odkaz;NA;NA;NA;NA;esel-esb:právní-akt-odkaz/6108183;zákona č. 46/1948 Sb.;JINYPRED;67003;esel-esb:eli/cz/sb/1948/46/1948-04-14/dokument;90591;esel-esb:eli/cz/sb/1991/172/2000-07-01/dokument/norma/par_2a/odst_1/pism_a;90591;1991/172;1948/46;1991/172;172/1991 Sb.
esel-esb:eli/cz/sb/1991/172/2014-01-01/dokument/norma/par_2a/odst_1/pism_b;4202446;esel-esb:eli/cz/sb/1991/172/2014-01-01/dokument/norma/par_2a/odst_1;§ 2a odst. 1 písm. b);NA;b;NA;/2/3/1/2/;esel-esb:právní-akt-fragment/2100797;2100797;2100797;Pismeno_Lb;b) byly schváleny příslušným státním orgánem pro obec jako přídělce přídělovým plánem podle dekretu prezidenta republiky č. 12/1945 Sb.,;norms;"<a data-odkaz-id=""6108193"" href=""#""  class=""ext_odkaz"">dekretu prezidenta republiky č. 12/1945 Sb.</a>";dekretu prezidenta republiky č. 12/1945 Sb.;6108193;ext_odkaz;NA;NA;NA;NA;esel-esb:právní-akt-odkaz/6108193;dekretu prezidenta republiky č. 12/1945 Sb.;JINYPRED;64399;esel-esb:eli/cz/sb/1945/12/1945-06-23/dokument;90591;esel-esb:eli/cz/sb/1991/172/2000-07-01/dokument/norma/par_2a/odst_1/pism_b;90591;1991/172;1945/12;1991/172;172/1991 Sb.
esel-esb:eli/cz/sb/1991/172/2014-01-01/dokument/norma/par_2a/odst_1/frag_2101025;4202447;esel-esb:eli/cz/sb/1991/172/2014-01-01/dokument/norma/par_2a/odst_1;NA;NA;NA;NA;/2/3/1/3/;esel-esb:právní-akt-fragment/2101025;2101025;2101025;Pokracovani_Text;pokud jsou ve vlastnictví České republiky a nepřecházejí do vlastnictví obcí podle § 1 nebo § 2.;norms;"<a data-odkaz-id=""5469229"" href=""#""  class=""int_odkaz"">§ 1</a>";§ 1;5469229;int_odkaz;NA;NA;NA;NA;esel-esb:právní-akt-odkaz/5469229;§ 1;INTUSTAN;90591;esel-esb:eli/cz/sb/1991/172/2000-07-01/dokument/norma/par_1;90591;esel-esb:eli/cz/sb/1991/172/2000-07-01/dokument/norma/par_2a/odst_1/frag_2101025;90591;1991/172;1991/172;1991/172;172/1991 Sb.
esel-esb:eli/cz/sb/1991/172/2014-01-01/dokument/norma/par_2a/odst_1/frag_2101025;4202447;esel-esb:eli/cz/sb/1991/172/2014-01-01/dokument/norma/par_2a/odst_1;NA;NA;NA;NA;/2/3/1/3/;esel-esb:právní-akt-fragment/2101025;2101025;2101025;Pokracovani_Text;pokud jsou ve vlastnictví České republiky a nepřecházejí do vlastnictví obcí podle § 1 nebo § 2.;norms;"<a data-odkaz-id=""5469239"" href=""#""  class=""int_odkaz"">§ 2</a>";§ 2;5469239;int_odkaz;NA;NA;NA;NA;esel-esb:právní-akt-odkaz/5469239;§ 2;INTUSTAN;90591;esel-esb:eli/cz/sb/1991/172/2000-07-01/dokument/norma/par_2;90591;esel-esb:eli/cz/sb/1991/172/2000-07-01/dokument/norma/par_2a/odst_1/frag_2101025;90591;1991/172;1991/172;1991/172;172/1991 Sb.
esel-esb:eli/cz/sb/1991/172/2014-01-01/dokument/norma/par_2a/odst_2;4202448;esel-esb:eli/cz/sb/1991/172/2014-01-01/dokument/norma/par_2a;§ 2a odst. 2;NA;2;NA;/2/3/2/;esel-esb:právní-akt-fragment/2100799;2100799;2100799;Odstavec_Dc;(2) Nemovitosti uvedené v odstavci 1 přecházejí do vlastnictví obcí bez ohledu na to, že příslušná rozhodnutí o přídělu nebo přídělový plán byly vydány po 31. prosinci 1949, nebo k jejich vydání vůbec nedošlo.;norms;"<a data-odkaz-id=""6108203"" href=""#""  class=""int_odkaz"">odstavci 1</a>";odstavci 1;6108203;int_odkaz;NA;NA;NA;NA;esel-esb:právní-akt-odkaz/6108203;odstavci 1;INTUSTAN;90591;esel-esb:eli/cz/sb/1991/172/2000-07-01/dokument/norma/par_2a/odst_1;90591;esel-esb:eli/cz/sb/1991/172/2000-07-01/dokument/norma/par_2a/odst_2;90591;1991/172;1991/172;1991/172;172/1991 Sb.
esel-esb:eli/cz/sb/1991/172/2014-01-01/dokument/norma/par_2a/odst_3;4202449;esel-esb:eli/cz/sb/1991/172/2014-01-01/dokument/norma/par_2a;§ 2a odst. 3;NA;3;NA;/2/3/3/;esel-esb:právní-akt-fragment/2100801;2100801;2100801;Odstavec_Dc;(3) Obce prokáží existenci přídělu podle odstavce 1 zejména;norms;"<a data-odkaz-id=""6108213"" href=""#""  class=""int_odkaz"">odstavce 1</a>";odstavce 1;6108213;int_odkaz;NA;NA;NA;NA;esel-esb:právní-akt-odkaz/6108213;odstavce 1;INTUSTAN;90591;esel-esb:eli/cz/sb/1991/172/2000-07-01/dokument/norma/par_2a/odst_1;90591;esel-esb:eli/cz/sb/1991/172/2000-07-01/dokument/norma/par_2a/odst_3;90591;1991/172;1991/172;1991/172;172/1991 Sb.
esel-esb:eli/cz/sb/1991/172/2014-01-01/dokument/norma/par_2a/odst_4;4202453;esel-esb:eli/cz/sb/1991/172/2014-01-01/dokument/norma/par_2a;§ 2a odst. 4;NA;4;NA;/2/3/4/;esel-esb:právní-akt-fragment/2100809;2100809;2100809;Odstavec_Dc;(4) Nelze-li příděl doložit listinami uvedenými v odstavci 3, považuje se za doklad o přídělu listina vyhotovená příslušným státním orgánem s uvedením jednacího čísla přídělového rozhodnutí, je-li z ní zřejmý rozsah přídělu i přídělce.;norms;"<a data-odkaz-id=""6108223"" href=""#""  class=""int_odkaz"">odstavci 3</a>";odstavci 3;6108223;int_odkaz;NA;NA;NA;NA;esel-esb:právní-akt-odkaz/6108223;odstavci 3;INTUSTAN;90591;esel-esb:eli/cz/sb/1991/172/2000-07-01/dokument/norma/par_2a/odst_3;90591;esel-esb:eli/cz/sb/1991/172/2000-07-01/dokument/norma/par_2a/odst_4;90591;1991/172;1991/172;1991/172;172/1991 Sb.
esel-esb:eli/cz/sb/1991/172/2014-01-01/dokument/norma/par_2a/odst_5;4202454;esel-esb:eli/cz/sb/1991/172/2014-01-01/dokument/norma/par_2a;§ 2a odst. 5;NA;5;NA;/2/3/5/;esel-esb:právní-akt-fragment/2100811;2100811;2100811;Odstavec_Dc;(5) Ustanovení § 2 odst. 4 a 5 se použije pro nemovitosti uvedené v odstavci 1 obdobně.;norms;"<a data-odkaz-id=""6108233"" href=""#""  class=""int_odkaz"">§ 2 odst. 4</a>";§ 2 odst. 4;6108233;int_odkaz;NA;NA;NA;NA;esel-esb:právní-akt-odkaz/6108233;§ 2 odst. 4;INTUSTAN;90591;esel-esb:eli/cz/sb/1991/172/2000-07-01/dokument/norma/par_2/odst_4;90591;esel-esb:eli/cz/sb/1991/172/2000-07-01/dokument/norma/par_2a/odst_5;90591;1991/172;1991/172;1991/172;172/1991 Sb.
esel-esb:eli/cz/sb/1991/172/2014-01-01/dokument/norma/par_2a/odst_5;4202454;esel-esb:eli/cz/sb/1991/172/2014-01-01/dokument/norma/par_2a;§ 2a odst. 5;NA;5;NA;/2/3/5/;esel-esb:právní-akt-fragment/2100811;2100811;2100811;Odstavec_Dc;(5) Ustanovení § 2 odst. 4 a 5 se použije pro nemovitosti uvedené v odstavci 1 obdobně.;norms;"<a data-odkaz-id=""6108243"" href=""#""  class=""int_odkaz"">5</a>";5;6108243;int_odkaz;NA;NA;NA;NA;esel-esb:právní-akt-odkaz/6108243;5;INTUSTAN;90591;esel-esb:eli/cz/sb/1991/172/2000-07-01/dokument/norma/par_2/odst_5;90591;esel-esb:eli/cz/sb/1991/172/2000-07-01/dokument/norma/par_2a/odst_5;90591;1991/172;1991/172;1991/172;172/1991 Sb.
esel-esb:eli/cz/sb/1991/172/2014-01-01/dokument/norma/par_2a/odst_5;4202454;esel-esb:eli/cz/sb/1991/172/2014-01-01/dokument/norma/par_2a;§ 2a odst. 5;NA;5;NA;/2/3/5/;esel-esb:právní-akt-fragment/2100811;2100811;2100811;Odstavec_Dc;(5) Ustanovení § 2 odst. 4 a 5 se použije pro nemovitosti uvedené v odstavci 1 obdobně.;norms;"<a data-odkaz-id=""6108253"" href=""#""  class=""int_odkaz"">odstavci 1</a>";odstavci 1;6108253;int_odkaz;NA;NA;NA;NA;esel-esb:právní-akt-odkaz/6108253;odstavci 1;INTUSTAN;90591;esel-esb:eli/cz/sb/1991/172/2000-07-01/dokument/norma/par_2a/odst_1;90591;esel-esb:eli/cz/sb/1991/172/2000-07-01/dokument/norma/par_2a/odst_5;90591;1991/172;1991/172;1991/172;172/1991 Sb.
esel-esb:eli/cz/sb/1991/172/2014-01-01/dokument/norma/par_2b/odst_1;4202456;esel-esb:eli/cz/sb/1991/172/2014-01-01/dokument/norma/par_2b;§ 2b odst. 1;NA;1;NA;/2/4/1/;esel-esb:právní-akt-fragment/2100815;2100815;2100815;Odstavec_Dc;(1) Do vlastnictví obcí dnem nabytí účinnosti tohoto zákona dále přecházejí nemovitosti uvedené v § 2 odst. 1 písm. a) až d), které jsou ve vlastnictví České republiky a které ke dni 31. prosince 1949 byly ve vlastnictví lesních družstev, jejichž podílníky ke dni jejich likvidace byly výlučně obce.;norms;"<a data-odkaz-id=""6108263"" href=""#""  class=""int_odkaz"">§ 2 odst. 1 písm. a) až d)</a>";§ 2 odst. 1 písm. a) až d);6108263;int_odkaz;NA;NA;NA;NA;esel-esb:právní-akt-odkaz/6108263;§ 2 odst. 1 písm. a) až d);INTUSTAN;90593;esel-esb:eli/cz/sb/1991/172/2002-06-28/dokument/norma/par_2/odst_1/pism_a;90593;esel-esb:eli/cz/sb/1991/172/2002-06-28/dokument/norma/par_2b/odst_1;90593;1991/172;1991/172;1991/172;172/1991 Sb.
esel-esb:eli/cz/sb/1991/172/2014-01-01/dokument/norma/par_2b/odst_2;4202457;esel-esb:eli/cz/sb/1991/172/2014-01-01/dokument/norma/par_2b;§ 2b odst. 2;NA;2;NA;/2/4/2/;esel-esb:právní-akt-fragment/2100817;2100817;2100817;Odstavec_Dc;(2) Do vlastnictví obcí přecházejí i nemovitosti uvedené v § 2 odst. 1 písm. a) až d), které jsou ve vlastnictví České republiky a které byly obcím nebo lesním družstvům obcí přiděleny způsobem uvedeným v § 2a odst. 1. Ustanovení § 2a odst. 2, 3 a 4 se použijí obdobně.;norms;"<a data-odkaz-id=""6108271"" href=""#""  class=""int_odkaz"">§ 2 odst. 1 písm. a) až d)</a>";§ 2 odst. 1 písm. a) až d);6108271;int_odkaz;NA;NA;NA;NA;esel-esb:právní-akt-odkaz/6108271;§ 2 odst. 1 písm. a) až d);INTUSTAN;90593;esel-esb:eli/cz/sb/1991/172/2002-06-28/dokument/norma/par_2/odst_1/pism_a;90593;esel-esb:eli/cz/sb/1991/172/2002-06-28/dokument/norma/par_2b/odst_2;90593;1991/172;1991/172;1991/172;172/1991 Sb.
esel-esb:eli/cz/sb/1991/172/2014-01-01/dokument/norma/par_2b/odst_2;4202457;esel-esb:eli/cz/sb/1991/172/2014-01-01/dokument/norma/par_2b;§ 2b odst. 2;NA;2;NA;/2/4/2/;esel-esb:právní-akt-fragment/2100817;2100817;2100817;Odstavec_Dc;(2) Do vlastnictví obcí přecházejí i nemovitosti uvedené v § 2 odst. 1 písm. a) až d), které jsou ve vlastnictví České republiky a které byly obcím nebo lesním družstvům obcí přiděleny způsobem uvedeným v § 2a odst. 1. Ustanovení § 2a odst. 2, 3 a 4 se použijí obdobně.;norms;"<a data-odkaz-id=""6108279"" href=""#""  class=""int_odkaz"">§ 2a odst. 1.</a>";§ 2a odst. 1.;6108279;int_odkaz;NA;NA;NA;NA;esel-esb:právní-akt-odkaz/6108279;§ 2a odst. 1.;INTUSTAN;90593;esel-esb:eli/cz/sb/1991/172/2002-06-28/dokument/norma/par_2a/odst_1;90593;esel-esb:eli/cz/sb/1991/172/2002-06-28/dokument/norma/par_2b/odst_2;90593;1991/172;1991/172;1991/172;172/1991 Sb.
esel-esb:eli/cz/sb/1991/172/2014-01-01/dokument/norma/par_2b/odst_2;4202457;esel-esb:eli/cz/sb/1991/172/2014-01-01/dokument/norma/par_2b;§ 2b odst. 2;NA;2;NA;/2/4/2/;esel-esb:právní-akt-fragment/2100817;2100817;2100817;Odstavec_Dc;(2) Do vlastnictví obcí přecházejí i nemovitosti uvedené v § 2 odst. 1 písm. a) až d), které jsou ve vlastnictví České republiky a které byly obcím nebo lesním družstvům obcí přiděleny způsobem uvedeným v § 2a odst. 1. Ustanovení § 2a odst. 2, 3 a 4 se použijí obdobně.;norms;"<a data-odkaz-id=""6108287"" href=""#""  class=""int_odkaz"">§ 2a odst. 2</a>";§ 2a odst. 2;6108287;int_odkaz;NA;NA;NA;NA;esel-esb:právní-akt-odkaz/6108287;§ 2a odst. 2;INTUSTAN;90593;esel-esb:eli/cz/sb/1991/172/2002-06-28/dokument/norma/par_2a/odst_2;90593;esel-esb:eli/cz/sb/1991/172/2002-06-28/dokument/norma/par_2b/odst_2;90593;1991/172;1991/172;1991/172;172/1991 Sb.
esel-esb:eli/cz/sb/1991/172/2014-01-01/dokument/norma/par_2b/odst_2;4202457;esel-esb:eli/cz/sb/1991/172/2014-01-01/dokument/norma/par_2b;§ 2b odst. 2;NA;2;NA;/2/4/2/;esel-esb:právní-akt-fragment/2100817;2100817;2100817;Odstavec_Dc;(2) Do vlastnictví obcí přecházejí i nemovitosti uvedené v § 2 odst. 1 písm. a) až d), které jsou ve vlastnictví České republiky a které byly obcím nebo lesním družstvům obcí přiděleny způsobem uvedeným v § 2a odst. 1. Ustanovení § 2a odst. 2, 3 a 4 se použijí obdobně.;norms;"<a data-odkaz-id=""6108295"" href=""#""  class=""int_odkaz"">3</a>";3;6108295;int_odkaz;NA;NA;NA;NA;esel-esb:právní-akt-odkaz/6108295;3;INTUSTAN;90593;esel-esb:eli/cz/sb/1991/172/2002-06-28/dokument/norma/par_2a/odst_3;90593;esel-esb:eli/cz/sb/1991/172/2002-06-28/dokument/norma/par_2b/odst_2;90593;1991/172;1991/172;1991/172;172/1991 Sb.
esel-esb:eli/cz/sb/1991/172/2014-01-01/dokument/norma/par_2b/odst_2;4202457;esel-esb:eli/cz/sb/1991/172/2014-01-01/dokument/norma/par_2b;§ 2b odst. 2;NA;2;NA;/2/4/2/;esel-esb:právní-akt-fragment/2100817;2100817;2100817;Odstavec_Dc;(2) Do vlastnictví obcí přecházejí i nemovitosti uvedené v § 2 odst. 1 písm. a) až d), které jsou ve vlastnictví České republiky a které byly obcím nebo lesním družstvům obcí přiděleny způsobem uvedeným v § 2a odst. 1. Ustanovení § 2a odst. 2, 3 a 4 se použijí obdobně.;norms;"<a data-odkaz-id=""6108303"" href=""#""  class=""int_odkaz"">4</a>";4;6108303;int_odkaz;NA;NA;NA;NA;esel-esb:právní-akt-odkaz/6108303;4;INTUSTAN;90593;esel-esb:eli/cz/sb/1991/172/2002-06-28/dokument/norma/par_2a/odst_4;90593;esel-esb:eli/cz/sb/1991/172/2002-06-28/dokument/norma/par_2b/odst_2;90593;1991/172;1991/172;1991/172;172/1991 Sb.
esel-esb:eli/cz/sb/1991/172/2014-01-01/dokument/norma/par_2b/odst_3;4202458;esel-esb:eli/cz/sb/1991/172/2014-01-01/dokument/norma/par_2b;§ 2b odst. 3;NA;3;NA;/2/4/3/;esel-esb:právní-akt-fragment/2100819;2100819;2100819;Odstavec_Dc;(3) Majetek uvedený v odstavcích 1 a 2 přechází do spoluvlastnictví obcí v podílech, které měly na majetku lesního družstva ke dni jeho likvidace. Nelze-li velikost podílů zjistit, má se za to, že jsou stejné.;norms;"<a data-odkaz-id=""6108311"" href=""#""  class=""int_odkaz"">odstavcích 1</a>";odstavcích 1;6108311;int_odkaz;NA;NA;NA;NA;esel-esb:právní-akt-odkaz/6108311;odstavcích 1;INTUSTAN;90593;esel-esb:eli/cz/sb/1991/172/2002-06-28/dokument/norma/par_2b/odst_1;90593;esel-esb:eli/cz/sb/1991/172/2002-06-28/dokument/norma/par_2b/odst_3;90593;1991/172;1991/172;1991/172;172/1991 Sb.
esel-esb:eli/cz/sb/1991/172/2014-01-01/dokument/norma/par_2b/odst_3;4202458;esel-esb:eli/cz/sb/1991/172/2014-01-01/dokument/norma/par_2b;§ 2b odst. 3;NA;3;NA;/2/4/3/;esel-esb:právní-akt-fragment/2100819;2100819;2100819;Odstavec_Dc;(3) Majetek uvedený v odstavcích 1 a 2 přechází do spoluvlastnictví obcí v podílech, které měly na majetku lesního družstva ke dni jeho likvidace. Nelze-li velikost podílů zjistit, má se za to, že jsou stejné.;norms;"<a data-odkaz-id=""6108319"" href=""#""  class=""int_odkaz"">2</a>";2;6108319;int_odkaz;NA;NA;NA;NA;esel-esb:právní-akt-odkaz/6108319;2;INTUSTAN;90593;esel-esb:eli/cz/sb/1991/172/2002-06-28/dokument/norma/par_2b/odst_2;90593;esel-esb:eli/cz/sb/1991/172/2002-06-28/dokument/norma/par_2b/odst_3;90593;1991/172;1991/172;1991/172;172/1991 Sb.
esel-esb:eli/cz/sb/1991/172/2014-01-01/dokument/norma/par_2c/odst_1/pism_c;4202465;esel-esb:eli/cz/sb/1991/172/2014-01-01/dokument/norma/par_2c/odst_1;§ 2c odst. 1 písm. c);NA;c;NA;/2/5/1/3/;esel-esb:právní-akt-fragment/2100971;2100971;2100971;Pismeno_Lb;c) jsou ve vlastnictví České republiky ke dni podání žádosti obce podle odstavce 4,;norms;"<a data-odkaz-id=""5565259"" href=""#""  class=""int_odkaz"">odstavce 4</a>";odstavce 4;5565259;int_odkaz;NA;NA;NA;NA;esel-esb:právní-akt-odkaz/5565259;odstavce 4;INTUSTAN;90597;esel-esb:eli/cz/sb/1991/172/2012-06-29/dokument/norma/par_2c/odst_4;90597;esel-esb:eli/cz/sb/1991/172/2012-06-29/dokument/norma/par_2c/odst_1/pism_c;90597;1991/172;1991/172;1991/172;172/1991 Sb.
esel-esb:eli/cz/sb/1991/172/2014-01-01/dokument/norma/par_2c/odst_1/pism_d;4202466;esel-esb:eli/cz/sb/1991/172/2014-01-01/dokument/norma/par_2c/odst_1;§ 2c odst. 1 písm. d);NA;d;NA;/2/5/1/4/;esel-esb:právní-akt-fragment/2100973;2100973;2100973;Pismeno_Lb;d) se ke dni nabytí účinnosti tohoto zákona nenachází na území vojenských újezdů3b),;norms;"<a data-odkaz-id=""5565255"" href=""#""  class=""int_odkaz""><sup>3b</sup>)</a>";3b);5565255;int_odkaz;NA;NA;NA;NA;esel-esb:právní-akt-odkaz/5565255;<sup>3b</sup>);POZNAMKA;90597;esel-esb:eli/cz/sb/1991/172/2012-06-29/dokument/poznamkypodcarou/ppc_3b;90597;esel-esb:eli/cz/sb/1991/172/2012-06-29/dokument/norma/par_2c/odst_1/pism_d;90597;1991/172;1991/172;1991/172;172/1991 Sb.
esel-esb:eli/cz/sb/1991/172/2014-01-01/dokument/norma/par_2c/odst_2;4202469;esel-esb:eli/cz/sb/1991/172/2014-01-01/dokument/norma/par_2c;§ 2c odst. 2;NA;2;NA;/2/5/2/;esel-esb:právní-akt-fragment/2100979;2100979;2100979;Odstavec_Dc;(2) Současně s nemovitými věcmi podle odstavce 1 přechází do vlastnictví obcí i jejich příslušenství.;norms;"<a data-odkaz-id=""5565251"" href=""#""  class=""int_odkaz"">odstavce 1</a>";odstavce 1;5565251;int_odkaz;NA;NA;NA;NA;esel-esb:právní-akt-odkaz/5565251;odstavce 1;INTUSTAN;90597;esel-esb:eli/cz/sb/1991/172/2012-06-29/dokument/norma/par_2c/odst_1;90597;esel-esb:eli/cz/sb/1991/172/2012-06-29/dokument/norma/par_2c/odst_2;90597;1991/172;1991/172;1991/172;172/1991 Sb.
esel-esb:eli/cz/sb/1991/172/2014-01-01/dokument/norma/par_2c/odst_3;4202470;esel-esb:eli/cz/sb/1991/172/2014-01-01/dokument/norma/par_2c;§ 2c odst. 3;NA;3;NA;/2/5/3/;esel-esb:právní-akt-fragment/2100981;2100981;2100981;Odstavec_Dc;(3) Ustanovení § 2 odst. 3 až 5 se použije pro nemovité věci uvedené v odstavci 1 obdobně.;norms;"<a data-odkaz-id=""5565243"" href=""#""  class=""int_odkaz"">§ 2 odst. 3 až 5</a>";§ 2 odst. 3 až 5;5565243;int_odkaz;NA;NA;NA;NA;esel-esb:právní-akt-odkaz/5565243;§ 2 odst. 3 až 5;INTUSTAN;90597;esel-esb:eli/cz/sb/1991/172/2012-06-29/dokument/norma/par_2/odst_3;90597;esel-esb:eli/cz/sb/1991/172/2012-06-29/dokument/norma/par_2c/odst_3;90597;1991/172;1991/172;1991/172;172/1991 Sb.
esel-esb:eli/cz/sb/1991/172/2014-01-01/dokument/norma/par_2c/odst_3;4202470;esel-esb:eli/cz/sb/1991/172/2014-01-01/dokument/norma/par_2c;§ 2c odst. 3;NA;3;NA;/2/5/3/;esel-esb:právní-akt-fragment/2100981;2100981;2100981;Odstavec_Dc;(3) Ustanovení § 2 odst. 3 až 5 se použije pro nemovité věci uvedené v odstavci 1 obdobně.;norms;"<a data-odkaz-id=""5565247"" href=""#""  class=""int_odkaz"">odstavci 1</a>";odstavci 1;5565247;int_odkaz;NA;NA;NA;NA;esel-esb:právní-akt-odkaz/5565247;odstavci 1;INTUSTAN;90597;esel-esb:eli/cz/sb/1991/172/2012-06-29/dokument/norma/par_2c/odst_1;90597;esel-esb:eli/cz/sb/1991/172/2012-06-29/dokument/norma/par_2c/odst_3;90597;1991/172;1991/172;1991/172;172/1991 Sb.
esel-esb:eli/cz/sb/1991/172/2014-01-01/dokument/norma/par_2c/odst_4;4202471;esel-esb:eli/cz/sb/1991/172/2014-01-01/dokument/norma/par_2c;§ 2c odst. 4;NA;4;NA;/2/5/4/;esel-esb:právní-akt-fragment/2100983;2100983;2100983;Odstavec_Dc;(4) Žádost o zařazení nemovité věci do seznamu podle odstavce 1 písm. f) uplatní příslušná obec u příslušné organizační složky státu nebo státní organizace nejpozději do 31. března 2013. K žádostem uplatněným po uplynutí této lhůty nebude přihlédnuto. Všechny přijaté žádosti je příslušná organizační složka státu povinna předložit vládě České republiky do 31. července 2013, včetně doporučení, zda nemovité věci do seznamu podle odstavce 1 písm. f) zařadit či nikoliv.;norms;"<a data-odkaz-id=""5565235"" href=""#""  class=""int_odkaz"">odstavce 1 písm. f)</a>";odstavce 1 písm. f);5565235;int_odkaz;NA;NA;NA;NA;esel-esb:právní-akt-odkaz/5565235;odstavce 1 písm. f);INTUSTAN;90597;esel-esb:eli/cz/sb/1991/172/2012-06-29/dokument/norma/par_2c/odst_1/pism_f;90597;esel-esb:eli/cz/sb/1991/172/2012-06-29/dokument/norma/par_2c/odst_4;90597;1991/172;1991/172;1991/172;172/1991 Sb.
esel-esb:eli/cz/sb/1991/172/2014-01-01/dokument/norma/par_2c/odst_4;4202471;esel-esb:eli/cz/sb/1991/172/2014-01-01/dokument/norma/par_2c;§ 2c odst. 4;NA;4;NA;/2/5/4/;esel-esb:právní-akt-fragment/2100983;2100983;2100983;Odstavec_Dc;(4) Žádost o zařazení nemovité věci do seznamu podle odstavce 1 písm. f) uplatní příslušná obec u příslušné organizační složky státu nebo státní organizace nejpozději do 31. března 2013. K žádostem uplatněným po uplynutí této lhůty nebude přihlédnuto. Všechny přijaté žádosti je příslušná organizační složka státu povinna předložit vládě České republiky do 31. července 2013, včetně doporučení, zda nemovité věci do seznamu podle odstavce 1 písm. f) zařadit či nikoliv.;norms;"<a data-odkaz-id=""5565239"" href=""#""  class=""int_odkaz"">odstavce 1 písm. f)</a>";odstavce 1 písm. f);5565239;int_odkaz;NA;NA;NA;NA;esel-esb:právní-akt-odkaz/5565239;odstavce 1 písm. f);INTUSTAN;90597;esel-esb:eli/cz/sb/1991/172/2012-06-29/dokument/norma/par_2c/odst_1/pism_f;90597;esel-esb:eli/cz/sb/1991/172/2012-06-29/dokument/norma/par_2c/odst_4;90597;1991/172;1991/172;1991/172;172/1991 Sb.
esel-esb:eli/cz/sb/1991/172/2014-01-01/dokument/norma/par_2c/odst_7;4202474;esel-esb:eli/cz/sb/1991/172/2014-01-01/dokument/norma/par_2c;§ 2c odst. 7;NA;7;NA;/2/5/7/;esel-esb:právní-akt-fragment/2100989;2100989;2100989;Odstavec_Dc;(7) Podání žádosti nezakládá právo obce na zařazení nemovité věci do seznamu podle odstavce 1 písm. f). Vláda do seznamu nezařadí zejména nemovité věci, které stát i nadále nezbytně potřebuje k plnění svých funkcí nebo v souvislosti s plněním svých funkcí nebo k plnění svých závazků vyplývajících z mezinárodního práva.;norms;"<a data-odkaz-id=""5565231"" href=""#""  class=""int_odkaz"">odstavce 1 písm. f)</a>";odstavce 1 písm. f);5565231;int_odkaz;NA;NA;NA;NA;esel-esb:právní-akt-odkaz/5565231;odstavce 1 písm. f);INTUSTAN;90597;esel-esb:eli/cz/sb/1991/172/2012-06-29/dokument/norma/par_2c/odst_1/pism_f;90597;esel-esb:eli/cz/sb/1991/172/2012-06-29/dokument/norma/par_2c/odst_7;90597;1991/172;1991/172;1991/172;172/1991 Sb.
esel-esb:eli/cz/sb/1991/172/2014-01-01/dokument/norma/par_2c/odst_8;4202475;esel-esb:eli/cz/sb/1991/172/2014-01-01/dokument/norma/par_2c;§ 2c odst. 8;NA;8;NA;/2/5/8/;esel-esb:právní-akt-fragment/2100991;2100991;2100991;Odstavec_Dc;(8) Usnesení podle odstavce 1 písm. f) přijme vláda na základě návrhů příslušných organizačních složek státu nebo státních organizací nejpozději do 30. září 2013.;norms;"<a data-odkaz-id=""5565227"" href=""#""  class=""int_odkaz"">odstavce 1 písm. f)</a>";odstavce 1 písm. f);5565227;int_odkaz;NA;NA;NA;NA;esel-esb:právní-akt-odkaz/5565227;odstavce 1 písm. f);INTUSTAN;90597;esel-esb:eli/cz/sb/1991/172/2012-06-29/dokument/norma/par_2c/odst_1/pism_f;90597;esel-esb:eli/cz/sb/1991/172/2012-06-29/dokument/norma/par_2c/odst_8;90597;1991/172;1991/172;1991/172;172/1991 Sb.
esel-esb:eli/cz/sb/1991/172/2014-01-01/dokument/norma/par_2c/odst_9;4202476;esel-esb:eli/cz/sb/1991/172/2014-01-01/dokument/norma/par_2c;§ 2c odst. 9;NA;9;NA;/2/5/9/;esel-esb:právní-akt-fragment/2100993;2100993;2100993;Odstavec_Dc;(9) Pokud je to nezbytné k plnění funkcí organizační složky státu nebo státní organizace, pak se k nemovité věci, k níž přechází vlastnictví na obec podle odstavce 1, bezúplatně zřídí v nezbytně nutném rozsahu právo odpovídající věcnému břemeni. Právo odpovídající věcnému břemeni se zřídí smluvně k žádosti organizační složky státu nebo státní organizace. Žádost musí být uplatněna nejpozději do jednoho roku od přechodu vlastnického práva na obec.;norms;"<a data-odkaz-id=""5565223"" href=""#""  class=""int_odkaz"">odstavce 1</a>";odstavce 1;5565223;int_odkaz;NA;NA;NA;NA;esel-esb:právní-akt-odkaz/5565223;odstavce 1;INTUSTAN;90597;esel-esb:eli/cz/sb/1991/172/2012-06-29/dokument/norma/par_2c/odst_1;90597;esel-esb:eli/cz/sb/1991/172/2012-06-29/dokument/norma/par_2c/odst_9;90597;1991/172;1991/172;1991/172;172/1991 Sb.
esel-esb:eli/cz/sb/1991/172/2014-01-01/dokument/norma/par_2d/odst_1;4202478;esel-esb:eli/cz/sb/1991/172/2014-01-01/dokument/norma/par_2d;§ 2d odst. 1;NA;1;NA;/2/6/1/;esel-esb:právní-akt-fragment/2100997;2100997;2100997;Odstavec_Dc;(1) Příslušná organizační složka státu nebo státní organizace zajistí pro pozemky, které budou zařazeny do seznamu podle § 2c odst. 1 písm. f), vytyčení a zaměření pozemků a vypracování geometrických plánů.;norms;"<a data-odkaz-id=""5565219"" href=""#""  class=""int_odkaz"">§ 2c odst. 1 písm. f)</a>";§ 2c odst. 1 písm. f);5565219;int_odkaz;NA;NA;NA;NA;esel-esb:právní-akt-odkaz/5565219;§ 2c odst. 1 písm. f);INTUSTAN;90597;esel-esb:eli/cz/sb/1991/172/2012-06-29/dokument/norma/par_2c/odst_1/pism_f;90597;esel-esb:eli/cz/sb/1991/172/2012-06-29/dokument/norma/par_2d/odst_1;90597;1991/172;1991/172;1991/172;172/1991 Sb.
esel-esb:eli/cz/sb/1991/172/2014-01-01/dokument/norma/par_2d/odst_2;4202479;esel-esb:eli/cz/sb/1991/172/2014-01-01/dokument/norma/par_2d;§ 2d odst. 2;NA;2;NA;/2/6/2/;esel-esb:právní-akt-fragment/2100999;2100999;2100999;Odstavec_Dc;(2) Nedílnou součástí seznamu podle § 2c odst. 1 písm. f) bude v případě pozemku, který je třeba zobrazit do katastrální mapy, odkaz na příslušný geometrický plán3c).;norms;"<a data-odkaz-id=""5565211"" href=""#""  class=""int_odkaz"">§ 2c odst. 1 písm. f)</a>";§ 2c odst. 1 písm. f);5565211;int_odkaz;NA;NA;NA;NA;esel-esb:právní-akt-odkaz/5565211;§ 2c odst. 1 písm. f);INTUSTAN;90597;esel-esb:eli/cz/sb/1991/172/2012-06-29/dokument/norma/par_2c/odst_1/pism_f;90597;esel-esb:eli/cz/sb/1991/172/2012-06-29/dokument/norma/par_2d/odst_2;90597;1991/172;1991/172;1991/172;172/1991 Sb.
esel-esb:eli/cz/sb/1991/172/2014-01-01/dokument/norma/par_2d/odst_2;4202479;esel-esb:eli/cz/sb/1991/172/2014-01-01/dokument/norma/par_2d;§ 2d odst. 2;NA;2;NA;/2/6/2/;esel-esb:právní-akt-fragment/2100999;2100999;2100999;Odstavec_Dc;(2) Nedílnou součástí seznamu podle § 2c odst. 1 písm. f) bude v případě pozemku, který je třeba zobrazit do katastrální mapy, odkaz na příslušný geometrický plán3c).;norms;"<a data-odkaz-id=""5565215"" href=""#""  class=""int_odkaz""><sup>3c</sup>)</a>";3c);5565215;int_odkaz;NA;NA;NA;NA;esel-esb:právní-akt-odkaz/5565215;<sup>3c</sup>);POZNAMKA;90597;esel-esb:eli/cz/sb/1991/172/2012-06-29/dokument/poznamkypodcarou/ppc_3c;90597;esel-esb:eli/cz/sb/1991/172/2012-06-29/dokument/norma/par_2d/odst_2;90597;1991/172;1991/172;1991/172;172/1991 Sb.
esel-esb:eli/cz/sb/1991/172/2014-01-01/dokument/norma/par_3/odst_1;4202481;esel-esb:eli/cz/sb/1991/172/2014-01-01/dokument/norma/par_3;§ 3 odst. 1;NA;1;NA;/2/7/1/;esel-esb:právní-akt-fragment/2100827;2100827;2100827;Odstavec_Dc;(1) Do vlastnictví obcí dnem účinnosti tohoto zákona přecházejí obytné domy4) a pozemky tvořící s nimi jeden funkční celek, jestliže splňují tyto podmínky:;norms;"<a data-odkaz-id=""6108327"" href=""#""  class=""int_odkaz""><sup>4</sup>)</a>";4);6108327;int_odkaz;NA;NA;NA;NA;esel-esb:právní-akt-odkaz/6108327;<sup>4</sup>);POZNAMKA;27595;esel-esb:eli/cz/sb/1991/172/0000-00-00/dokument/poznamkypodcarou/ppc_4;27595;esel-esb:eli/cz/sb/1991/172/0000-00-00/dokument/norma/par_3/odst_1;27595;1991/172;1991/172;1991/172;172/1991 Sb.
esel-esb:eli/cz/sb/1991/172/2014-01-01/dokument/norma/par_3/odst_1/pism_c;4202484;esel-esb:eli/cz/sb/1991/172/2014-01-01/dokument/norma/par_3/odst_1;§ 3 odst. 1 písm. c);NA;c;NA;/2/7/1/3/;esel-esb:právní-akt-fragment/2100833;2100833;2100833;Pismeno_Lb;c) právo hospodaření k nim náleží organizacím, u nichž na okresní úřady, obce a v hlavním městě Praze též na městské části přešla funkce jejich zakladatele nebo pravomoc zřizovat, řídit a zrušovat tyto organizace,5);norms;"<a data-odkaz-id=""6108345"" href=""#""  class=""int_odkaz""><sup>5</sup>)</a>";5);6108345;int_odkaz;NA;NA;NA;NA;esel-esb:právní-akt-odkaz/6108345;<sup>5</sup>);POZNAMKA;27595;esel-esb:eli/cz/sb/1991/172/0000-00-00/dokument/poznamkypodcarou/ppc_5;27595;esel-esb:eli/cz/sb/1991/172/0000-00-00/dokument/norma/par_3/odst_1/pism_c;27595;1991/172;1991/172;1991/172;172/1991 Sb.
esel-esb:eli/cz/sb/1991/172/2014-01-01/dokument/norma/par_3/odst_1/pism_d;4202485;esel-esb:eli/cz/sb/1991/172/2014-01-01/dokument/norma/par_3/odst_1;§ 3 odst. 1 písm. d);NA;d;NA;/2/7/1/4/;esel-esb:právní-akt-fragment/2100835;2100835;2100835;Pismeno_Lb;d) nepřecházejí do vlastnictví obcí podle § 2.;norms;"<a data-odkaz-id=""5772479"" href=""#""  class=""int_odkaz"">§ 2</a>";§ 2;5772479;int_odkaz;NA;NA;NA;NA;esel-esb:právní-akt-odkaz/5772479;§ 2;INTUSTAN;27595;esel-esb:eli/cz/sb/1991/172/0000-00-00/dokument/norma/par_2;27595;esel-esb:eli/cz/sb/1991/172/0000-00-00/dokument/norma/par_3/odst_1/pism_d;27595;1991/172;1991/172;1991/172;172/1991 Sb.
esel-esb:eli/cz/sb/1991/172/2014-01-01/dokument/norma/par_3/odst_2;4202486;esel-esb:eli/cz/sb/1991/172/2014-01-01/dokument/norma/par_3;§ 3 odst. 2;NA;2;NA;/2/7/2/;esel-esb:právní-akt-fragment/2100837;2100837;2100837;Odstavec_Dc;(2) Ustanovení § 1 odst. 3 se u věcí uvedených v odstavci 1 nepoužije.;norms;"<a data-odkaz-id=""5772497"" href=""#""  class=""int_odkaz"">§ 1 odst. 3</a>";§ 1 odst. 3;5772497;int_odkaz;NA;NA;NA;NA;esel-esb:právní-akt-odkaz/5772497;§ 1 odst. 3;INTUSTAN;27595;esel-esb:eli/cz/sb/1991/172/0000-00-00/dokument/norma/par_1/odst_3;27595;esel-esb:eli/cz/sb/1991/172/0000-00-00/dokument/norma/par_3/odst_2;27595;1991/172;1991/172;1991/172;172/1991 Sb.
esel-esb:eli/cz/sb/1991/172/2014-01-01/dokument/norma/par_3/odst_2;4202486;esel-esb:eli/cz/sb/1991/172/2014-01-01/dokument/norma/par_3;§ 3 odst. 2;NA;2;NA;/2/7/2/;esel-esb:právní-akt-fragment/2100837;2100837;2100837;Odstavec_Dc;(2) Ustanovení § 1 odst. 3 se u věcí uvedených v odstavci 1 nepoužije.;norms;"<a data-odkaz-id=""5772515"" href=""#""  class=""int_odkaz"">odstavci 1</a>";odstavci 1;5772515;int_odkaz;NA;NA;NA;NA;esel-esb:právní-akt-odkaz/5772515;odstavci 1;INTUSTAN;27595;esel-esb:eli/cz/sb/1991/172/0000-00-00/dokument/norma/par_3/odst_1;27595;esel-esb:eli/cz/sb/1991/172/0000-00-00/dokument/norma/par_3/odst_2;27595;1991/172;1991/172;1991/172;172/1991 Sb.
esel-esb:eli/cz/sb/1991/172/2014-01-01/dokument/norma/par_3/odst_3;4202487;esel-esb:eli/cz/sb/1991/172/2014-01-01/dokument/norma/par_3;§ 3 odst. 3;NA;3;NA;/2/7/3/;esel-esb:právní-akt-fragment/2100839;2100839;2100839;Odstavec_Dc;(3) Do vlastnictví obcí dnem účinnosti tohoto zákona přecházejí z vlastnictví České republiky objekty komplexní bytové výstavby rozestavěné k 31. prosinci 1992 a pozemky tvořící s nimi jeden funkční celek, včetně práv a povinností s nimi souvisejících, jestliže splňují podmínky uvedené v odstavci 1 písm. a), a jejich investory byly ke dni účinnosti tohoto zákona okresní úřady, hlavní město Praha nebo města Brno, Plzeň a Ostrava.;norms;"<a data-odkaz-id=""5772533"" href=""#""  class=""int_odkaz"">odstavci 1 písm. a)</a>";odstavci 1 písm. a);5772533;int_odkaz;NA;NA;NA;NA;esel-esb:právní-akt-odkaz/5772533;odstavci 1 písm. a);INTUSTAN;90589;esel-esb:eli/cz/sb/1991/172/1993-01-01/dokument/norma/par_3/odst_1/pism_a;90589;esel-esb:eli/cz/sb/1991/172/1993-01-01/dokument/norma/par_3/odst_3;90589;1991/172;1991/172;1991/172;172/1991 Sb.
esel-esb:eli/cz/sb/1991/172/2014-01-01/dokument/norma/par_3/odst_4;4202488;esel-esb:eli/cz/sb/1991/172/2014-01-01/dokument/norma/par_3;§ 3 odst. 4;NA;4;NA;/2/7/4/;esel-esb:právní-akt-fragment/2100841;2100841;2100841;Odstavec_Dc;(4) Do vlastnictví obcí, na jejichž území se nacházejí, dnem účinnosti tohoto zákona přecházejí věci z vlastnictví České republiky, k nimž ke dni účinnosti tohoto zákona příslušelo právo hospodaření organizacím zajišťujícím investorskou činnost ke komplexní bytové výstavbě, jestliže na okresní úřady, hlavní město Prahu a města Brno, Plzeň a Ostravu přešla pravomoc zřizovat, řídit a zrušovat tyto organizace, pokud nepřecházejí do vlastnictví obcí podle § 2 nebo podle § 3 odst. 1 až 3.;norms;"<a data-odkaz-id=""5772545"" href=""#""  class=""int_odkaz"">§ 2</a>";§ 2;5772545;int_odkaz;NA;NA;NA;NA;esel-esb:právní-akt-odkaz/5772545;§ 2;INTUSTAN;90589;esel-esb:eli/cz/sb/1991/172/1993-01-01/dokument/norma/par_2;90589;esel-esb:eli/cz/sb/1991/172/1993-01-01/dokument/norma/par_3/odst_4;90589;1991/172;1991/172;1991/172;172/1991 Sb.
esel-esb:eli/cz/sb/1991/172/2014-01-01/dokument/norma/par_3/odst_4;4202488;esel-esb:eli/cz/sb/1991/172/2014-01-01/dokument/norma/par_3;§ 3 odst. 4;NA;4;NA;/2/7/4/;esel-esb:právní-akt-fragment/2100841;2100841;2100841;Odstavec_Dc;(4) Do vlastnictví obcí, na jejichž území se nacházejí, dnem účinnosti tohoto zákona přecházejí věci z vlastnictví České republiky, k nimž ke dni účinnosti tohoto zákona příslušelo právo hospodaření organizacím zajišťujícím investorskou činnost ke komplexní bytové výstavbě, jestliže na okresní úřady, hlavní město Prahu a města Brno, Plzeň a Ostravu přešla pravomoc zřizovat, řídit a zrušovat tyto organizace, pokud nepřecházejí do vlastnictví obcí podle § 2 nebo podle § 3 odst. 1 až 3.;norms;"<a data-odkaz-id=""5772557"" href=""#""  class=""int_odkaz"">§ 3 odst. 1 až 3.</a>";§ 3 odst. 1 až 3.;5772557;int_odkaz;NA;NA;NA;NA;esel-esb:právní-akt-odkaz/5772557;§ 3 odst. 1 až 3.;INTUSTAN;90589;esel-esb:eli/cz/sb/1991/172/1993-01-01/dokument/norma/par_3/odst_1;90589;esel-esb:eli/cz/sb/1991/172/1993-01-01/dokument/norma/par_3/odst_4;90589;1991/172;1991/172;1991/172;172/1991 Sb.
esel-esb:eli/cz/sb/1991/172/2014-01-01/dokument/norma/par_4/odst_1/pism_a;4202491;esel-esb:eli/cz/sb/1991/172/2014-01-01/dokument/norma/par_4/odst_1;§ 4 odst. 1 písm. a);NA;a;NA;/2/8/1/1/;esel-esb:právní-akt-fragment/2100847;2100847;2100847;Pismeno_Lb;a) pozemky, k nimž bylo zřízeno právo osobního užívání6) a pozemky, které byly k tomuto účelu přiděleny,;norms;"<a data-odkaz-id=""5772569"" href=""#""  class=""int_odkaz""><sup>6</sup>)</a>";6);5772569;int_odkaz;NA;NA;NA;NA;esel-esb:právní-akt-odkaz/5772569;<sup>6</sup>);POZNAMKA;27595;esel-esb:eli/cz/sb/1991/172/0000-00-00/dokument/poznamkypodcarou/ppc_6;27595;esel-esb:eli/cz/sb/1991/172/0000-00-00/dokument/norma/par_4/odst_1/pism_a;27595;1991/172;1991/172;1991/172;172/1991 Sb.
esel-esb:eli/cz/sb/1991/172/2014-01-01/dokument/norma/par_4/odst_1/pism_b;4202492;esel-esb:eli/cz/sb/1991/172/2014-01-01/dokument/norma/par_4/odst_1;§ 4 odst. 1 písm. b);NA;b;NA;/2/8/1/2/;esel-esb:právní-akt-fragment/2100849;2100849;2100849;Pismeno_Lb;b) nemovité věci s příslušenstvím, které byly v trvalém užívání Komunistické strany Československa a ke dni 1. června 1990 jí byly odňaty,7);norms;"<a data-odkaz-id=""5772587"" href=""#""  class=""int_odkaz""><sup>7</sup>)</a>";7);5772587;int_odkaz;NA;NA;NA;NA;esel-esb:právní-akt-odkaz/5772587;<sup>7</sup>);POZNAMKA;27595;esel-esb:eli/cz/sb/1991/172/0000-00-00/dokument/poznamkypodcarou/ppc_7;27595;esel-esb:eli/cz/sb/1991/172/0000-00-00/dokument/norma/par_4/odst_1/pism_b;27595;1991/172;1991/172;1991/172;172/1991 Sb.
esel-esb:eli/cz/sb/1991/172/2014-01-01/dokument/norma/par_4/odst_1/pism_c;4202493;esel-esb:eli/cz/sb/1991/172/2014-01-01/dokument/norma/par_4/odst_1;§ 4 odst. 1 písm. c);NA;c;NA;/2/8/1/3/;esel-esb:právní-akt-fragment/2100853;2100853;2100851;Pismeno_Lb;c) nemovité věci s příslušenstvím, které jsou ke dni účinnosti tohoto zákona v trvalém užívání jiné než státní organizace,8) nejde-li o věci uvedené v § 2.;norms;"<a data-odkaz-id=""5772621"" href=""#""  class=""int_odkaz""><sup>8</sup>)</a>";8);5772621;int_odkaz;NA;NA;NA;NA;esel-esb:právní-akt-odkaz/5772621;<sup>8</sup>);POZNAMKA;90591;esel-esb:eli/cz/sb/1991/172/2000-07-01/dokument/poznamkypodcarou/ppc_8;90591;esel-esb:eli/cz/sb/1991/172/2000-07-01/dokument/norma/par_4/odst_1/pism_c;90591;1991/172;1991/172;1991/172;172/1991 Sb.
esel-esb:eli/cz/sb/1991/172/2014-01-01/dokument/norma/par_4/odst_1/pism_c;4202493;esel-esb:eli/cz/sb/1991/172/2014-01-01/dokument/norma/par_4/odst_1;§ 4 odst. 1 písm. c);NA;c;NA;/2/8/1/3/;esel-esb:právní-akt-fragment/2100853;2100853;2100851;Pismeno_Lb;c) nemovité věci s příslušenstvím, které jsou ke dni účinnosti tohoto zákona v trvalém užívání jiné než státní organizace,8) nejde-li o věci uvedené v § 2.;norms;"<a data-odkaz-id=""5772631"" href=""#""  class=""int_odkaz"">§ 2</a>";§ 2;5772631;int_odkaz;NA;NA;NA;NA;esel-esb:právní-akt-odkaz/5772631;§ 2;INTUSTAN;90591;esel-esb:eli/cz/sb/1991/172/2000-07-01/dokument/norma/par_2;90591;esel-esb:eli/cz/sb/1991/172/2000-07-01/dokument/norma/par_4/odst_1/pism_c;90591;1991/172;1991/172;1991/172;172/1991 Sb.
esel-esb:eli/cz/sb/1991/172/2014-01-01/dokument/norma/par_4/odst_2;4202494;esel-esb:eli/cz/sb/1991/172/2014-01-01/dokument/norma/par_4;§ 4 odst. 2;NA;2;NA;/2/8/2/;esel-esb:právní-akt-fragment/2100857;2100857;2100857;Odstavec_Dc;(2) Do vlastnictví obcí nepřecházejí rovněž věci z vlastnictví České republiky, k jejichž vydání uplatní nárok oprávněná osoba podle zvláštního předpisu.9);norms;"<a data-odkaz-id=""5772641"" href=""#""  class=""int_odkaz""><sup>9</sup>)</a>";9);5772641;int_odkaz;NA;NA;NA;NA;esel-esb:právní-akt-odkaz/5772641;<sup>9</sup>);POZNAMKA;27595;esel-esb:eli/cz/sb/1991/172/0000-00-00/dokument/poznamkypodcarou/ppc_9;27595;esel-esb:eli/cz/sb/1991/172/0000-00-00/dokument/norma/par_4/odst_2;27595;1991/172;1991/172;1991/172;172/1991 Sb.
esel-esb:eli/cz/sb/1991/172/2014-01-01/dokument/norma/par_4/odst_3;4202495;esel-esb:eli/cz/sb/1991/172/2014-01-01/dokument/norma/par_4;§ 4 odst. 3;NA;3;NA;/2/8/3/;esel-esb:právní-akt-fragment/2100859;2100859;2100859;Odstavec_Dc;(3) Ode dne účinnosti tohoto zákona přísluší k věcem uvedeným v odstavci 1 právo hospodaření okresním úřadům a v hlavním městě Praze ministerstvu financí České republiky.;norms;"<a data-odkaz-id=""5772659"" href=""#""  class=""int_odkaz"">odstavci 1</a>";odstavci 1;5772659;int_odkaz;NA;NA;NA;NA;esel-esb:právní-akt-odkaz/5772659;odstavci 1;INTUSTAN;27595;esel-esb:eli/cz/sb/1991/172/0000-00-00/dokument/norma/par_4/odst_1;27595;esel-esb:eli/cz/sb/1991/172/0000-00-00/dokument/norma/par_4/odst_3;27595;1991/172;1991/172;1991/172;172/1991 Sb.
esel-esb:eli/cz/sb/1991/172/2014-01-01/dokument/norma/par_8/odst_1;4202497;esel-esb:eli/cz/sb/1991/172/2014-01-01/dokument/norma/par_8;§ 8 odst. 1;NA;1;NA;/2/9/1/;esel-esb:právní-akt-fragment/2101003;2101003;2101003;Odstavec_Dc;(1) Pokud vlastnické právo, které na obec přešlo podle § 1, 2, 2a nebo § 2b tohoto zákona, není dosud zapsáno v katastru nemovitostí, je obec povinna nejpozději do 31. března 2013 uplatnit návrh vůči katastrálnímu úřadu, nebo podat žalobu na určení vlastnického práva u soudu. Nesplní-li obec tuto svou povinnost, považuje se den 1. dubna 2013 za den přechodu vlastnického práva na stát.;norms;"<a data-odkaz-id=""5565195"" href=""#""  class=""int_odkaz"">§ 1</a>";§ 1;5565195;int_odkaz;NA;NA;NA;NA;esel-esb:právní-akt-odkaz/5565195;§ 1;INTUSTAN;90597;esel-esb:eli/cz/sb/1991/172/2012-06-29/dokument/norma/par_1;90597;esel-esb:eli/cz/sb/1991/172/2012-06-29/dokument/norma/par_8/odst_1;90597;1991/172;1991/172;1991/172;172/1991 Sb.
esel-esb:eli/cz/sb/1991/172/2014-01-01/dokument/norma/par_8/odst_1;4202497;esel-esb:eli/cz/sb/1991/172/2014-01-01/dokument/norma/par_8;§ 8 odst. 1;NA;1;NA;/2/9/1/;esel-esb:právní-akt-fragment/2101003;2101003;2101003;Odstavec_Dc;(1) Pokud vlastnické právo, které na obec přešlo podle § 1, 2, 2a nebo § 2b tohoto zákona, není dosud zapsáno v katastru nemovitostí, je obec povinna nejpozději do 31. března 2013 uplatnit návrh vůči katastrálnímu úřadu, nebo podat žalobu na určení vlastnického práva u soudu. Nesplní-li obec tuto svou povinnost, považuje se den 1. dubna 2013 za den přechodu vlastnického práva na stát.;norms;"<a data-odkaz-id=""5565199"" href=""#""  class=""int_odkaz"">2</a>";2;5565199;int_odkaz;NA;NA;NA;NA;esel-esb:právní-akt-odkaz/5565199;2;INTUSTAN;90597;esel-esb:eli/cz/sb/1991/172/2012-06-29/dokument/norma/par_2;90597;esel-esb:eli/cz/sb/1991/172/2012-06-29/dokument/norma/par_8/odst_1;90597;1991/172;1991/172;1991/172;172/1991 Sb.
esel-esb:eli/cz/sb/1991/172/2014-01-01/dokument/norma/par_8/odst_1;4202497;esel-esb:eli/cz/sb/1991/172/2014-01-01/dokument/norma/par_8;§ 8 odst. 1;NA;1;NA;/2/9/1/;esel-esb:právní-akt-fragment/2101003;2101003;2101003;Odstavec_Dc;(1) Pokud vlastnické právo, které na obec přešlo podle § 1, 2, 2a nebo § 2b tohoto zákona, není dosud zapsáno v katastru nemovitostí, je obec povinna nejpozději do 31. března 2013 uplatnit návrh vůči katastrálnímu úřadu, nebo podat žalobu na určení vlastnického práva u soudu. Nesplní-li obec tuto svou povinnost, považuje se den 1. dubna 2013 za den přechodu vlastnického práva na stát.;norms;"<a data-odkaz-id=""5565203"" href=""#""  class=""int_odkaz"">2a</a>";2a;5565203;int_odkaz;NA;NA;NA;NA;esel-esb:právní-akt-odkaz/5565203;2a;INTUSTAN;90597;esel-esb:eli/cz/sb/1991/172/2012-06-29/dokument/norma/par_2a;90597;esel-esb:eli/cz/sb/1991/172/2012-06-29/dokument/norma/par_8/odst_1;90597;1991/172;1991/172;1991/172;172/1991 Sb.
esel-esb:eli/cz/sb/1991/172/2014-01-01/dokument/norma/par_8/odst_1;4202497;esel-esb:eli/cz/sb/1991/172/2014-01-01/dokument/norma/par_8;§ 8 odst. 1;NA;1;NA;/2/9/1/;esel-esb:právní-akt-fragment/2101003;2101003;2101003;Odstavec_Dc;(1) Pokud vlastnické právo, které na obec přešlo podle § 1, 2, 2a nebo § 2b tohoto zákona, není dosud zapsáno v katastru nemovitostí, je obec povinna nejpozději do 31. března 2013 uplatnit návrh vůči katastrálnímu úřadu, nebo podat žalobu na určení vlastnického práva u soudu. Nesplní-li obec tuto svou povinnost, považuje se den 1. dubna 2013 za den přechodu vlastnického práva na stát.;norms;"<a data-odkaz-id=""5565207"" href=""#""  class=""int_odkaz"">§ 2b</a>";§ 2b;5565207;int_odkaz;NA;NA;NA;NA;esel-esb:právní-akt-odkaz/5565207;§ 2b;INTUSTAN;90597;esel-esb:eli/cz/sb/1991/172/2012-06-29/dokument/norma/par_2b;90597;esel-esb:eli/cz/sb/1991/172/2012-06-29/dokument/norma/par_8/odst_1;90597;1991/172;1991/172;1991/172;172/1991 Sb.
esel-esb:eli/cz/sb/1991/172/2014-01-01/dokument/norma/par_8/odst_2;4202498;esel-esb:eli/cz/sb/1991/172/2014-01-01/dokument/norma/par_8;§ 8 odst. 2;NA;2;NA;/2/9/2/;esel-esb:právní-akt-fragment/2101015;2101015;2101005;Odstavec_Dc;(2) Vlastnické právo obcí, nabyté podle § 2c, se do katastru nemovitostí zapíše na základě souhlasného prohlášení příslušné organizační složky státu nebo státní organizace a příslušné obce. Nedílnou součástí souhlasného prohlášení bude odkaz na příslušné usnesení vlády a pro pozemky, které je třeba zobrazit do katastrální mapy, příslušný geometrický plán.;norms;"<a data-odkaz-id=""5469249"" href=""#""  class=""int_odkaz"">§ 2c</a>";§ 2c;5469249;int_odkaz;NA;NA;NA;NA;esel-esb:právní-akt-odkaz/5469249;§ 2c;INTUSTAN;90599;esel-esb:eli/cz/sb/1991/172/2014-01-01/dokument/norma/par_2c;90599;esel-esb:eli/cz/sb/1991/172/2014-01-01/dokument/norma/par_8/odst_2;90599;1991/172;1991/172;1991/172;172/1991 Sb.
esel-esb:eli/cz/sb/1991/172/2014-01-01/dokument/poznamkypodcarou/ppc_1;4202505;esel-esb:eli/cz/sb/1991/172/2014-01-01/dokument/poznamkypodcarou;pozn. 1;NA;1;NA;/4/1/;esel-esb:právní-akt-fragment/2100931;2100931;2100931;PPC;1) § 68 odst. 1 zákona České národní rady č. 367/1990 Sb., o obcích (obecní zřízení).;notes;"<a data-odkaz-id=""5565747"" href=""#""  class=""ext_odkaz"">§ 68 odst. 1</a>";§ 68 odst. 1;5565747;ext_odkaz;NA;NA;NA;NA;esel-esb:právní-akt-odkaz/5565747;§ 68 odst. 1;JINEUSTAN;88837;esel-esb:eli/cz/sb/1990/367/1990-11-24/dokument/norma/hlava_5/par_68/odst_1;27595;esel-esb:eli/cz/sb/1991/172/0000-00-00/dokument/poznamkypodcarou/ppc_1;27595;1991/172;1990/367;1991/172;172/1991 Sb.
esel-esb:eli/cz/sb/1991/172/2014-01-01/dokument/poznamkypodcarou/ppc_1;4202505;esel-esb:eli/cz/sb/1991/172/2014-01-01/dokument/poznamkypodcarou;pozn. 1;NA;1;NA;/4/1/;esel-esb:právní-akt-fragment/2100931;2100931;2100931;PPC;1) § 68 odst. 1 zákona České národní rady č. 367/1990 Sb., o obcích (obecní zřízení).;notes;"<a data-odkaz-id=""5565765"" href=""#""  class=""ext_odkaz"">zákona České národní rady č. 367/1990 Sb., o obcích</a>";zákona České národní rady č. 367/1990 Sb., o obcích;5565765;ext_odkaz;NA;NA;NA;NA;esel-esb:právní-akt-odkaz/5565765;zákona České národní rady č. 367/1990 Sb.;JINYPRED;88837;esel-esb:eli/cz/sb/1990/367/1990-11-24/dokument;27595;esel-esb:eli/cz/sb/1991/172/0000-00-00/dokument/poznamkypodcarou/ppc_1;27595;1991/172;1990/367;1991/172;172/1991 Sb.
esel-esb:eli/cz/sb/1991/172/2014-01-01/dokument/poznamkypodcarou/ppc_1;4202505;esel-esb:eli/cz/sb/1991/172/2014-01-01/dokument/poznamkypodcarou;pozn. 1;NA;1;NA;/4/1/;esel-esb:právní-akt-fragment/2100931;2100931;2100931;PPC;1) § 68 odst. 1 zákona České národní rady č. 367/1990 Sb., o obcích (obecní zřízení).;notes;"<a data-odkaz-id=""5565783"" href=""#""  class=""ext_odkaz"">obecní zřízení</a>";obecní zřízení;5565783;ext_odkaz;NA;NA;NA;NA;esel-esb:právní-akt-odkaz/5565783;obecní zřízení;JINYPRED;88837;esel-esb:eli/cz/sb/1990/367/1990-11-24/dokument;27595;esel-esb:eli/cz/sb/1991/172/0000-00-00/dokument/poznamkypodcarou/ppc_1;27595;1991/172;1990/367;1991/172;172/1991 Sb.
esel-esb:eli/cz/sb/1991/172/2014-01-01/dokument/poznamkypodcarou/ppc_2;4202506;esel-esb:eli/cz/sb/1991/172/2014-01-01/dokument/poznamkypodcarou;pozn. 2;NA;2;NA;/4/2/;esel-esb:právní-akt-fragment/2100933;2100933;2100933;PPC;2) § 3 odst. 3 zákona České národní rady č. 367/1990 Sb.;notes;"<a data-odkaz-id=""5565711"" href=""#""  class=""ext_odkaz"">§ 3 odst. 3</a>";§ 3 odst. 3;5565711;ext_odkaz;NA;NA;NA;NA;esel-esb:právní-akt-odkaz/5565711;§ 3 odst. 3;JINEUSTAN;88837;esel-esb:eli/cz/sb/1990/367/1990-11-24/dokument/norma/hlava_1/oddil_1/par_3/odst_3;27595;esel-esb:eli/cz/sb/1991/172/0000-00-00/dokument/poznamkypodcarou/ppc_2;27595;1991/172;1990/367;1991/172;172/1991 Sb.
esel-esb:eli/cz/sb/1991/172/2014-01-01/dokument/poznamkypodcarou/ppc_2;4202506;esel-esb:eli/cz/sb/1991/172/2014-01-01/dokument/poznamkypodcarou;pozn. 2;NA;2;NA;/4/2/;esel-esb:právní-akt-fragment/2100933;2100933;2100933;PPC;2) § 3 odst. 3 zákona České národní rady č. 367/1990 Sb.;notes;"<a data-odkaz-id=""5565729"" href=""#""  class=""ext_odkaz"">zákona České národní rady č. 367/1990 Sb.</a>";zákona České národní rady č. 367/1990 Sb.;5565729;ext_odkaz;NA;NA;NA;NA;esel-esb:právní-akt-odkaz/5565729;zákona České národní rady č. 367/1990 Sb.;JINYPRED;88837;esel-esb:eli/cz/sb/1990/367/1990-11-24/dokument;27595;esel-esb:eli/cz/sb/1991/172/0000-00-00/dokument/poznamkypodcarou/ppc_2;27595;1991/172;1990/367;1991/172;172/1991 Sb.
esel-esb:eli/cz/sb/1991/172/2014-01-01/dokument/poznamkypodcarou/ppc_3;4202507;esel-esb:eli/cz/sb/1991/172/2014-01-01/dokument/poznamkypodcarou;pozn. 3;NA;3;NA;/4/3/;esel-esb:právní-akt-fragment/2100935;2100935;2100935;PPC;3) § 37 odst. 1 zákona České národní rady č. 418/1990 Sb., o hlavním městě Praze.;notes;"<a data-odkaz-id=""5565675"" href=""#""  class=""ext_odkaz"">§ 37 odst. 1</a>";§ 37 odst. 1;5565675;ext_odkaz;NA;NA;NA;NA;esel-esb:právní-akt-odkaz/5565675;§ 37 odst. 1;JINEUSTAN;89379;esel-esb:eli/cz/sb/1990/418/1990-11-24/dokument/norma/hlava_4/oddil_2/par_37/odst_1;27595;esel-esb:eli/cz/sb/1991/172/0000-00-00/dokument/poznamkypodcarou/ppc_3;27595;1991/172;1990/418;1991/172;172/1991 Sb.
esel-esb:eli/cz/sb/1991/172/2014-01-01/dokument/poznamkypodcarou/ppc_3;4202507;esel-esb:eli/cz/sb/1991/172/2014-01-01/dokument/poznamkypodcarou;pozn. 3;NA;3;NA;/4/3/;esel-esb:právní-akt-fragment/2100935;2100935;2100935;PPC;3) § 37 odst. 1 zákona České národní rady č. 418/1990 Sb., o hlavním městě Praze.;notes;"<a data-odkaz-id=""5565693"" href=""#""  class=""ext_odkaz"">zákona České národní rady č. 418/1990 Sb., o hlavním městě Praze</a>";zákona České národní rady č. 418/1990 Sb., o hlavním městě Praze;5565693;ext_odkaz;NA;NA;NA;NA;esel-esb:právní-akt-odkaz/5565693;zákona České národní rady č. 418/1990 Sb.;JINYPRED;89379;esel-esb:eli/cz/sb/1990/418/1990-11-24/dokument;27595;esel-esb:eli/cz/sb/1991/172/0000-00-00/dokument/poznamkypodcarou/ppc_3;27595;1991/172;1990/418;1991/172;172/1991 Sb.
esel-esb:eli/cz/sb/1991/172/2014-01-01/dokument/poznamkypodcarou/ppc_3a;4202508;esel-esb:eli/cz/sb/1991/172/2014-01-01/dokument/poznamkypodcarou;pozn. 3a;NA;3a;NA;/4/4/;esel-esb:právní-akt-fragment/2100937;2100937;2100937;PPC;3a) § 1 odst. 2 zákona č. 367/1990 Sb., o obcích (obecní zřízení). § 2 odst. 5 zákona č. 344/1992 Sb., o katastru nemovitostí České republiky (katastrální zákon), ve znění zákona č. 89/1996 Sb.;notes;"<a data-odkaz-id=""5565615"" href=""#""  class=""ext_odkaz"">§ 1 odst. 2</a>";§ 1 odst. 2;5565615;ext_odkaz;NA;NA;NA;NA;esel-esb:právní-akt-odkaz/5565615;§ 1 odst. 2;JINEUSTAN;88855;esel-esb:eli/cz/sb/1990/367/2000-04-28/dokument/norma/hlava_1/oddil_1/par_1/odst_2;90591;esel-esb:eli/cz/sb/1991/172/2000-07-01/dokument/poznamkypodcarou/ppc_3a;90591;1991/172;1990/367;1991/172;172/1991 Sb.
esel-esb:eli/cz/sb/1991/172/2014-01-01/dokument/poznamkypodcarou/ppc_3a;4202508;esel-esb:eli/cz/sb/1991/172/2014-01-01/dokument/poznamkypodcarou;pozn. 3a;NA;3a;NA;/4/4/;esel-esb:právní-akt-fragment/2100937;2100937;2100937;PPC;3a) § 1 odst. 2 zákona č. 367/1990 Sb., o obcích (obecní zřízení). § 2 odst. 5 zákona č. 344/1992 Sb., o katastru nemovitostí České republiky (katastrální zákon), ve znění zákona č. 89/1996 Sb.;notes;"<a data-odkaz-id=""5565625"" href=""#""  class=""ext_odkaz"">zákona č. 367/1990 Sb., o obcích</a>";zákona č. 367/1990 Sb., o obcích;5565625;ext_odkaz;NA;NA;NA;NA;esel-esb:právní-akt-odkaz/5565625;zákona č. 367/1990 Sb.;JINYPRED;88855;esel-esb:eli/cz/sb/1990/367/2000-04-28/dokument;90591;esel-esb:eli/cz/sb/1991/172/2000-07-01/dokument/poznamkypodcarou/ppc_3a;90591;1991/172;1990/367;1991/172;172/1991 Sb.
esel-esb:eli/cz/sb/1991/172/2014-01-01/dokument/poznamkypodcarou/ppc_3a;4202508;esel-esb:eli/cz/sb/1991/172/2014-01-01/dokument/poznamkypodcarou;pozn. 3a;NA;3a;NA;/4/4/;esel-esb:právní-akt-fragment/2100937;2100937;2100937;PPC;3a) § 1 odst. 2 zákona č. 367/1990 Sb., o obcích (obecní zřízení). § 2 odst. 5 zákona č. 344/1992 Sb., o katastru nemovitostí České republiky (katastrální zákon), ve znění zákona č. 89/1996 Sb.;notes;"<a data-odkaz-id=""5565635"" href=""#""  class=""ext_odkaz"">obecní zřízení</a>";obecní zřízení;5565635;ext_odkaz;NA;NA;NA;NA;esel-esb:právní-akt-odkaz/5565635;obecní zřízení;JINYPRED;88855;esel-esb:eli/cz/sb/1990/367/2000-04-28/dokument;90591;esel-esb:eli/cz/sb/1991/172/2000-07-01/dokument/poznamkypodcarou/ppc_3a;90591;1991/172;1990/367;1991/172;172/1991 Sb.
esel-esb:eli/cz/sb/1991/172/2014-01-01/dokument/poznamkypodcarou/ppc_3a;4202508;esel-esb:eli/cz/sb/1991/172/2014-01-01/dokument/poznamkypodcarou;pozn. 3a;NA;3a;NA;/4/4/;esel-esb:právní-akt-fragment/2100937;2100937;2100937;PPC;3a) § 1 odst. 2 zákona č. 367/1990 Sb., o obcích (obecní zřízení). § 2 odst. 5 zákona č. 344/1992 Sb., o katastru nemovitostí České republiky (katastrální zákon), ve znění zákona č. 89/1996 Sb.;notes;"<a data-odkaz-id=""5565645"" href=""#""  class=""ext_odkaz"" data-version=""19960701"">§ 2 odst. 5</a>";§ 2 odst. 5;5565645;ext_odkaz;NA;NA;NA;NA;esel-esb:právní-akt-odkaz/5565645;§ 2 odst. 5;JINEUSTAN;94915;esel-esb:eli/cz/sb/1992/344/1996-07-01/dokument/norma/cast_1/par_2/odst_5;90591;esel-esb:eli/cz/sb/1991/172/2000-07-01/dokument/poznamkypodcarou/ppc_3a;90591;1991/172;1992/344;1991/172;172/1991 Sb.
esel-esb:eli/cz/sb/1991/172/2014-01-01/dokument/poznamkypodcarou/ppc_3a;4202508;esel-esb:eli/cz/sb/1991/172/2014-01-01/dokument/poznamkypodcarou;pozn. 3a;NA;3a;NA;/4/4/;esel-esb:právní-akt-fragment/2100937;2100937;2100937;PPC;3a) § 1 odst. 2 zákona č. 367/1990 Sb., o obcích (obecní zřízení). § 2 odst. 5 zákona č. 344/1992 Sb., o katastru nemovitostí České republiky (katastrální zákon), ve znění zákona č. 89/1996 Sb.;notes;"<a data-odkaz-id=""5565655"" href=""#""  class=""ext_odkaz"" data-version=""19960701"">zákona č. 344/1992 Sb., o katastru nemovitostí České republiky</a>";zákona č. 344/1992 Sb., o katastru nemovitostí České republiky;5565655;ext_odkaz;NA;NA;NA;NA;esel-esb:právní-akt-odkaz/5565655;zákona č. 344/1992 Sb.;JINYPRED;94915;esel-esb:eli/cz/sb/1992/344/1996-07-01/dokument;90591;esel-esb:eli/cz/sb/1991/172/2000-07-01/dokument/poznamkypodcarou/ppc_3a;90591;1991/172;1992/344;1991/172;172/1991 Sb.
esel-esb:eli/cz/sb/1991/172/2014-01-01/dokument/poznamkypodcarou/ppc_3a;4202508;esel-esb:eli/cz/sb/1991/172/2014-01-01/dokument/poznamkypodcarou;pozn. 3a;NA;3a;NA;/4/4/;esel-esb:právní-akt-fragment/2100937;2100937;2100937;PPC;3a) § 1 odst. 2 zákona č. 367/1990 Sb., o obcích (obecní zřízení). § 2 odst. 5 zákona č. 344/1992 Sb., o katastru nemovitostí České republiky (katastrální zákon), ve znění zákona č. 89/1996 Sb.;notes;"<a data-odkaz-id=""5565665"" href=""#""  class=""ext_odkaz"">zákona č. 89/1996 Sb.</a>";zákona č. 89/1996 Sb.;5565665;ext_odkaz;NA;NA;NA;NA;esel-esb:právní-akt-odkaz/5565665;zákona č. 89/1996 Sb.;JINYPRED;102737;esel-esb:eli/cz/sb/1996/89/1996-07-01/dokument;90591;esel-esb:eli/cz/sb/1991/172/2000-07-01/dokument/poznamkypodcarou/ppc_3a;90591;1991/172;1996/89;1991/172;172/1991 Sb.
esel-esb:eli/cz/sb/1991/172/2014-01-01/dokument/poznamkypodcarou/ppc_3b;4202509;esel-esb:eli/cz/sb/1991/172/2014-01-01/dokument/poznamkypodcarou;pozn. 3b;NA;3b;NA;/4/5/;esel-esb:právní-akt-fragment/2101007;2101007;2101007;PPC;3b) § 30 zákona č. 222/1999 Sb., o zajišťování obrany České republiky, ve znění pozdějších předpisů.;notes;"<a data-odkaz-id=""5469263"" href=""#""  class=""ext_odkaz"">§ 30</a>";§ 30;5469263;ext_odkaz;NA;NA;NA;NA;esel-esb:právní-akt-odkaz/5469263;§ 30;JINEUSTAN;107535;esel-esb:eli/cz/sb/1999/222/2012-04-01/dokument/norma/cast_6/par_30;90597;esel-esb:eli/cz/sb/1991/172/2012-06-29/dokument/poznamkypodcarou/ppc_3b;90597;1991/172;1999/222;1991/172;172/1991 Sb.
esel-esb:eli/cz/sb/1991/172/2014-01-01/dokument/poznamkypodcarou/ppc_3b;4202509;esel-esb:eli/cz/sb/1991/172/2014-01-01/dokument/poznamkypodcarou;pozn. 3b;NA;3b;NA;/4/5/;esel-esb:právní-akt-fragment/2101007;2101007;2101007;PPC;3b) § 30 zákona č. 222/1999 Sb., o zajišťování obrany České republiky, ve znění pozdějších předpisů.;notes;"<a data-odkaz-id=""5469267"" href=""#""  class=""ext_odkaz"">zákona č. 222/1999 Sb., o zajišťování obrany České republiky</a>";zákona č. 222/1999 Sb., o zajišťování obrany České republiky;5469267;ext_odkaz;NA;NA;NA;NA;esel-esb:právní-akt-odkaz/5469267;zákona č. 222/1999 Sb.;JINYPRED;107535;esel-esb:eli/cz/sb/1999/222/2012-04-01/dokument;90597;esel-esb:eli/cz/sb/1991/172/2012-06-29/dokument/poznamkypodcarou/ppc_3b;90597;1991/172;1999/222;1991/172;172/1991 Sb.
esel-esb:eli/cz/sb/1991/172/2014-01-01/dokument/poznamkypodcarou/ppc_3c;4202510;esel-esb:eli/cz/sb/1991/172/2014-01-01/dokument/poznamkypodcarou;pozn. 3c;NA;3c;NA;/4/6/;esel-esb:právní-akt-fragment/2101009;2101009;2101009;PPC;3c) § 19 zákona č. 344/1992 Sb.;notes;"<a data-odkaz-id=""5469255"" href=""#""  class=""ext_odkaz"">§ 19</a>";§ 19;5469255;ext_odkaz;NA;NA;NA;NA;esel-esb:právní-akt-odkaz/5469255;§ 19;JINEUSTAN;94933;esel-esb:eli/cz/sb/1992/344/2010-07-01/dokument/norma/cast_5/par_19;90597;esel-esb:eli/cz/sb/1991/172/2012-06-29/dokument/poznamkypodcarou/ppc_3c;90597;1991/172;1992/344;1991/172;172/1991 Sb.
esel-esb:eli/cz/sb/1991/172/2014-01-01/dokument/poznamkypodcarou/ppc_3c;4202510;esel-esb:eli/cz/sb/1991/172/2014-01-01/dokument/poznamkypodcarou;pozn. 3c;NA;3c;NA;/4/6/;esel-esb:právní-akt-fragment/2101009;2101009;2101009;PPC;3c) § 19 zákona č. 344/1992 Sb.;notes;"<a data-odkaz-id=""5469259"" href=""#""  class=""ext_odkaz"">zákona č. 344/1992 Sb.</a>";zákona č. 344/1992 Sb.;5469259;ext_odkaz;NA;NA;NA;NA;esel-esb:právní-akt-odkaz/5469259;zákona č. 344/1992 Sb.;JINYPRED;94933;esel-esb:eli/cz/sb/1992/344/2010-07-01/dokument;90597;esel-esb:eli/cz/sb/1991/172/2012-06-29/dokument/poznamkypodcarou/ppc_3c;90597;1991/172;1992/344;1991/172;172/1991 Sb.
esel-esb:eli/cz/sb/1991/172/2014-01-01/dokument/poznamkypodcarou/ppc_4;4202511;esel-esb:eli/cz/sb/1991/172/2014-01-01/dokument/poznamkypodcarou;pozn. 4;NA;4;NA;/4/7/;esel-esb:právní-akt-fragment/2100939;2100939;2100939;PPC;4) § 59 odst. 1 zákona č. 41/1964 Sb., o hospodaření s byty.;notes;"<a data-odkaz-id=""5565579"" href=""#""  class=""ext_odkaz"">§ 59 odst. 1</a>";§ 59 odst. 1;5565579;ext_odkaz;NA;NA;NA;NA;esel-esb:právní-akt-odkaz/5565579;§ 59 odst. 1;JINEUSTAN;73967;esel-esb:eli/cz/sb/1964/41/1964-04-01/dokument/norma/cast_8/par_59/odst_1;27595;esel-esb:eli/cz/sb/1991/172/0000-00-00/dokument/poznamkypodcarou/ppc_4;27595;1991/172;1964/41;1991/172;172/1991 Sb.
esel-esb:eli/cz/sb/1991/172/2014-01-01/dokument/poznamkypodcarou/ppc_4;4202511;esel-esb:eli/cz/sb/1991/172/2014-01-01/dokument/poznamkypodcarou;pozn. 4;NA;4;NA;/4/7/;esel-esb:právní-akt-fragment/2100939;2100939;2100939;PPC;4) § 59 odst. 1 zákona č. 41/1964 Sb., o hospodaření s byty.;notes;"<a data-odkaz-id=""5565597"" href=""#""  class=""ext_odkaz"">zákona č. 41/1964 Sb., o hospodaření s byty</a>";zákona č. 41/1964 Sb., o hospodaření s byty;5565597;ext_odkaz;NA;NA;NA;NA;esel-esb:právní-akt-odkaz/5565597;zákona č. 41/1964 Sb.;JINYPRED;73967;esel-esb:eli/cz/sb/1964/41/1964-04-01/dokument;27595;esel-esb:eli/cz/sb/1991/172/0000-00-00/dokument/poznamkypodcarou/ppc_4;27595;1991/172;1964/41;1991/172;172/1991 Sb.
esel-esb:eli/cz/sb/1991/172/2014-01-01/dokument/poznamkypodcarou/ppc_5;4202512;esel-esb:eli/cz/sb/1991/172/2014-01-01/dokument/poznamkypodcarou;pozn. 5;NA;5;NA;/4/8/;esel-esb:právní-akt-fragment/2100941;2100941;2100941;PPC;5) § 67 zákona České národní rady č. 367/1990 Sb. § 36 zákona České národní rady č. 418/1990 Sb.;notes;"<a data-odkaz-id=""5565507"" href=""#""  class=""ext_odkaz"">§ 67</a>";§ 67;5565507;ext_odkaz;NA;NA;NA;NA;esel-esb:právní-akt-odkaz/5565507;§ 67;JINEUSTAN;88837;esel-esb:eli/cz/sb/1990/367/1990-11-24/dokument/norma/hlava_5/par_67;27595;esel-esb:eli/cz/sb/1991/172/0000-00-00/dokument/poznamkypodcarou/ppc_5;27595;1991/172;1990/367;1991/172;172/1991 Sb.
esel-esb:eli/cz/sb/1991/172/2014-01-01/dokument/poznamkypodcarou/ppc_5;4202512;esel-esb:eli/cz/sb/1991/172/2014-01-01/dokument/poznamkypodcarou;pozn. 5;NA;5;NA;/4/8/;esel-esb:právní-akt-fragment/2100941;2100941;2100941;PPC;5) § 67 zákona České národní rady č. 367/1990 Sb. § 36 zákona České národní rady č. 418/1990 Sb.;notes;"<a data-odkaz-id=""5565525"" href=""#""  class=""ext_odkaz"">zákona České národní rady č. 367/1990 Sb.</a>";zákona České národní rady č. 367/1990 Sb.;5565525;ext_odkaz;NA;NA;NA;NA;esel-esb:právní-akt-odkaz/5565525;zákona České národní rady č. 367/1990 Sb.;JINYPRED;88837;esel-esb:eli/cz/sb/1990/367/1990-11-24/dokument;27595;esel-esb:eli/cz/sb/1991/172/0000-00-00/dokument/poznamkypodcarou/ppc_5;27595;1991/172;1990/367;1991/172;172/1991 Sb.
esel-esb:eli/cz/sb/1991/172/2014-01-01/dokument/poznamkypodcarou/ppc_5;4202512;esel-esb:eli/cz/sb/1991/172/2014-01-01/dokument/poznamkypodcarou;pozn. 5;NA;5;NA;/4/8/;esel-esb:právní-akt-fragment/2100941;2100941;2100941;PPC;5) § 67 zákona České národní rady č. 367/1990 Sb. § 36 zákona České národní rady č. 418/1990 Sb.;notes;"<a data-odkaz-id=""5565543"" href=""#""  class=""ext_odkaz"">§ 36</a>";§ 36;5565543;ext_odkaz;NA;NA;NA;NA;esel-esb:právní-akt-odkaz/5565543;§ 36;JINEUSTAN;89379;esel-esb:eli/cz/sb/1990/418/1990-11-24/dokument/norma/hlava_4/oddil_2/par_36;27595;esel-esb:eli/cz/sb/1991/172/0000-00-00/dokument/poznamkypodcarou/ppc_5;27595;1991/172;1990/418;1991/172;172/1991 Sb.
esel-esb:eli/cz/sb/1991/172/2014-01-01/dokument/poznamkypodcarou/ppc_5;4202512;esel-esb:eli/cz/sb/1991/172/2014-01-01/dokument/poznamkypodcarou;pozn. 5;NA;5;NA;/4/8/;esel-esb:právní-akt-fragment/2100941;2100941;2100941;PPC;5) § 67 zákona České národní rady č. 367/1990 Sb. § 36 zákona České národní rady č. 418/1990 Sb.;notes;"<a data-odkaz-id=""5565561"" href=""#""  class=""ext_odkaz"">zákona České národní rady č. 418/1990 Sb.</a>";zákona České národní rady č. 418/1990 Sb.;5565561;ext_odkaz;NA;NA;NA;NA;esel-esb:právní-akt-odkaz/5565561;zákona České národní rady č. 418/1990 Sb.;JINYPRED;89379;esel-esb:eli/cz/sb/1990/418/1990-11-24/dokument;27595;esel-esb:eli/cz/sb/1991/172/0000-00-00/dokument/poznamkypodcarou/ppc_5;27595;1991/172;1990/418;1991/172;172/1991 Sb.
esel-esb:eli/cz/sb/1991/172/2014-01-01/dokument/poznamkypodcarou/ppc_6;4202513;esel-esb:eli/cz/sb/1991/172/2014-01-01/dokument/poznamkypodcarou;pozn. 6;NA;6;NA;/4/9/;esel-esb:právní-akt-fragment/2100943;2100943;2100943;PPC;6) § 198 a násl. občanského zákoníku.;notes;"<a data-odkaz-id=""5565471"" href=""#""  class=""ext_odkaz"">§ 198 a násl.</a>";§ 198 a násl.;5565471;ext_odkaz;NA;NA;NA;NA;esel-esb:právní-akt-odkaz/5565471;§ 198 a násl.;JINEUSTAN;73793;esel-esb:eli/cz/sb/1964/40/1991-04-01/dokument/norma/cast_3/hlava_4/par_198;27595;esel-esb:eli/cz/sb/1991/172/0000-00-00/dokument/poznamkypodcarou/ppc_6;27595;1991/172;1964/40;1991/172;172/1991 Sb.
esel-esb:eli/cz/sb/1991/172/2014-01-01/dokument/poznamkypodcarou/ppc_6;4202513;esel-esb:eli/cz/sb/1991/172/2014-01-01/dokument/poznamkypodcarou;pozn. 6;NA;6;NA;/4/9/;esel-esb:právní-akt-fragment/2100943;2100943;2100943;PPC;6) § 198 a násl. občanského zákoníku.;notes;"<a data-odkaz-id=""5565489"" href=""#""  class=""ext_odkaz"">občanského zákoníku</a>";občanského zákoníku;5565489;ext_odkaz;NA;NA;NA;NA;esel-esb:právní-akt-odkaz/5565489;občanského zákoníku;JINYPRED;73793;esel-esb:eli/cz/sb/1964/40/1991-04-01/dokument;27595;esel-esb:eli/cz/sb/1991/172/0000-00-00/dokument/poznamkypodcarou/ppc_6;27595;1991/172;1964/40;1991/172;172/1991 Sb.
esel-esb:eli/cz/sb/1991/172/2014-01-01/dokument/poznamkypodcarou/ppc_7;4202514;esel-esb:eli/cz/sb/1991/172/2014-01-01/dokument/poznamkypodcarou;pozn. 7;NA;7;NA;/4/10/;esel-esb:právní-akt-fragment/2100945;2100945;2100945;PPC;7) Nařízení vlády České a Slovenské Federativní Republiky č. 212/1990 Sb., o odnětí nemovitého majetku státu v trvalém užívání Komunistické strany Československa.;notes;"<a data-odkaz-id=""5565453"" href=""#""  class=""ext_odkaz"">Nařízení vlády České a Slovenské Federativní Republiky č. 212/1990 Sb., o odnětí nemovitého majetku státu v trvalém užívání Komunistické strany Československa</a>";Nařízení vlády České a Slovenské Federativní Republiky č. 212/1990 Sb., o odnětí nemovitého majetku státu v trvalém užívání Komunistické strany Československa;5565453;ext_odkaz;NA;NA;NA;NA;esel-esb:právní-akt-odkaz/5565453;Nařízení vlády České a Slovenské Federativní Republiky č. 212/1990 Sb.;JINYPRED;88341;esel-esb:eli/cz/sb/1990/212/1990-05-29/dokument;27595;esel-esb:eli/cz/sb/1991/172/0000-00-00/dokument/poznamkypodcarou/ppc_7;27595;1991/172;1990/212;1991/172;172/1991 Sb.
esel-esb:eli/cz/sb/1991/172/2014-01-01/dokument/poznamkypodcarou/ppc_8;4202515;esel-esb:eli/cz/sb/1991/172/2014-01-01/dokument/poznamkypodcarou;pozn. 8;NA;8;NA;/4/11/;esel-esb:právní-akt-fragment/2100947;2100947;2100947;PPC;8) § 70 hospodářského zákoníku. § 10 vyhlášky federálního ministerstva financí č. 119/1988 Sb., o hospodaření s národním majetkem, ve znění pozdějších předpisů.;notes;"<a data-odkaz-id=""5565381"" href=""#""  class=""ext_odkaz"">§ 70</a>";§ 70;5565381;ext_odkaz;NA;NA;NA;NA;esel-esb:právní-akt-odkaz/5565381;§ 70;JINEUSTAN;74057;esel-esb:eli/cz/sb/1964/109/1991-03-01/dokument/norma/cast_2/hlava_4/par_70;27595;esel-esb:eli/cz/sb/1991/172/0000-00-00/dokument/poznamkypodcarou/ppc_8;27595;1991/172;1964/109;1991/172;172/1991 Sb.
esel-esb:eli/cz/sb/1991/172/2014-01-01/dokument/poznamkypodcarou/ppc_8;4202515;esel-esb:eli/cz/sb/1991/172/2014-01-01/dokument/poznamkypodcarou;pozn. 8;NA;8;NA;/4/11/;esel-esb:právní-akt-fragment/2100947;2100947;2100947;PPC;8) § 70 hospodářského zákoníku. § 10 vyhlášky federálního ministerstva financí č. 119/1988 Sb., o hospodaření s národním majetkem, ve znění pozdějších předpisů.;notes;"<a data-odkaz-id=""5565399"" href=""#""  class=""ext_odkaz"">hospodářského zákoníku</a>";hospodářského zákoníku;5565399;ext_odkaz;NA;NA;NA;NA;esel-esb:právní-akt-odkaz/5565399;hospodářského zákoníku;JINYPRED;74057;esel-esb:eli/cz/sb/1964/109/1991-03-01/dokument;27595;esel-esb:eli/cz/sb/1991/172/0000-00-00/dokument/poznamkypodcarou/ppc_8;27595;1991/172;1964/109;1991/172;172/1991 Sb.
esel-esb:eli/cz/sb/1991/172/2014-01-01/dokument/poznamkypodcarou/ppc_8;4202515;esel-esb:eli/cz/sb/1991/172/2014-01-01/dokument/poznamkypodcarou;pozn. 8;NA;8;NA;/4/11/;esel-esb:právní-akt-fragment/2100947;2100947;2100947;PPC;8) § 70 hospodářského zákoníku. § 10 vyhlášky federálního ministerstva financí č. 119/1988 Sb., o hospodaření s národním majetkem, ve znění pozdějších předpisů.;notes;"<a data-odkaz-id=""5565417"" href=""#""  class=""ext_odkaz"">§ 10</a>";§ 10;5565417;ext_odkaz;NA;NA;NA;NA;esel-esb:právní-akt-odkaz/5565417;§ 10;JINEUSTAN;86967;esel-esb:eli/cz/sb/1988/119/1990-05-01/dokument/norma/cast_2/par_10;27595;esel-esb:eli/cz/sb/1991/172/0000-00-00/dokument/poznamkypodcarou/ppc_8;27595;1991/172;1988/119;1991/172;172/1991 Sb.
esel-esb:eli/cz/sb/1991/172/2014-01-01/dokument/poznamkypodcarou/ppc_8;4202515;esel-esb:eli/cz/sb/1991/172/2014-01-01/dokument/poznamkypodcarou;pozn. 8;NA;8;NA;/4/11/;esel-esb:právní-akt-fragment/2100947;2100947;2100947;PPC;8) § 70 hospodářského zákoníku. § 10 vyhlášky federálního ministerstva financí č. 119/1988 Sb., o hospodaření s národním majetkem, ve znění pozdějších předpisů.;notes;"<a data-odkaz-id=""5565435"" href=""#""  class=""ext_odkaz"">vyhlášky federálního ministerstva financí č. 119/1988 Sb., o hospodaření s národním majetkem</a>";vyhlášky federálního ministerstva financí č. 119/1988 Sb., o hospodaření s národním majetkem;5565435;ext_odkaz;NA;NA;NA;NA;esel-esb:právní-akt-odkaz/5565435;vyhlášky federálního ministerstva financí č. 119/1988 Sb.;JINYPRED;86967;esel-esb:eli/cz/sb/1988/119/1990-05-01/dokument;27595;esel-esb:eli/cz/sb/1991/172/0000-00-00/dokument/poznamkypodcarou/ppc_8;27595;1991/172;1988/119;1991/172;172/1991 Sb.
esel-esb:eli/cz/sb/1991/172/2014-01-01/dokument/poznamkypodcarou/ppc_9;4202516;esel-esb:eli/cz/sb/1991/172/2014-01-01/dokument/poznamkypodcarou;pozn. 9;NA;9;NA;/4/12/;esel-esb:právní-akt-fragment/2100949;2100949;2100949;PPC;9) Např. zákon č. 87/1991 Sb., o mimosoudních rehabilitacích, zákon č. 403/1990 Sb., o zmírnění následků některých majetkových křivd.;notes;"<a data-odkaz-id=""5565345"" href=""#""  class=""ext_odkaz"">zákon č. 87/1991 Sb., o mimosoudních rehabilitacích</a>";zákon č. 87/1991 Sb., o mimosoudních rehabilitacích;5565345;ext_odkaz;NA;NA;NA;NA;esel-esb:právní-akt-odkaz/5565345;zákon č. 87/1991 Sb.;JINYPRED;90421;esel-esb:eli/cz/sb/1991/87/1991-04-01/dokument;27595;esel-esb:eli/cz/sb/1991/172/0000-00-00/dokument/poznamkypodcarou/ppc_9;27595;1991/172;1991/87;1991/172;172/1991 Sb.
esel-esb:eli/cz/sb/1991/172/2014-01-01/dokument/poznamkypodcarou/ppc_9;4202516;esel-esb:eli/cz/sb/1991/172/2014-01-01/dokument/poznamkypodcarou;pozn. 9;NA;9;NA;/4/12/;esel-esb:právní-akt-fragment/2100949;2100949;2100949;PPC;9) Např. zákon č. 87/1991 Sb., o mimosoudních rehabilitacích, zákon č. 403/1990 Sb., o zmírnění následků některých majetkových křivd.;notes;"<a data-odkaz-id=""5565363"" href=""#""  class=""ext_odkaz"">zákon č. 403/1990 Sb., o zmírnění následků některých majetkových křivd</a>";zákon č. 403/1990 Sb., o zmírnění následků některých majetkových křivd;5565363;ext_odkaz;NA;NA;NA;NA;esel-esb:právní-akt-odkaz/5565363;zákon č. 403/1990 Sb.;JINYPRED;88407;esel-esb:eli/cz/sb/1990/403/1991-04-15/dokument;27595;esel-esb:eli/cz/sb/1991/172/0000-00-00/dokument/poznamkypodcarou/ppc_9;27595;1991/172;1990/403;1991/172;172/1991 Sb.
esel-esb:eli/cz/sb/1991/172/2014-01-01/dokument/poznamkypodcarou/ppc_11;4202517;esel-esb:eli/cz/sb/1991/172/2014-01-01/dokument/poznamkypodcarou;pozn. 11;NA;11;NA;/4/13/;esel-esb:právní-akt-fragment/2100953;2100953;2100953;PPC;11) Zákon č. 22/1964 Sb., o evidenci nemovitostí.;notes;"<a data-odkaz-id=""5565299"" href=""#""  class=""ext_odkaz"">Zákon č. 22/1964 Sb., o evidenci nemovitostí</a>";Zákon č. 22/1964 Sb., o evidenci nemovitostí;5565299;ext_odkaz;NA;NA;NA;NA;esel-esb:právní-akt-odkaz/5565299;Zákon č. 22/1964 Sb., o evidenci nemovitostí;JINYPRED;74845;esel-esb:eli/cz/sb/1964/22/1984-04-01/dokument;27595;esel-esb:eli/cz/sb/1991/172/0000-00-00/dokument/poznamkypodcarou/ppc_11;27595;1991/172;1964/22;1991/172;172/1991 Sb.
esel-esb:eli/cz/sb/1991/172/2014-01-01/dokument/poznamkypodcarou/ppc_12;4202518;esel-esb:eli/cz/sb/1991/172/2014-01-01/dokument/poznamkypodcarou;pozn. 12;NA;12;NA;/4/14/;esel-esb:právní-akt-fragment/2100955;2100955;2100955;PPC;12) § 3 zákona České národní rady č. 367/1990 Sb.;notes;"<a data-odkaz-id=""5565263"" href=""#""  class=""ext_odkaz"">§ 3</a>";§ 3;5565263;ext_odkaz;NA;NA;NA;NA;esel-esb:právní-akt-odkaz/5565263;§ 3;JINEUSTAN;88837;esel-esb:eli/cz/sb/1990/367/1990-11-24/dokument/norma/hlava_1/oddil_1/par_3;27595;esel-esb:eli/cz/sb/1991/172/0000-00-00/dokument/poznamkypodcarou/ppc_12;27595;1991/172;1990/367;1991/172;172/1991 Sb.
esel-esb:eli/cz/sb/1991/172/2014-01-01/dokument/poznamkypodcarou/ppc_12;4202518;esel-esb:eli/cz/sb/1991/172/2014-01-01/dokument/poznamkypodcarou;pozn. 12;NA;12;NA;/4/14/;esel-esb:právní-akt-fragment/2100955;2100955;2100955;PPC;12) § 3 zákona České národní rady č. 367/1990 Sb.;notes;"<a data-odkaz-id=""5565281"" href=""#""  class=""ext_odkaz"">zákona České národní rady č. 367/1990 Sb.</a>";zákona České národní rady č. 367/1990 Sb.;5565281;ext_odkaz;NA;NA;NA;NA;esel-esb:právní-akt-odkaz/5565281;zákona České národní rady č. 367/1990 Sb.;JINYPRED;88837;esel-esb:eli/cz/sb/1990/367/1990-11-24/dokument;27595;esel-esb:eli/cz/sb/1991/172/0000-00-00/dokument/poznamkypodcarou/ppc_12;27595;1991/172;1990/367;1991/172;172/1991 Sb.
