fragment.iri;fragment.id;fragment.předek.iri;fragment.citace;fragment.citace.text;fragment.označení.uzlu;fragment.označení.uzlu.text;fragment.hierarchie;akt.fragment.iri;akt.fragment.id;fragment.base.id;typ.fragmentu;fragment.text_clean;source;tag;tag_clean;odkaz.id;class;data_eurlex;data_celexid;data_cellarid;data_orig_href;odkaz.iri;odkaz.citace.cíl;typ.vazba.odkazu;cíl.dokument.id;fragment.cíl.iri;fragment.cíl.dokument.id;fragment.zdroj.iri;fragment.zdroj.dokument.id;iri_z;iri_c;iri_v;akt.citace
esel-esb:eli/cz/sb/1948/185/1952-01-01/dokument/norma/cast_1/par_2/odst_2;242628;esel-esb:eli/cz/sb/1948/185/1952-01-01/dokument/norma/cast_1/par_2;§ 2 odst. 2;NA;2;NA;/2/1/3/2/;esel-esb:právní-akt-fragment/236591;236591;236591;Odstavec_Dc;(2) Majetek sloužící nebo určený k provozu léčebných a ošetřovacích ústavů, který je částí majetkových podstat národních podniků, vyjme příslušný ministr v dohodě s ministry zdravotnictví a financí z majetkové podstaty těchto podniků a ministr zdravotnictví použije tohoto majetku při začlenění dotčených ústavů do organisace ústavů státních (§ 9).;norms;"<a data-odkaz-id=""2566819"" href=""#""  class=""int_odkaz"">§ 9</a>";§ 9;2566819;int_odkaz;NA;NA;NA;NA;esel-esb:právní-akt-odkaz/2566819;§ 9;INTUSTAN;2865;esel-esb:eli/cz/sb/1948/185/0000-00-00/dokument/norma/cast_2/par_9;2865;esel-esb:eli/cz/sb/1948/185/0000-00-00/dokument/norma/cast_1/par_2/odst_2;2865;1948/185;1948/185;1948/185;185/1948 Sb.
esel-esb:eli/cz/sb/1948/185/1952-01-01/dokument/norma/cast_1/par_3/odst_1;242632;esel-esb:eli/cz/sb/1948/185/1952-01-01/dokument/norma/cast_1/par_3;§ 3 odst. 1;NA;1;NA;/2/1/4/1/;esel-esb:právní-akt-fragment/236599;236599;236599;Odstavec_Dc;(1) Stát vstupuje ke dni zestátnění majetku v závazky k němu náležející. Do závazků, podle nichž má majetková podstata nebo provozní zařízení zestátněného majetku přejíti po dni počátku účinnosti tohoto zákona na třetí osobu, stát nevstupuje. Za závazky náležející k zestátněnému majetku se nepokládají osobní daně, dávky a poplatky bývalého vlastníka, a zestátněná majetková podstata ani stát za ně neručí. Osobními daněmi a dávkami se rozumějí zejména daň důchodová, válečný příspěvek, daň rentová přímo vybíraná, daň z majetku podle vládního nařízení ze dne 16. prosince 1942, č. 410 Sb., o dani z majetku, majetkové dávky podle zákona ze dne 15. května 1946, č. 134 Sb., o dávce z majetkového přírůstku a o dávce z majetku, a mimořádné dávky podle zákona ze dne 31. října 1947, č. 185 Sb., o mimořádné jednorázové dávce a mimořádné dávce z nadměrných přírůstků na majetku. Způsob úhrady těchto osobních daní a dávek stanoví ministerstvo financí vyhláškou v Úředním listě.;norms;"<a data-odkaz-id=""2566823"" href=""#""  class=""ext_odkaz"">ze dne 15. května 1946, č. 134 Sb.</a>";ze dne 15. května 1946, č. 134 Sb.;2566823;ext_odkaz;NA;NA;NA;NA;esel-esb:právní-akt-odkaz/2566823;ze dne 15. května 1946, č. 134 Sb.;JINYPRED;64945;esel-esb:eli/cz/sb/1946/134/1946-09-30/dokument;2865;esel-esb:eli/cz/sb/1948/185/0000-00-00/dokument/norma/cast_1/par_3/odst_1;2865;1948/185;1946/134;1948/185;185/1948 Sb.
esel-esb:eli/cz/sb/1948/185/1952-01-01/dokument/norma/cast_1/par_3/odst_1;242632;esel-esb:eli/cz/sb/1948/185/1952-01-01/dokument/norma/cast_1/par_3;§ 3 odst. 1;NA;1;NA;/2/1/4/1/;esel-esb:právní-akt-fragment/236599;236599;236599;Odstavec_Dc;(1) Stát vstupuje ke dni zestátnění majetku v závazky k němu náležející. Do závazků, podle nichž má majetková podstata nebo provozní zařízení zestátněného majetku přejíti po dni počátku účinnosti tohoto zákona na třetí osobu, stát nevstupuje. Za závazky náležející k zestátněnému majetku se nepokládají osobní daně, dávky a poplatky bývalého vlastníka, a zestátněná majetková podstata ani stát za ně neručí. Osobními daněmi a dávkami se rozumějí zejména daň důchodová, válečný příspěvek, daň rentová přímo vybíraná, daň z majetku podle vládního nařízení ze dne 16. prosince 1942, č. 410 Sb., o dani z majetku, majetkové dávky podle zákona ze dne 15. května 1946, č. 134 Sb., o dávce z majetkového přírůstku a o dávce z majetku, a mimořádné dávky podle zákona ze dne 31. října 1947, č. 185 Sb., o mimořádné jednorázové dávce a mimořádné dávce z nadměrných přírůstků na majetku. Způsob úhrady těchto osobních daní a dávek stanoví ministerstvo financí vyhláškou v Úředním listě.;norms;"<a data-odkaz-id=""2566829"" href=""#""  class=""ext_odkaz"">ze dne 31. října 1947, č. 185 Sb.</a>";ze dne 31. října 1947, č. 185 Sb.;2566829;ext_odkaz;NA;NA;NA;NA;esel-esb:právní-akt-odkaz/2566829;ze dne 31. října 1947, č. 185 Sb.;JINYPRED;65641;esel-esb:eli/cz/sb/1947/185/1948-08-02/dokument;2865;esel-esb:eli/cz/sb/1948/185/0000-00-00/dokument/norma/cast_1/par_3/odst_1;2865;1948/185;1947/185;1948/185;185/1948 Sb.
esel-esb:eli/cz/sb/1948/185/1952-01-01/dokument/norma/cast_1/par_3/odst_2;242633;esel-esb:eli/cz/sb/1948/185/1952-01-01/dokument/norma/cast_1/par_3;§ 3 odst. 2;NA;2;NA;/2/1/4/2/;esel-esb:právní-akt-fragment/236601;236601;236601;Odstavec_Dc;(2) U závazků, které jsou hospodářsky neodůvodněné, počítajíc v to závazky ze služebních smluv, zaručujících zaměstnancům nepřiměřeně vysoké platy, zaopatřovací požitky, odbytné nebo pod., může se stát domáhati zrušení nebo jiné přiměřené úpravy. Nedojde-li o tom k dohodě, rozhodne rozhodčí soud zřízený podle zákona ze dne 21. listopadu 1946, č. 228 Sb., o rozhodčích soudech pro úpravu některých závazků národních podniků.;norms;"<a data-odkaz-id=""2566835"" href=""#""  class=""ext_odkaz"">ze dne 21. listopadu 1946, č. 228 Sb.</a>";ze dne 21. listopadu 1946, č. 228 Sb.;2566835;ext_odkaz;NA;NA;NA;NA;esel-esb:právní-akt-odkaz/2566835;ze dne 21. listopadu 1946, č. 228 Sb.;JINYPRED;65099;esel-esb:eli/cz/sb/1946/228/1946-12-19/dokument;2865;esel-esb:eli/cz/sb/1948/185/0000-00-00/dokument/norma/cast_1/par_3/odst_2;2865;1948/185;1946/228;1948/185;185/1948 Sb.
esel-esb:eli/cz/sb/1948/185/1952-01-01/dokument/norma/cast_1/par_4/odst_2;242636;esel-esb:eli/cz/sb/1948/185/1952-01-01/dokument/norma/cast_1/par_4;§ 4 odst. 2;NA;2;NA;/2/1/5/2/;esel-esb:právní-akt-fragment/236607;236607;236607;Odstavec_Dc;"(2) Věřitelé jsou povinni na vyzvání soudu vyhlášené v Úředním listě ve lhůtě soudem stanovené přihlásiti své nároky k řízení o návrhu podle odstavce 1; neučiní-li tak, jejich nároky proti státu zanikají.";norms;"<a data-odkaz-id=""2566841"" href=""#""  class=""int_odkaz"">odstavce 1</a>";odstavce 1;2566841;int_odkaz;NA;NA;NA;NA;esel-esb:právní-akt-odkaz/2566841;odstavce 1;INTUSTAN;2865;esel-esb:eli/cz/sb/1948/185/0000-00-00/dokument/norma/cast_1/par_4/odst_1;2865;esel-esb:eli/cz/sb/1948/185/0000-00-00/dokument/norma/cast_1/par_4/odst_2;2865;1948/185;1948/185;1948/185;185/1948 Sb.
esel-esb:eli/cz/sb/1948/185/1952-01-01/dokument/norma/cast_1/par_4/odst_3;242637;esel-esb:eli/cz/sb/1948/185/1952-01-01/dokument/norma/cast_1/par_4;§ 4 odst. 3;NA;3;NA;/2/1/5/3/;esel-esb:právní-akt-fragment/236609;236609;236609;Odstavec_Dc;(3) Úprava podle odstavce 1 se provede takto:;norms;"<a data-odkaz-id=""2566847"" href=""#""  class=""int_odkaz"">odstavce 1</a>";odstavce 1;2566847;int_odkaz;NA;NA;NA;NA;esel-esb:právní-akt-odkaz/2566847;odstavce 1;INTUSTAN;2865;esel-esb:eli/cz/sb/1948/185/0000-00-00/dokument/norma/cast_1/par_4/odst_1;2865;esel-esb:eli/cz/sb/1948/185/0000-00-00/dokument/norma/cast_1/par_4/odst_3;2865;1948/185;1948/185;1948/185;185/1948 Sb.
esel-esb:eli/cz/sb/1948/185/1952-01-01/dokument/norma/cast_1/par_4/odst_3/pism_c;242640;esel-esb:eli/cz/sb/1948/185/1952-01-01/dokument/norma/cast_1/par_4/odst_3;§ 4 odst. 3 písm. c);NA;c;NA;/2/1/5/3/3/;esel-esb:právní-akt-fragment/236615;236615;236615;Pismeno_Lb;"c) ostatní závazky, které podle pořadí jim příslušejícího [písm. d)] nebudou plně kryty rozdílem mezi obecnou cenou aktiv zestátněného majetku a hodnotou závazků, které podle ustanovení písm. a) a b) zůstanou nedotčeny, se uspokojí poměrně. Za takovéto závazky se pokládají také závazky uvedené pod písm. b), pokud nejsou kryty způsobem tam uvedeným;";norms;"<a data-odkaz-id=""2566853"" href=""#""  class=""int_odkaz"">písm. d)</a>";písm. d);2566853;int_odkaz;NA;NA;NA;NA;esel-esb:právní-akt-odkaz/2566853;písm. d);INTUSTAN;2865;esel-esb:eli/cz/sb/1948/185/0000-00-00/dokument/norma/cast_1/par_4/odst_3/pism_d;2865;esel-esb:eli/cz/sb/1948/185/0000-00-00/dokument/norma/cast_1/par_4/odst_3/pism_c;2865;1948/185;1948/185;1948/185;185/1948 Sb.
esel-esb:eli/cz/sb/1948/185/1952-01-01/dokument/norma/cast_1/par_4/odst_3/pism_c;242640;esel-esb:eli/cz/sb/1948/185/1952-01-01/dokument/norma/cast_1/par_4/odst_3;§ 4 odst. 3 písm. c);NA;c;NA;/2/1/5/3/3/;esel-esb:právní-akt-fragment/236615;236615;236615;Pismeno_Lb;"c) ostatní závazky, které podle pořadí jim příslušejícího [písm. d)] nebudou plně kryty rozdílem mezi obecnou cenou aktiv zestátněného majetku a hodnotou závazků, které podle ustanovení písm. a) a b) zůstanou nedotčeny, se uspokojí poměrně. Za takovéto závazky se pokládají také závazky uvedené pod písm. b), pokud nejsou kryty způsobem tam uvedeným;";norms;"<a data-odkaz-id=""2566859"" href=""#""  class=""int_odkaz"">písm. a)</a>";písm. a);2566859;int_odkaz;NA;NA;NA;NA;esel-esb:právní-akt-odkaz/2566859;písm. a);INTUSTAN;2865;esel-esb:eli/cz/sb/1948/185/0000-00-00/dokument/norma/cast_1/par_4/odst_3/pism_a;2865;esel-esb:eli/cz/sb/1948/185/0000-00-00/dokument/norma/cast_1/par_4/odst_3/pism_c;2865;1948/185;1948/185;1948/185;185/1948 Sb.
esel-esb:eli/cz/sb/1948/185/1952-01-01/dokument/norma/cast_1/par_4/odst_3/pism_c;242640;esel-esb:eli/cz/sb/1948/185/1952-01-01/dokument/norma/cast_1/par_4/odst_3;§ 4 odst. 3 písm. c);NA;c;NA;/2/1/5/3/3/;esel-esb:právní-akt-fragment/236615;236615;236615;Pismeno_Lb;"c) ostatní závazky, které podle pořadí jim příslušejícího [písm. d)] nebudou plně kryty rozdílem mezi obecnou cenou aktiv zestátněného majetku a hodnotou závazků, které podle ustanovení písm. a) a b) zůstanou nedotčeny, se uspokojí poměrně. Za takovéto závazky se pokládají také závazky uvedené pod písm. b), pokud nejsou kryty způsobem tam uvedeným;";norms;"<a data-odkaz-id=""2566865"" href=""#""  class=""int_odkaz"">b)</a>";b);2566865;int_odkaz;NA;NA;NA;NA;esel-esb:právní-akt-odkaz/2566865;b);INTUSTAN;2865;esel-esb:eli/cz/sb/1948/185/0000-00-00/dokument/norma/cast_1/par_4/odst_3/pism_b;2865;esel-esb:eli/cz/sb/1948/185/0000-00-00/dokument/norma/cast_1/par_4/odst_3/pism_c;2865;1948/185;1948/185;1948/185;185/1948 Sb.
esel-esb:eli/cz/sb/1948/185/1952-01-01/dokument/norma/cast_1/par_4/odst_3/pism_c;242640;esel-esb:eli/cz/sb/1948/185/1952-01-01/dokument/norma/cast_1/par_4/odst_3;§ 4 odst. 3 písm. c);NA;c;NA;/2/1/5/3/3/;esel-esb:právní-akt-fragment/236615;236615;236615;Pismeno_Lb;"c) ostatní závazky, které podle pořadí jim příslušejícího [písm. d)] nebudou plně kryty rozdílem mezi obecnou cenou aktiv zestátněného majetku a hodnotou závazků, které podle ustanovení písm. a) a b) zůstanou nedotčeny, se uspokojí poměrně. Za takovéto závazky se pokládají také závazky uvedené pod písm. b), pokud nejsou kryty způsobem tam uvedeným;";norms;"<a data-odkaz-id=""2566871"" href=""#""  class=""int_odkaz"">písm. b)</a>";písm. b);2566871;int_odkaz;NA;NA;NA;NA;esel-esb:právní-akt-odkaz/2566871;písm. b);INTUSTAN;2865;esel-esb:eli/cz/sb/1948/185/0000-00-00/dokument/norma/cast_1/par_4/odst_3/pism_b;2865;esel-esb:eli/cz/sb/1948/185/0000-00-00/dokument/norma/cast_1/par_4/odst_3/pism_c;2865;1948/185;1948/185;1948/185;185/1948 Sb.
esel-esb:eli/cz/sb/1948/185/1952-01-01/dokument/norma/cast_1/par_4/odst_3/pism_d;242641;esel-esb:eli/cz/sb/1948/185/1952-01-01/dokument/norma/cast_1/par_4/odst_3;§ 4 odst. 3 písm. d);NA;d;NA;/2/1/5/3/4/;esel-esb:právní-akt-fragment/236617;236617;236617;Pismeno_Lb;d) závazky, na něž se vztahují ustanovení písm. c), se zařazují podle pořadí do čtyř tříd. Do prvé třídy náležejí náklady řízení, do druhé až čtvrté třídy náležejí závazky, které podle obdoby konkursního řízení náležejí do prvé až třetí třídy. Závazky téže třídy mají mezi sebou stejné pořadí.;norms;"<a data-odkaz-id=""2566877"" href=""#""  class=""int_odkaz"">písm. c)</a>";písm. c);2566877;int_odkaz;NA;NA;NA;NA;esel-esb:právní-akt-odkaz/2566877;písm. c);INTUSTAN;2865;esel-esb:eli/cz/sb/1948/185/0000-00-00/dokument/norma/cast_1/par_4/odst_3/pism_c;2865;esel-esb:eli/cz/sb/1948/185/0000-00-00/dokument/norma/cast_1/par_4/odst_3/pism_d;2865;1948/185;1948/185;1948/185;185/1948 Sb.
esel-esb:eli/cz/sb/1948/185/1952-01-01/dokument/norma/cast_1/par_4/odst_4;242642;esel-esb:eli/cz/sb/1948/185/1952-01-01/dokument/norma/cast_1/par_4;§ 4 odst. 4;NA;4;NA;/2/1/5/4/;esel-esb:právní-akt-fragment/236619;236619;236619;Odstavec_Dc;(4) Pokud závazky podle pořadí jim příslušejícího nebudou uspokojeny úpravou podle odstavce 3, nepůsobí proti státu. Úprava závazků podle odstavce 3 působí toliko proti státu.;norms;"<a data-odkaz-id=""2566883"" href=""#""  class=""int_odkaz"">odstavce 3</a>";odstavce 3;2566883;int_odkaz;NA;NA;NA;NA;esel-esb:právní-akt-odkaz/2566883;odstavce 3;INTUSTAN;2865;esel-esb:eli/cz/sb/1948/185/0000-00-00/dokument/norma/cast_1/par_4/odst_3;2865;esel-esb:eli/cz/sb/1948/185/0000-00-00/dokument/norma/cast_1/par_4/odst_4;2865;1948/185;1948/185;1948/185;185/1948 Sb.
esel-esb:eli/cz/sb/1948/185/1952-01-01/dokument/norma/cast_1/par_4/odst_4;242642;esel-esb:eli/cz/sb/1948/185/1952-01-01/dokument/norma/cast_1/par_4;§ 4 odst. 4;NA;4;NA;/2/1/5/4/;esel-esb:právní-akt-fragment/236619;236619;236619;Odstavec_Dc;(4) Pokud závazky podle pořadí jim příslušejícího nebudou uspokojeny úpravou podle odstavce 3, nepůsobí proti státu. Úprava závazků podle odstavce 3 působí toliko proti státu.;norms;"<a data-odkaz-id=""2566889"" href=""#""  class=""int_odkaz"">odstavce 3</a>";odstavce 3;2566889;int_odkaz;NA;NA;NA;NA;esel-esb:právní-akt-odkaz/2566889;odstavce 3;INTUSTAN;2865;esel-esb:eli/cz/sb/1948/185/0000-00-00/dokument/norma/cast_1/par_4/odst_3;2865;esel-esb:eli/cz/sb/1948/185/0000-00-00/dokument/norma/cast_1/par_4/odst_4;2865;1948/185;1948/185;1948/185;185/1948 Sb.
esel-esb:eli/cz/sb/1948/185/1952-01-01/dokument/norma/cast_1/par_6/odst_1;242649;esel-esb:eli/cz/sb/1948/185/1952-01-01/dokument/norma/cast_1/par_6;§ 6 odst. 1;NA;1;NA;/2/1/7/1/;esel-esb:právní-akt-fragment/236633;236633;236633;Odstavec_Dc;(1) Za majetek zestátněný podle tohoto zákona, s výjimkou majetku svazků lidové správy, majetku sloužícího provozu dosavadních veřejných nemocnic provozovaných podle zákona ze dne 5. března 1888, č. 19 č. z. z., kterým se upravují právní poměry v. v. nemocnic v Čechách, nebo provozu všeobecné nemocnice v Praze, přísluší náhrada ve výši obecné ceny majetku. Od obecné ceny se odečtou podpory poskytnuté vlastníku nebo provozovateli nebo jejich právním předchůdcům z veřejných prostředků nebo z prostředků nositelů veřejnoprávního sociálního pojištění na stavební a nestavební investice. Ministerstvo zdravotnictví může rozhodnouti, že se od obecné ceny odečte hodnota darů a odkazů, poskytnutých vlastníku nebo provozovateli nebo jejich právním předchůdcům ve prospěch zestátněného ústavu. Jinak platí o náhradě přiměřeně ustanovení §§ 7 až 11 dekretu presidenta republiky ze dne 24. října 1945, č. 100 Sb., o znárodnění dolů a některých průmyslových podniků, ve znění zákona ze dne 28. dubna 1948, č. 114 Sb. (dále jen „dekret“).;norms;"<a data-odkaz-id=""2566895"" href=""#""  class=""ext_odkaz"" data-version=""19480602"">§§ 7 až 11</a>";§§ 7 až 11;2566895;ext_odkaz;NA;NA;NA;NA;esel-esb:právní-akt-odkaz/2566895;§§ 7 až 11;JINEUSTAN;64439;esel-esb:eli/cz/sb/1945/100/1948-06-02/dokument/norma/oddil_2/par_7;2865;esel-esb:eli/cz/sb/1948/185/0000-00-00/dokument/norma/cast_1/par_6/odst_1;2865;1948/185;1945/100;1948/185;185/1948 Sb.
esel-esb:eli/cz/sb/1948/185/1952-01-01/dokument/norma/cast_1/par_6/odst_1;242649;esel-esb:eli/cz/sb/1948/185/1952-01-01/dokument/norma/cast_1/par_6;§ 6 odst. 1;NA;1;NA;/2/1/7/1/;esel-esb:právní-akt-fragment/236633;236633;236633;Odstavec_Dc;(1) Za majetek zestátněný podle tohoto zákona, s výjimkou majetku svazků lidové správy, majetku sloužícího provozu dosavadních veřejných nemocnic provozovaných podle zákona ze dne 5. března 1888, č. 19 č. z. z., kterým se upravují právní poměry v. v. nemocnic v Čechách, nebo provozu všeobecné nemocnice v Praze, přísluší náhrada ve výši obecné ceny majetku. Od obecné ceny se odečtou podpory poskytnuté vlastníku nebo provozovateli nebo jejich právním předchůdcům z veřejných prostředků nebo z prostředků nositelů veřejnoprávního sociálního pojištění na stavební a nestavební investice. Ministerstvo zdravotnictví může rozhodnouti, že se od obecné ceny odečte hodnota darů a odkazů, poskytnutých vlastníku nebo provozovateli nebo jejich právním předchůdcům ve prospěch zestátněného ústavu. Jinak platí o náhradě přiměřeně ustanovení §§ 7 až 11 dekretu presidenta republiky ze dne 24. října 1945, č. 100 Sb., o znárodnění dolů a některých průmyslových podniků, ve znění zákona ze dne 28. dubna 1948, č. 114 Sb. (dále jen „dekret“).;norms;"<a data-odkaz-id=""2566901"" href=""#""  class=""ext_odkaz"" data-version=""19480602"">ze dne 24. října 1945, č. 100 Sb.</a>";ze dne 24. října 1945, č. 100 Sb.;2566901;ext_odkaz;NA;NA;NA;NA;esel-esb:právní-akt-odkaz/2566901;ze dne 24. října 1945, č. 100 Sb.;JINYPRED;64439;esel-esb:eli/cz/sb/1945/100/1948-06-02/dokument;2865;esel-esb:eli/cz/sb/1948/185/0000-00-00/dokument/norma/cast_1/par_6/odst_1;2865;1948/185;1945/100;1948/185;185/1948 Sb.
esel-esb:eli/cz/sb/1948/185/1952-01-01/dokument/norma/cast_1/par_6/odst_1;242649;esel-esb:eli/cz/sb/1948/185/1952-01-01/dokument/norma/cast_1/par_6;§ 6 odst. 1;NA;1;NA;/2/1/7/1/;esel-esb:právní-akt-fragment/236633;236633;236633;Odstavec_Dc;(1) Za majetek zestátněný podle tohoto zákona, s výjimkou majetku svazků lidové správy, majetku sloužícího provozu dosavadních veřejných nemocnic provozovaných podle zákona ze dne 5. března 1888, č. 19 č. z. z., kterým se upravují právní poměry v. v. nemocnic v Čechách, nebo provozu všeobecné nemocnice v Praze, přísluší náhrada ve výši obecné ceny majetku. Od obecné ceny se odečtou podpory poskytnuté vlastníku nebo provozovateli nebo jejich právním předchůdcům z veřejných prostředků nebo z prostředků nositelů veřejnoprávního sociálního pojištění na stavební a nestavební investice. Ministerstvo zdravotnictví může rozhodnouti, že se od obecné ceny odečte hodnota darů a odkazů, poskytnutých vlastníku nebo provozovateli nebo jejich právním předchůdcům ve prospěch zestátněného ústavu. Jinak platí o náhradě přiměřeně ustanovení §§ 7 až 11 dekretu presidenta republiky ze dne 24. října 1945, č. 100 Sb., o znárodnění dolů a některých průmyslových podniků, ve znění zákona ze dne 28. dubna 1948, č. 114 Sb. (dále jen „dekret“).;norms;"<a data-odkaz-id=""2566907"" href=""#""  class=""ext_odkaz"">ze dne 28. dubna 1948, č. 114 Sb.</a>";ze dne 28. dubna 1948, č. 114 Sb.;2566907;ext_odkaz;NA;NA;NA;NA;esel-esb:právní-akt-odkaz/2566907;ze dne 28. dubna 1948, č. 114 Sb.;JINYPRED;66225;esel-esb:eli/cz/sb/1948/114/1948-06-02/dokument;2865;esel-esb:eli/cz/sb/1948/185/0000-00-00/dokument/norma/cast_1/par_6/odst_1;2865;1948/185;1948/114;1948/185;185/1948 Sb.
esel-esb:eli/cz/sb/1948/185/1952-01-01/dokument/norma/cast_1/par_6/odst_3;242651;esel-esb:eli/cz/sb/1948/185/1952-01-01/dokument/norma/cast_1/par_6;§ 6 odst. 3;NA;3;NA;/2/1/7/3/;esel-esb:právní-akt-fragment/236637;236637;236637;Odstavec_Dc;(3) Za majetek uvedený v § 2, odst. 2 se národnímu podniku náhrada neposkytuje.;norms;"<a data-odkaz-id=""2566913"" href=""#""  class=""int_odkaz"">§ 2</a>";§ 2;2566913;int_odkaz;NA;NA;NA;NA;esel-esb:právní-akt-odkaz/2566913;§ 2;INTUSTAN;2865;esel-esb:eli/cz/sb/1948/185/0000-00-00/dokument/norma/cast_1/par_2;2865;esel-esb:eli/cz/sb/1948/185/0000-00-00/dokument/norma/cast_1/par_6/odst_3;2865;1948/185;1948/185;1948/185;185/1948 Sb.
esel-esb:eli/cz/sb/1948/185/1952-01-01/dokument/norma/cast_1/par_6/odst_3;242651;esel-esb:eli/cz/sb/1948/185/1952-01-01/dokument/norma/cast_1/par_6;§ 6 odst. 3;NA;3;NA;/2/1/7/3/;esel-esb:právní-akt-fragment/236637;236637;236637;Odstavec_Dc;(3) Za majetek uvedený v § 2, odst. 2 se národnímu podniku náhrada neposkytuje.;norms;"<a data-odkaz-id=""2566919"" href=""#""  class=""int_odkaz"">odst. 2</a>";odst. 2;2566919;int_odkaz;NA;NA;NA;NA;esel-esb:právní-akt-odkaz/2566919;odst. 2;INTUSTAN;2865;esel-esb:eli/cz/sb/1948/185/0000-00-00/dokument/norma/cast_1/par_2/odst_2;2865;esel-esb:eli/cz/sb/1948/185/0000-00-00/dokument/norma/cast_1/par_6/odst_3;2865;1948/185;1948/185;1948/185;185/1948 Sb.
esel-esb:eli/cz/sb/1948/185/1952-01-01/dokument/norma/cast_1/par_7/odst_2;242654;esel-esb:eli/cz/sb/1948/185/1952-01-01/dokument/norma/cast_1/par_7;§ 7 odst. 2;NA;2;NA;/2/1/8/2/;esel-esb:právní-akt-fragment/236643;236643;236643;Odstavec_Dc;(2) Vláda vydá nařízením předpisy o zhodnocení předchozí služební činnosti zaměstnanců převzatých státem, při čemž může stanoviti odchylky z ustanovení odstavce 1 až do provedení všeobecné úpravy platů zaměstnanců státních léčebných a ošetřovacích ústavů.;norms;"<a data-odkaz-id=""2566925"" href=""#""  class=""int_odkaz"">odstavce 1</a>";odstavce 1;2566925;int_odkaz;NA;NA;NA;NA;esel-esb:právní-akt-odkaz/2566925;odstavce 1;INTUSTAN;2865;esel-esb:eli/cz/sb/1948/185/0000-00-00/dokument/norma/cast_1/par_7/odst_1;2865;esel-esb:eli/cz/sb/1948/185/0000-00-00/dokument/norma/cast_1/par_7/odst_2;2865;1948/185;1948/185;1948/185;185/1948 Sb.
esel-esb:eli/cz/sb/1948/185/1952-01-01/dokument/norma/cast_3/par_14/frag_236719;242658;esel-esb:eli/cz/sb/1948/185/1952-01-01/dokument/norma/cast_3/par_14;NA;NA;NA;NA;/2/2/2/1/;esel-esb:právní-akt-fragment/236719;236719;236719;Odstavec_Dc;Právní jednání, písemnosti a úřední úkony, kterých je třeba k provedení části I a k úpravě organisace ústavů podle části II, jsou osvobozeny od daní, poplatků a dávek za úřední úkony ve věcech správních.;norms;"<a data-odkaz-id=""2567051"" href=""#""  class=""int_odkaz"">části I</a>";části I;2567051;int_odkaz;NA;NA;NA;NA;esel-esb:právní-akt-odkaz/2567051;části I;INTUSTAN;2865;esel-esb:eli/cz/sb/1948/185/0000-00-00/dokument/norma/cast_1;2865;esel-esb:eli/cz/sb/1948/185/0000-00-00/dokument/norma/cast_3/par_14/frag_236719;2865;1948/185;1948/185;1948/185;185/1948 Sb.
esel-esb:eli/cz/sb/1948/185/1952-01-01/dokument/norma/cast_3/par_14/frag_236719;242658;esel-esb:eli/cz/sb/1948/185/1952-01-01/dokument/norma/cast_3/par_14;NA;NA;NA;NA;/2/2/2/1/;esel-esb:právní-akt-fragment/236719;236719;236719;Odstavec_Dc;Právní jednání, písemnosti a úřední úkony, kterých je třeba k provedení části I a k úpravě organisace ústavů podle části II, jsou osvobozeny od daní, poplatků a dávek za úřední úkony ve věcech správních.;norms;"<a data-odkaz-id=""2567057"" href=""#""  class=""int_odkaz"">části II</a>";části II;2567057;int_odkaz;NA;NA;NA;NA;esel-esb:právní-akt-odkaz/2567057;části II;INTUSTAN;2865;esel-esb:eli/cz/sb/1948/185/0000-00-00/dokument/norma/cast_2;2865;esel-esb:eli/cz/sb/1948/185/0000-00-00/dokument/norma/cast_3/par_14/frag_236719;2865;1948/185;1948/185;1948/185;185/1948 Sb.
esel-esb:eli/cz/sb/1948/185/1952-01-01/dokument/norma/cast_3/par_16/frag_236727;242662;esel-esb:eli/cz/sb/1948/185/1952-01-01/dokument/norma/cast_3/par_16;NA;NA;NA;NA;/2/2/4/1/;esel-esb:právní-akt-fragment/236727;236727;236727;Odstavec_Dc;O zatímní správě zestátněných a konfiskovaných léčebných a ošetřovacích ústavů platí přiměřeně ustanovení §§ 12 a 13 zákona č. 125/1948 Sb.;norms;"<a data-odkaz-id=""2567061"" href=""#""  class=""ext_odkaz"">§§ 12</a>";§§ 12;2567061;ext_odkaz;NA;NA;NA;NA;esel-esb:právní-akt-odkaz/2567061;§§ 12;JINEUSTAN;66297;esel-esb:eli/cz/sb/1948/125/1948-01-01/dokument/norma/cast_5/par_12;2865;esel-esb:eli/cz/sb/1948/185/0000-00-00/dokument/norma/cast_3/par_16/frag_236727;2865;1948/185;1948/125;1948/185;185/1948 Sb.
esel-esb:eli/cz/sb/1948/185/1952-01-01/dokument/norma/cast_3/par_16/frag_236727;242662;esel-esb:eli/cz/sb/1948/185/1952-01-01/dokument/norma/cast_3/par_16;NA;NA;NA;NA;/2/2/4/1/;esel-esb:právní-akt-fragment/236727;236727;236727;Odstavec_Dc;O zatímní správě zestátněných a konfiskovaných léčebných a ošetřovacích ústavů platí přiměřeně ustanovení §§ 12 a 13 zákona č. 125/1948 Sb.;norms;"<a data-odkaz-id=""2567067"" href=""#""  class=""ext_odkaz"">13</a>";13;2567067;ext_odkaz;NA;NA;NA;NA;esel-esb:právní-akt-odkaz/2567067;13;JINEUSTAN;66297;esel-esb:eli/cz/sb/1948/125/1948-01-01/dokument/norma/cast_5/par_13;2865;esel-esb:eli/cz/sb/1948/185/0000-00-00/dokument/norma/cast_3/par_16/frag_236727;2865;1948/185;1948/125;1948/185;185/1948 Sb.
esel-esb:eli/cz/sb/1948/185/1952-01-01/dokument/norma/cast_3/par_16/frag_236727;242662;esel-esb:eli/cz/sb/1948/185/1952-01-01/dokument/norma/cast_3/par_16;NA;NA;NA;NA;/2/2/4/1/;esel-esb:právní-akt-fragment/236727;236727;236727;Odstavec_Dc;O zatímní správě zestátněných a konfiskovaných léčebných a ošetřovacích ústavů platí přiměřeně ustanovení §§ 12 a 13 zákona č. 125/1948 Sb.;norms;"<a data-odkaz-id=""2567073"" href=""#""  class=""ext_odkaz"">zákona č. 125/1948 Sb.</a>";zákona č. 125/1948 Sb.;2567073;ext_odkaz;NA;NA;NA;NA;esel-esb:právní-akt-odkaz/2567073;zákona č. 125/1948 Sb.;JINYPRED;66297;esel-esb:eli/cz/sb/1948/125/1948-01-01/dokument;2865;esel-esb:eli/cz/sb/1948/185/0000-00-00/dokument/norma/cast_3/par_16/frag_236727;2865;1948/185;1948/125;1948/185;185/1948 Sb.
esel-esb:eli/cz/sb/1948/185/1952-01-01/dokument/norma/cast_3/par_17/frag_236731;242664;esel-esb:eli/cz/sb/1948/185/1952-01-01/dokument/norma/cast_3/par_17;NA;NA;NA;NA;/2/2/5/1/;esel-esb:právní-akt-fragment/236731;236731;236731;Odstavec_Dc;Dokud nenabude účinnosti zákon předvídaný ustanovením § 176, odst. 3 ústavy Československé republiky, přísluší působnost, vyhrazená tímto zákonem krajským národním výborům, zemským národním výborům, na Slovensku pověřenectvu zdravotnictví.;norms;"<a data-odkaz-id=""2567079"" href=""#""  class=""ext_odkaz"">§ 176</a>";§ 176;2567079;ext_odkaz;NA;NA;NA;NA;esel-esb:právní-akt-odkaz/2567079;§ 176;JINEUSTAN;66775;esel-esb:eli/cz/sb/1948/150/1948-06-09/dokument/norma/par_176;2865;esel-esb:eli/cz/sb/1948/185/0000-00-00/dokument/norma/cast_3/par_17/frag_236731;2865;1948/185;1948/150;1948/185;185/1948 Sb.
esel-esb:eli/cz/sb/1948/185/1952-01-01/dokument/norma/cast_3/par_17/frag_236731;242664;esel-esb:eli/cz/sb/1948/185/1952-01-01/dokument/norma/cast_3/par_17;NA;NA;NA;NA;/2/2/5/1/;esel-esb:právní-akt-fragment/236731;236731;236731;Odstavec_Dc;Dokud nenabude účinnosti zákon předvídaný ustanovením § 176, odst. 3 ústavy Československé republiky, přísluší působnost, vyhrazená tímto zákonem krajským národním výborům, zemským národním výborům, na Slovensku pověřenectvu zdravotnictví.;norms;"<a data-odkaz-id=""2567085"" href=""#""  class=""ext_odkaz"">odst. 3</a>";odst. 3;2567085;ext_odkaz;NA;NA;NA;NA;esel-esb:právní-akt-odkaz/2567085;odst. 3;JINEUSTAN;66775;esel-esb:eli/cz/sb/1948/150/1948-06-09/dokument/norma/par_176/odst_3;2865;esel-esb:eli/cz/sb/1948/185/0000-00-00/dokument/norma/cast_3/par_17/frag_236731;2865;1948/185;1948/150;1948/185;185/1948 Sb.
esel-esb:eli/cz/sb/1948/185/1952-01-01/dokument/norma/cast_3/par_18/odst_1;242666;esel-esb:eli/cz/sb/1948/185/1952-01-01/dokument/norma/cast_3/par_18;§ 18 odst. 1;NA;1;NA;/2/2/6/1/;esel-esb:právní-akt-fragment/236735;236735;236735;Odstavec_Dc;"(1) Ustanovení tohoto zákona s výjimkou části II se vztahují i na vojenské léčebné a ošetřovací ústavy; působnost, která podle ustanovení části I přísluší ministru (ministerstvu) zdravotnictví, náleží u vojenských léčebných a ošetřovacích ústavů ministru (ministerstvu) národní obrany.";norms;"<a data-odkaz-id=""2567091"" href=""#""  class=""int_odkaz"">části II</a>";části II;2567091;int_odkaz;NA;NA;NA;NA;esel-esb:právní-akt-odkaz/2567091;části II;INTUSTAN;2865;esel-esb:eli/cz/sb/1948/185/0000-00-00/dokument/norma/cast_2;2865;esel-esb:eli/cz/sb/1948/185/0000-00-00/dokument/norma/cast_3/par_18/odst_1;2865;1948/185;1948/185;1948/185;185/1948 Sb.
esel-esb:eli/cz/sb/1948/185/1952-01-01/dokument/norma/cast_3/par_18/odst_1;242666;esel-esb:eli/cz/sb/1948/185/1952-01-01/dokument/norma/cast_3/par_18;§ 18 odst. 1;NA;1;NA;/2/2/6/1/;esel-esb:právní-akt-fragment/236735;236735;236735;Odstavec_Dc;"(1) Ustanovení tohoto zákona s výjimkou části II se vztahují i na vojenské léčebné a ošetřovací ústavy; působnost, která podle ustanovení části I přísluší ministru (ministerstvu) zdravotnictví, náleží u vojenských léčebných a ošetřovacích ústavů ministru (ministerstvu) národní obrany.";norms;"<a data-odkaz-id=""2567095"" href=""#""  class=""int_odkaz"">části I</a>";části I;2567095;int_odkaz;NA;NA;NA;NA;esel-esb:právní-akt-odkaz/2567095;části I;INTUSTAN;2865;esel-esb:eli/cz/sb/1948/185/0000-00-00/dokument/norma/cast_1;2865;esel-esb:eli/cz/sb/1948/185/0000-00-00/dokument/norma/cast_3/par_18/odst_1;2865;1948/185;1948/185;1948/185;185/1948 Sb.
