fragment.iri;fragment.id;fragment.předek.iri;fragment.citace;fragment.citace.text;fragment.označení.uzlu;fragment.označení.uzlu.text;fragment.hierarchie;akt.fragment.iri;akt.fragment.id;fragment.base.id;typ.fragmentu;fragment.text_clean;source;tag;tag_clean;odkaz.id;class;data_eurlex;data_celexid;data_cellarid;data_orig_href;odkaz.iri;odkaz.citace.cíl;typ.vazba.odkazu;cíl.dokument.id;fragment.cíl.iri;fragment.cíl.dokument.id;fragment.zdroj.iri;fragment.zdroj.dokument.id;iri_z;iri_c;iri_v;akt.citace
esel-esb:eli/cz/sb/2002/198/2014-06-05/dokument/norma/cast_1/par_2/odst_1/pism_b;12428596;esel-esb:eli/cz/sb/2002/198/2014-06-05/dokument/norma/cast_1/par_2/odst_1;§ 2 odst. 1 písm. b);NA;b;NA;/2/1/4/1/2/;esel-esb:právní-akt-fragment/5335107;5335107;5335107;Pismeno_Lb;b) pomoc při přírodních, ekologických nebo humanitárních katastrofách, při ochraně a zlepšování životního prostředí, při péči o zachování kulturního dědictví, při pořádání kulturních nebo sbírkových charitativních akcí pro osoby uvedené v písmenu a), nebo;norms;"<a data-odkaz-id=""12902143"" href=""#""  class=""int_odkaz"">písmenu a)</a>";písmenu a);12902143;int_odkaz;NA;NA;NA;NA;esel-esb:právní-akt-odkaz/12902143;písmenu a);INTUSTAN;39103;esel-esb:eli/cz/sb/2002/198/0000-00-00/dokument/norma/cast_1/par_2/odst_1/pism_a;39103;esel-esb:eli/cz/sb/2002/198/0000-00-00/dokument/norma/cast_1/par_2/odst_1/pism_b;39103;2002/198;2002/198;2002/198;198/2002 Sb.
esel-esb:eli/cz/sb/2002/198/2014-06-05/dokument/norma/cast_1/par_2/odst_2;12428598;esel-esb:eli/cz/sb/2002/198/2014-06-05/dokument/norma/cast_1/par_2;§ 2 odst. 2;NA;2;NA;/2/1/4/2/;esel-esb:právní-akt-fragment/5335111;5335111;5335111;Odstavec_Dc;(2) Za dobrovolnickou službu uvedenou v odstavci 1 se nepovažuje činnost týkající se uspokojování osobních zájmů, anebo je-li vykonávána v rámci podnikatelské nebo jiné výdělečné činnosti anebo v pracovněprávním vztahu, služebním poměru nebo členském poměru.;norms;"<a data-odkaz-id=""12865197"" href=""#""  class=""int_odkaz"">odstavci 1</a>";odstavci 1;12865197;int_odkaz;NA;NA;NA;NA;esel-esb:právní-akt-odkaz/12865197;odstavci 1;INTUSTAN;39103;esel-esb:eli/cz/sb/2002/198/0000-00-00/dokument/norma/cast_1/par_2/odst_1;39103;esel-esb:eli/cz/sb/2002/198/0000-00-00/dokument/norma/cast_1/par_2/odst_2;39103;2002/198;2002/198;2002/198;198/2002 Sb.
esel-esb:eli/cz/sb/2002/198/2014-06-05/dokument/norma/cast_1/par_4/odst_1;12428610;esel-esb:eli/cz/sb/2002/198/2014-06-05/dokument/norma/cast_1/par_4;§ 4 odst. 1;NA;1;NA;/2/1/6/1/;esel-esb:právní-akt-fragment/5335365;5335365;5335133;Odstavec_Dc;(1) Vysílající organizací podle tohoto zákona je veřejně prospěšná právnická osoba se sídlem v České republice, která dobrovolníky vybírá, eviduje, připravuje pro výkon dobrovolnické služby a uzavírá s nimi smlouvy o výkonu dobrovolnické služby za podmínky, že má udělenu akreditaci (§ 6).;norms;"<a data-odkaz-id=""12867293"" href=""#""  class=""int_odkaz"">§ 6</a>";§ 6;12867293;int_odkaz;NA;NA;NA;NA;esel-esb:právní-akt-odkaz/12867293;§ 6;INTUSTAN;117323;esel-esb:eli/cz/sb/2002/198/2014-06-05/dokument/norma/cast_1/par_6;117323;esel-esb:eli/cz/sb/2002/198/2014-06-05/dokument/norma/cast_1/par_4/odst_1;117323;2002/198;2002/198;2002/198;198/2002 Sb.
esel-esb:eli/cz/sb/2002/198/2014-06-05/dokument/norma/cast_1/par_4/odst_4;12428613;esel-esb:eli/cz/sb/2002/198/2014-06-05/dokument/norma/cast_1/par_4;§ 4 odst. 4;NA;4;NA;/2/1/6/4/;esel-esb:právní-akt-fragment/5335371;5335371;5335371;Odstavec_Dc;(4) Vysílající organizace doloží svoji veřejnou prospěšnost písemným prohlášením, že splňuje podmínky uvedené v § 146 občanského zákoníku.;norms;"<a data-odkaz-id=""12867295"" href=""#""  class=""ext_odkaz"">§ 146</a>";§ 146;12867295;ext_odkaz;NA;NA;NA;NA;esel-esb:právní-akt-odkaz/12867295;§ 146;JINEUSTAN;141777;esel-esb:eli/cz/sb/2012/89/2014-01-01/dokument/norma/cast_1/hlava_2/dil_3/oddil_1/par_146;117323;esel-esb:eli/cz/sb/2002/198/2014-06-05/dokument/norma/cast_1/par_4/odst_4;117323;2002/198;2012/89;2002/198;198/2002 Sb.
esel-esb:eli/cz/sb/2002/198/2014-06-05/dokument/norma/cast_1/par_4/odst_4;12428613;esel-esb:eli/cz/sb/2002/198/2014-06-05/dokument/norma/cast_1/par_4;§ 4 odst. 4;NA;4;NA;/2/1/6/4/;esel-esb:právní-akt-fragment/5335371;5335371;5335371;Odstavec_Dc;(4) Vysílající organizace doloží svoji veřejnou prospěšnost písemným prohlášením, že splňuje podmínky uvedené v § 146 občanského zákoníku.;norms;"<a data-odkaz-id=""12867297"" href=""#""  class=""ext_odkaz"">občanského zákoníku</a>";občanského zákoníku;12867297;ext_odkaz;NA;NA;NA;NA;esel-esb:právní-akt-odkaz/12867297;občanského zákoníku;JINYPRED;141777;esel-esb:eli/cz/sb/2012/89/2014-01-01/dokument;117323;esel-esb:eli/cz/sb/2002/198/2014-06-05/dokument/norma/cast_1/par_4/odst_4;117323;2002/198;2012/89;2002/198;198/2002 Sb.
esel-esb:eli/cz/sb/2002/198/2014-06-05/dokument/norma/cast_1/par_5/odst_1;12428616;esel-esb:eli/cz/sb/2002/198/2014-06-05/dokument/norma/cast_1/par_5;§ 5 odst. 1;NA;1;NA;/2/1/8/1/;esel-esb:právní-akt-fragment/5335143;5335143;5335143;Odstavec_Dc;(1) Pro výkon krátkodobé dobrovolnické služby, nejde-li o dobrovolnickou službu, k jejímuž výkonu je dobrovolník vysílán do zahraničí, musí být mezi dobrovolníkem a vysílající organizací sjednáno alespoň místo, předmět a doba výkonu dobrovolnické služby, a podle povahy dobrovolnické služby též poskytnutí pracovních prostředků a ochranných pracovních prostředků dobrovolníkovi, popřípadě předložení výpisu z evidence Rejstříku trestů ne staršího než 3 měsíce a potvrzení o zdravotním stavu dobrovolníka ne starší než 3 měsíce [odstavec 2 písm. b) bod 3].;norms;"<a data-odkaz-id=""12865247"" href=""#""  class=""int_odkaz"">odstavec 2 písm. b) bod 3</a>";odstavec 2 písm. b) bod 3;12865247;int_odkaz;NA;NA;NA;NA;esel-esb:právní-akt-odkaz/12865247;odstavec 2 písm. b) bod 3;INTUSTAN;39103;esel-esb:eli/cz/sb/2002/198/0000-00-00/dokument/norma/cast_1/par_5/odst_2/pism_b/bod_3;39103;esel-esb:eli/cz/sb/2002/198/0000-00-00/dokument/norma/cast_1/par_5/odst_1;39103;2002/198;2002/198;2002/198;198/2002 Sb.
esel-esb:eli/cz/sb/2002/198/2014-06-05/dokument/norma/cast_1/par_5/odst_3;12428630;esel-esb:eli/cz/sb/2002/198/2014-06-05/dokument/norma/cast_1/par_5;§ 5 odst. 3;NA;3;NA;/2/1/8/3/;esel-esb:právní-akt-fragment/5335171;5335171;5335171;Odstavec_Dc;(3) Smlouva mezi dobrovolníkem a vysílající organizací o výkonu dlouhodobé dobrovolnické služby může obsahovat rovněž ujednání, že dobrovolník před vysláním k výkonu dobrovolnické služby podá přihlášku k účasti na důchodovém pojištění, splňuje-li podmínky podle zvláštního právního předpisu,2) a závazek vysílající organizace platit za něho pojištění na důchodové pojištění stanovené alespoň z minimálního vyměřovacího základu,3) je-li dlouhodobá dobrovolnická služba vykonávána alespoň v rozsahu překračujícím v průměru 20 hodin v kalendářním týdnu.;norms;"<a data-odkaz-id=""12865265"" href=""#""  class=""int_odkaz""><sup>2</sup>)</a>";2);12865265;int_odkaz;NA;NA;NA;NA;esel-esb:právní-akt-odkaz/12865265;<sup>2</sup>);POZNAMKA;39103;esel-esb:eli/cz/sb/2002/198/0000-00-00/dokument/poznamkypodcarou/ppc_2;39103;esel-esb:eli/cz/sb/2002/198/0000-00-00/dokument/norma/cast_1/par_5/odst_3;39103;2002/198;2002/198;2002/198;198/2002 Sb.
esel-esb:eli/cz/sb/2002/198/2014-06-05/dokument/norma/cast_1/par_5/odst_3;12428630;esel-esb:eli/cz/sb/2002/198/2014-06-05/dokument/norma/cast_1/par_5;§ 5 odst. 3;NA;3;NA;/2/1/8/3/;esel-esb:právní-akt-fragment/5335171;5335171;5335171;Odstavec_Dc;(3) Smlouva mezi dobrovolníkem a vysílající organizací o výkonu dlouhodobé dobrovolnické služby může obsahovat rovněž ujednání, že dobrovolník před vysláním k výkonu dobrovolnické služby podá přihlášku k účasti na důchodovém pojištění, splňuje-li podmínky podle zvláštního právního předpisu,2) a závazek vysílající organizace platit za něho pojištění na důchodové pojištění stanovené alespoň z minimálního vyměřovacího základu,3) je-li dlouhodobá dobrovolnická služba vykonávána alespoň v rozsahu překračujícím v průměru 20 hodin v kalendářním týdnu.;norms;"<a data-odkaz-id=""12865283"" href=""#""  class=""int_odkaz""><sup>3</sup>)</a>";3);12865283;int_odkaz;NA;NA;NA;NA;esel-esb:právní-akt-odkaz/12865283;<sup>3</sup>);POZNAMKA;39103;esel-esb:eli/cz/sb/2002/198/0000-00-00/dokument/poznamkypodcarou/ppc_3;39103;esel-esb:eli/cz/sb/2002/198/0000-00-00/dokument/norma/cast_1/par_5/odst_3;39103;2002/198;2002/198;2002/198;198/2002 Sb.
esel-esb:eli/cz/sb/2002/198/2014-06-05/dokument/norma/cast_1/par_5/odst_5;12428632;esel-esb:eli/cz/sb/2002/198/2014-06-05/dokument/norma/cast_1/par_5;§ 5 odst. 5;NA;5;NA;/2/1/8/5/;esel-esb:právní-akt-fragment/5335373;5335373;5335373;Odstavec_Dc;(5) Vysílající organizace vydá dobrovolníkovi na jeho žádost osvědčení o vykonané dlouhodobé dobrovolnické službě, jehož vzor je stanoven v příloze k tomuto zákonu.;norms;"<a data-odkaz-id=""12867299"" href=""#""  class=""int_odkaz"">příloze</a>";příloze;12867299;int_odkaz;NA;NA;NA;NA;esel-esb:právní-akt-odkaz/12867299;příloze;INTUSTAN;117323;esel-esb:eli/cz/sb/2002/198/2014-06-05/dokument/prilohy/priloha_0;117323;esel-esb:eli/cz/sb/2002/198/2014-06-05/dokument/norma/cast_1/par_5/odst_5;117323;2002/198;2002/198;2002/198;198/2002 Sb.
esel-esb:eli/cz/sb/2002/198/2014-06-05/dokument/norma/cast_1/par_6/odst_2;12428637;esel-esb:eli/cz/sb/2002/198/2014-06-05/dokument/norma/cast_1/par_6;§ 6 odst. 2;NA;2;NA;/2/1/10/2/;esel-esb:právní-akt-fragment/5335377;5335377;5335183;Odstavec_Dc;(2) Ministerstvo udělí akreditaci podle odstavce 1 vysílající organizaci, která je spolkem, nadací, nadačním fondem, ústavem, sociálním družstvem, obecně prospěšnou společností, církví nebo náboženskou společností nebo právnickou osobou církve nebo náboženské společnosti evidovanou podle zákona upravujícího postavení církví a náboženských společností4), je bezúhonná a doloží, že je schopna s ohledem na kvalifikační složení svých orgánů, zaměstnanců nebo členů, konkrétní projekty nebo programy dobrovolnické služby a finanční způsobilost organizovat přípravu a provádění dobrovolnické služby a plnit další povinnosti vyplývající z tohoto zákona. Akreditace se uděluje na dobu 4 let.;norms;"<a data-odkaz-id=""12867301"" href=""#""  class=""int_odkaz"">odstavce 1</a>";odstavce 1;12867301;int_odkaz;NA;NA;NA;NA;esel-esb:právní-akt-odkaz/12867301;odstavce 1;INTUSTAN;117323;esel-esb:eli/cz/sb/2002/198/2014-06-05/dokument/norma/cast_1/par_6/odst_1;117323;esel-esb:eli/cz/sb/2002/198/2014-06-05/dokument/norma/cast_1/par_6/odst_2;117323;2002/198;2002/198;2002/198;198/2002 Sb.
esel-esb:eli/cz/sb/2002/198/2014-06-05/dokument/norma/cast_1/par_6/odst_2;12428637;esel-esb:eli/cz/sb/2002/198/2014-06-05/dokument/norma/cast_1/par_6;§ 6 odst. 2;NA;2;NA;/2/1/10/2/;esel-esb:právní-akt-fragment/5335377;5335377;5335183;Odstavec_Dc;(2) Ministerstvo udělí akreditaci podle odstavce 1 vysílající organizaci, která je spolkem, nadací, nadačním fondem, ústavem, sociálním družstvem, obecně prospěšnou společností, církví nebo náboženskou společností nebo právnickou osobou církve nebo náboženské společnosti evidovanou podle zákona upravujícího postavení církví a náboženských společností4), je bezúhonná a doloží, že je schopna s ohledem na kvalifikační složení svých orgánů, zaměstnanců nebo členů, konkrétní projekty nebo programy dobrovolnické služby a finanční způsobilost organizovat přípravu a provádění dobrovolnické služby a plnit další povinnosti vyplývající z tohoto zákona. Akreditace se uděluje na dobu 4 let.;norms;"<a data-odkaz-id=""12867303"" href=""#""  class=""int_odkaz""><sup>4</sup>)</a>";4);12867303;int_odkaz;NA;NA;NA;NA;esel-esb:právní-akt-odkaz/12867303;<sup>4</sup>);POZNAMKA;117323;esel-esb:eli/cz/sb/2002/198/2014-06-05/dokument/poznamkypodcarou/ppc_4;117323;esel-esb:eli/cz/sb/2002/198/2014-06-05/dokument/norma/cast_1/par_6/odst_2;117323;2002/198;2002/198;2002/198;198/2002 Sb.
esel-esb:eli/cz/sb/2002/198/2014-06-05/dokument/norma/cast_1/par_6/odst_3;12428638;esel-esb:eli/cz/sb/2002/198/2014-06-05/dokument/norma/cast_1/par_6;§ 6 odst. 3;NA;3;NA;/2/1/10/3/;esel-esb:právní-akt-fragment/5335339;5335339;5335339;Odstavec_Dc;(3) Vysílající organizace uvedená v odstavci 2 se nepovažuje za bezúhonnou, jestliže byla pravomocně odsouzena za úmyslný trestný čin, pokud se na ni nehledí, jako by nebyla odsouzena.;norms;"<a data-odkaz-id=""12867285"" href=""#""  class=""int_odkaz"">odstavci 2</a>";odstavci 2;12867285;int_odkaz;NA;NA;NA;NA;esel-esb:právní-akt-odkaz/12867285;odstavci 2;INTUSTAN;117317;esel-esb:eli/cz/sb/2002/198/2012-01-01/dokument/norma/cast_1/par_6/odst_2;117317;esel-esb:eli/cz/sb/2002/198/2012-01-01/dokument/norma/cast_1/par_6/odst_3;117317;2002/198;2002/198;2002/198;198/2002 Sb.
esel-esb:eli/cz/sb/2002/198/2014-06-05/dokument/norma/cast_1/par_7/odst_4;12428645;esel-esb:eli/cz/sb/2002/198/2014-06-05/dokument/norma/cast_1/par_7;§ 7 odst. 4;NA;4;NA;/2/1/11/4/;esel-esb:právní-akt-fragment/5335197;5335197;5335197;Odstavec_Dc;"(4) Vysílající organizace smí uzavřít smlouvu podle § 5 s dobrovolníkem, který v době, v níž má být smlouva uzavřena, nedosáhl věku 18 let, jen s písemným, úředně ověřeným souhlasem jeho zákonného zástupce nebo se souhlasem jeho zákonného zástupce zapsaným u vysílající organizace do protokolu; bez tohoto souhlasu je smlouva neplatná.";norms;"<a data-odkaz-id=""12865313"" href=""#""  class=""int_odkaz"">§ 5</a>";§ 5;12865313;int_odkaz;NA;NA;NA;NA;esel-esb:právní-akt-odkaz/12865313;§ 5;INTUSTAN;39103;esel-esb:eli/cz/sb/2002/198/0000-00-00/dokument/norma/cast_1/par_5;39103;esel-esb:eli/cz/sb/2002/198/0000-00-00/dokument/norma/cast_1/par_7/odst_4;39103;2002/198;2002/198;2002/198;198/2002 Sb.
esel-esb:eli/cz/sb/2002/198/2014-06-05/dokument/norma/cast_1/par_9/odst_1;12428653;esel-esb:eli/cz/sb/2002/198/2014-06-05/dokument/norma/cast_1/par_9;§ 9 odst. 1;NA;1;NA;/2/1/13/1/;esel-esb:právní-akt-fragment/5335213;5335213;5335213;Odstavec_Dc;"(1) Pokud ministerstvo zjistí, že vysílající organizace, která má udělenu akreditaci, přestala splňovat podmínky stanovené tímto zákonem pro udělení akreditace (§ 6 odst. 2) nebo přes upozornění ze strany ministerstva nadále neplní povinnosti stanovené tímto zákonem, akreditaci této organizace po projednání v akreditační komisi zruší; přitom dbá, aby tím nebylo dotčeno splnění závazků vyplývajících z uzavřených smluv.";norms;"<a data-odkaz-id=""12865331"" href=""#""  class=""int_odkaz"">§ 6 odst. 2</a>";§ 6 odst. 2;12865331;int_odkaz;NA;NA;NA;NA;esel-esb:právní-akt-odkaz/12865331;§ 6 odst. 2;INTUSTAN;39103;esel-esb:eli/cz/sb/2002/198/0000-00-00/dokument/norma/cast_1/par_6/odst_2;39103;esel-esb:eli/cz/sb/2002/198/0000-00-00/dokument/norma/cast_1/par_9/odst_1;39103;2002/198;2002/198;2002/198;198/2002 Sb.
esel-esb:eli/cz/sb/2002/198/2014-06-05/dokument/norma/cast_1/par_9/odst_2;12428654;esel-esb:eli/cz/sb/2002/198/2014-06-05/dokument/norma/cast_1/par_9;§ 9 odst. 2;NA;2;NA;/2/1/13/2/;esel-esb:právní-akt-fragment/5335215;5335215;5335215;Odstavec_Dc;"(2) Zanikne-li vysílající organizace, s níž má dobrovolník uzavřenu smlouvu podle § 5, přecházejí práva a povinnosti z této smlouvy na jejího právního nástupce, a není-li ho, na stát; ministerstvo poté bez zbytečného odkladu smluvně převede tato práva a povinnosti na jinou vhodnou vysílající organizaci.";norms;"<a data-odkaz-id=""12865349"" href=""#""  class=""int_odkaz"">§ 5</a>";§ 5;12865349;int_odkaz;NA;NA;NA;NA;esel-esb:právní-akt-odkaz/12865349;§ 5;INTUSTAN;39103;esel-esb:eli/cz/sb/2002/198/0000-00-00/dokument/norma/cast_1/par_5;39103;esel-esb:eli/cz/sb/2002/198/0000-00-00/dokument/norma/cast_1/par_9/odst_2;39103;2002/198;2002/198;2002/198;198/2002 Sb.
esel-esb:eli/cz/sb/2002/198/2014-06-05/dokument/norma/cast_1/par_10/frag_5335383;12428658;esel-esb:eli/cz/sb/2002/198/2014-06-05/dokument/norma/cast_1/par_10;NA;NA;NA;NA;/2/1/14/2/;esel-esb:právní-akt-fragment/5335383;5335383;5335223;Odstavec_Dc;"Státní orgány, organizační složky státu, orgány a organizační složky územních samosprávných celků, státní příspěvkové organizace, příspěvkové organizace územních samosprávných celků a školské právnické osoby mohou využívat dobrovolnickou službu k účelům a za podmínek stanovených v § 2; v tomto případě mají postavení přijímající organizace podle tohoto zákona. Mohou rovněž, zejména při organizování dobrovolnické služby do zahraničí, bezúplatně zprostředkovat uzavření smlouvy mezi vysílající organizací se sídlem v České republice a přijímající organizací.";norms;"<a data-odkaz-id=""12867305"" href=""#""  class=""int_odkaz"">§ 2</a>";§ 2;12867305;int_odkaz;NA;NA;NA;NA;esel-esb:právní-akt-odkaz/12867305;§ 2;INTUSTAN;117323;esel-esb:eli/cz/sb/2002/198/2014-06-05/dokument/norma/cast_1/par_2;117323;esel-esb:eli/cz/sb/2002/198/2014-06-05/dokument/norma/cast_1/par_10/frag_5335383;117323;2002/198;2002/198;2002/198;198/2002 Sb.
esel-esb:eli/cz/sb/2002/198/2014-06-05/dokument/norma/cast_1/par_11/odst_1/pism_a;12428662;esel-esb:eli/cz/sb/2002/198/2014-06-05/dokument/norma/cast_1/par_11/odst_1;§ 11 odst. 1 písm. a);NA;a;NA;/2/1/15/2/1/;esel-esb:právní-akt-fragment/5335231;5335231;5335231;Pismeno_Lb;a) pojistného placeného na základě pojistné smlouvy uzavřené vysílající organizací podle § 7 odst. 1,;norms;"<a data-odkaz-id=""12865397"" href=""#""  class=""int_odkaz"">§ 7 odst. 1</a>";§ 7 odst. 1;12865397;int_odkaz;NA;NA;NA;NA;esel-esb:právní-akt-odkaz/12865397;§ 7 odst. 1;INTUSTAN;39103;esel-esb:eli/cz/sb/2002/198/0000-00-00/dokument/norma/cast_1/par_7/odst_1;39103;esel-esb:eli/cz/sb/2002/198/0000-00-00/dokument/norma/cast_1/par_11/odst_1/pism_a;39103;2002/198;2002/198;2002/198;198/2002 Sb.
esel-esb:eli/cz/sb/2002/198/2014-06-05/dokument/norma/cast_1/par_11/odst_1/pism_c;12428664;esel-esb:eli/cz/sb/2002/198/2014-06-05/dokument/norma/cast_1/par_11/odst_1;§ 11 odst. 1 písm. c);NA;c;NA;/2/1/15/2/3/;esel-esb:právní-akt-fragment/5335235;5335235;5335235;Pismeno_Lb;c) pojistného na důchodové pojištění placeného podle § 5 odst. 3 za dobrovolníka, a to ve výši pojistného stanoveného z minimálního vyměřovacího základu,3) pokud je dlouhodobá dobrovolnická služba vykonávána alespoň v rozsahu překračujícím v průměru 20 hodin v kalendářním týdnu.;norms;"<a data-odkaz-id=""12865415"" href=""#""  class=""int_odkaz"">§ 5 odst. 3</a>";§ 5 odst. 3;12865415;int_odkaz;NA;NA;NA;NA;esel-esb:právní-akt-odkaz/12865415;§ 5 odst. 3;INTUSTAN;39103;esel-esb:eli/cz/sb/2002/198/0000-00-00/dokument/norma/cast_1/par_5/odst_3;39103;esel-esb:eli/cz/sb/2002/198/0000-00-00/dokument/norma/cast_1/par_11/odst_1/pism_c;39103;2002/198;2002/198;2002/198;198/2002 Sb.
esel-esb:eli/cz/sb/2002/198/2014-06-05/dokument/norma/cast_1/par_11/odst_1/pism_c;12428664;esel-esb:eli/cz/sb/2002/198/2014-06-05/dokument/norma/cast_1/par_11/odst_1;§ 11 odst. 1 písm. c);NA;c;NA;/2/1/15/2/3/;esel-esb:právní-akt-fragment/5335235;5335235;5335235;Pismeno_Lb;c) pojistného na důchodové pojištění placeného podle § 5 odst. 3 za dobrovolníka, a to ve výši pojistného stanoveného z minimálního vyměřovacího základu,3) pokud je dlouhodobá dobrovolnická služba vykonávána alespoň v rozsahu překračujícím v průměru 20 hodin v kalendářním týdnu.;norms;"<a data-odkaz-id=""12865433"" href=""#""  class=""int_odkaz""><sup>3</sup>)</a>";3);12865433;int_odkaz;NA;NA;NA;NA;esel-esb:právní-akt-odkaz/12865433;<sup>3</sup>);POZNAMKA;39103;esel-esb:eli/cz/sb/2002/198/0000-00-00/dokument/poznamkypodcarou/ppc_3;39103;esel-esb:eli/cz/sb/2002/198/0000-00-00/dokument/norma/cast_1/par_11/odst_1/pism_c;39103;2002/198;2002/198;2002/198;198/2002 Sb.
esel-esb:eli/cz/sb/2002/198/2014-06-05/dokument/norma/cast_1/par_11/odst_2;12428665;esel-esb:eli/cz/sb/2002/198/2014-06-05/dokument/norma/cast_1/par_11;§ 11 odst. 2;NA;2;NA;/2/1/15/3/;esel-esb:právní-akt-fragment/5335237;5335237;5335237;Odstavec_Dc;(2) Dotace podle odstavce 1 je v průběhu kalendářního roku vysílajícím organizacím poskytována zálohově, a po skončení kalendářního roku ji vysílající organizace zúčtují podle skutečně vynaložených výdajů, počtu skutečně vyslaných dobrovolníků k výkonu dobrovolnické služby a skutečně zaplaceného pojistného na důchodové pojištění ve výši podle odstavce 1 písm. c). Vysílající organizace sdělí ministerstvu na základě jeho výzvy údaje potřebné pro výpočet výše dotace a zálohy na ni.;norms;"<a data-odkaz-id=""12865451"" href=""#""  class=""int_odkaz"">odstavce 1</a>";odstavce 1;12865451;int_odkaz;NA;NA;NA;NA;esel-esb:právní-akt-odkaz/12865451;odstavce 1;INTUSTAN;39103;esel-esb:eli/cz/sb/2002/198/0000-00-00/dokument/norma/cast_1/par_11/odst_1;39103;esel-esb:eli/cz/sb/2002/198/0000-00-00/dokument/norma/cast_1/par_11/odst_2;39103;2002/198;2002/198;2002/198;198/2002 Sb.
esel-esb:eli/cz/sb/2002/198/2014-06-05/dokument/norma/cast_1/par_11/odst_2;12428665;esel-esb:eli/cz/sb/2002/198/2014-06-05/dokument/norma/cast_1/par_11;§ 11 odst. 2;NA;2;NA;/2/1/15/3/;esel-esb:právní-akt-fragment/5335237;5335237;5335237;Odstavec_Dc;(2) Dotace podle odstavce 1 je v průběhu kalendářního roku vysílajícím organizacím poskytována zálohově, a po skončení kalendářního roku ji vysílající organizace zúčtují podle skutečně vynaložených výdajů, počtu skutečně vyslaných dobrovolníků k výkonu dobrovolnické služby a skutečně zaplaceného pojistného na důchodové pojištění ve výši podle odstavce 1 písm. c). Vysílající organizace sdělí ministerstvu na základě jeho výzvy údaje potřebné pro výpočet výše dotace a zálohy na ni.;norms;"<a data-odkaz-id=""12865469"" href=""#""  class=""int_odkaz"">odstavce 1 písm. c)</a>";odstavce 1 písm. c);12865469;int_odkaz;NA;NA;NA;NA;esel-esb:právní-akt-odkaz/12865469;odstavce 1 písm. c);INTUSTAN;39103;esel-esb:eli/cz/sb/2002/198/0000-00-00/dokument/norma/cast_1/par_11/odst_1/pism_c;39103;esel-esb:eli/cz/sb/2002/198/0000-00-00/dokument/norma/cast_1/par_11/odst_2;39103;2002/198;2002/198;2002/198;198/2002 Sb.
esel-esb:eli/cz/sb/2002/198/2014-06-05/dokument/norma/cast_1/par_11/odst_3;12428666;esel-esb:eli/cz/sb/2002/198/2014-06-05/dokument/norma/cast_1/par_11;§ 11 odst. 3;NA;3;NA;/2/1/15/4/;esel-esb:právní-akt-fragment/5335239;5335239;5335239;Odstavec_Dc;(3) Dotace podle odstavce 1 se za příslušný kalendářní rok neposkytne vysílající organizaci, pokud sjedná nebo obdrží úplatu nebo jinou penězi ocenitelnou výhodu od přijímající organizace.;norms;"<a data-odkaz-id=""12865487"" href=""#""  class=""int_odkaz"">odstavce 1</a>";odstavce 1;12865487;int_odkaz;NA;NA;NA;NA;esel-esb:právní-akt-odkaz/12865487;odstavce 1;INTUSTAN;39103;esel-esb:eli/cz/sb/2002/198/0000-00-00/dokument/norma/cast_1/par_11/odst_1;39103;esel-esb:eli/cz/sb/2002/198/0000-00-00/dokument/norma/cast_1/par_11/odst_3;39103;2002/198;2002/198;2002/198;198/2002 Sb.
esel-esb:eli/cz/sb/2002/198/2014-06-05/dokument/poznamkypodcarou/ppc_2;12428709;esel-esb:eli/cz/sb/2002/198/2014-06-05/dokument/poznamkypodcarou;pozn. 2;NA;2;NA;/6/1/;esel-esb:právní-akt-fragment/5335331;5335331;5335331;PPC;2) § 6 odst. 1 písm. d) zákona č. 155/1995 Sb., o důchodovém pojištění, ve znění pozdějších předpisů.;notes;"<a data-odkaz-id=""12866783"" href=""#""  class=""ext_odkaz"">§ 6 odst. 1 písm. d)</a>";§ 6 odst. 1 písm. d);12866783;ext_odkaz;NA;NA;NA;NA;esel-esb:právní-akt-odkaz/12866783;§ 6 odst. 1 písm. d);JINEUSTAN;101541;esel-esb:eli/cz/sb/1995/155/2003-01-01/dokument/norma/cast_2/hlava_1/par_6/odst_1/pism_d;39103;esel-esb:eli/cz/sb/2002/198/0000-00-00/dokument/poznamkypodcarou/ppc_2;39103;2002/198;1995/155;2002/198;198/2002 Sb.
esel-esb:eli/cz/sb/2002/198/2014-06-05/dokument/poznamkypodcarou/ppc_2;12428709;esel-esb:eli/cz/sb/2002/198/2014-06-05/dokument/poznamkypodcarou;pozn. 2;NA;2;NA;/6/1/;esel-esb:právní-akt-fragment/5335331;5335331;5335331;PPC;2) § 6 odst. 1 písm. d) zákona č. 155/1995 Sb., o důchodovém pojištění, ve znění pozdějších předpisů.;notes;"<a data-odkaz-id=""12867143"" href=""#""  class=""ext_odkaz"">zákona č. 155/1995 Sb., o důchodovém pojištění</a>";zákona č. 155/1995 Sb., o důchodovém pojištění;12867143;ext_odkaz;NA;NA;NA;NA;esel-esb:právní-akt-odkaz/12867143;zákona č. 155/1995 Sb.;JINYPRED;101535;esel-esb:eli/cz/sb/1995/155/2002-01-01/dokument;39103;esel-esb:eli/cz/sb/2002/198/0000-00-00/dokument/poznamkypodcarou/ppc_2;39103;2002/198;1995/155;2002/198;198/2002 Sb.
esel-esb:eli/cz/sb/2002/198/2014-06-05/dokument/poznamkypodcarou/ppc_3;12428710;esel-esb:eli/cz/sb/2002/198/2014-06-05/dokument/poznamkypodcarou;pozn. 3;NA;3;NA;/6/2/;esel-esb:právní-akt-fragment/5335333;5335333;5335333;PPC;3) § 3 odst. 3, § 5b a 16 zákona č. 589/1992 Sb., o pojistném na sociální zabezpečení a příspěvku na státní politiku zaměstnanosti, ve znění pozdějších předpisů.;notes;"<a data-odkaz-id=""12867161"" href=""#""  class=""ext_odkaz"">§ 3 odst. 3</a>";§ 3 odst. 3;12867161;ext_odkaz;NA;NA;NA;NA;esel-esb:právní-akt-odkaz/12867161;§ 3 odst. 3;JINEUSTAN;95865;esel-esb:eli/cz/sb/1992/589/1993-12-23/dokument/norma/par_3/odst_2;39103;esel-esb:eli/cz/sb/2002/198/0000-00-00/dokument/poznamkypodcarou/ppc_3;39103;2002/198;1992/589;2002/198;198/2002 Sb.
esel-esb:eli/cz/sb/2002/198/2014-06-05/dokument/poznamkypodcarou/ppc_3;12428710;esel-esb:eli/cz/sb/2002/198/2014-06-05/dokument/poznamkypodcarou;pozn. 3;NA;3;NA;/6/2/;esel-esb:právní-akt-fragment/5335333;5335333;5335333;PPC;3) § 3 odst. 3, § 5b a 16 zákona č. 589/1992 Sb., o pojistném na sociální zabezpečení a příspěvku na státní politiku zaměstnanosti, ve znění pozdějších předpisů.;notes;"<a data-odkaz-id=""12867179"" href=""#""  class=""ext_odkaz"">§ 5b</a>";§ 5b;12867179;ext_odkaz;NA;NA;NA;NA;esel-esb:právní-akt-odkaz/12867179;§ 5b;JINEUSTAN;95891;esel-esb:eli/cz/sb/1992/589/2002-01-01/dokument/norma/par_5b;39103;esel-esb:eli/cz/sb/2002/198/0000-00-00/dokument/poznamkypodcarou/ppc_3;39103;2002/198;1992/589;2002/198;198/2002 Sb.
esel-esb:eli/cz/sb/2002/198/2014-06-05/dokument/poznamkypodcarou/ppc_3;12428710;esel-esb:eli/cz/sb/2002/198/2014-06-05/dokument/poznamkypodcarou;pozn. 3;NA;3;NA;/6/2/;esel-esb:právní-akt-fragment/5335333;5335333;5335333;PPC;3) § 3 odst. 3, § 5b a 16 zákona č. 589/1992 Sb., o pojistném na sociální zabezpečení a příspěvku na státní politiku zaměstnanosti, ve znění pozdějších předpisů.;notes;"<a data-odkaz-id=""12867197"" href=""#""  class=""ext_odkaz"">16</a>";16;12867197;ext_odkaz;NA;NA;NA;NA;esel-esb:právní-akt-odkaz/12867197;16;JINEUSTAN;95877;esel-esb:eli/cz/sb/1992/589/1995-10-01/dokument/norma/par_16;39103;esel-esb:eli/cz/sb/2002/198/0000-00-00/dokument/poznamkypodcarou/ppc_3;39103;2002/198;1992/589;2002/198;198/2002 Sb.
esel-esb:eli/cz/sb/2002/198/2014-06-05/dokument/poznamkypodcarou/ppc_3;12428710;esel-esb:eli/cz/sb/2002/198/2014-06-05/dokument/poznamkypodcarou;pozn. 3;NA;3;NA;/6/2/;esel-esb:právní-akt-fragment/5335333;5335333;5335333;PPC;3) § 3 odst. 3, § 5b a 16 zákona č. 589/1992 Sb., o pojistném na sociální zabezpečení a příspěvku na státní politiku zaměstnanosti, ve znění pozdějších předpisů.;notes;"<a data-odkaz-id=""12867215"" href=""#""  class=""ext_odkaz"">zákona č. 589/1992 Sb., o pojistném na sociální zabezpečení a příspěvku na státní politiku zaměstnanosti</a>";zákona č. 589/1992 Sb., o pojistném na sociální zabezpečení a příspěvku na státní politiku zaměstnanosti;12867215;ext_odkaz;NA;NA;NA;NA;esel-esb:právní-akt-odkaz/12867215;zákona č. 589/1992 Sb.;JINYPRED;95891;esel-esb:eli/cz/sb/1992/589/2002-01-01/dokument;39103;esel-esb:eli/cz/sb/2002/198/0000-00-00/dokument/poznamkypodcarou/ppc_3;39103;2002/198;1992/589;2002/198;198/2002 Sb.
esel-esb:eli/cz/sb/2002/198/2014-06-05/dokument/poznamkypodcarou/ppc_4;12428711;esel-esb:eli/cz/sb/2002/198/2014-06-05/dokument/poznamkypodcarou;pozn. 4;NA;4;NA;/6/3/;esel-esb:právní-akt-fragment/5335335;5335335;5335335;PPC;4) Zákon č. 3/2002 Sb., o svobodě náboženského vyznání a postavení církví a náboženských společností a o změně některých zákonů (zákon o církvích a náboženských společnostech), ve znění nálezu Ústavního soudu vyhlášeného pod č. 4/2003 Sb., zákona č. 562/2004 Sb. a zákona č. 495/2005 Sb.;notes;"<a data-odkaz-id=""12867233"" href=""#""  class=""ext_odkaz"" data-version=""20051223"">Zákon č. 3/2002 Sb., o svobodě náboženského vyznání a postavení církví a náboženských společností a o změně některých zákonů</a>";Zákon č. 3/2002 Sb., o svobodě náboženského vyznání a postavení církví a náboženských společností a o změně některých zákonů;12867233;ext_odkaz;NA;NA;NA;NA;esel-esb:právní-akt-odkaz/12867233;Zákon č. 3/2002 Sb.;JINYPRED;115943;esel-esb:eli/cz/sb/2002/3/2005-12-23/dokument;117315;esel-esb:eli/cz/sb/2002/198/2005-12-23/dokument/poznamkypodcarou/ppc_4;117315;2002/198;2002/3;2002/198;198/2002 Sb.
esel-esb:eli/cz/sb/2002/198/2014-06-05/dokument/poznamkypodcarou/ppc_4;12428711;esel-esb:eli/cz/sb/2002/198/2014-06-05/dokument/poznamkypodcarou;pozn. 4;NA;4;NA;/6/3/;esel-esb:právní-akt-fragment/5335335;5335335;5335335;PPC;4) Zákon č. 3/2002 Sb., o svobodě náboženského vyznání a postavení církví a náboženských společností a o změně některých zákonů (zákon o církvích a náboženských společnostech), ve znění nálezu Ústavního soudu vyhlášeného pod č. 4/2003 Sb., zákona č. 562/2004 Sb. a zákona č. 495/2005 Sb.;notes;"<a data-odkaz-id=""12867243"" href=""#""  class=""ext_odkaz"">4/2003 Sb.</a>";4/2003 Sb.;12867243;ext_odkaz;NA;NA;NA;NA;esel-esb:právní-akt-odkaz/12867243;4/2003 Sb.;JINYPRED;40217;esel-esb:eli/cz/sb/2003/4/0000-00-00/dokument;117315;esel-esb:eli/cz/sb/2002/198/2005-12-23/dokument/poznamkypodcarou/ppc_4;117315;2002/198;2003/4;2002/198;198/2002 Sb.
esel-esb:eli/cz/sb/2002/198/2014-06-05/dokument/poznamkypodcarou/ppc_4;12428711;esel-esb:eli/cz/sb/2002/198/2014-06-05/dokument/poznamkypodcarou;pozn. 4;NA;4;NA;/6/3/;esel-esb:právní-akt-fragment/5335335;5335335;5335335;PPC;4) Zákon č. 3/2002 Sb., o svobodě náboženského vyznání a postavení církví a náboženských společností a o změně některých zákonů (zákon o církvích a náboženských společnostech), ve znění nálezu Ústavního soudu vyhlášeného pod č. 4/2003 Sb., zákona č. 562/2004 Sb. a zákona č. 495/2005 Sb.;notes;"<a data-odkaz-id=""12867253"" href=""#""  class=""ext_odkaz"">zákona č. 562/2004 Sb.</a>";zákona č. 562/2004 Sb.;12867253;ext_odkaz;NA;NA;NA;NA;esel-esb:právní-akt-odkaz/12867253;zákona č. 562/2004 Sb.;JINYPRED;125053;esel-esb:eli/cz/sb/2004/562/2005-01-01/dokument;117315;esel-esb:eli/cz/sb/2002/198/2005-12-23/dokument/poznamkypodcarou/ppc_4;117315;2002/198;2004/562;2002/198;198/2002 Sb.
esel-esb:eli/cz/sb/2002/198/2014-06-05/dokument/poznamkypodcarou/ppc_4;12428711;esel-esb:eli/cz/sb/2002/198/2014-06-05/dokument/poznamkypodcarou;pozn. 4;NA;4;NA;/6/3/;esel-esb:právní-akt-fragment/5335335;5335335;5335335;PPC;4) Zákon č. 3/2002 Sb., o svobodě náboženského vyznání a postavení církví a náboženských společností a o změně některých zákonů (zákon o církvích a náboženských společnostech), ve znění nálezu Ústavního soudu vyhlášeného pod č. 4/2003 Sb., zákona č. 562/2004 Sb. a zákona č. 495/2005 Sb.;notes;"<a data-odkaz-id=""12867263"" href=""#""  class=""ext_odkaz"">zákona č. 495/2005 Sb.</a>";zákona č. 495/2005 Sb.;12867263;ext_odkaz;NA;NA;NA;NA;esel-esb:právní-akt-odkaz/12867263;zákona č. 495/2005 Sb.;JINYPRED;128345;esel-esb:eli/cz/sb/2005/495/2005-12-23/dokument;117315;esel-esb:eli/cz/sb/2002/198/2005-12-23/dokument/poznamkypodcarou/ppc_4;117315;2002/198;2005/495;2002/198;198/2002 Sb.
