fragment.iri;fragment.id;fragment.předek.iri;fragment.citace;fragment.citace.text;fragment.označení.uzlu;fragment.označení.uzlu.text;fragment.hierarchie;akt.fragment.iri;akt.fragment.id;fragment.base.id;typ.fragmentu;fragment.text_clean;source;tag;tag_clean;odkaz.id;class;data_eurlex;data_celexid;data_cellarid;data_orig_href;odkaz.iri;odkaz.citace.cíl;typ.vazba.odkazu;cíl.dokument.id;fragment.cíl.iri;fragment.cíl.dokument.id;fragment.zdroj.iri;fragment.zdroj.dokument.id;iri_z;iri_c;iri_v;akt.citace
esel-esb:eli/cz/sb/2005/203/2009-12-31/dokument/norma/par_2/odst_1/pism_d;15601768;esel-esb:eli/cz/sb/2005/203/2009-12-31/dokument/norma/par_2/odst_1;§ 2 odst. 1 písm. d);NA;d;NA;/2/2/1/4/;esel-esb:právní-akt-fragment/6700463;6700463;6700461;Pismeno_Lb;d) za zranění nebo znásilnění příslušníkem některé z okupačních armád nebo civilní osobou zdržující se na území Československa v souvislosti s pobytem okupačních armád nebyla odškodněna podle jiného právního předpisu1) nebo na základě usnesení vlády1a) peněžní částkou stejnou, jako je částka uvedená v § 4 odst. 2, anebo vyšší.;norms;"<a data-odkaz-id=""16033607"" href=""#""  class=""int_odkaz""><sup>1</sup>)</a>";1);16033607;int_odkaz;NA;NA;NA;NA;esel-esb:právní-akt-odkaz/16033607;<sup>1</sup>);POZNAMKA;126977;esel-esb:eli/cz/sb/2005/203/2009-12-31/dokument/poznamkypodcarou/ppc_1;126977;esel-esb:eli/cz/sb/2005/203/2009-12-31/dokument/norma/par_2/odst_1/pism_d;126977;2005/203;2005/203;2005/203;203/2005 Sb.
esel-esb:eli/cz/sb/2005/203/2009-12-31/dokument/norma/par_2/odst_1/pism_d;15601768;esel-esb:eli/cz/sb/2005/203/2009-12-31/dokument/norma/par_2/odst_1;§ 2 odst. 1 písm. d);NA;d;NA;/2/2/1/4/;esel-esb:právní-akt-fragment/6700463;6700463;6700461;Pismeno_Lb;d) za zranění nebo znásilnění příslušníkem některé z okupačních armád nebo civilní osobou zdržující se na území Československa v souvislosti s pobytem okupačních armád nebyla odškodněna podle jiného právního předpisu1) nebo na základě usnesení vlády1a) peněžní částkou stejnou, jako je částka uvedená v § 4 odst. 2, anebo vyšší.;norms;"<a data-odkaz-id=""16033609"" href=""#""  class=""int_odkaz""><sup>1a</sup>)</a>";1a);16033609;int_odkaz;NA;NA;NA;NA;esel-esb:právní-akt-odkaz/16033609;<sup>1a</sup>);POZNAMKA;126977;esel-esb:eli/cz/sb/2005/203/2009-12-31/dokument/poznamkypodcarou/ppc_1a;126977;esel-esb:eli/cz/sb/2005/203/2009-12-31/dokument/norma/par_2/odst_1/pism_d;126977;2005/203;2005/203;2005/203;203/2005 Sb.
esel-esb:eli/cz/sb/2005/203/2009-12-31/dokument/norma/par_2/odst_1/pism_d;15601768;esel-esb:eli/cz/sb/2005/203/2009-12-31/dokument/norma/par_2/odst_1;§ 2 odst. 1 písm. d);NA;d;NA;/2/2/1/4/;esel-esb:právní-akt-fragment/6700463;6700463;6700461;Pismeno_Lb;d) za zranění nebo znásilnění příslušníkem některé z okupačních armád nebo civilní osobou zdržující se na území Československa v souvislosti s pobytem okupačních armád nebyla odškodněna podle jiného právního předpisu1) nebo na základě usnesení vlády1a) peněžní částkou stejnou, jako je částka uvedená v § 4 odst. 2, anebo vyšší.;norms;"<a data-odkaz-id=""16033611"" href=""#""  class=""int_odkaz"">§ 4 odst. 2</a>";§ 4 odst. 2;16033611;int_odkaz;NA;NA;NA;NA;esel-esb:právní-akt-odkaz/16033611;§ 4 odst. 2;INTUSTAN;126977;esel-esb:eli/cz/sb/2005/203/2009-12-31/dokument/norma/par_4/odst_2;126977;esel-esb:eli/cz/sb/2005/203/2009-12-31/dokument/norma/par_2/odst_1/pism_d;126977;2005/203;2005/203;2005/203;203/2005 Sb.
esel-esb:eli/cz/sb/2005/203/2009-12-31/dokument/norma/par_2/odst_2;15601769;esel-esb:eli/cz/sb/2005/203/2009-12-31/dokument/norma/par_2;§ 2 odst. 2;NA;2;NA;/2/2/2/;esel-esb:právní-akt-fragment/6700465;6700465;6700465;Odstavec_Dc;"(2) Zemřela-li osoba splňující podmínky podle odstavce 1, stávají se osobami oprávněnými podle tohoto zákona děti a manžel; nejsou-li osobami oprávněnými děti a manžel, stávají se oprávněnými osobami rodiče osoby splňující podmínky podle odstavce 1.";norms;"<a data-odkaz-id=""16033595"" href=""#""  class=""int_odkaz"">odstavce 1</a>";odstavce 1;16033595;int_odkaz;NA;NA;NA;NA;esel-esb:právní-akt-odkaz/16033595;odstavce 1;INTUSTAN;43605;esel-esb:eli/cz/sb/2005/203/0000-00-00/dokument/norma/par_2/odst_1;43605;esel-esb:eli/cz/sb/2005/203/0000-00-00/dokument/norma/par_2/odst_2;43605;2005/203;2005/203;2005/203;203/2005 Sb.
esel-esb:eli/cz/sb/2005/203/2009-12-31/dokument/norma/par_2/odst_2;15601769;esel-esb:eli/cz/sb/2005/203/2009-12-31/dokument/norma/par_2;§ 2 odst. 2;NA;2;NA;/2/2/2/;esel-esb:právní-akt-fragment/6700465;6700465;6700465;Odstavec_Dc;"(2) Zemřela-li osoba splňující podmínky podle odstavce 1, stávají se osobami oprávněnými podle tohoto zákona děti a manžel; nejsou-li osobami oprávněnými děti a manžel, stávají se oprávněnými osobami rodiče osoby splňující podmínky podle odstavce 1.";norms;"<a data-odkaz-id=""16033601"" href=""#""  class=""int_odkaz"">odstavce 1.</a>";odstavce 1.;16033601;int_odkaz;NA;NA;NA;NA;esel-esb:právní-akt-odkaz/16033601;odstavce 1.;INTUSTAN;43605;esel-esb:eli/cz/sb/2005/203/0000-00-00/dokument/norma/par_2/odst_1;43605;esel-esb:eli/cz/sb/2005/203/0000-00-00/dokument/norma/par_2/odst_2;43605;2005/203;2005/203;2005/203;203/2005 Sb.
esel-esb:eli/cz/sb/2005/203/2009-12-31/dokument/norma/par_2/odst_4;15601774;esel-esb:eli/cz/sb/2005/203/2009-12-31/dokument/norma/par_2;§ 2 odst. 4;NA;4;NA;/2/2/4/;esel-esb:právní-akt-fragment/6700475;6700475;6700475;Odstavec_Dc;(4) Nejsou-li osobami oprávněnými podle tohoto zákona děti a manžel osoby, která splnila podmínky podle odstavce 3, stávají se oprávněnými osobami rodiče osoby splňující podmínky podle odstavce 3.;norms;"<a data-odkaz-id=""16033583"" href=""#""  class=""int_odkaz"">odstavce 3</a>";odstavce 3;16033583;int_odkaz;NA;NA;NA;NA;esel-esb:právní-akt-odkaz/16033583;odstavce 3;INTUSTAN;43605;esel-esb:eli/cz/sb/2005/203/0000-00-00/dokument/norma/par_2/odst_3;43605;esel-esb:eli/cz/sb/2005/203/0000-00-00/dokument/norma/par_2/odst_4;43605;2005/203;2005/203;2005/203;203/2005 Sb.
esel-esb:eli/cz/sb/2005/203/2009-12-31/dokument/norma/par_2/odst_4;15601774;esel-esb:eli/cz/sb/2005/203/2009-12-31/dokument/norma/par_2;§ 2 odst. 4;NA;4;NA;/2/2/4/;esel-esb:právní-akt-fragment/6700475;6700475;6700475;Odstavec_Dc;(4) Nejsou-li osobami oprávněnými podle tohoto zákona děti a manžel osoby, která splnila podmínky podle odstavce 3, stávají se oprávněnými osobami rodiče osoby splňující podmínky podle odstavce 3.;norms;"<a data-odkaz-id=""16033589"" href=""#""  class=""int_odkaz"">odstavce 3.</a>";odstavce 3.;16033589;int_odkaz;NA;NA;NA;NA;esel-esb:právní-akt-odkaz/16033589;odstavce 3.;INTUSTAN;43605;esel-esb:eli/cz/sb/2005/203/0000-00-00/dokument/norma/par_2/odst_3;43605;esel-esb:eli/cz/sb/2005/203/0000-00-00/dokument/norma/par_2/odst_4;43605;2005/203;2005/203;2005/203;203/2005 Sb.
esel-esb:eli/cz/sb/2005/203/2009-12-31/dokument/norma/par_2/odst_5;15601775;esel-esb:eli/cz/sb/2005/203/2009-12-31/dokument/norma/par_2;§ 2 odst. 5;NA;5;NA;/2/2/5/;esel-esb:právní-akt-fragment/6700479;6700479;6700477;Odstavec_Dc;(5) Byla-li některá z osob splňujících podmínky podle odstavce 3 nebo odstavce 4 odškodněna za smrt nebo zranění s následkem smrti manžela, rodiče či dítěte podle jiného právního předpisu1) nebo na základě usnesení vlády1a) peněžní částkou stejnou, jako je částka uvedená v § 4 odst. 1, anebo vyšší, oprávnění dle tohoto zákona nevzniká.;norms;"<a data-odkaz-id=""16033561"" href=""#""  class=""int_odkaz"">odstavce 3</a>";odstavce 3;16033561;int_odkaz;NA;NA;NA;NA;esel-esb:právní-akt-odkaz/16033561;odstavce 3;INTUSTAN;126977;esel-esb:eli/cz/sb/2005/203/2009-12-31/dokument/norma/par_2/odst_3;126977;esel-esb:eli/cz/sb/2005/203/2009-12-31/dokument/norma/par_2/odst_5;126977;2005/203;2005/203;2005/203;203/2005 Sb.
esel-esb:eli/cz/sb/2005/203/2009-12-31/dokument/norma/par_2/odst_5;15601775;esel-esb:eli/cz/sb/2005/203/2009-12-31/dokument/norma/par_2;§ 2 odst. 5;NA;5;NA;/2/2/5/;esel-esb:právní-akt-fragment/6700479;6700479;6700477;Odstavec_Dc;(5) Byla-li některá z osob splňujících podmínky podle odstavce 3 nebo odstavce 4 odškodněna za smrt nebo zranění s následkem smrti manžela, rodiče či dítěte podle jiného právního předpisu1) nebo na základě usnesení vlády1a) peněžní částkou stejnou, jako je částka uvedená v § 4 odst. 1, anebo vyšší, oprávnění dle tohoto zákona nevzniká.;norms;"<a data-odkaz-id=""16033563"" href=""#""  class=""int_odkaz"">odstavce 4</a>";odstavce 4;16033563;int_odkaz;NA;NA;NA;NA;esel-esb:právní-akt-odkaz/16033563;odstavce 4;INTUSTAN;126977;esel-esb:eli/cz/sb/2005/203/2009-12-31/dokument/norma/par_2/odst_4;126977;esel-esb:eli/cz/sb/2005/203/2009-12-31/dokument/norma/par_2/odst_5;126977;2005/203;2005/203;2005/203;203/2005 Sb.
esel-esb:eli/cz/sb/2005/203/2009-12-31/dokument/norma/par_2/odst_5;15601775;esel-esb:eli/cz/sb/2005/203/2009-12-31/dokument/norma/par_2;§ 2 odst. 5;NA;5;NA;/2/2/5/;esel-esb:právní-akt-fragment/6700479;6700479;6700477;Odstavec_Dc;(5) Byla-li některá z osob splňujících podmínky podle odstavce 3 nebo odstavce 4 odškodněna za smrt nebo zranění s následkem smrti manžela, rodiče či dítěte podle jiného právního předpisu1) nebo na základě usnesení vlády1a) peněžní částkou stejnou, jako je částka uvedená v § 4 odst. 1, anebo vyšší, oprávnění dle tohoto zákona nevzniká.;norms;"<a data-odkaz-id=""16033565"" href=""#""  class=""int_odkaz""><sup>1</sup>)</a>";1);16033565;int_odkaz;NA;NA;NA;NA;esel-esb:právní-akt-odkaz/16033565;<sup>1</sup>);POZNAMKA;126977;esel-esb:eli/cz/sb/2005/203/2009-12-31/dokument/poznamkypodcarou/ppc_1;126977;esel-esb:eli/cz/sb/2005/203/2009-12-31/dokument/norma/par_2/odst_5;126977;2005/203;2005/203;2005/203;203/2005 Sb.
esel-esb:eli/cz/sb/2005/203/2009-12-31/dokument/norma/par_2/odst_5;15601775;esel-esb:eli/cz/sb/2005/203/2009-12-31/dokument/norma/par_2;§ 2 odst. 5;NA;5;NA;/2/2/5/;esel-esb:právní-akt-fragment/6700479;6700479;6700477;Odstavec_Dc;(5) Byla-li některá z osob splňujících podmínky podle odstavce 3 nebo odstavce 4 odškodněna za smrt nebo zranění s následkem smrti manžela, rodiče či dítěte podle jiného právního předpisu1) nebo na základě usnesení vlády1a) peněžní částkou stejnou, jako je částka uvedená v § 4 odst. 1, anebo vyšší, oprávnění dle tohoto zákona nevzniká.;norms;"<a data-odkaz-id=""16033567"" href=""#""  class=""int_odkaz""><sup>1a</sup>)</a>";1a);16033567;int_odkaz;NA;NA;NA;NA;esel-esb:právní-akt-odkaz/16033567;<sup>1a</sup>);POZNAMKA;126977;esel-esb:eli/cz/sb/2005/203/2009-12-31/dokument/poznamkypodcarou/ppc_1a;126977;esel-esb:eli/cz/sb/2005/203/2009-12-31/dokument/norma/par_2/odst_5;126977;2005/203;2005/203;2005/203;203/2005 Sb.
esel-esb:eli/cz/sb/2005/203/2009-12-31/dokument/norma/par_2/odst_5;15601775;esel-esb:eli/cz/sb/2005/203/2009-12-31/dokument/norma/par_2;§ 2 odst. 5;NA;5;NA;/2/2/5/;esel-esb:právní-akt-fragment/6700479;6700479;6700477;Odstavec_Dc;(5) Byla-li některá z osob splňujících podmínky podle odstavce 3 nebo odstavce 4 odškodněna za smrt nebo zranění s následkem smrti manžela, rodiče či dítěte podle jiného právního předpisu1) nebo na základě usnesení vlády1a) peněžní částkou stejnou, jako je částka uvedená v § 4 odst. 1, anebo vyšší, oprávnění dle tohoto zákona nevzniká.;norms;"<a data-odkaz-id=""16033569"" href=""#""  class=""int_odkaz"">§ 4 odst. 1</a>";§ 4 odst. 1;16033569;int_odkaz;NA;NA;NA;NA;esel-esb:právní-akt-odkaz/16033569;§ 4 odst. 1;INTUSTAN;126977;esel-esb:eli/cz/sb/2005/203/2009-12-31/dokument/norma/par_4/odst_1;126977;esel-esb:eli/cz/sb/2005/203/2009-12-31/dokument/norma/par_2/odst_5;126977;2005/203;2005/203;2005/203;203/2005 Sb.
esel-esb:eli/cz/sb/2005/203/2009-12-31/dokument/norma/par_2/odst_6;15601776;esel-esb:eli/cz/sb/2005/203/2009-12-31/dokument/norma/par_2;§ 2 odst. 6;NA;6;NA;/2/2/6/;esel-esb:právní-akt-fragment/6700481;6700481;6700481;Odstavec_Dc;(6) Manžel je oprávněnou osobou (odstavce 2 a 3), trvalo-li manželství s postiženým v době jeho postižení.;norms;"<a data-odkaz-id=""16033549"" href=""#""  class=""int_odkaz"">odstavce 2</a>";odstavce 2;16033549;int_odkaz;NA;NA;NA;NA;esel-esb:právní-akt-odkaz/16033549;odstavce 2;INTUSTAN;43605;esel-esb:eli/cz/sb/2005/203/0000-00-00/dokument/norma/par_2/odst_2;43605;esel-esb:eli/cz/sb/2005/203/0000-00-00/dokument/norma/par_2/odst_6;43605;2005/203;2005/203;2005/203;203/2005 Sb.
esel-esb:eli/cz/sb/2005/203/2009-12-31/dokument/norma/par_2/odst_6;15601776;esel-esb:eli/cz/sb/2005/203/2009-12-31/dokument/norma/par_2;§ 2 odst. 6;NA;6;NA;/2/2/6/;esel-esb:právní-akt-fragment/6700481;6700481;6700481;Odstavec_Dc;(6) Manžel je oprávněnou osobou (odstavce 2 a 3), trvalo-li manželství s postiženým v době jeho postižení.;norms;"<a data-odkaz-id=""16033555"" href=""#""  class=""int_odkaz"">3</a>";3;16033555;int_odkaz;NA;NA;NA;NA;esel-esb:právní-akt-odkaz/16033555;3;INTUSTAN;43605;esel-esb:eli/cz/sb/2005/203/0000-00-00/dokument/norma/par_2/odst_3;43605;esel-esb:eli/cz/sb/2005/203/0000-00-00/dokument/norma/par_2/odst_6;43605;2005/203;2005/203;2005/203;203/2005 Sb.
esel-esb:eli/cz/sb/2005/203/2009-12-31/dokument/norma/par_4/odst_1;15601781;esel-esb:eli/cz/sb/2005/203/2009-12-31/dokument/norma/par_4;§ 4 odst. 1;NA;1;NA;/2/4/1/;esel-esb:právní-akt-fragment/6700491;6700491;6700491;Odstavec_Dc;(1) Celkový nárok osob oprávněných podle § 2 odst. 3 a 4 tohoto zákona činí 150 000 Kč.;norms;"<a data-odkaz-id=""15695075"" href=""#""  class=""int_odkaz"">§ 2 odst. 3</a>";§ 2 odst. 3;15695075;int_odkaz;NA;NA;NA;NA;esel-esb:právní-akt-odkaz/15695075;§ 2 odst. 3;INTUSTAN;43605;esel-esb:eli/cz/sb/2005/203/0000-00-00/dokument/norma/par_2/odst_3;43605;esel-esb:eli/cz/sb/2005/203/0000-00-00/dokument/norma/par_4/odst_1;43605;2005/203;2005/203;2005/203;203/2005 Sb.
esel-esb:eli/cz/sb/2005/203/2009-12-31/dokument/norma/par_4/odst_1;15601781;esel-esb:eli/cz/sb/2005/203/2009-12-31/dokument/norma/par_4;§ 4 odst. 1;NA;1;NA;/2/4/1/;esel-esb:právní-akt-fragment/6700491;6700491;6700491;Odstavec_Dc;(1) Celkový nárok osob oprávněných podle § 2 odst. 3 a 4 tohoto zákona činí 150 000 Kč.;norms;"<a data-odkaz-id=""15695081"" href=""#""  class=""int_odkaz"">4</a>";4;15695081;int_odkaz;NA;NA;NA;NA;esel-esb:právní-akt-odkaz/15695081;4;INTUSTAN;43605;esel-esb:eli/cz/sb/2005/203/0000-00-00/dokument/norma/par_2/odst_4;43605;esel-esb:eli/cz/sb/2005/203/0000-00-00/dokument/norma/par_4/odst_1;43605;2005/203;2005/203;2005/203;203/2005 Sb.
esel-esb:eli/cz/sb/2005/203/2009-12-31/dokument/norma/par_4/odst_2;15601782;esel-esb:eli/cz/sb/2005/203/2009-12-31/dokument/norma/par_4;§ 4 odst. 2;NA;2;NA;/2/4/2/;esel-esb:právní-akt-fragment/6700493;6700493;6700493;Odstavec_Dc;(2) Celkový nárok osob oprávněných podle § 2 odst. 1 a 2 tohoto zákona činí:;norms;"<a data-odkaz-id=""15695087"" href=""#""  class=""int_odkaz"">§ 2 odst. 1</a>";§ 2 odst. 1;15695087;int_odkaz;NA;NA;NA;NA;esel-esb:právní-akt-odkaz/15695087;§ 2 odst. 1;INTUSTAN;43605;esel-esb:eli/cz/sb/2005/203/0000-00-00/dokument/norma/par_2/odst_1;43605;esel-esb:eli/cz/sb/2005/203/0000-00-00/dokument/norma/par_4/odst_2;43605;2005/203;2005/203;2005/203;203/2005 Sb.
esel-esb:eli/cz/sb/2005/203/2009-12-31/dokument/norma/par_4/odst_2;15601782;esel-esb:eli/cz/sb/2005/203/2009-12-31/dokument/norma/par_4;§ 4 odst. 2;NA;2;NA;/2/4/2/;esel-esb:právní-akt-fragment/6700493;6700493;6700493;Odstavec_Dc;(2) Celkový nárok osob oprávněných podle § 2 odst. 1 a 2 tohoto zákona činí:;norms;"<a data-odkaz-id=""15695093"" href=""#""  class=""int_odkaz"">2</a>";2;15695093;int_odkaz;NA;NA;NA;NA;esel-esb:právní-akt-odkaz/15695093;2;INTUSTAN;43605;esel-esb:eli/cz/sb/2005/203/0000-00-00/dokument/norma/par_2/odst_2;43605;esel-esb:eli/cz/sb/2005/203/0000-00-00/dokument/norma/par_4/odst_2;43605;2005/203;2005/203;2005/203;203/2005 Sb.
esel-esb:eli/cz/sb/2005/203/2009-12-31/dokument/norma/par_4/odst_3;15601785;esel-esb:eli/cz/sb/2005/203/2009-12-31/dokument/norma/par_4;§ 4 odst. 3;NA;3;NA;/2/4/3/;esel-esb:právní-akt-fragment/6700499;6700499;6700499;Odstavec_Dc;(3) Výše nároku stanovená v odstavcích 1 a 2 se sníží o částku, která byla oprávněné osobě v souladu s účelem uvedeným v § 1 před vyplacením nároku poskytnuta jako odškodnění na základě jiných právních předpisů1) nebo na základě usnesení vlády1a).;norms;"<a data-odkaz-id=""15695099"" href=""#""  class=""int_odkaz"">odstavcích 1</a>";odstavcích 1;15695099;int_odkaz;NA;NA;NA;NA;esel-esb:právní-akt-odkaz/15695099;odstavcích 1;INTUSTAN;126977;esel-esb:eli/cz/sb/2005/203/2009-12-31/dokument/norma/par_4/odst_1;126977;esel-esb:eli/cz/sb/2005/203/2009-12-31/dokument/norma/par_4/odst_3;126977;2005/203;2005/203;2005/203;203/2005 Sb.
esel-esb:eli/cz/sb/2005/203/2009-12-31/dokument/norma/par_4/odst_3;15601785;esel-esb:eli/cz/sb/2005/203/2009-12-31/dokument/norma/par_4;§ 4 odst. 3;NA;3;NA;/2/4/3/;esel-esb:právní-akt-fragment/6700499;6700499;6700499;Odstavec_Dc;(3) Výše nároku stanovená v odstavcích 1 a 2 se sníží o částku, která byla oprávněné osobě v souladu s účelem uvedeným v § 1 před vyplacením nároku poskytnuta jako odškodnění na základě jiných právních předpisů1) nebo na základě usnesení vlády1a).;norms;"<a data-odkaz-id=""15695101"" href=""#""  class=""int_odkaz"">2</a>";2;15695101;int_odkaz;NA;NA;NA;NA;esel-esb:právní-akt-odkaz/15695101;2;INTUSTAN;126977;esel-esb:eli/cz/sb/2005/203/2009-12-31/dokument/norma/par_4/odst_2;126977;esel-esb:eli/cz/sb/2005/203/2009-12-31/dokument/norma/par_4/odst_3;126977;2005/203;2005/203;2005/203;203/2005 Sb.
esel-esb:eli/cz/sb/2005/203/2009-12-31/dokument/norma/par_4/odst_3;15601785;esel-esb:eli/cz/sb/2005/203/2009-12-31/dokument/norma/par_4;§ 4 odst. 3;NA;3;NA;/2/4/3/;esel-esb:právní-akt-fragment/6700499;6700499;6700499;Odstavec_Dc;(3) Výše nároku stanovená v odstavcích 1 a 2 se sníží o částku, která byla oprávněné osobě v souladu s účelem uvedeným v § 1 před vyplacením nároku poskytnuta jako odškodnění na základě jiných právních předpisů1) nebo na základě usnesení vlády1a).;norms;"<a data-odkaz-id=""15695103"" href=""#""  class=""int_odkaz"">§ 1</a>";§ 1;15695103;int_odkaz;NA;NA;NA;NA;esel-esb:právní-akt-odkaz/15695103;§ 1;INTUSTAN;126977;esel-esb:eli/cz/sb/2005/203/2009-12-31/dokument/norma/par_1;126977;esel-esb:eli/cz/sb/2005/203/2009-12-31/dokument/norma/par_4/odst_3;126977;2005/203;2005/203;2005/203;203/2005 Sb.
esel-esb:eli/cz/sb/2005/203/2009-12-31/dokument/norma/par_4/odst_3;15601785;esel-esb:eli/cz/sb/2005/203/2009-12-31/dokument/norma/par_4;§ 4 odst. 3;NA;3;NA;/2/4/3/;esel-esb:právní-akt-fragment/6700499;6700499;6700499;Odstavec_Dc;(3) Výše nároku stanovená v odstavcích 1 a 2 se sníží o částku, která byla oprávněné osobě v souladu s účelem uvedeným v § 1 před vyplacením nároku poskytnuta jako odškodnění na základě jiných právních předpisů1) nebo na základě usnesení vlády1a).;norms;"<a data-odkaz-id=""15695105"" href=""#""  class=""int_odkaz""><sup>1</sup>)</a>";1);15695105;int_odkaz;NA;NA;NA;NA;esel-esb:právní-akt-odkaz/15695105;<sup>1</sup>);POZNAMKA;126977;esel-esb:eli/cz/sb/2005/203/2009-12-31/dokument/poznamkypodcarou/ppc_1;126977;esel-esb:eli/cz/sb/2005/203/2009-12-31/dokument/norma/par_4/odst_3;126977;2005/203;2005/203;2005/203;203/2005 Sb.
esel-esb:eli/cz/sb/2005/203/2009-12-31/dokument/norma/par_4/odst_3;15601785;esel-esb:eli/cz/sb/2005/203/2009-12-31/dokument/norma/par_4;§ 4 odst. 3;NA;3;NA;/2/4/3/;esel-esb:právní-akt-fragment/6700499;6700499;6700499;Odstavec_Dc;(3) Výše nároku stanovená v odstavcích 1 a 2 se sníží o částku, která byla oprávněné osobě v souladu s účelem uvedeným v § 1 před vyplacením nároku poskytnuta jako odškodnění na základě jiných právních předpisů1) nebo na základě usnesení vlády1a).;norms;"<a data-odkaz-id=""15695107"" href=""#""  class=""int_odkaz""><sup>1a</sup>)</a>";1a);15695107;int_odkaz;NA;NA;NA;NA;esel-esb:právní-akt-odkaz/15695107;<sup>1a</sup>);POZNAMKA;126977;esel-esb:eli/cz/sb/2005/203/2009-12-31/dokument/poznamkypodcarou/ppc_1a;126977;esel-esb:eli/cz/sb/2005/203/2009-12-31/dokument/norma/par_4/odst_3;126977;2005/203;2005/203;2005/203;203/2005 Sb.
esel-esb:eli/cz/sb/2005/203/2009-12-31/dokument/norma/par_6/odst_2;15601792;esel-esb:eli/cz/sb/2005/203/2009-12-31/dokument/norma/par_6;§ 6 odst. 2;NA;2;NA;/2/6/2/;esel-esb:právní-akt-fragment/6700513;6700513;6700513;Odstavec_Dc;(2) Na toto řízení se použije, pokud tento zákon nestanoví jinak, správní řád2).;norms;"<a data-odkaz-id=""16033537"" href=""#""  class=""ext_odkaz"">správní řád</a>";správní řád;16033537;ext_odkaz;NA;NA;NA;NA;esel-esb:právní-akt-odkaz/16033537;správní řád;JINYPRED;76207;esel-esb:eli/cz/sb/1967/71/2002-07-01/dokument;43605;esel-esb:eli/cz/sb/2005/203/0000-00-00/dokument/norma/par_6/odst_2;43605;2005/203;1967/71;2005/203;203/2005 Sb.
esel-esb:eli/cz/sb/2005/203/2009-12-31/dokument/norma/par_6/odst_2;15601792;esel-esb:eli/cz/sb/2005/203/2009-12-31/dokument/norma/par_6;§ 6 odst. 2;NA;2;NA;/2/6/2/;esel-esb:právní-akt-fragment/6700513;6700513;6700513;Odstavec_Dc;(2) Na toto řízení se použije, pokud tento zákon nestanoví jinak, správní řád2).;norms;"<a data-odkaz-id=""16033543"" href=""#""  class=""int_odkaz""><sup>2</sup>)</a>";2);16033543;int_odkaz;NA;NA;NA;NA;esel-esb:právní-akt-odkaz/16033543;<sup>2</sup>);POZNAMKA;43605;esel-esb:eli/cz/sb/2005/203/0000-00-00/dokument/poznamkypodcarou/ppc_2;43605;esel-esb:eli/cz/sb/2005/203/0000-00-00/dokument/norma/par_6/odst_2;43605;2005/203;2005/203;2005/203;203/2005 Sb.
esel-esb:eli/cz/sb/2005/203/2009-12-31/dokument/norma/par_6/odst_4;15601794;esel-esb:eli/cz/sb/2005/203/2009-12-31/dokument/norma/par_6;§ 6 odst. 4;NA;4;NA;/2/6/4/;esel-esb:právní-akt-fragment/6700517;6700517;6700517;Odstavec_Dc;(4) K řízení o žalobě proti rozhodnutí Ministerstva vnitra o poskytnutí jednorázové peněžní částky podle zvláštního zákona3) je místně příslušný krajský soud, v jehož obvodu má navrhovatel bydliště, popřípadě v jehož obvodu se zdržuje.;norms;"<a data-odkaz-id=""16033531"" href=""#""  class=""int_odkaz""><sup>3</sup>)</a>";3);16033531;int_odkaz;NA;NA;NA;NA;esel-esb:právní-akt-odkaz/16033531;<sup>3</sup>);POZNAMKA;43605;esel-esb:eli/cz/sb/2005/203/0000-00-00/dokument/poznamkypodcarou/ppc_3;43605;esel-esb:eli/cz/sb/2005/203/0000-00-00/dokument/norma/par_6/odst_4;43605;2005/203;2005/203;2005/203;203/2005 Sb.
esel-esb:eli/cz/sb/2005/203/2009-12-31/dokument/poznamkypodcarou/ppc_1;15601808;esel-esb:eli/cz/sb/2005/203/2009-12-31/dokument/poznamkypodcarou;pozn. 1;NA;1;NA;/4/1/;esel-esb:právní-akt-fragment/6700541;6700541;6700541;PPC;1) Vyhláška č. 11/1969 Sb., o Smlouvě mezi vládou Československé socialistické republiky a vládou Svazu sovětských socialistických republik o podmínkách dočasného pobytu sovětských vojsk na území Československé socialistické republiky.;notes;"<a data-odkaz-id=""15695109"" href=""#""  class=""ext_odkaz"">Vyhláška č. 11/1969 Sb., o Smlouvě mezi vládou Československé socialistické republiky a vládou Svazu sovětských socialistických republik o podmínkách dočasného pobytu sovětských vojsk na území Československé socialistické republiky</a>";Vyhláška č. 11/1969 Sb., o Smlouvě mezi vládou Československé socialistické republiky a vládou Svazu sovětských socialistických republik o podmínkách dočasného pobytu sovětských vojsk na území Československé socialistické republiky;15695109;ext_odkaz;NA;NA;NA;NA;esel-esb:právní-akt-odkaz/15695109;Vyhláška č. 11/1969 Sb.;JINYPRED;9885;esel-esb:eli/cz/sb/1969/11/0000-00-00/dokument;43605;esel-esb:eli/cz/sb/2005/203/0000-00-00/dokument/poznamkypodcarou/ppc_1;43605;2005/203;1969/11;2005/203;203/2005 Sb.
esel-esb:eli/cz/sb/2005/203/2009-12-31/dokument/poznamkypodcarou/ppc_2;15601810;esel-esb:eli/cz/sb/2005/203/2009-12-31/dokument/poznamkypodcarou;pozn. 2;NA;2;NA;/4/3/;esel-esb:právní-akt-fragment/6700545;6700545;6700545;PPC;2) Zákon č. 71/1967 Sb., o správním řízení (správní řád), ve znění pozdějších předpisů.;notes;"<a data-odkaz-id=""15695115"" href=""#""  class=""ext_odkaz"">Zákon č. 71/1967 Sb., o správním řízení</a>";Zákon č. 71/1967 Sb., o správním řízení;15695115;ext_odkaz;NA;NA;NA;NA;esel-esb:právní-akt-odkaz/15695115;Zákon č. 71/1967 Sb.;JINYPRED;76207;esel-esb:eli/cz/sb/1967/71/2002-07-01/dokument;43605;esel-esb:eli/cz/sb/2005/203/0000-00-00/dokument/poznamkypodcarou/ppc_2;43605;2005/203;1967/71;2005/203;203/2005 Sb.
esel-esb:eli/cz/sb/2005/203/2009-12-31/dokument/poznamkypodcarou/ppc_2;15601810;esel-esb:eli/cz/sb/2005/203/2009-12-31/dokument/poznamkypodcarou;pozn. 2;NA;2;NA;/4/3/;esel-esb:právní-akt-fragment/6700545;6700545;6700545;PPC;2) Zákon č. 71/1967 Sb., o správním řízení (správní řád), ve znění pozdějších předpisů.;notes;"<a data-odkaz-id=""15695121"" href=""#""  class=""ext_odkaz"">správní řád</a>";správní řád;15695121;ext_odkaz;NA;NA;NA;NA;esel-esb:právní-akt-odkaz/15695121;správní řád;JINYPRED;76207;esel-esb:eli/cz/sb/1967/71/2002-07-01/dokument;43605;esel-esb:eli/cz/sb/2005/203/0000-00-00/dokument/poznamkypodcarou/ppc_2;43605;2005/203;1967/71;2005/203;203/2005 Sb.
esel-esb:eli/cz/sb/2005/203/2009-12-31/dokument/poznamkypodcarou/ppc_3;15601811;esel-esb:eli/cz/sb/2005/203/2009-12-31/dokument/poznamkypodcarou;pozn. 3;NA;3;NA;/4/4/;esel-esb:právní-akt-fragment/6700547;6700547;6700547;PPC;3) Zákon č. 150/2002 Sb., soudní řád správní, ve znění pozdějších předpisů.;notes;"<a data-odkaz-id=""15695127"" href=""#""  class=""ext_odkaz"">Zákon č. 150/2002 Sb., soudní řád správní</a>";Zákon č. 150/2002 Sb., soudní řád správní;15695127;ext_odkaz;NA;NA;NA;NA;esel-esb:právní-akt-odkaz/15695127;Zákon č. 150/2002 Sb.;JINYPRED;117031;esel-esb:eli/cz/sb/2002/150/2005-05-01/dokument;43605;esel-esb:eli/cz/sb/2005/203/0000-00-00/dokument/poznamkypodcarou/ppc_3;43605;2005/203;2002/150;2005/203;203/2005 Sb.
