fragment.iri;fragment.id;fragment.předek.iri;fragment.citace;fragment.citace.text;fragment.označení.uzlu;fragment.označení.uzlu.text;fragment.hierarchie;akt.fragment.iri;akt.fragment.id;fragment.base.id;typ.fragmentu;fragment.text_clean;source;tag;tag_clean;odkaz.id;class;data_eurlex;data_celexid;data_cellarid;data_orig_href;odkaz.iri;odkaz.citace.cíl;typ.vazba.odkazu;cíl.dokument.id;fragment.cíl.iri;fragment.cíl.dokument.id;fragment.zdroj.iri;fragment.zdroj.dokument.id;iri_z;iri_c;iri_v;akt.citace
esel-esb:eli/cz/sb/2006/21/2024-01-01/dokument/norma/cast_1/par_1/odst_1/pism_e;56255729;esel-esb:eli/cz/sb/2006/21/2024-01-01/dokument/norma/cast_1/par_1/odst_1;§ 1 odst. 1 písm. e);NA;e;NA;/2/1/2/1/5/;esel-esb:právní-akt-fragment/6966877;6966877;6966875;Pismeno_Lb;e) újezdní úřady1),;norms;"<a data-odkaz-id=""16156417"" href=""#""  class=""int_odkaz""><sup>1</sup>)</a>";1);16156417;int_odkaz;NA;NA;NA;NA;esel-esb:právní-akt-odkaz/16156417;<sup>1</sup>);POZNAMKA;128711;esel-esb:eli/cz/sb/2006/21/2009-07-01/dokument/poznamkypodcarou/ppc_1;128711;esel-esb:eli/cz/sb/2006/21/2009-07-01/dokument/norma/cast_1/par_1/odst_1/pism_e;128711;2006/21;2006/21;2006/21;21/2006 Sb.
esel-esb:eli/cz/sb/2006/21/2024-01-01/dokument/norma/cast_1/par_2/pism_a;56255735;esel-esb:eli/cz/sb/2006/21/2024-01-01/dokument/norma/cast_1/par_2/frag_6966887;§ 2 písm. a);NA;a;NA;/2/1/3/1/1/;esel-esb:právní-akt-fragment/6966891;6966891;6966889;Pismeno_Lb;a) vede vzory otisků úředních razítek2) krajů a podpisové vzory úředníků územních samosprávných celků3) (dále jen „úředník“) provádějících vidimaci a legalizaci u krajských úřadů včetně jejich změn, jakož i vzory otisků úředních razítek držitele poštovní licence a Hospodářské komory České republiky a podpisové vzory zaměstnanců držitele poštovní licence a Hospodářské komory České republiky provádějících vidimaci a legalizaci včetně jejich změn,;norms;"<a data-odkaz-id=""16156451"" href=""#""  class=""int_odkaz""><sup>2</sup>)</a>";2);16156451;int_odkaz;NA;NA;NA;NA;esel-esb:právní-akt-odkaz/16156451;<sup>2</sup>);POZNAMKA;128711;esel-esb:eli/cz/sb/2006/21/2009-07-01/dokument/poznamkypodcarou/ppc_2;128711;esel-esb:eli/cz/sb/2006/21/2009-07-01/dokument/norma/cast_1/par_2/pism_a;128711;2006/21;2006/21;2006/21;21/2006 Sb.
esel-esb:eli/cz/sb/2006/21/2024-01-01/dokument/norma/cast_1/par_2/pism_a;56255735;esel-esb:eli/cz/sb/2006/21/2024-01-01/dokument/norma/cast_1/par_2/frag_6966887;§ 2 písm. a);NA;a;NA;/2/1/3/1/1/;esel-esb:právní-akt-fragment/6966891;6966891;6966889;Pismeno_Lb;a) vede vzory otisků úředních razítek2) krajů a podpisové vzory úředníků územních samosprávných celků3) (dále jen „úředník“) provádějících vidimaci a legalizaci u krajských úřadů včetně jejich změn, jakož i vzory otisků úředních razítek držitele poštovní licence a Hospodářské komory České republiky a podpisové vzory zaměstnanců držitele poštovní licence a Hospodářské komory České republiky provádějících vidimaci a legalizaci včetně jejich změn,;norms;"<a data-odkaz-id=""16156465"" href=""#""  class=""int_odkaz""><sup>3</sup>)</a>";3);16156465;int_odkaz;NA;NA;NA;NA;esel-esb:právní-akt-odkaz/16156465;<sup>3</sup>);POZNAMKA;128711;esel-esb:eli/cz/sb/2006/21/2009-07-01/dokument/poznamkypodcarou/ppc_3;128711;esel-esb:eli/cz/sb/2006/21/2009-07-01/dokument/norma/cast_1/par_2/pism_a;128711;2006/21;2006/21;2006/21;21/2006 Sb.
esel-esb:eli/cz/sb/2006/21/2024-01-01/dokument/norma/cast_1/par_2/pism_b;56255736;esel-esb:eli/cz/sb/2006/21/2024-01-01/dokument/norma/cast_1/par_2/frag_6966887;§ 2 písm. b);NA;b;NA;/2/1/3/1/2/;esel-esb:právní-akt-fragment/6967613;6967613;6966893;Pismeno_Lb;b) provádí zkoušky úředníků zařazených do krajského úřadu (§ 14 odst. 2) a zaměstnanců držitele poštovní licence a Hospodářské komory České republiky provádějících vidimaci a legalizaci (§ 14a odst. 2),;norms;"<a data-odkaz-id=""16250103"" href=""#""  class=""int_odkaz"">§ 14 odst. 2</a>";§ 14 odst. 2;16250103;int_odkaz;NA;NA;NA;NA;esel-esb:právní-akt-odkaz/16250103;§ 14 odst. 2;INTUSTAN;128723;esel-esb:eli/cz/sb/2006/21/2022-07-01/dokument/norma/cast_1/par_14/odst_2;128723;esel-esb:eli/cz/sb/2006/21/2022-07-01/dokument/norma/cast_1/par_2/pism_b;128723;2006/21;2006/21;2006/21;21/2006 Sb.
esel-esb:eli/cz/sb/2006/21/2024-01-01/dokument/norma/cast_1/par_2/pism_b;56255736;esel-esb:eli/cz/sb/2006/21/2024-01-01/dokument/norma/cast_1/par_2/frag_6966887;§ 2 písm. b);NA;b;NA;/2/1/3/1/2/;esel-esb:právní-akt-fragment/6967613;6967613;6966893;Pismeno_Lb;b) provádí zkoušky úředníků zařazených do krajského úřadu (§ 14 odst. 2) a zaměstnanců držitele poštovní licence a Hospodářské komory České republiky provádějících vidimaci a legalizaci (§ 14a odst. 2),;norms;"<a data-odkaz-id=""16250105"" href=""#""  class=""int_odkaz"">§ 14a odst. 2</a>";§ 14a odst. 2;16250105;int_odkaz;NA;NA;NA;NA;esel-esb:právní-akt-odkaz/16250105;§ 14a odst. 2;INTUSTAN;128723;esel-esb:eli/cz/sb/2006/21/2022-07-01/dokument/norma/cast_1/par_14a/odst_2;128723;esel-esb:eli/cz/sb/2006/21/2022-07-01/dokument/norma/cast_1/par_2/pism_b;128723;2006/21;2006/21;2006/21;21/2006 Sb.
esel-esb:eli/cz/sb/2006/21/2024-01-01/dokument/norma/cast_1/par_3/pism_d;56255743;esel-esb:eli/cz/sb/2006/21/2024-01-01/dokument/norma/cast_1/par_3/frag_6966899;§ 3 písm. d);NA;d;NA;/2/1/4/1/4/;esel-esb:právní-akt-fragment/6966907;6966907;6966907;Pismeno_Lb;d) provádí zkoušky úředníků zařazených do obecního úřadu obce s rozšířenou působností (§ 14 odst. 2).;norms;"<a data-odkaz-id=""16153329"" href=""#""  class=""int_odkaz"">§ 14 odst. 2</a>";§ 14 odst. 2;16153329;int_odkaz;NA;NA;NA;NA;esel-esb:právní-akt-odkaz/16153329;§ 14 odst. 2;INTUSTAN;44617;esel-esb:eli/cz/sb/2006/21/0000-00-00/dokument/norma/cast_1/par_14/odst_2;44617;esel-esb:eli/cz/sb/2006/21/0000-00-00/dokument/norma/cast_1/par_3/pism_d;44617;2006/21;2006/21;2006/21;21/2006 Sb.
esel-esb:eli/cz/sb/2006/21/2024-01-01/dokument/norma/cast_1/par_4/pism_d;56255752;esel-esb:eli/cz/sb/2006/21/2024-01-01/dokument/norma/cast_1/par_4/frag_6966911;§ 4 písm. d);NA;d;NA;/2/1/5/1/4/;esel-esb:právní-akt-fragment/6966927;6966927;6966927;Pismeno_Lb;d) provádí zkoušky úředníků zařazených do obecních úřadů (§ 14 odst. 2).;norms;"<a data-odkaz-id=""16153353"" href=""#""  class=""int_odkaz"">§ 14 odst. 2</a>";§ 14 odst. 2;16153353;int_odkaz;NA;NA;NA;NA;esel-esb:právní-akt-odkaz/16153353;§ 14 odst. 2;INTUSTAN;44617;esel-esb:eli/cz/sb/2006/21/0000-00-00/dokument/norma/cast_1/par_14/odst_2;44617;esel-esb:eli/cz/sb/2006/21/0000-00-00/dokument/norma/cast_1/par_4/pism_d;44617;2006/21;2006/21;2006/21;21/2006 Sb.
esel-esb:eli/cz/sb/2006/21/2024-01-01/dokument/norma/cast_1/par_5/odst_2;56255757;esel-esb:eli/cz/sb/2006/21/2024-01-01/dokument/norma/cast_1/par_5;§ 5 odst. 2;NA;2;NA;/2/1/6/2/;esel-esb:právní-akt-fragment/6967619;6967619;6967619;Odstavec_Dc;(2) Legalizaci na dokumentu v elektronické podobě provádí z obecních úřadů pouze ty, které jsou kontaktními místy veřejné správy20).;norms;"<a data-odkaz-id=""16250107"" href=""#""  class=""int_odkaz""><sup>20</sup>)</a>";20);16250107;int_odkaz;NA;NA;NA;NA;esel-esb:právní-akt-odkaz/16250107;<sup>20</sup>);POZNAMKA;128723;esel-esb:eli/cz/sb/2006/21/2022-07-01/dokument/poznamkypodcarou/ppc_20;128723;esel-esb:eli/cz/sb/2006/21/2022-07-01/dokument/norma/cast_1/par_5/odst_2;128723;2006/21;2006/21;2006/21;21/2006 Sb.
esel-esb:eli/cz/sb/2006/21/2024-01-01/dokument/norma/cast_1/par_8/pism_c/bod_3;56255774;esel-esb:eli/cz/sb/2006/21/2024-01-01/dokument/norma/cast_1/par_8/pism_c;§ 8 písm. c) bod 3;NA;3;NA;/2/1/10/1/3/3/;esel-esb:právní-akt-fragment/6967457;6967457;6967457;Bod_Dd;3. listinou, která je výstupem z autorizované konverze dokumentů15),;norms;"<a data-odkaz-id=""16155803"" href=""#""  class=""int_odkaz""><sup>15</sup>)</a>";15);16155803;int_odkaz;NA;NA;NA;NA;esel-esb:právní-akt-odkaz/16155803;<sup>15</sup>);POZNAMKA;128713;esel-esb:eli/cz/sb/2006/21/2012-07-01/dokument/poznamkypodcarou/ppc_15;128713;esel-esb:eli/cz/sb/2006/21/2012-07-01/dokument/norma/cast_1/par_8/pism_c/bod_3;128713;2006/21;2006/21;2006/21;21/2006 Sb.
esel-esb:eli/cz/sb/2006/21/2024-01-01/dokument/norma/cast_1/par_8/pism_c/bod_4;56255775;esel-esb:eli/cz/sb/2006/21/2024-01-01/dokument/norma/cast_1/par_8/pism_c;§ 8 písm. c) bod 4;NA;4;NA;/2/1/10/1/3/4/;esel-esb:právní-akt-fragment/6967459;6967459;6966975;Bod_Dd;4. opisem nebo kopií pořízenou ze spisu4), nebo;norms;"<a data-odkaz-id=""16155815"" href=""#""  class=""int_odkaz""><sup>4</sup>)</a>";4);16155815;int_odkaz;NA;NA;NA;NA;esel-esb:právní-akt-odkaz/16155815;<sup>4</sup>);POZNAMKA;128713;esel-esb:eli/cz/sb/2006/21/2012-07-01/dokument/poznamkypodcarou/ppc_4;128713;esel-esb:eli/cz/sb/2006/21/2012-07-01/dokument/norma/cast_1/par_8/pism_c/bod_4;128713;2006/21;2006/21;2006/21;21/2006 Sb.
esel-esb:eli/cz/sb/2006/21/2024-01-01/dokument/norma/cast_1/par_8/pism_c/bod_5;56255776;esel-esb:eli/cz/sb/2006/21/2024-01-01/dokument/norma/cast_1/par_8/pism_c;§ 8 písm. c) bod 5;NA;5;NA;/2/1/10/1/3/5/;esel-esb:právní-akt-fragment/6967461;6967461;6966977;Bod_Dd;5. stejnopisem písemného vyhotovení rozhodnutí nebo výroku rozhodnutí vydaného podle zvláštního právního předpisu5),;norms;"<a data-odkaz-id=""16155827"" href=""#""  class=""int_odkaz""><sup>5</sup>)</a>";5);16155827;int_odkaz;NA;NA;NA;NA;esel-esb:právní-akt-odkaz/16155827;<sup>5</sup>);POZNAMKA;128713;esel-esb:eli/cz/sb/2006/21/2012-07-01/dokument/poznamkypodcarou/ppc_5;128713;esel-esb:eli/cz/sb/2006/21/2012-07-01/dokument/norma/cast_1/par_8/pism_c/bod_5;128713;2006/21;2006/21;2006/21;21/2006 Sb.
esel-esb:eli/cz/sb/2006/21/2024-01-01/dokument/norma/cast_1/par_9/pism_b;56255786;esel-esb:eli/cz/sb/2006/21/2024-01-01/dokument/norma/cast_1/par_9/frag_6966993;§ 9 písm. b);NA;b;NA;/2/1/11/1/2/;esel-esb:právní-akt-fragment/6967509;6967509;6966997;Pismeno_Lb;"b) je-li předložená listina, z níž je vidimovaná listina pořízena, psána v jiném než českém nebo slovenském jazyce a neovládá-li ověřující osoba jazyk, v němž je listina psána a není-li současně předložena v úředně ověřeném překladu do jazyka českého6) nebo slovenského; to neplatí, byla-li kopie listiny pořízena ověřující osobou na kopírovacím zařízení, a to na náklady žadatele,";norms;"<a data-odkaz-id=""16249877"" href=""#""  class=""int_odkaz""><sup>6</sup>)</a>";6);16249877;int_odkaz;NA;NA;NA;NA;esel-esb:právní-akt-odkaz/16249877;<sup>6</sup>);POZNAMKA;128717;esel-esb:eli/cz/sb/2006/21/2019-11-21/dokument/poznamkypodcarou/ppc_6;128717;esel-esb:eli/cz/sb/2006/21/2019-11-21/dokument/norma/cast_1/par_9/pism_b;128717;2006/21;2006/21;2006/21;21/2006 Sb.
esel-esb:eli/cz/sb/2006/21/2024-01-01/dokument/norma/cast_1/par_9/pism_d;56255788;esel-esb:eli/cz/sb/2006/21/2024-01-01/dokument/norma/cast_1/par_9/frag_6966993;§ 9 písm. d);NA;d;NA;/2/1/11/1/4/;esel-esb:právní-akt-fragment/6967475;6967475;6967475;Pismeno_Lb;d) je-li předložená listina již ověřenou vidimovanou listinou, v jejíž ověřovací doložce je uveden údaj podle § 8 písm. f),;norms;"<a data-odkaz-id=""16155843"" href=""#""  class=""int_odkaz"">§ 8 písm. f)</a>";§ 8 písm. f);16155843;int_odkaz;NA;NA;NA;NA;esel-esb:právní-akt-odkaz/16155843;§ 8 písm. f);INTUSTAN;128713;esel-esb:eli/cz/sb/2006/21/2012-07-01/dokument/norma/cast_1/par_8/pism_f;128713;esel-esb:eli/cz/sb/2006/21/2012-07-01/dokument/norma/cast_1/par_9/pism_d;128713;2006/21;2006/21;2006/21;21/2006 Sb.
esel-esb:eli/cz/sb/2006/21/2024-01-01/dokument/norma/cast_1/par_9/pism_e;56255789;esel-esb:eli/cz/sb/2006/21/2024-01-01/dokument/norma/cast_1/par_9/frag_6966993;§ 9 písm. e);NA;e;NA;/2/1/11/1/5/;esel-esb:právní-akt-fragment/6967513;6967513;6967001;Pismeno_Lb;e) je-li předložená listina, z níž je vidimovaná listina pořízena, listinou, která je výstupem z autorizované konverze dokumentů15), v jejíž doložce je uveden údaj o tom, že vstup do autorizované konverze dokumentů obsahoval viditelný prvek, který nelze plně přenést na výstup,;norms;"<a data-odkaz-id=""16249885"" href=""#""  class=""int_odkaz""><sup>15</sup>)</a>";15);16249885;int_odkaz;NA;NA;NA;NA;esel-esb:právní-akt-odkaz/16249885;<sup>15</sup>);POZNAMKA;128717;esel-esb:eli/cz/sb/2006/21/2019-11-21/dokument/poznamkypodcarou/ppc_15;128717;esel-esb:eli/cz/sb/2006/21/2019-11-21/dokument/norma/cast_1/par_9/pism_e;128717;2006/21;2006/21;2006/21;21/2006 Sb.
esel-esb:eli/cz/sb/2006/21/2024-01-01/dokument/norma/cast_1/par_9/pism_h/bod_3;56255795;esel-esb:eli/cz/sb/2006/21/2024-01-01/dokument/norma/cast_1/par_9/pism_h;§ 9 písm. h) bod 3;NA;3;NA;/2/1/11/1/8/3/;esel-esb:právní-akt-fragment/6967485;6967485;6967485;Bod_Dd;3. listinu, která je výstupem z autorizované konverze dokumentů15),;norms;"<a data-odkaz-id=""16155855"" href=""#""  class=""int_odkaz""><sup>15</sup>)</a>";15);16155855;int_odkaz;NA;NA;NA;NA;esel-esb:právní-akt-odkaz/16155855;<sup>15</sup>);POZNAMKA;128713;esel-esb:eli/cz/sb/2006/21/2012-07-01/dokument/poznamkypodcarou/ppc_15;128713;esel-esb:eli/cz/sb/2006/21/2012-07-01/dokument/norma/cast_1/par_9/pism_h/bod_3;128713;2006/21;2006/21;2006/21;21/2006 Sb.
esel-esb:eli/cz/sb/2006/21/2024-01-01/dokument/norma/cast_1/par_9/pism_h/bod_5;56255797;esel-esb:eli/cz/sb/2006/21/2024-01-01/dokument/norma/cast_1/par_9/pism_h;§ 9 písm. h) bod 5;NA;5;NA;/2/1/11/1/8/5/;esel-esb:právní-akt-fragment/6967489;6967489;6967015;Bod_Dd;5. stejnopis písemného vyhotovení rozhodnutí anebo výroku rozhodnutí vydaného podle zvláštního právního předpisu5).;norms;"<a data-odkaz-id=""16155867"" href=""#""  class=""int_odkaz""><sup>5</sup>)</a>";5);16155867;int_odkaz;NA;NA;NA;NA;esel-esb:právní-akt-odkaz/16155867;<sup>5</sup>);POZNAMKA;128713;esel-esb:eli/cz/sb/2006/21/2012-07-01/dokument/poznamkypodcarou/ppc_5;128713;esel-esb:eli/cz/sb/2006/21/2012-07-01/dokument/norma/cast_1/par_9/pism_h/bod_5;128713;2006/21;2006/21;2006/21;21/2006 Sb.
esel-esb:eli/cz/sb/2006/21/2024-01-01/dokument/norma/cast_1/par_11/odst_3;56255810;esel-esb:eli/cz/sb/2006/21/2024-01-01/dokument/norma/cast_1/par_11;§ 11 odst. 3;NA;3;NA;/2/1/14/3/;esel-esb:právní-akt-fragment/6967039;6967039;6967039;Odstavec_Dc;(3) Způsob spojení listin podle odstavce 2 stanoví prováděcí právní předpis.;norms;"<a data-odkaz-id=""16153413"" href=""#""  class=""int_odkaz"">odstavce 2</a>";odstavce 2;16153413;int_odkaz;NA;NA;NA;NA;esel-esb:právní-akt-odkaz/16153413;odstavce 2;INTUSTAN;44617;esel-esb:eli/cz/sb/2006/21/0000-00-00/dokument/norma/cast_1/par_11/odst_2;44617;esel-esb:eli/cz/sb/2006/21/0000-00-00/dokument/norma/cast_1/par_11/odst_3;44617;2006/21;2006/21;2006/21;21/2006 Sb.
esel-esb:eli/cz/sb/2006/21/2024-01-01/dokument/norma/cast_1/par_12/pism_c;56255818;esel-esb:eli/cz/sb/2006/21/2024-01-01/dokument/norma/cast_1/par_12/frag_6967043;§ 12 písm. c);NA;c;NA;/2/1/16/1/3/;esel-esb:právní-akt-fragment/6967521;6967521;6967049;Pismeno_Lb;c) jméno, popřípadě jména, příjmení, datum a místo narození žadatele, popřípadě svědků, jde-li o legalizaci podle § 10 odst. 4,;norms;"<a data-odkaz-id=""16249893"" href=""#""  class=""int_odkaz"">§ 10 odst. </a>";§ 10 odst. ;16249893;int_odkaz;NA;NA;NA;NA;esel-esb:právní-akt-odkaz/16249893;§ 10 odst. ;INTUSTAN;128717;esel-esb:eli/cz/sb/2006/21/2019-11-21/dokument/norma/cast_1/par_10/odst_4;128717;esel-esb:eli/cz/sb/2006/21/2019-11-21/dokument/norma/cast_1/par_12/pism_c;128717;2006/21;2006/21;2006/21;21/2006 Sb.
esel-esb:eli/cz/sb/2006/21/2024-01-01/dokument/norma/cast_1/par_12/pism_d;56255819;esel-esb:eli/cz/sb/2006/21/2024-01-01/dokument/norma/cast_1/par_12/frag_6967043;§ 12 písm. d);NA;d;NA;/2/1/16/1/4/;esel-esb:právní-akt-fragment/6967523;6967523;6967051;Pismeno_Lb;"d) adresu místa trvalého pobytu nebo adresu místa pobytu na území České republiky anebo adresu bydliště mimo území České republiky žadatele, popřípadě svědků, jde-li o legalizaci podle § 10 odst. 4, je-li v předloženém dokladu uvedena; pokud předložený doklad tento údaj neobsahuje, zapíše se údaj na základě ústního prohlášení žadatele, popřípadě svědků, jde-li o legalizaci podle § 10 odst. 4,";norms;"<a data-odkaz-id=""16249901"" href=""#""  class=""int_odkaz"">§ 10 odst. </a>";§ 10 odst. ;16249901;int_odkaz;NA;NA;NA;NA;esel-esb:právní-akt-odkaz/16249901;§ 10 odst. ;INTUSTAN;128717;esel-esb:eli/cz/sb/2006/21/2019-11-21/dokument/norma/cast_1/par_10/odst_4;128717;esel-esb:eli/cz/sb/2006/21/2019-11-21/dokument/norma/cast_1/par_12/pism_d;128717;2006/21;2006/21;2006/21;21/2006 Sb.
esel-esb:eli/cz/sb/2006/21/2024-01-01/dokument/norma/cast_1/par_12/pism_d;56255819;esel-esb:eli/cz/sb/2006/21/2024-01-01/dokument/norma/cast_1/par_12/frag_6967043;§ 12 písm. d);NA;d;NA;/2/1/16/1/4/;esel-esb:právní-akt-fragment/6967523;6967523;6967051;Pismeno_Lb;"d) adresu místa trvalého pobytu nebo adresu místa pobytu na území České republiky anebo adresu bydliště mimo území České republiky žadatele, popřípadě svědků, jde-li o legalizaci podle § 10 odst. 4, je-li v předloženém dokladu uvedena; pokud předložený doklad tento údaj neobsahuje, zapíše se údaj na základě ústního prohlášení žadatele, popřípadě svědků, jde-li o legalizaci podle § 10 odst. 4,";norms;"<a data-odkaz-id=""16249909"" href=""#""  class=""int_odkaz"">§ 10 odst. </a>";§ 10 odst. ;16249909;int_odkaz;NA;NA;NA;NA;esel-esb:právní-akt-odkaz/16249909;§ 10 odst. ;INTUSTAN;128717;esel-esb:eli/cz/sb/2006/21/2019-11-21/dokument/norma/cast_1/par_10/odst_4;128717;esel-esb:eli/cz/sb/2006/21/2019-11-21/dokument/norma/cast_1/par_12/pism_d;128717;2006/21;2006/21;2006/21;21/2006 Sb.
esel-esb:eli/cz/sb/2006/21/2024-01-01/dokument/norma/cast_1/par_12/pism_e;56255820;esel-esb:eli/cz/sb/2006/21/2024-01-01/dokument/norma/cast_1/par_12/frag_6967043;§ 12 písm. e);NA;e;NA;/2/1/16/1/5/;esel-esb:právní-akt-fragment/6967053;6967053;6967053;Pismeno_Lb;e) označení dokladu, na jehož základě byly údaje podle písmene c) a d) zjištěny,;norms;"<a data-odkaz-id=""16153485"" href=""#""  class=""int_odkaz"">písmene c)</a>";písmene c);16153485;int_odkaz;NA;NA;NA;NA;esel-esb:právní-akt-odkaz/16153485;písmene c);INTUSTAN;44617;esel-esb:eli/cz/sb/2006/21/0000-00-00/dokument/norma/cast_1/par_12/pism_c;44617;esel-esb:eli/cz/sb/2006/21/0000-00-00/dokument/norma/cast_1/par_12/pism_e;44617;2006/21;2006/21;2006/21;21/2006 Sb.
esel-esb:eli/cz/sb/2006/21/2024-01-01/dokument/norma/cast_1/par_12/pism_e;56255820;esel-esb:eli/cz/sb/2006/21/2024-01-01/dokument/norma/cast_1/par_12/frag_6967043;§ 12 písm. e);NA;e;NA;/2/1/16/1/5/;esel-esb:právní-akt-fragment/6967053;6967053;6967053;Pismeno_Lb;e) označení dokladu, na jehož základě byly údaje podle písmene c) a d) zjištěny,;norms;"<a data-odkaz-id=""16153509"" href=""#""  class=""int_odkaz"">d)</a>";d);16153509;int_odkaz;NA;NA;NA;NA;esel-esb:právní-akt-odkaz/16153509;d);INTUSTAN;44617;esel-esb:eli/cz/sb/2006/21/0000-00-00/dokument/norma/cast_1/par_12/pism_d;44617;esel-esb:eli/cz/sb/2006/21/0000-00-00/dokument/norma/cast_1/par_12/pism_e;44617;2006/21;2006/21;2006/21;21/2006 Sb.
esel-esb:eli/cz/sb/2006/21/2024-01-01/dokument/norma/cast_1/par_13/pism_c;56255828;esel-esb:eli/cz/sb/2006/21/2024-01-01/dokument/norma/cast_1/par_13/frag_6967529;§ 13 písm. c);NA;c;NA;/2/1/17/1/3/;esel-esb:právní-akt-fragment/6967535;6967535;6967069;Pismeno_Lb;c) nepředloží-li žadatel o legalizaci, popřípadě svědci, jde-li o legalizaci podle § 10 odst. 4, k prokázání své totožnosti platný doklad podle § 18,;norms;"<a data-odkaz-id=""16249925"" href=""#""  class=""int_odkaz"">§ 10 odst. 4</a>";§ 10 odst. 4;16249925;int_odkaz;NA;NA;NA;NA;esel-esb:právní-akt-odkaz/16249925;§ 10 odst. 4;INTUSTAN;128717;esel-esb:eli/cz/sb/2006/21/2019-11-21/dokument/norma/cast_1/par_10/odst_4;128717;esel-esb:eli/cz/sb/2006/21/2019-11-21/dokument/norma/cast_1/par_13/pism_c;128717;2006/21;2006/21;2006/21;21/2006 Sb.
esel-esb:eli/cz/sb/2006/21/2024-01-01/dokument/norma/cast_1/par_13/pism_c;56255828;esel-esb:eli/cz/sb/2006/21/2024-01-01/dokument/norma/cast_1/par_13/frag_6967529;§ 13 písm. c);NA;c;NA;/2/1/17/1/3/;esel-esb:právní-akt-fragment/6967535;6967535;6967069;Pismeno_Lb;c) nepředloží-li žadatel o legalizaci, popřípadě svědci, jde-li o legalizaci podle § 10 odst. 4, k prokázání své totožnosti platný doklad podle § 18,;norms;"<a data-odkaz-id=""16249933"" href=""#""  class=""int_odkaz"">§ 18</a>";§ 18;16249933;int_odkaz;NA;NA;NA;NA;esel-esb:právní-akt-odkaz/16249933;§ 18;INTUSTAN;128717;esel-esb:eli/cz/sb/2006/21/2019-11-21/dokument/norma/cast_1/par_18;128717;esel-esb:eli/cz/sb/2006/21/2019-11-21/dokument/norma/cast_1/par_13/pism_c;128717;2006/21;2006/21;2006/21;21/2006 Sb.
esel-esb:eli/cz/sb/2006/21/2024-01-01/dokument/norma/cast_1/par_13/pism_e;56255830;esel-esb:eli/cz/sb/2006/21/2024-01-01/dokument/norma/cast_1/par_13/frag_6967529;§ 13 písm. e);NA;e;NA;/2/1/17/1/5/;esel-esb:právní-akt-fragment/6967605;6967605;6967539;Pismeno_Lb;e) jde-li o legalizaci podpisu dokumentu, který je psán v jiném než českém nebo slovenském jazyce, a neovládá-li ověřující osoba jazyk, v němž je dokument psán, a není-li současně předložen v úředně ověřeném překladu do jazyka českého6) nebo slovenského,;norms;"<a data-odkaz-id=""16250101"" href=""#""  class=""int_odkaz""><sup>6</sup>)</a>";6);16250101;int_odkaz;NA;NA;NA;NA;esel-esb:právní-akt-odkaz/16250101;<sup>6</sup>);POZNAMKA;128723;esel-esb:eli/cz/sb/2006/21/2022-07-01/dokument/poznamkypodcarou/ppc_6;128723;esel-esb:eli/cz/sb/2006/21/2022-07-01/dokument/norma/cast_1/par_13/pism_e;128723;2006/21;2006/21;2006/21;21/2006 Sb.
esel-esb:eli/cz/sb/2006/21/2024-01-01/dokument/norma/cast_1/par_14/odst_1/pism_a;56255837;esel-esb:eli/cz/sb/2006/21/2024-01-01/dokument/norma/cast_1/par_14/odst_1;§ 14 odst. 1 písm. a);NA;a;NA;/2/1/19/1/1/;esel-esb:právní-akt-fragment/6967077;6967077;6967077;Pismeno_Lb;a) prokázal zvláštní odbornou způsobilost pro výkon správních činností při správě matrik a státního občanství7), nebo;norms;"<a data-odkaz-id=""16153533"" href=""#""  class=""int_odkaz""><sup>7</sup>)</a>";7);16153533;int_odkaz;NA;NA;NA;NA;esel-esb:právní-akt-odkaz/16153533;<sup>7</sup>);POZNAMKA;44617;esel-esb:eli/cz/sb/2006/21/0000-00-00/dokument/poznamkypodcarou/ppc_7;44617;esel-esb:eli/cz/sb/2006/21/0000-00-00/dokument/norma/cast_1/par_14/odst_1/pism_a;44617;2006/21;2006/21;2006/21;21/2006 Sb.
esel-esb:eli/cz/sb/2006/21/2024-01-01/dokument/norma/cast_1/par_14/odst_1/pism_b;56255838;esel-esb:eli/cz/sb/2006/21/2024-01-01/dokument/norma/cast_1/par_14/odst_1;§ 14 odst. 1 písm. b);NA;b;NA;/2/1/19/1/2/;esel-esb:právní-akt-fragment/6967079;6967079;6967079;Pismeno_Lb;b) prokázal odbornou způsobilost matrikáře podle zvláštního právního předpisu8), nebo;norms;"<a data-odkaz-id=""16153557"" href=""#""  class=""int_odkaz""><sup>8</sup>)</a>";8);16153557;int_odkaz;NA;NA;NA;NA;esel-esb:právní-akt-odkaz/16153557;<sup>8</sup>);POZNAMKA;44617;esel-esb:eli/cz/sb/2006/21/0000-00-00/dokument/poznamkypodcarou/ppc_8;44617;esel-esb:eli/cz/sb/2006/21/0000-00-00/dokument/norma/cast_1/par_14/odst_1/pism_b;44617;2006/21;2006/21;2006/21;21/2006 Sb.
esel-esb:eli/cz/sb/2006/21/2024-01-01/dokument/norma/cast_1/par_14/odst_2;56255840;esel-esb:eli/cz/sb/2006/21/2024-01-01/dokument/norma/cast_1/par_14;§ 14 odst. 2;NA;2;NA;/2/1/19/2/;esel-esb:právní-akt-fragment/6967549;6967549;6967083;Odstavec_Dc;(2) Obsahem zkoušky podle odstavce 1 písm. c) je ústní a praktické ověření znalostí právních předpisů týkajících se oblasti vidimace a legalizace, vybraných ustanovení právních předpisů týkajících se správních poplatků a správního řádu a schopnosti jejich aplikace.;norms;"<a data-odkaz-id=""16249953"" href=""#""  class=""int_odkaz"">odstavce 1 písm. c)</a>";odstavce 1 písm. c);16249953;int_odkaz;NA;NA;NA;NA;esel-esb:právní-akt-odkaz/16249953;odstavce 1 písm. c);INTUSTAN;128717;esel-esb:eli/cz/sb/2006/21/2019-11-21/dokument/norma/cast_1/par_14/odst_1/pism_c;128717;esel-esb:eli/cz/sb/2006/21/2019-11-21/dokument/norma/cast_1/par_14/odst_2;128717;2006/21;2006/21;2006/21;21/2006 Sb.
esel-esb:eli/cz/sb/2006/21/2024-01-01/dokument/norma/cast_1/par_14/odst_2;56255840;esel-esb:eli/cz/sb/2006/21/2024-01-01/dokument/norma/cast_1/par_14;§ 14 odst. 2;NA;2;NA;/2/1/19/2/;esel-esb:právní-akt-fragment/6967549;6967549;6967083;Odstavec_Dc;(2) Obsahem zkoušky podle odstavce 1 písm. c) je ústní a praktické ověření znalostí právních předpisů týkajících se oblasti vidimace a legalizace, vybraných ustanovení právních předpisů týkajících se správních poplatků a správního řádu a schopnosti jejich aplikace.;norms;"<a data-odkaz-id=""16249961"" href=""#""  class=""ext_odkaz"">správního řádu</a>";správního řádu;16249961;ext_odkaz;NA;NA;NA;NA;esel-esb:právní-akt-odkaz/16249961;správního řádu;JINYPRED;124689;esel-esb:eli/cz/sb/2004/500/2018-11-01/dokument;128717;esel-esb:eli/cz/sb/2006/21/2019-11-21/dokument/norma/cast_1/par_14/odst_2;128717;2006/21;2004/500;2006/21;21/2006 Sb.
esel-esb:eli/cz/sb/2006/21/2024-01-01/dokument/norma/cast_1/par_14/odst_3;56255841;esel-esb:eli/cz/sb/2006/21/2024-01-01/dokument/norma/cast_1/par_14;§ 14 odst. 3;NA;3;NA;/2/1/19/3/;esel-esb:právní-akt-fragment/6967085;6967085;6967085;Odstavec_Dc;(3) Složení zkoušky podle odstavce 1 písm. c) se prokazuje osvědčením o vykonání zkoušky vydaným ministerstvem, krajským úřadem nebo obecním úřadem obce s rozšířenou působností. Vzor osvědčení stanoví prováděcí právní předpis.;norms;"<a data-odkaz-id=""16153613"" href=""#""  class=""int_odkaz"">odstavce 1 písm. c)</a>";odstavce 1 písm. c);16153613;int_odkaz;NA;NA;NA;NA;esel-esb:právní-akt-odkaz/16153613;odstavce 1 písm. c);INTUSTAN;44617;esel-esb:eli/cz/sb/2006/21/0000-00-00/dokument/norma/cast_1/par_14/odst_1/pism_c;44617;esel-esb:eli/cz/sb/2006/21/0000-00-00/dokument/norma/cast_1/par_14/odst_3;44617;2006/21;2006/21;2006/21;21/2006 Sb.
esel-esb:eli/cz/sb/2006/21/2024-01-01/dokument/norma/cast_1/par_14/odst_4;56255842;esel-esb:eli/cz/sb/2006/21/2024-01-01/dokument/norma/cast_1/par_14;§ 14 odst. 4;NA;4;NA;/2/1/19/4/;esel-esb:právní-akt-fragment/6967087;6967087;6967087;Odstavec_Dc;(4) Prováděním zkoušky úředníků lze pověřit jen úředníka, který splňuje podmínky podle odstavce 1 písm. a). Na zaměstnance ministerstva pověřené prováděním zkoušky se věta první nepoužije.;norms;"<a data-odkaz-id=""16153637"" href=""#""  class=""int_odkaz"">odstavce 1 písm. a)</a>";odstavce 1 písm. a);16153637;int_odkaz;NA;NA;NA;NA;esel-esb:právní-akt-odkaz/16153637;odstavce 1 písm. a);INTUSTAN;44617;esel-esb:eli/cz/sb/2006/21/0000-00-00/dokument/norma/cast_1/par_14/odst_1/pism_a;44617;esel-esb:eli/cz/sb/2006/21/0000-00-00/dokument/norma/cast_1/par_14/odst_4;44617;2006/21;2006/21;2006/21;21/2006 Sb.
esel-esb:eli/cz/sb/2006/21/2024-01-01/dokument/norma/cast_1/par_14/odst_5;56255843;esel-esb:eli/cz/sb/2006/21/2024-01-01/dokument/norma/cast_1/par_14;§ 14 odst. 5;NA;5;NA;/2/1/19/5/;esel-esb:právní-akt-fragment/6967089;6967089;6967089;Odstavec_Dc;(5) Neuspěl-li úředník při zkoušce podle odstavce 2, může zkoušku dvakrát opakovat. Opakovanou zkoušku je možno vykonat nejdříve za 60 dnů a nejpozději do 90 dnů ode dne konání zkoušky, při níž úředník neuspěl.;norms;"<a data-odkaz-id=""16153661"" href=""#""  class=""int_odkaz"">odstavce 2</a>";odstavce 2;16153661;int_odkaz;NA;NA;NA;NA;esel-esb:právní-akt-odkaz/16153661;odstavce 2;INTUSTAN;44617;esel-esb:eli/cz/sb/2006/21/0000-00-00/dokument/norma/cast_1/par_14/odst_2;44617;esel-esb:eli/cz/sb/2006/21/0000-00-00/dokument/norma/cast_1/par_14/odst_5;44617;2006/21;2006/21;2006/21;21/2006 Sb.
esel-esb:eli/cz/sb/2006/21/2024-01-01/dokument/norma/cast_1/par_14a/odst_2;56255846;esel-esb:eli/cz/sb/2006/21/2024-01-01/dokument/norma/cast_1/par_14a;§ 14a odst. 2;NA;2;NA;/2/1/20/2/;esel-esb:právní-akt-fragment/6967095;6967095;6967095;Odstavec_Dc;(2) Obsahem zkoušky je ústní ověření znalostí právních předpisů týkajících se oblasti vidimace a legalizace, vybraných ustanovení právních předpisů týkajících se správních poplatků a správního řádu a schopnosti jejich aplikace.;norms;"<a data-odkaz-id=""16153685"" href=""#""  class=""ext_odkaz"">správního řádu</a>";správního řádu;16153685;ext_odkaz;NA;NA;NA;NA;esel-esb:právní-akt-odkaz/16153685;správního řádu;JINYPRED;124669;esel-esb:eli/cz/sb/2004/500/2009-07-01/dokument;128711;esel-esb:eli/cz/sb/2006/21/2009-07-01/dokument/norma/cast_1/par_14a/odst_2;128711;2006/21;2004/500;2006/21;21/2006 Sb.
esel-esb:eli/cz/sb/2006/21/2024-01-01/dokument/norma/cast_1/par_14a/odst_3;56255847;esel-esb:eli/cz/sb/2006/21/2024-01-01/dokument/norma/cast_1/par_14a;§ 14a odst. 3;NA;3;NA;/2/1/20/3/;esel-esb:právní-akt-fragment/6967097;6967097;6967097;Odstavec_Dc;(3) Složení zkoušky se prokazuje osvědčením o vykonání zkoušky vydaným ministerstvem podle § 14 odst. 3.;norms;"<a data-odkaz-id=""16153699"" href=""#""  class=""int_odkaz"">§ 14 odst. 3.</a>";§ 14 odst. 3.;16153699;int_odkaz;NA;NA;NA;NA;esel-esb:právní-akt-odkaz/16153699;§ 14 odst. 3.;INTUSTAN;128711;esel-esb:eli/cz/sb/2006/21/2009-07-01/dokument/norma/cast_1/par_14/odst_3;128711;esel-esb:eli/cz/sb/2006/21/2009-07-01/dokument/norma/cast_1/par_14a/odst_3;128711;2006/21;2006/21;2006/21;21/2006 Sb.
esel-esb:eli/cz/sb/2006/21/2024-01-01/dokument/norma/cast_1/par_16/odst_2/pism_c;56255861;esel-esb:eli/cz/sb/2006/21/2024-01-01/dokument/norma/cast_1/par_16/odst_2;§ 16 odst. 2 písm. c);NA;c;NA;/2/1/22/2/3/;esel-esb:právní-akt-fragment/6967559;6967559;6967119;Pismeno_Lb;c) údaj uvedený v § 8 písm. c) až f), jde-li o vidimaci,;norms;"<a data-odkaz-id=""16249969"" href=""#""  class=""int_odkaz"">§ 8 písm. c)</a>";§ 8 písm. c);16249969;int_odkaz;NA;NA;NA;NA;esel-esb:právní-akt-odkaz/16249969;§ 8 písm. c);INTUSTAN;128717;esel-esb:eli/cz/sb/2006/21/2019-11-21/dokument/norma/cast_1/par_8/pism_c;128717;esel-esb:eli/cz/sb/2006/21/2019-11-21/dokument/norma/cast_1/par_16/odst_2/pism_c;128717;2006/21;2006/21;2006/21;21/2006 Sb.
esel-esb:eli/cz/sb/2006/21/2024-01-01/dokument/norma/cast_1/par_16/odst_2/pism_d;56255862;esel-esb:eli/cz/sb/2006/21/2024-01-01/dokument/norma/cast_1/par_16/odst_2;§ 16 odst. 2 písm. d);NA;d;NA;/2/1/22/2/4/;esel-esb:právní-akt-fragment/6967121;6967121;6967121;Pismeno_Lb;d) údaj uvedený v § 12 písm. c), d), e) a f), jde-li o legalizaci,;norms;"<a data-odkaz-id=""16153729"" href=""#""  class=""int_odkaz"">§ 12 písm. c)</a>";§ 12 písm. c);16153729;int_odkaz;NA;NA;NA;NA;esel-esb:právní-akt-odkaz/16153729;§ 12 písm. c);INTUSTAN;44617;esel-esb:eli/cz/sb/2006/21/0000-00-00/dokument/norma/cast_1/par_12/pism_c;44617;esel-esb:eli/cz/sb/2006/21/0000-00-00/dokument/norma/cast_1/par_16/odst_2/pism_d;44617;2006/21;2006/21;2006/21;21/2006 Sb.
esel-esb:eli/cz/sb/2006/21/2024-01-01/dokument/norma/cast_1/par_16/odst_2/pism_d;56255862;esel-esb:eli/cz/sb/2006/21/2024-01-01/dokument/norma/cast_1/par_16/odst_2;§ 16 odst. 2 písm. d);NA;d;NA;/2/1/22/2/4/;esel-esb:právní-akt-fragment/6967121;6967121;6967121;Pismeno_Lb;d) údaj uvedený v § 12 písm. c), d), e) a f), jde-li o legalizaci,;norms;"<a data-odkaz-id=""16153753"" href=""#""  class=""int_odkaz"">d)</a>";d);16153753;int_odkaz;NA;NA;NA;NA;esel-esb:právní-akt-odkaz/16153753;d);INTUSTAN;44617;esel-esb:eli/cz/sb/2006/21/0000-00-00/dokument/norma/cast_1/par_12/pism_d;44617;esel-esb:eli/cz/sb/2006/21/0000-00-00/dokument/norma/cast_1/par_16/odst_2/pism_d;44617;2006/21;2006/21;2006/21;21/2006 Sb.
esel-esb:eli/cz/sb/2006/21/2024-01-01/dokument/norma/cast_1/par_16/odst_2/pism_d;56255862;esel-esb:eli/cz/sb/2006/21/2024-01-01/dokument/norma/cast_1/par_16/odst_2;§ 16 odst. 2 písm. d);NA;d;NA;/2/1/22/2/4/;esel-esb:právní-akt-fragment/6967121;6967121;6967121;Pismeno_Lb;d) údaj uvedený v § 12 písm. c), d), e) a f), jde-li o legalizaci,;norms;"<a data-odkaz-id=""16153777"" href=""#""  class=""int_odkaz"">e)</a>";e);16153777;int_odkaz;NA;NA;NA;NA;esel-esb:právní-akt-odkaz/16153777;e);INTUSTAN;44617;esel-esb:eli/cz/sb/2006/21/0000-00-00/dokument/norma/cast_1/par_12/pism_e;44617;esel-esb:eli/cz/sb/2006/21/0000-00-00/dokument/norma/cast_1/par_16/odst_2/pism_d;44617;2006/21;2006/21;2006/21;21/2006 Sb.
esel-esb:eli/cz/sb/2006/21/2024-01-01/dokument/norma/cast_1/par_16/odst_2/pism_d;56255862;esel-esb:eli/cz/sb/2006/21/2024-01-01/dokument/norma/cast_1/par_16/odst_2;§ 16 odst. 2 písm. d);NA;d;NA;/2/1/22/2/4/;esel-esb:právní-akt-fragment/6967121;6967121;6967121;Pismeno_Lb;d) údaj uvedený v § 12 písm. c), d), e) a f), jde-li o legalizaci,;norms;"<a data-odkaz-id=""16153801"" href=""#""  class=""int_odkaz"">f)</a>";f);16153801;int_odkaz;NA;NA;NA;NA;esel-esb:právní-akt-odkaz/16153801;f);INTUSTAN;44617;esel-esb:eli/cz/sb/2006/21/0000-00-00/dokument/norma/cast_1/par_12/pism_f;44617;esel-esb:eli/cz/sb/2006/21/0000-00-00/dokument/norma/cast_1/par_16/odst_2/pism_d;44617;2006/21;2006/21;2006/21;21/2006 Sb.
esel-esb:eli/cz/sb/2006/21/2024-01-01/dokument/norma/cast_1/par_16/odst_2/pism_f;56255864;esel-esb:eli/cz/sb/2006/21/2024-01-01/dokument/norma/cast_1/par_16/odst_2;§ 16 odst. 2 písm. f);NA;f;NA;/2/1/22/2/6/;esel-esb:právní-akt-fragment/6967525;6967525;6967125;Pismeno_Lb;f) podpis žadatele, jehož podpis je legalizován, popřípadě svědků, jde-li o legalizaci podle § 10 odst. 4,;norms;"<a data-odkaz-id=""16249917"" href=""#""  class=""int_odkaz"">§ 10 odst. </a>";§ 10 odst. ;16249917;int_odkaz;NA;NA;NA;NA;esel-esb:právní-akt-odkaz/16249917;§ 10 odst. ;INTUSTAN;128717;esel-esb:eli/cz/sb/2006/21/2019-11-21/dokument/norma/cast_1/par_10/odst_4;128717;esel-esb:eli/cz/sb/2006/21/2019-11-21/dokument/norma/cast_1/par_16/odst_2/pism_f;128717;2006/21;2006/21;2006/21;21/2006 Sb.
esel-esb:eli/cz/sb/2006/21/2024-01-01/dokument/norma/cast_1/par_18/odst_1;56255878;esel-esb:eli/cz/sb/2006/21/2024-01-01/dokument/norma/cast_1/par_18;§ 18 odst. 1;NA;1;NA;/2/1/24/1/;esel-esb:právní-akt-fragment/71736391;71736391;6967569;Odstavec_Dc;(1) Žadatel o legalizaci, popřípadě svědci, jde-li o legalizaci podle § 10 odst. 4, předloží k prokázání své totožnosti;norms;"<a data-odkaz-id=""30759583"" href=""#""  class=""int_odkaz"">§ 10 odst. 4</a>";§ 10 odst. 4;30759583;int_odkaz;NA;NA;NA;NA;esel-esb:právní-akt-odkaz/30759583;§ 10 odst. 4;INTUSTAN;433617;esel-esb:eli/cz/sb/2006/21/2024-01-01/dokument/norma/cast_1/par_10/odst_4;433617;esel-esb:eli/cz/sb/2006/21/2024-01-01/dokument/norma/cast_1/par_18/odst_1;433617;2006/21;2006/21;2006/21;21/2006 Sb.
esel-esb:eli/cz/sb/2006/21/2024-01-01/dokument/norma/cast_1/par_18/odst_1/pism_a;56255879;esel-esb:eli/cz/sb/2006/21/2024-01-01/dokument/norma/cast_1/par_18/odst_1;§ 18 odst. 1 písm. a);NA;a;NA;/2/1/24/1/1/;esel-esb:právní-akt-fragment/71736393;71736393;6967571;Pismeno_Lb;a) občanský průkaz9), nebo cestovní doklad10), jde-li o státního občana České republiky,;norms;"<a data-odkaz-id=""30759585"" href=""#""  class=""int_odkaz""><sup>9</sup>)</a>";9);30759585;int_odkaz;NA;NA;NA;NA;esel-esb:právní-akt-odkaz/30759585;<sup>9</sup>);POZNAMKA;433617;esel-esb:eli/cz/sb/2006/21/2024-01-01/dokument/poznamkypodcarou/ppc_9;433617;esel-esb:eli/cz/sb/2006/21/2024-01-01/dokument/norma/cast_1/par_18/odst_1/pism_a;433617;2006/21;2006/21;2006/21;21/2006 Sb.
esel-esb:eli/cz/sb/2006/21/2024-01-01/dokument/norma/cast_1/par_18/odst_1/pism_a;56255879;esel-esb:eli/cz/sb/2006/21/2024-01-01/dokument/norma/cast_1/par_18/odst_1;§ 18 odst. 1 písm. a);NA;a;NA;/2/1/24/1/1/;esel-esb:právní-akt-fragment/71736393;71736393;6967571;Pismeno_Lb;a) občanský průkaz9), nebo cestovní doklad10), jde-li o státního občana České republiky,;norms;"<a data-odkaz-id=""30759587"" href=""#""  class=""int_odkaz""><sup>10</sup>)</a>";10);30759587;int_odkaz;NA;NA;NA;NA;esel-esb:právní-akt-odkaz/30759587;<sup>10</sup>);POZNAMKA;433617;esel-esb:eli/cz/sb/2006/21/2024-01-01/dokument/poznamkypodcarou/ppc_10;433617;esel-esb:eli/cz/sb/2006/21/2024-01-01/dokument/norma/cast_1/par_18/odst_1/pism_a;433617;2006/21;2006/21;2006/21;21/2006 Sb.
esel-esb:eli/cz/sb/2006/21/2024-01-01/dokument/norma/cast_1/par_18/odst_1/pism_b;56255880;esel-esb:eli/cz/sb/2006/21/2024-01-01/dokument/norma/cast_1/par_18/odst_1;§ 18 odst. 1 písm. b);NA;b;NA;/2/1/24/1/2/;esel-esb:právní-akt-fragment/71736395;71736395;6967573;Pismeno_Lb;b) cestovní doklad, průkaz totožnosti občana členského státu Evropské unie, smluvního státu Dohody o Evropském hospodářském prostoru nebo Švýcarské konfederace nebo doklad opravňující k pobytu na území České republiky podle zvláštního právního předpisu11), jde-li o cizince, nebo;norms;"<a data-odkaz-id=""30759589"" href=""#""  class=""int_odkaz""><sup>11</sup>)</a>";11);30759589;int_odkaz;NA;NA;NA;NA;esel-esb:právní-akt-odkaz/30759589;<sup>11</sup>);POZNAMKA;433617;esel-esb:eli/cz/sb/2006/21/2024-01-01/dokument/poznamkypodcarou/ppc_11;433617;esel-esb:eli/cz/sb/2006/21/2024-01-01/dokument/norma/cast_1/par_18/odst_1/pism_b;433617;2006/21;2006/21;2006/21;21/2006 Sb.
esel-esb:eli/cz/sb/2006/21/2024-01-01/dokument/norma/cast_1/par_18/odst_1/pism_c;56255881;esel-esb:eli/cz/sb/2006/21/2024-01-01/dokument/norma/cast_1/par_18/odst_1;§ 18 odst. 1 písm. c);NA;c;NA;/2/1/24/1/3/;esel-esb:právní-akt-fragment/71736397;71736397;6967575;Pismeno_Lb;c) identifikační průkaz vydaný Ministerstvem zahraničních věcí podle zvláštního právního předpisu18), jde-li o osobu požívající výsad a imunit podle mezinárodního práva.;norms;"<a data-odkaz-id=""30759591"" href=""#""  class=""int_odkaz""><sup>18</sup>)</a>";18);30759591;int_odkaz;NA;NA;NA;NA;esel-esb:právní-akt-odkaz/30759591;<sup>18</sup>);POZNAMKA;433617;esel-esb:eli/cz/sb/2006/21/2024-01-01/dokument/poznamkypodcarou/ppc_18;433617;esel-esb:eli/cz/sb/2006/21/2024-01-01/dokument/norma/cast_1/par_18/odst_1/pism_c;433617;2006/21;2006/21;2006/21;21/2006 Sb.
esel-esb:eli/cz/sb/2006/21/2024-01-01/dokument/norma/cast_1/par_18/odst_2;56255882;esel-esb:eli/cz/sb/2006/21/2024-01-01/dokument/norma/cast_1/par_18;§ 18 odst. 2;NA;2;NA;/2/1/24/2/;esel-esb:právní-akt-fragment/6967577;6967577;6967577;Odstavec_Dc;(2) Doklad podle odstavce 1 písm. b) nebo c) lze k prokázání totožnosti použít pouze tehdy, obsahuje-li fotografii držitele.;norms;"<a data-odkaz-id=""16250025"" href=""#""  class=""int_odkaz"">odstavce 1 písm. b)</a>";odstavce 1 písm. b);16250025;int_odkaz;NA;NA;NA;NA;esel-esb:právní-akt-odkaz/16250025;odstavce 1 písm. b);INTUSTAN;128717;esel-esb:eli/cz/sb/2006/21/2019-11-21/dokument/norma/cast_1/par_18/odst_1/pism_b;128717;esel-esb:eli/cz/sb/2006/21/2019-11-21/dokument/norma/cast_1/par_18/odst_2;128717;2006/21;2006/21;2006/21;21/2006 Sb.
esel-esb:eli/cz/sb/2006/21/2024-01-01/dokument/norma/cast_1/par_18/odst_2;56255882;esel-esb:eli/cz/sb/2006/21/2024-01-01/dokument/norma/cast_1/par_18;§ 18 odst. 2;NA;2;NA;/2/1/24/2/;esel-esb:právní-akt-fragment/6967577;6967577;6967577;Odstavec_Dc;(2) Doklad podle odstavce 1 písm. b) nebo c) lze k prokázání totožnosti použít pouze tehdy, obsahuje-li fotografii držitele.;norms;"<a data-odkaz-id=""16250033"" href=""#""  class=""int_odkaz"">c)</a>";c);16250033;int_odkaz;NA;NA;NA;NA;esel-esb:právní-akt-odkaz/16250033;c);INTUSTAN;128717;esel-esb:eli/cz/sb/2006/21/2019-11-21/dokument/norma/cast_1/par_18/odst_1/pism_c;128717;esel-esb:eli/cz/sb/2006/21/2019-11-21/dokument/norma/cast_1/par_18/odst_2;128717;2006/21;2006/21;2006/21;21/2006 Sb.
esel-esb:eli/cz/sb/2006/21/2024-01-01/dokument/norma/cast_1/par_18e/frag_6967589;56255884;esel-esb:eli/cz/sb/2006/21/2024-01-01/dokument/norma/cast_1/par_18e;NA;NA;NA;NA;/2/1/25/1/;esel-esb:právní-akt-fragment/6967589;6967589;6967589;Odstavec_Dc;Listina vydaná orgány České republiky nebo Slovenské republiky, ke které je připojen vícejazyčný standardní formulář vyhotovený podle přímo použitelného předpisu Evropské unie19), se spolu s tímto formulářem pro účely tohoto zákona považuje za listinu, která je psána v českém jazyce.;norms;"<a data-odkaz-id=""16250057"" href=""#""  class=""int_odkaz""><sup>19</sup>)</a>";19);16250057;int_odkaz;NA;NA;NA;NA;esel-esb:právní-akt-odkaz/16250057;<sup>19</sup>);POZNAMKA;128717;esel-esb:eli/cz/sb/2006/21/2019-11-21/dokument/poznamkypodcarou/ppc_19;128717;esel-esb:eli/cz/sb/2006/21/2019-11-21/dokument/norma/cast_1/par_18e/frag_6967589;128717;2006/21;2006/21;2006/21;21/2006 Sb.
esel-esb:eli/cz/sb/2006/21/2024-01-01/dokument/poznamkypodcarou/ppc_1;56255970;esel-esb:eli/cz/sb/2006/21/2024-01-01/dokument/poznamkypodcarou;pozn. 1;NA;1;NA;/6/1/;esel-esb:právní-akt-fragment/6967339;6967339;6967339;PPC;1) § 35 odst. 1 zákona č. 222/1999 Sb., o zajišťování obrany České republiky, ve znění zákona č. 320/2002 Sb.;notes;"<a data-odkaz-id=""16155195"" href=""#""  class=""ext_odkaz"" data-version=""20030101"">§ 35 odst. 1</a>";§ 35 odst. 1;16155195;ext_odkaz;NA;NA;NA;NA;esel-esb:právní-akt-odkaz/16155195;§ 35 odst. 1;JINEUSTAN;107521;esel-esb:eli/cz/sb/1999/222/2003-01-01/dokument/norma/cast_6/par_35/odst_1;44617;esel-esb:eli/cz/sb/2006/21/0000-00-00/dokument/poznamkypodcarou/ppc_1;44617;2006/21;1999/222;2006/21;21/2006 Sb.
esel-esb:eli/cz/sb/2006/21/2024-01-01/dokument/poznamkypodcarou/ppc_1;56255970;esel-esb:eli/cz/sb/2006/21/2024-01-01/dokument/poznamkypodcarou;pozn. 1;NA;1;NA;/6/1/;esel-esb:právní-akt-fragment/6967339;6967339;6967339;PPC;1) § 35 odst. 1 zákona č. 222/1999 Sb., o zajišťování obrany České republiky, ve znění zákona č. 320/2002 Sb.;notes;"<a data-odkaz-id=""16155219"" href=""#""  class=""ext_odkaz"" data-version=""20030101"">zákona č. 222/1999 Sb., o zajišťování obrany České republiky</a>";zákona č. 222/1999 Sb., o zajišťování obrany České republiky;16155219;ext_odkaz;NA;NA;NA;NA;esel-esb:právní-akt-odkaz/16155219;zákona č. 222/1999 Sb.;JINYPRED;107521;esel-esb:eli/cz/sb/1999/222/2003-01-01/dokument;44617;esel-esb:eli/cz/sb/2006/21/0000-00-00/dokument/poznamkypodcarou/ppc_1;44617;2006/21;1999/222;2006/21;21/2006 Sb.
esel-esb:eli/cz/sb/2006/21/2024-01-01/dokument/poznamkypodcarou/ppc_1;56255970;esel-esb:eli/cz/sb/2006/21/2024-01-01/dokument/poznamkypodcarou;pozn. 1;NA;1;NA;/6/1/;esel-esb:právní-akt-fragment/6967339;6967339;6967339;PPC;1) § 35 odst. 1 zákona č. 222/1999 Sb., o zajišťování obrany České republiky, ve znění zákona č. 320/2002 Sb.;notes;"<a data-odkaz-id=""16155243"" href=""#""  class=""ext_odkaz"">zákona č. 320/2002 Sb.</a>";zákona č. 320/2002 Sb.;16155243;ext_odkaz;NA;NA;NA;NA;esel-esb:právní-akt-odkaz/16155243;zákona č. 320/2002 Sb.;JINYPRED;118129;esel-esb:eli/cz/sb/2002/320/2006-01-01/dokument;44617;esel-esb:eli/cz/sb/2006/21/0000-00-00/dokument/poznamkypodcarou/ppc_1;44617;2006/21;2002/320;2006/21;21/2006 Sb.
esel-esb:eli/cz/sb/2006/21/2024-01-01/dokument/poznamkypodcarou/ppc_2;56255971;esel-esb:eli/cz/sb/2006/21/2024-01-01/dokument/poznamkypodcarou;pozn. 2;NA;2;NA;/6/2/;esel-esb:právní-akt-fragment/6967341;6967341;6967341;PPC;2) § 6 zákona č. 352/2001 Sb., o užívání státních symbolů České republiky a o změně některých zákonů.;notes;"<a data-odkaz-id=""16155267"" href=""#""  class=""ext_odkaz"">§ 6</a>";§ 6;16155267;ext_odkaz;NA;NA;NA;NA;esel-esb:právní-akt-odkaz/16155267;§ 6;JINEUSTAN;115091;esel-esb:eli/cz/sb/2001/352/2001-10-05/dokument/norma/cast_1/par_6;44617;esel-esb:eli/cz/sb/2006/21/0000-00-00/dokument/poznamkypodcarou/ppc_2;44617;2006/21;2001/352;2006/21;21/2006 Sb.
esel-esb:eli/cz/sb/2006/21/2024-01-01/dokument/poznamkypodcarou/ppc_2;56255971;esel-esb:eli/cz/sb/2006/21/2024-01-01/dokument/poznamkypodcarou;pozn. 2;NA;2;NA;/6/2/;esel-esb:právní-akt-fragment/6967341;6967341;6967341;PPC;2) § 6 zákona č. 352/2001 Sb., o užívání státních symbolů České republiky a o změně některých zákonů.;notes;"<a data-odkaz-id=""16155291"" href=""#""  class=""ext_odkaz"">zákona č. 352/2001 Sb., o užívání státních symbolů České republiky a o změně některých zákonů</a>";zákona č. 352/2001 Sb., o užívání státních symbolů České republiky a o změně některých zákonů;16155291;ext_odkaz;NA;NA;NA;NA;esel-esb:právní-akt-odkaz/16155291;zákona č. 352/2001 Sb.;JINYPRED;115091;esel-esb:eli/cz/sb/2001/352/2001-10-05/dokument;44617;esel-esb:eli/cz/sb/2006/21/0000-00-00/dokument/poznamkypodcarou/ppc_2;44617;2006/21;2001/352;2006/21;21/2006 Sb.
esel-esb:eli/cz/sb/2006/21/2024-01-01/dokument/poznamkypodcarou/ppc_3;56255972;esel-esb:eli/cz/sb/2006/21/2024-01-01/dokument/poznamkypodcarou;pozn. 3;NA;3;NA;/6/3/;esel-esb:právní-akt-fragment/6967343;6967343;6967343;PPC;3) § 2 odst. 4 zákona č. 312/2002 Sb., o úřednících územních samosprávných celků a o změně některých zákonů.;notes;"<a data-odkaz-id=""16155315"" href=""#""  class=""ext_odkaz"">§ 2 odst. 4</a>";§ 2 odst. 4;16155315;ext_odkaz;NA;NA;NA;NA;esel-esb:právní-akt-odkaz/16155315;§ 2 odst. 4;JINEUSTAN;118059;esel-esb:eli/cz/sb/2002/312/2004-03-01/dokument/norma/cast_1/hlava_1/par_2/odst_4;44617;esel-esb:eli/cz/sb/2006/21/0000-00-00/dokument/poznamkypodcarou/ppc_3;44617;2006/21;2002/312;2006/21;21/2006 Sb.
esel-esb:eli/cz/sb/2006/21/2024-01-01/dokument/poznamkypodcarou/ppc_3;56255972;esel-esb:eli/cz/sb/2006/21/2024-01-01/dokument/poznamkypodcarou;pozn. 3;NA;3;NA;/6/3/;esel-esb:právní-akt-fragment/6967343;6967343;6967343;PPC;3) § 2 odst. 4 zákona č. 312/2002 Sb., o úřednících územních samosprávných celků a o změně některých zákonů.;notes;"<a data-odkaz-id=""16155339"" href=""#""  class=""ext_odkaz"">zákona č. 312/2002 Sb., o úřednících územních samosprávných celků a o změně některých zákonů</a>";zákona č. 312/2002 Sb., o úřednících územních samosprávných celků a o změně některých zákonů;16155339;ext_odkaz;NA;NA;NA;NA;esel-esb:právní-akt-odkaz/16155339;zákona č. 312/2002 Sb.;JINYPRED;118059;esel-esb:eli/cz/sb/2002/312/2004-03-01/dokument;44617;esel-esb:eli/cz/sb/2006/21/0000-00-00/dokument/poznamkypodcarou/ppc_3;44617;2006/21;2002/312;2006/21;21/2006 Sb.
esel-esb:eli/cz/sb/2006/21/2024-01-01/dokument/poznamkypodcarou/ppc_4;56255973;esel-esb:eli/cz/sb/2006/21/2024-01-01/dokument/poznamkypodcarou;pozn. 4;NA;4;NA;/6/4/;esel-esb:právní-akt-fragment/6967345;6967345;6967345;PPC;4) § 38 odst. 4 zákona č. 500/2004 Sb., správní řád.;notes;"<a data-odkaz-id=""16155363"" href=""#""  class=""ext_odkaz"">§ 38 odst. 4</a>";§ 38 odst. 4;16155363;ext_odkaz;NA;NA;NA;NA;esel-esb:právní-akt-odkaz/16155363;§ 38 odst. 4;JINEUSTAN;124665;esel-esb:eli/cz/sb/2004/500/2006-01-01/dokument/norma/cast_2/hlava_3/dil_2/par_38/odst_4;44617;esel-esb:eli/cz/sb/2006/21/0000-00-00/dokument/poznamkypodcarou/ppc_4;44617;2006/21;2004/500;2006/21;21/2006 Sb.
esel-esb:eli/cz/sb/2006/21/2024-01-01/dokument/poznamkypodcarou/ppc_4;56255973;esel-esb:eli/cz/sb/2006/21/2024-01-01/dokument/poznamkypodcarou;pozn. 4;NA;4;NA;/6/4/;esel-esb:právní-akt-fragment/6967345;6967345;6967345;PPC;4) § 38 odst. 4 zákona č. 500/2004 Sb., správní řád.;notes;"<a data-odkaz-id=""16155387"" href=""#""  class=""ext_odkaz"">zákona č. 500/2004 Sb., správní řád</a>";zákona č. 500/2004 Sb., správní řád;16155387;ext_odkaz;NA;NA;NA;NA;esel-esb:právní-akt-odkaz/16155387;zákona č. 500/2004 Sb.;JINYPRED;124665;esel-esb:eli/cz/sb/2004/500/2006-01-01/dokument;44617;esel-esb:eli/cz/sb/2006/21/0000-00-00/dokument/poznamkypodcarou/ppc_4;44617;2006/21;2004/500;2006/21;21/2006 Sb.
esel-esb:eli/cz/sb/2006/21/2024-01-01/dokument/poznamkypodcarou/ppc_5;56255974;esel-esb:eli/cz/sb/2006/21/2024-01-01/dokument/poznamkypodcarou;pozn. 5;NA;5;NA;/6/5/;esel-esb:právní-akt-fragment/6967347;6967347;6967347;PPC;5) § 69 odst. 4 zákona č. 500/2004 Sb.;notes;"<a data-odkaz-id=""16155411"" href=""#""  class=""ext_odkaz"">§ 69 odst. 4</a>";§ 69 odst. 4;16155411;ext_odkaz;NA;NA;NA;NA;esel-esb:právní-akt-odkaz/16155411;§ 69 odst. 4;JINEUSTAN;124665;esel-esb:eli/cz/sb/2004/500/2006-01-01/dokument/norma/cast_2/hlava_6/dil_6/par_69/odst_4;44617;esel-esb:eli/cz/sb/2006/21/0000-00-00/dokument/poznamkypodcarou/ppc_5;44617;2006/21;2004/500;2006/21;21/2006 Sb.
esel-esb:eli/cz/sb/2006/21/2024-01-01/dokument/poznamkypodcarou/ppc_5;56255974;esel-esb:eli/cz/sb/2006/21/2024-01-01/dokument/poznamkypodcarou;pozn. 5;NA;5;NA;/6/5/;esel-esb:právní-akt-fragment/6967347;6967347;6967347;PPC;5) § 69 odst. 4 zákona č. 500/2004 Sb.;notes;"<a data-odkaz-id=""16155435"" href=""#""  class=""ext_odkaz"">zákona č. 500/2004 Sb.</a>";zákona č. 500/2004 Sb.;16155435;ext_odkaz;NA;NA;NA;NA;esel-esb:právní-akt-odkaz/16155435;zákona č. 500/2004 Sb.;JINYPRED;124665;esel-esb:eli/cz/sb/2004/500/2006-01-01/dokument;44617;esel-esb:eli/cz/sb/2006/21/0000-00-00/dokument/poznamkypodcarou/ppc_5;44617;2006/21;2004/500;2006/21;21/2006 Sb.
esel-esb:eli/cz/sb/2006/21/2024-01-01/dokument/poznamkypodcarou/ppc_6;56255975;esel-esb:eli/cz/sb/2006/21/2024-01-01/dokument/poznamkypodcarou;pozn. 6;NA;6;NA;/6/6/;esel-esb:právní-akt-fragment/6967349;6967349;6967349;PPC;6) Zákon č. 36/1967 Sb., o znalcích a tlumočnících.;notes;"<a data-odkaz-id=""16155459"" href=""#""  class=""ext_odkaz"">Zákon č. 36/1967 Sb., o znalcích a tlumočnících</a>";Zákon č. 36/1967 Sb., o znalcích a tlumočnících;16155459;ext_odkaz;NA;NA;NA;NA;esel-esb:právní-akt-odkaz/16155459;Zákon č. 36/1967 Sb.;JINYPRED;76177;esel-esb:eli/cz/sb/1967/36/1967-07-01/dokument;44617;esel-esb:eli/cz/sb/2006/21/0000-00-00/dokument/poznamkypodcarou/ppc_6;44617;2006/21;1967/36;2006/21;21/2006 Sb.
esel-esb:eli/cz/sb/2006/21/2024-01-01/dokument/poznamkypodcarou/ppc_7;56255976;esel-esb:eli/cz/sb/2006/21/2024-01-01/dokument/poznamkypodcarou;pozn. 7;NA;7;NA;/6/7/;esel-esb:právní-akt-fragment/6967351;6967351;6967351;PPC;7) § 1 odst. 1 písm. r) vyhlášky č. 512/2002 Sb., o zvláštní odborné způsobilosti úředníků územních samosprávných celků.;notes;"<a data-odkaz-id=""16155483"" href=""#""  class=""ext_odkaz"">§ 1 odst. 1 písm. r)</a>";§ 1 odst. 1 písm. r);16155483;ext_odkaz;NA;NA;NA;NA;esel-esb:právní-akt-odkaz/16155483;§ 1 odst. 1 písm. r);JINEUSTAN;118971;esel-esb:eli/cz/sb/2002/512/2003-01-01/dokument/norma/par_1/odst_1/pism_r;44617;esel-esb:eli/cz/sb/2006/21/0000-00-00/dokument/poznamkypodcarou/ppc_7;44617;2006/21;2002/512;2006/21;21/2006 Sb.
esel-esb:eli/cz/sb/2006/21/2024-01-01/dokument/poznamkypodcarou/ppc_7;56255976;esel-esb:eli/cz/sb/2006/21/2024-01-01/dokument/poznamkypodcarou;pozn. 7;NA;7;NA;/6/7/;esel-esb:právní-akt-fragment/6967351;6967351;6967351;PPC;7) § 1 odst. 1 písm. r) vyhlášky č. 512/2002 Sb., o zvláštní odborné způsobilosti úředníků územních samosprávných celků.;notes;"<a data-odkaz-id=""16155507"" href=""#""  class=""ext_odkaz"">vyhlášky č. 512/2002 Sb., o zvláštní odborné způsobilosti úředníků územních samosprávných celků</a>";vyhlášky č. 512/2002 Sb., o zvláštní odborné způsobilosti úředníků územních samosprávných celků;16155507;ext_odkaz;NA;NA;NA;NA;esel-esb:právní-akt-odkaz/16155507;vyhlášky č. 512/2002 Sb.;JINYPRED;118971;esel-esb:eli/cz/sb/2002/512/2003-01-01/dokument;44617;esel-esb:eli/cz/sb/2006/21/0000-00-00/dokument/poznamkypodcarou/ppc_7;44617;2006/21;2002/512;2006/21;21/2006 Sb.
esel-esb:eli/cz/sb/2006/21/2024-01-01/dokument/poznamkypodcarou/ppc_8;56255977;esel-esb:eli/cz/sb/2006/21/2024-01-01/dokument/poznamkypodcarou;pozn. 8;NA;8;NA;/6/8/;esel-esb:právní-akt-fragment/6967353;6967353;6967353;PPC;8) § 9 zákona č. 301/2000 Sb., o matrikách, jménu a příjmení a o změně některých souvisejících zákonů, ve znění pozdějších předpisů.;notes;"<a data-odkaz-id=""16155531"" href=""#""  class=""ext_odkaz"">§ 9</a>";§ 9;16155531;ext_odkaz;NA;NA;NA;NA;esel-esb:právní-akt-odkaz/16155531;§ 9;JINEUSTAN;111619;esel-esb:eli/cz/sb/2000/301/2006-01-01/dokument/norma/cast_1/hlava_1/dil_1/par_9;44617;esel-esb:eli/cz/sb/2006/21/0000-00-00/dokument/poznamkypodcarou/ppc_8;44617;2006/21;2000/301;2006/21;21/2006 Sb.
esel-esb:eli/cz/sb/2006/21/2024-01-01/dokument/poznamkypodcarou/ppc_8;56255977;esel-esb:eli/cz/sb/2006/21/2024-01-01/dokument/poznamkypodcarou;pozn. 8;NA;8;NA;/6/8/;esel-esb:právní-akt-fragment/6967353;6967353;6967353;PPC;8) § 9 zákona č. 301/2000 Sb., o matrikách, jménu a příjmení a o změně některých souvisejících zákonů, ve znění pozdějších předpisů.;notes;"<a data-odkaz-id=""16155555"" href=""#""  class=""ext_odkaz"">zákona č. 301/2000 Sb., o matrikách, jménu a příjmení a o změně některých souvisejících zákonů</a>";zákona č. 301/2000 Sb., o matrikách, jménu a příjmení a o změně některých souvisejících zákonů;16155555;ext_odkaz;NA;NA;NA;NA;esel-esb:právní-akt-odkaz/16155555;zákona č. 301/2000 Sb.;JINYPRED;111619;esel-esb:eli/cz/sb/2000/301/2006-01-01/dokument;44617;esel-esb:eli/cz/sb/2006/21/0000-00-00/dokument/poznamkypodcarou/ppc_8;44617;2006/21;2000/301;2006/21;21/2006 Sb.
esel-esb:eli/cz/sb/2006/21/2024-01-01/dokument/poznamkypodcarou/ppc_9;56255978;esel-esb:eli/cz/sb/2006/21/2024-01-01/dokument/poznamkypodcarou;pozn. 9;NA;9;NA;/6/9/;esel-esb:právní-akt-fragment/6967355;6967355;6967355;PPC;9) Zákon č. 328/1999 Sb., o občanských průkazech, ve znění pozdějších předpisů.;notes;"<a data-odkaz-id=""16155579"" href=""#""  class=""ext_odkaz"">Zákon č. 328/1999 Sb., o občanských průkazech</a>";Zákon č. 328/1999 Sb., o občanských průkazech;16155579;ext_odkaz;NA;NA;NA;NA;esel-esb:právní-akt-odkaz/16155579;Zákon č. 328/1999 Sb.;JINYPRED;108239;esel-esb:eli/cz/sb/1999/328/2006-01-26/dokument;44617;esel-esb:eli/cz/sb/2006/21/0000-00-00/dokument/poznamkypodcarou/ppc_9;44617;2006/21;1999/328;2006/21;21/2006 Sb.
esel-esb:eli/cz/sb/2006/21/2024-01-01/dokument/poznamkypodcarou/ppc_14;56255981;esel-esb:eli/cz/sb/2006/21/2024-01-01/dokument/poznamkypodcarou;pozn. 14;NA;14;NA;/6/12/;esel-esb:právní-akt-fragment/6967367;6967367;6967367;PPC;14) § 33 a 34 zákona č. 312/2002 Sb.;notes;"<a data-odkaz-id=""16155731"" href=""#""  class=""ext_odkaz"">§ 33</a>";§ 33;16155731;ext_odkaz;NA;NA;NA;NA;esel-esb:právní-akt-odkaz/16155731;§ 33;JINEUSTAN;118059;esel-esb:eli/cz/sb/2002/312/2004-03-01/dokument/norma/cast_1/hlava_4/par_33;44617;esel-esb:eli/cz/sb/2006/21/0000-00-00/dokument/poznamkypodcarou/ppc_14;44617;2006/21;2002/312;2006/21;21/2006 Sb.
esel-esb:eli/cz/sb/2006/21/2024-01-01/dokument/poznamkypodcarou/ppc_14;56255981;esel-esb:eli/cz/sb/2006/21/2024-01-01/dokument/poznamkypodcarou;pozn. 14;NA;14;NA;/6/12/;esel-esb:právní-akt-fragment/6967367;6967367;6967367;PPC;14) § 33 a 34 zákona č. 312/2002 Sb.;notes;"<a data-odkaz-id=""16155755"" href=""#""  class=""ext_odkaz"">34</a>";34;16155755;ext_odkaz;NA;NA;NA;NA;esel-esb:právní-akt-odkaz/16155755;34;JINEUSTAN;118059;esel-esb:eli/cz/sb/2002/312/2004-03-01/dokument/norma/cast_1/hlava_4/par_34;44617;esel-esb:eli/cz/sb/2006/21/0000-00-00/dokument/poznamkypodcarou/ppc_14;44617;2006/21;2002/312;2006/21;21/2006 Sb.
esel-esb:eli/cz/sb/2006/21/2024-01-01/dokument/poznamkypodcarou/ppc_14;56255981;esel-esb:eli/cz/sb/2006/21/2024-01-01/dokument/poznamkypodcarou;pozn. 14;NA;14;NA;/6/12/;esel-esb:právní-akt-fragment/6967367;6967367;6967367;PPC;14) § 33 a 34 zákona č. 312/2002 Sb.;notes;"<a data-odkaz-id=""16155779"" href=""#""  class=""ext_odkaz"">zákona č. 312/2002 Sb.</a>";zákona č. 312/2002 Sb.;16155779;ext_odkaz;NA;NA;NA;NA;esel-esb:právní-akt-odkaz/16155779;zákona č. 312/2002 Sb.;JINYPRED;118059;esel-esb:eli/cz/sb/2002/312/2004-03-01/dokument;44617;esel-esb:eli/cz/sb/2006/21/0000-00-00/dokument/poznamkypodcarou/ppc_14;44617;2006/21;2002/312;2006/21;21/2006 Sb.
esel-esb:eli/cz/sb/2006/21/2024-01-01/dokument/poznamkypodcarou/ppc_15;56255982;esel-esb:eli/cz/sb/2006/21/2024-01-01/dokument/poznamkypodcarou;pozn. 15;NA;15;NA;/6/13/;esel-esb:právní-akt-fragment/6967491;6967491;6967491;PPC;15) § 22 zákona č. 300/2008 Sb., o elektronických úkonech a autorizované konverzi dokumentů.;notes;"<a data-odkaz-id=""16249853"" href=""#""  class=""ext_odkaz"">§ 22</a>";§ 22;16249853;ext_odkaz;NA;NA;NA;NA;esel-esb:právní-akt-odkaz/16249853;§ 22;JINEUSTAN;134779;esel-esb:eli/cz/sb/2008/300/2012-07-01/dokument/norma/par_22;128713;esel-esb:eli/cz/sb/2006/21/2012-07-01/dokument/poznamkypodcarou/ppc_15;128713;2006/21;2008/300;2006/21;21/2006 Sb.
esel-esb:eli/cz/sb/2006/21/2024-01-01/dokument/poznamkypodcarou/ppc_15;56255982;esel-esb:eli/cz/sb/2006/21/2024-01-01/dokument/poznamkypodcarou;pozn. 15;NA;15;NA;/6/13/;esel-esb:právní-akt-fragment/6967491;6967491;6967491;PPC;15) § 22 zákona č. 300/2008 Sb., o elektronických úkonech a autorizované konverzi dokumentů.;notes;"<a data-odkaz-id=""16249865"" href=""#""  class=""ext_odkaz"">zákona č. 300/2008 Sb., o elektronických úkonech a autorizované konverzi dokumentů</a>";zákona č. 300/2008 Sb., o elektronických úkonech a autorizované konverzi dokumentů;16249865;ext_odkaz;NA;NA;NA;NA;esel-esb:právní-akt-odkaz/16249865;zákona č. 300/2008 Sb.;JINYPRED;134779;esel-esb:eli/cz/sb/2008/300/2012-07-01/dokument;128713;esel-esb:eli/cz/sb/2006/21/2012-07-01/dokument/poznamkypodcarou/ppc_15;128713;2006/21;2008/300;2006/21;21/2006 Sb.
esel-esb:eli/cz/sb/2006/21/2024-01-01/dokument/poznamkypodcarou/ppc_18;56255984;esel-esb:eli/cz/sb/2006/21/2024-01-01/dokument/poznamkypodcarou;pozn. 18;NA;18;NA;/6/15/;esel-esb:právní-akt-fragment/6967585;6967585;6967585;PPC;18) § 180b zákona č. 326/1999 Sb., ve znění pozdějších předpisů.;notes;"<a data-odkaz-id=""16250041"" href=""#""  class=""ext_odkaz"">§ 180b</a>";§ 180b;16250041;ext_odkaz;NA;NA;NA;NA;esel-esb:právní-akt-odkaz/16250041;§ 180b;JINEUSTAN;108197;esel-esb:eli/cz/sb/1999/326/2019-09-01/dokument/norma/cast_1/hlava_18/par_180b;128717;esel-esb:eli/cz/sb/2006/21/2019-11-21/dokument/poznamkypodcarou/ppc_18;128717;2006/21;1999/326;2006/21;21/2006 Sb.
esel-esb:eli/cz/sb/2006/21/2024-01-01/dokument/poznamkypodcarou/ppc_18;56255984;esel-esb:eli/cz/sb/2006/21/2024-01-01/dokument/poznamkypodcarou;pozn. 18;NA;18;NA;/6/15/;esel-esb:právní-akt-fragment/6967585;6967585;6967585;PPC;18) § 180b zákona č. 326/1999 Sb., ve znění pozdějších předpisů.;notes;"<a data-odkaz-id=""16250049"" href=""#""  class=""ext_odkaz"">zákona č. 326/1999 Sb.</a>";zákona č. 326/1999 Sb.;16250049;ext_odkaz;NA;NA;NA;NA;esel-esb:právní-akt-odkaz/16250049;zákona č. 326/1999 Sb.;JINYPRED;108197;esel-esb:eli/cz/sb/1999/326/2019-09-01/dokument;128717;esel-esb:eli/cz/sb/2006/21/2019-11-21/dokument/poznamkypodcarou/ppc_18;128717;2006/21;1999/326;2006/21;21/2006 Sb.
esel-esb:eli/cz/sb/2006/21/2024-01-01/dokument/poznamkypodcarou/ppc_20;56255986;esel-esb:eli/cz/sb/2006/21/2024-01-01/dokument/poznamkypodcarou;pozn. 20;NA;20;NA;/6/17/;esel-esb:právní-akt-fragment/6967621;6967621;6967621;PPC;20) § 8a odst. 2 písm. d) zákona č. 365/2000 Sb., o informačních systémech veřejné správy a o změně některých dalších zákonů.;notes;"<a data-odkaz-id=""16250109"" href=""#""  class=""ext_odkaz"">§ 8a odst. 2 písm. d)</a>";§ 8a odst. 2 písm. d);16250109;ext_odkaz;NA;NA;NA;NA;esel-esb:právní-akt-odkaz/16250109;§ 8a odst. 2 písm. d);JINEUSTAN;112139;esel-esb:eli/cz/sb/2000/365/2022-02-01/dokument/norma/cast_1/hlava_9/par_8a/odst_2/pism_d;128723;esel-esb:eli/cz/sb/2006/21/2022-07-01/dokument/poznamkypodcarou/ppc_20;128723;2006/21;2000/365;2006/21;21/2006 Sb.
esel-esb:eli/cz/sb/2006/21/2024-01-01/dokument/poznamkypodcarou/ppc_20;56255986;esel-esb:eli/cz/sb/2006/21/2024-01-01/dokument/poznamkypodcarou;pozn. 20;NA;20;NA;/6/17/;esel-esb:právní-akt-fragment/6967621;6967621;6967621;PPC;20) § 8a odst. 2 písm. d) zákona č. 365/2000 Sb., o informačních systémech veřejné správy a o změně některých dalších zákonů.;notes;"<a data-odkaz-id=""16250111"" href=""#""  class=""ext_odkaz"">zákona č. 365/2000 Sb., o informačních systémech veřejné správy a o změně některých dalších zákonů</a>";zákona č. 365/2000 Sb., o informačních systémech veřejné správy a o změně některých dalších zákonů;16250111;ext_odkaz;NA;NA;NA;NA;esel-esb:právní-akt-odkaz/16250111;zákona č. 365/2000 Sb.;JINYPRED;112139;esel-esb:eli/cz/sb/2000/365/2022-02-01/dokument;128723;esel-esb:eli/cz/sb/2006/21/2022-07-01/dokument/poznamkypodcarou/ppc_20;128723;2006/21;2000/365;2006/21;21/2006 Sb.
