fragment.iri;fragment.id;fragment.předek.iri;fragment.citace;fragment.citace.text;fragment.označení.uzlu;fragment.označení.uzlu.text;fragment.hierarchie;akt.fragment.iri;akt.fragment.id;fragment.base.id;typ.fragmentu;fragment.text_clean;source;tag;tag_clean;odkaz.id;class;data_eurlex;data_celexid;data_cellarid;data_orig_href;odkaz.iri;odkaz.citace.cíl;typ.vazba.odkazu;cíl.dokument.id;fragment.cíl.iri;fragment.cíl.dokument.id;fragment.zdroj.iri;fragment.zdroj.dokument.id;iri_z;iri_c;iri_v;akt.citace
esel-esb:eli/cz/sb/2020/210/2020-04-27/dokument/norma/par_1/odst_1;23189871;esel-esb:eli/cz/sb/2020/210/2020-04-27/dokument/norma/par_1;§ 1 odst. 1;NA;1;NA;/2/1/1/;esel-esb:právní-akt-fragment/10541395;10541395;10541395;Odstavec_Dc;(1) Nouzovým stavem se pro účely tohoto zákona rozumí nouzový stav vyhlášený v souladu s čl. 5 a 6 ústavního zákona o bezpečnosti České republiky vládou České republiky v roce 2020 z důvodu ohrožení zdraví v souvislosti s prokázáním výskytu nového koronaviru /označovaný jako SARS CoV-2/ na území České republiky.;norms;"<a data-odkaz-id=""21917281"" href=""#""  class=""ext_odkaz"">čl. 5</a>";čl. 5;21917281;ext_odkaz;NA;NA;NA;NA;esel-esb:právní-akt-odkaz/21917281;čl. 5;JINEUSTAN;105613;esel-esb:eli/cz/sb/1998/110/2000-12-01/dokument/norma/cl_5;60215;esel-esb:eli/cz/sb/2020/210/0000-00-00/dokument/norma/par_1/odst_1;60215;2020/210;1998/110;2020/210;210/2020 Sb.
esel-esb:eli/cz/sb/2020/210/2020-04-27/dokument/norma/par_1/odst_1;23189871;esel-esb:eli/cz/sb/2020/210/2020-04-27/dokument/norma/par_1;§ 1 odst. 1;NA;1;NA;/2/1/1/;esel-esb:právní-akt-fragment/10541395;10541395;10541395;Odstavec_Dc;(1) Nouzovým stavem se pro účely tohoto zákona rozumí nouzový stav vyhlášený v souladu s čl. 5 a 6 ústavního zákona o bezpečnosti České republiky vládou České republiky v roce 2020 z důvodu ohrožení zdraví v souvislosti s prokázáním výskytu nového koronaviru /označovaný jako SARS CoV-2/ na území České republiky.;norms;"<a data-odkaz-id=""21917285"" href=""#""  class=""ext_odkaz"">6</a>";6;21917285;ext_odkaz;NA;NA;NA;NA;esel-esb:právní-akt-odkaz/21917285;6;JINEUSTAN;105613;esel-esb:eli/cz/sb/1998/110/2000-12-01/dokument/norma/cl_6;60215;esel-esb:eli/cz/sb/2020/210/0000-00-00/dokument/norma/par_1/odst_1;60215;2020/210;1998/110;2020/210;210/2020 Sb.
esel-esb:eli/cz/sb/2020/210/2020-04-27/dokument/norma/par_1/odst_1;23189871;esel-esb:eli/cz/sb/2020/210/2020-04-27/dokument/norma/par_1;§ 1 odst. 1;NA;1;NA;/2/1/1/;esel-esb:právní-akt-fragment/10541395;10541395;10541395;Odstavec_Dc;(1) Nouzovým stavem se pro účely tohoto zákona rozumí nouzový stav vyhlášený v souladu s čl. 5 a 6 ústavního zákona o bezpečnosti České republiky vládou České republiky v roce 2020 z důvodu ohrožení zdraví v souvislosti s prokázáním výskytu nového koronaviru /označovaný jako SARS CoV-2/ na území České republiky.;norms;"<a data-odkaz-id=""21917289"" href=""#""  class=""ext_odkaz"">o bezpečnosti České republiky</a>";o bezpečnosti České republiky;21917289;ext_odkaz;NA;NA;NA;NA;esel-esb:právní-akt-odkaz/21917289;o bezpečnosti České republiky;JINYPRED;105613;esel-esb:eli/cz/sb/1998/110/2000-12-01/dokument;60215;esel-esb:eli/cz/sb/2020/210/0000-00-00/dokument/norma/par_1/odst_1;60215;2020/210;1998/110;2020/210;210/2020 Sb.
esel-esb:eli/cz/sb/2020/210/2020-04-27/dokument/norma/par_1/odst_2/pism_a;23189873;esel-esb:eli/cz/sb/2020/210/2020-04-27/dokument/norma/par_1/odst_2;§ 1 odst. 2 písm. a);NA;a;NA;/2/1/2/1/;esel-esb:právní-akt-fragment/10541399;10541399;10541399;Pismeno_Lb;a) krizové opatření podle § 2 písm. c) krizového zákona přijaté vládou České republiky v době nouzového stavu,;norms;"<a data-odkaz-id=""21917293"" href=""#""  class=""ext_odkaz"">§ 2 písm. c)</a>";§ 2 písm. c);21917293;ext_odkaz;NA;NA;NA;NA;esel-esb:právní-akt-odkaz/21917293;§ 2 písm. c);JINEUSTAN;110871;esel-esb:eli/cz/sb/2000/240/2001-01-01/dokument/norma/cast_1/hlava_1/par_2/pism_e;60215;esel-esb:eli/cz/sb/2020/210/0000-00-00/dokument/norma/par_1/odst_2/pism_a;60215;2020/210;2000/240;2020/210;210/2020 Sb.
esel-esb:eli/cz/sb/2020/210/2020-04-27/dokument/norma/par_1/odst_2/pism_a;23189873;esel-esb:eli/cz/sb/2020/210/2020-04-27/dokument/norma/par_1/odst_2;§ 1 odst. 2 písm. a);NA;a;NA;/2/1/2/1/;esel-esb:právní-akt-fragment/10541399;10541399;10541399;Pismeno_Lb;a) krizové opatření podle § 2 písm. c) krizového zákona přijaté vládou České republiky v době nouzového stavu,;norms;"<a data-odkaz-id=""21917297"" href=""#""  class=""ext_odkaz"">krizového zákona</a>";krizového zákona;21917297;ext_odkaz;NA;NA;NA;NA;esel-esb:právní-akt-odkaz/21917297;krizového zákona;JINYPRED;110901;esel-esb:eli/cz/sb/2000/240/2017-08-01/dokument;60215;esel-esb:eli/cz/sb/2020/210/0000-00-00/dokument/norma/par_1/odst_2/pism_a;60215;2020/210;2000/240;2020/210;210/2020 Sb.
esel-esb:eli/cz/sb/2020/210/2020-04-27/dokument/norma/par_1/odst_2/pism_b;23189874;esel-esb:eli/cz/sb/2020/210/2020-04-27/dokument/norma/par_1/odst_2;§ 1 odst. 2 písm. b);NA;b;NA;/2/1/2/2/;esel-esb:právní-akt-fragment/10541401;10541401;10541401;Pismeno_Lb;b) mimořádné opatření vydané v roce 2020 Ministerstvem zdravotnictví na základě § 69 odst. 1 písm. b), § 69 odst. 2 a § 80 odst. 1 písm. g) zákona o ochraně veřejného zdraví k ochraně obyvatelstva a prevenci nebezpečí vzniku a rozšíření onemocnění COVID-19 způsobené novým koronavirem SARS CoV-2,;norms;"<a data-odkaz-id=""21917301"" href=""#""  class=""ext_odkaz"">§ 69 odst. 1 písm. b)</a>";§ 69 odst. 1 písm. b);21917301;ext_odkaz;NA;NA;NA;NA;esel-esb:právní-akt-odkaz/21917301;§ 69 odst. 1 písm. b);JINEUSTAN;111325;esel-esb:eli/cz/sb/2000/258/2003-01-01/dokument/norma/cast_1/hlava_3/dil_3/par_69/odst_1/pism_b;60215;esel-esb:eli/cz/sb/2020/210/0000-00-00/dokument/norma/par_1/odst_2/pism_b;60215;2020/210;2000/258;2020/210;210/2020 Sb.
esel-esb:eli/cz/sb/2020/210/2020-04-27/dokument/norma/par_1/odst_2/pism_b;23189874;esel-esb:eli/cz/sb/2020/210/2020-04-27/dokument/norma/par_1/odst_2;§ 1 odst. 2 písm. b);NA;b;NA;/2/1/2/2/;esel-esb:právní-akt-fragment/10541401;10541401;10541401;Pismeno_Lb;b) mimořádné opatření vydané v roce 2020 Ministerstvem zdravotnictví na základě § 69 odst. 1 písm. b), § 69 odst. 2 a § 80 odst. 1 písm. g) zákona o ochraně veřejného zdraví k ochraně obyvatelstva a prevenci nebezpečí vzniku a rozšíření onemocnění COVID-19 způsobené novým koronavirem SARS CoV-2,;norms;"<a data-odkaz-id=""21917305"" href=""#""  class=""ext_odkaz"">§ 69 odst. 2</a>";§ 69 odst. 2;21917305;ext_odkaz;NA;NA;NA;NA;esel-esb:právní-akt-odkaz/21917305;§ 69 odst. 2;JINEUSTAN;111399;esel-esb:eli/cz/sb/2000/258/2015-09-01/dokument/norma/cast_1/hlava_3/dil_3/par_69/odst_2;60215;esel-esb:eli/cz/sb/2020/210/0000-00-00/dokument/norma/par_1/odst_2/pism_b;60215;2020/210;2000/258;2020/210;210/2020 Sb.
esel-esb:eli/cz/sb/2020/210/2020-04-27/dokument/norma/par_1/odst_2/pism_b;23189874;esel-esb:eli/cz/sb/2020/210/2020-04-27/dokument/norma/par_1/odst_2;§ 1 odst. 2 písm. b);NA;b;NA;/2/1/2/2/;esel-esb:právní-akt-fragment/10541401;10541401;10541401;Pismeno_Lb;b) mimořádné opatření vydané v roce 2020 Ministerstvem zdravotnictví na základě § 69 odst. 1 písm. b), § 69 odst. 2 a § 80 odst. 1 písm. g) zákona o ochraně veřejného zdraví k ochraně obyvatelstva a prevenci nebezpečí vzniku a rozšíření onemocnění COVID-19 způsobené novým koronavirem SARS CoV-2,;norms;"<a data-odkaz-id=""21917309"" href=""#""  class=""ext_odkaz"">§ 80 odst. 1 písm. g)</a>";§ 80 odst. 1 písm. g);21917309;ext_odkaz;NA;NA;NA;NA;esel-esb:právní-akt-odkaz/21917309;§ 80 odst. 1 písm. g);JINEUSTAN;111323;esel-esb:eli/cz/sb/2000/258/2002-07-01/dokument/norma/cast_1/hlava_5/dil_1/oddil_1/par_80/odst_1/pism_h;60215;esel-esb:eli/cz/sb/2020/210/0000-00-00/dokument/norma/par_1/odst_2/pism_b;60215;2020/210;2000/258;2020/210;210/2020 Sb.
esel-esb:eli/cz/sb/2020/210/2020-04-27/dokument/norma/par_1/odst_2/pism_b;23189874;esel-esb:eli/cz/sb/2020/210/2020-04-27/dokument/norma/par_1/odst_2;§ 1 odst. 2 písm. b);NA;b;NA;/2/1/2/2/;esel-esb:právní-akt-fragment/10541401;10541401;10541401;Pismeno_Lb;b) mimořádné opatření vydané v roce 2020 Ministerstvem zdravotnictví na základě § 69 odst. 1 písm. b), § 69 odst. 2 a § 80 odst. 1 písm. g) zákona o ochraně veřejného zdraví k ochraně obyvatelstva a prevenci nebezpečí vzniku a rozšíření onemocnění COVID-19 způsobené novým koronavirem SARS CoV-2,;norms;"<a data-odkaz-id=""21917313"" href=""#""  class=""ext_odkaz"">zákona o ochraně veřejného zdraví</a>";zákona o ochraně veřejného zdraví;21917313;ext_odkaz;NA;NA;NA;NA;esel-esb:právní-akt-odkaz/21917313;zákona o ochraně veřejného zdraví;JINYPRED;111417;esel-esb:eli/cz/sb/2000/258/2020-04-27/dokument;60215;esel-esb:eli/cz/sb/2020/210/0000-00-00/dokument/norma/par_1/odst_2/pism_b;60215;2020/210;2000/258;2020/210;210/2020 Sb.
esel-esb:eli/cz/sb/2020/210/2020-04-27/dokument/norma/par_1/odst_2/pism_c;23189875;esel-esb:eli/cz/sb/2020/210/2020-04-27/dokument/norma/par_1/odst_2;§ 1 odst. 2 písm. c);NA;c;NA;/2/1/2/3/;esel-esb:právní-akt-fragment/10541403;10541403;10541403;Pismeno_Lb;c) mimořádné opatření vydané v roce 2020 krajskou hygienickou stanicí na základě § 69 odst. 1 písm. b), § 69 odst. 2, § 82 odst. 1 a § 82 odst. 2 písm. m) zákona o ochraně veřejného zdraví k zamezení dalšího šíření onemocnění COVID-19 způsobené novým koronavirem SARS CoV-2.;norms;"<a data-odkaz-id=""21917317"" href=""#""  class=""ext_odkaz"">§ 69 odst. 1 písm. b)</a>";§ 69 odst. 1 písm. b);21917317;ext_odkaz;NA;NA;NA;NA;esel-esb:právní-akt-odkaz/21917317;§ 69 odst. 1 písm. b);JINEUSTAN;111325;esel-esb:eli/cz/sb/2000/258/2003-01-01/dokument/norma/cast_1/hlava_3/dil_3/par_69/odst_1/pism_b;60215;esel-esb:eli/cz/sb/2020/210/0000-00-00/dokument/norma/par_1/odst_2/pism_c;60215;2020/210;2000/258;2020/210;210/2020 Sb.
esel-esb:eli/cz/sb/2020/210/2020-04-27/dokument/norma/par_1/odst_2/pism_c;23189875;esel-esb:eli/cz/sb/2020/210/2020-04-27/dokument/norma/par_1/odst_2;§ 1 odst. 2 písm. c);NA;c;NA;/2/1/2/3/;esel-esb:právní-akt-fragment/10541403;10541403;10541403;Pismeno_Lb;c) mimořádné opatření vydané v roce 2020 krajskou hygienickou stanicí na základě § 69 odst. 1 písm. b), § 69 odst. 2, § 82 odst. 1 a § 82 odst. 2 písm. m) zákona o ochraně veřejného zdraví k zamezení dalšího šíření onemocnění COVID-19 způsobené novým koronavirem SARS CoV-2.;norms;"<a data-odkaz-id=""21917321"" href=""#""  class=""ext_odkaz"">§ 69 odst. 2</a>";§ 69 odst. 2;21917321;ext_odkaz;NA;NA;NA;NA;esel-esb:právní-akt-odkaz/21917321;§ 69 odst. 2;JINEUSTAN;111399;esel-esb:eli/cz/sb/2000/258/2015-09-01/dokument/norma/cast_1/hlava_3/dil_3/par_69/odst_2;60215;esel-esb:eli/cz/sb/2020/210/0000-00-00/dokument/norma/par_1/odst_2/pism_c;60215;2020/210;2000/258;2020/210;210/2020 Sb.
esel-esb:eli/cz/sb/2020/210/2020-04-27/dokument/norma/par_1/odst_2/pism_c;23189875;esel-esb:eli/cz/sb/2020/210/2020-04-27/dokument/norma/par_1/odst_2;§ 1 odst. 2 písm. c);NA;c;NA;/2/1/2/3/;esel-esb:právní-akt-fragment/10541403;10541403;10541403;Pismeno_Lb;c) mimořádné opatření vydané v roce 2020 krajskou hygienickou stanicí na základě § 69 odst. 1 písm. b), § 69 odst. 2, § 82 odst. 1 a § 82 odst. 2 písm. m) zákona o ochraně veřejného zdraví k zamezení dalšího šíření onemocnění COVID-19 způsobené novým koronavirem SARS CoV-2.;norms;"<a data-odkaz-id=""21917325"" href=""#""  class=""ext_odkaz"">§ 82 odst. 1</a>";§ 82 odst. 1;21917325;ext_odkaz;NA;NA;NA;NA;esel-esb:právní-akt-odkaz/21917325;§ 82 odst. 1;JINEUSTAN;111323;esel-esb:eli/cz/sb/2000/258/2002-07-01/dokument/norma/cast_1/hlava_5/dil_1/oddil_1/par_82/odst_1;60215;esel-esb:eli/cz/sb/2020/210/0000-00-00/dokument/norma/par_1/odst_2/pism_c;60215;2020/210;2000/258;2020/210;210/2020 Sb.
esel-esb:eli/cz/sb/2020/210/2020-04-27/dokument/norma/par_1/odst_2/pism_c;23189875;esel-esb:eli/cz/sb/2020/210/2020-04-27/dokument/norma/par_1/odst_2;§ 1 odst. 2 písm. c);NA;c;NA;/2/1/2/3/;esel-esb:právní-akt-fragment/10541403;10541403;10541403;Pismeno_Lb;c) mimořádné opatření vydané v roce 2020 krajskou hygienickou stanicí na základě § 69 odst. 1 písm. b), § 69 odst. 2, § 82 odst. 1 a § 82 odst. 2 písm. m) zákona o ochraně veřejného zdraví k zamezení dalšího šíření onemocnění COVID-19 způsobené novým koronavirem SARS CoV-2.;norms;"<a data-odkaz-id=""21917329"" href=""#""  class=""ext_odkaz"">§ 82 odst. 2 písm. m)</a>";§ 82 odst. 2 písm. m);21917329;ext_odkaz;NA;NA;NA;NA;esel-esb:právní-akt-odkaz/21917329;§ 82 odst. 2 písm. m);JINEUSTAN;111323;esel-esb:eli/cz/sb/2000/258/2002-07-01/dokument/norma/cast_1/hlava_5/dil_1/oddil_1/par_82/odst_3/pism_l;60215;esel-esb:eli/cz/sb/2020/210/0000-00-00/dokument/norma/par_1/odst_2/pism_c;60215;2020/210;2000/258;2020/210;210/2020 Sb.
esel-esb:eli/cz/sb/2020/210/2020-04-27/dokument/norma/par_1/odst_2/pism_c;23189875;esel-esb:eli/cz/sb/2020/210/2020-04-27/dokument/norma/par_1/odst_2;§ 1 odst. 2 písm. c);NA;c;NA;/2/1/2/3/;esel-esb:právní-akt-fragment/10541403;10541403;10541403;Pismeno_Lb;c) mimořádné opatření vydané v roce 2020 krajskou hygienickou stanicí na základě § 69 odst. 1 písm. b), § 69 odst. 2, § 82 odst. 1 a § 82 odst. 2 písm. m) zákona o ochraně veřejného zdraví k zamezení dalšího šíření onemocnění COVID-19 způsobené novým koronavirem SARS CoV-2.;norms;"<a data-odkaz-id=""21917333"" href=""#""  class=""ext_odkaz"">zákona o ochraně veřejného zdraví</a>";zákona o ochraně veřejného zdraví;21917333;ext_odkaz;NA;NA;NA;NA;esel-esb:právní-akt-odkaz/21917333;zákona o ochraně veřejného zdraví;JINYPRED;111417;esel-esb:eli/cz/sb/2000/258/2020-04-27/dokument;60215;esel-esb:eli/cz/sb/2020/210/0000-00-00/dokument/norma/par_1/odst_2/pism_c;60215;2020/210;2000/258;2020/210;210/2020 Sb.
esel-esb:eli/cz/sb/2020/210/2020-04-27/dokument/norma/par_3/odst_2;23189886;esel-esb:eli/cz/sb/2020/210/2020-04-27/dokument/norma/par_3;§ 3 odst. 2;NA;2;NA;/2/3/2/;esel-esb:právní-akt-fragment/10541425;10541425;10541425;Odstavec_Dc;(2) Ustanovením odstavce 1 není dotčeno právo ukončit nájem z jiných důvodů ani další práva pronajímatele vzniklá v důsledku prodlení nájemce.;norms;"<a data-odkaz-id=""21917337"" href=""#""  class=""int_odkaz"">odstavce 1</a>";odstavce 1;21917337;int_odkaz;NA;NA;NA;NA;esel-esb:právní-akt-odkaz/21917337;odstavce 1;INTUSTAN;60215;esel-esb:eli/cz/sb/2020/210/0000-00-00/dokument/norma/par_3/odst_1;60215;esel-esb:eli/cz/sb/2020/210/0000-00-00/dokument/norma/par_3/odst_2;60215;2020/210;2020/210;2020/210;210/2020 Sb.
esel-esb:eli/cz/sb/2020/210/2020-04-27/dokument/norma/par_3/odst_3;23189887;esel-esb:eli/cz/sb/2020/210/2020-04-27/dokument/norma/par_3;§ 3 odst. 3;NA;3;NA;/2/3/3/;esel-esb:právní-akt-fragment/10541427;10541427;10541427;Odstavec_Dc;(3) Nájemce pronajímateli předloží listiny osvědčující splnění podmínek podle odstavce 1 písm. b) do patnácti dnů ode dne, kdy nastalo první prodlení s placením nájemného podle odstavce 1.;norms;"<a data-odkaz-id=""21917341"" href=""#""  class=""int_odkaz"">odstavce 1 písm. b)</a>";odstavce 1 písm. b);21917341;int_odkaz;NA;NA;NA;NA;esel-esb:právní-akt-odkaz/21917341;odstavce 1 písm. b);INTUSTAN;60215;esel-esb:eli/cz/sb/2020/210/0000-00-00/dokument/norma/par_3/odst_1/pism_b;60215;esel-esb:eli/cz/sb/2020/210/0000-00-00/dokument/norma/par_3/odst_3;60215;2020/210;2020/210;2020/210;210/2020 Sb.
esel-esb:eli/cz/sb/2020/210/2020-04-27/dokument/norma/par_3/odst_3;23189887;esel-esb:eli/cz/sb/2020/210/2020-04-27/dokument/norma/par_3;§ 3 odst. 3;NA;3;NA;/2/3/3/;esel-esb:právní-akt-fragment/10541427;10541427;10541427;Odstavec_Dc;(3) Nájemce pronajímateli předloží listiny osvědčující splnění podmínek podle odstavce 1 písm. b) do patnácti dnů ode dne, kdy nastalo první prodlení s placením nájemného podle odstavce 1.;norms;"<a data-odkaz-id=""21917345"" href=""#""  class=""int_odkaz"">odstavce 1.</a>";odstavce 1.;21917345;int_odkaz;NA;NA;NA;NA;esel-esb:právní-akt-odkaz/21917345;odstavce 1.;INTUSTAN;60215;esel-esb:eli/cz/sb/2020/210/0000-00-00/dokument/norma/par_3/odst_1;60215;esel-esb:eli/cz/sb/2020/210/0000-00-00/dokument/norma/par_3/odst_3;60215;2020/210;2020/210;2020/210;210/2020 Sb.
esel-esb:eli/cz/sb/2020/210/2020-04-27/dokument/norma/par_4/frag_10541435;23189891;esel-esb:eli/cz/sb/2020/210/2020-04-27/dokument/norma/par_4/frag_12599767;NA;NA;NA;NA;/2/4/1/1/;esel-esb:právní-akt-fragment/10541435;10541435;10541435;Odstavec_Dc;Pronajímatel může poté, co pominuly okolnosti podle § 3 odst. 1 písm. b), nejdříve však po skončení nouzového stavu, požadovat zrušení nájmu, nelze-li po něm spravedlivě požadovat, aby omezení ve stanoveném rozsahu snášel.;norms;"<a data-odkaz-id=""21917349"" href=""#""  class=""int_odkaz"">§ 3 odst. 1 písm. b)</a>";§ 3 odst. 1 písm. b);21917349;int_odkaz;NA;NA;NA;NA;esel-esb:právní-akt-odkaz/21917349;§ 3 odst. 1 písm. b);INTUSTAN;60215;esel-esb:eli/cz/sb/2020/210/0000-00-00/dokument/norma/par_3/odst_1/pism_b;60215;esel-esb:eli/cz/sb/2020/210/0000-00-00/dokument/norma/par_4/frag_10541435;60215;2020/210;2020/210;2020/210;210/2020 Sb.
