fragment.iri;fragment.id;fragment.předek.iri;fragment.citace;fragment.citace.text;fragment.označení.uzlu;fragment.označení.uzlu.text;fragment.hierarchie;akt.fragment.iri;akt.fragment.id;fragment.base.id;typ.fragmentu;fragment.text_clean;source;tag;tag_clean;odkaz.id;class;data_eurlex;data_celexid;data_cellarid;data_orig_href;odkaz.iri;odkaz.citace.cíl;typ.vazba.odkazu;cíl.dokument.id;fragment.cíl.iri;fragment.cíl.dokument.id;fragment.zdroj.iri;fragment.zdroj.dokument.id;iri_z;iri_c;iri_v;akt.citace
esel-esb:eli/cz/sb/2000/212/2006-12-07/dokument/norma/cast_1/par_1/odst_1;10162281;esel-esb:eli/cz/sb/2000/212/2006-12-07/dokument/norma/cast_1/par_1;§ 1 odst. 1;NA;1;NA;/2/1/2/1/;esel-esb:právní-akt-fragment/4462495;4462495;4462495;Odstavec_Dc;(1) Ke zmírnění některých majetkových křivd, které v období od 29. září 1938 do 8. května 1945 utrpěly židovské obce, nadace a spolky odnětím jejich majetku v důsledku převodů nebo přechodů vlastnického práva, které byly prohlášeny za neplatné dekretem prezidenta republiky č. 5/1945 Sb. nebo zákonem č. 128/1946 Sb., převedou se bezúplatně do vlastnictví Federace židovských obcí v České republice nebo do vlastnictví židovských obcí v České republice věci ve vlastnictví státu ke dni účinnosti tohoto zákona, které před těmito převody nebo přechody prohlášenými za neplatné vlastnily židovské obce, nadace a spolky, nejde-li o;norms;"<a data-odkaz-id=""11525201"" href=""#""  class=""ext_odkaz"">dekretem prezidenta republiky č. 5/1945 Sb.</a>";dekretem prezidenta republiky č. 5/1945 Sb.;11525201;ext_odkaz;NA;NA;NA;NA;esel-esb:právní-akt-odkaz/11525201;dekretem prezidenta republiky č. 5/1945 Sb.;JINYPRED;64397;esel-esb:eli/cz/sb/1945/5/1945-05-23/dokument;36297;esel-esb:eli/cz/sb/2000/212/0000-00-00/dokument/norma/cast_1/par_1/odst_1;36297;2000/212;1945/5;2000/212;212/2000 Sb.
esel-esb:eli/cz/sb/2000/212/2006-12-07/dokument/norma/cast_1/par_1/odst_1;10162281;esel-esb:eli/cz/sb/2000/212/2006-12-07/dokument/norma/cast_1/par_1;§ 1 odst. 1;NA;1;NA;/2/1/2/1/;esel-esb:právní-akt-fragment/4462495;4462495;4462495;Odstavec_Dc;(1) Ke zmírnění některých majetkových křivd, které v období od 29. září 1938 do 8. května 1945 utrpěly židovské obce, nadace a spolky odnětím jejich majetku v důsledku převodů nebo přechodů vlastnického práva, které byly prohlášeny za neplatné dekretem prezidenta republiky č. 5/1945 Sb. nebo zákonem č. 128/1946 Sb., převedou se bezúplatně do vlastnictví Federace židovských obcí v České republice nebo do vlastnictví židovských obcí v České republice věci ve vlastnictví státu ke dni účinnosti tohoto zákona, které před těmito převody nebo přechody prohlášenými za neplatné vlastnily židovské obce, nadace a spolky, nejde-li o;norms;"<a data-odkaz-id=""11525211"" href=""#""  class=""ext_odkaz"">zákonem č. 128/1946 Sb.</a>";zákonem č. 128/1946 Sb.;11525211;ext_odkaz;NA;NA;NA;NA;esel-esb:právní-akt-odkaz/11525211;zákonem č. 128/1946 Sb.;JINYPRED;64939;esel-esb:eli/cz/sb/1946/128/1948-04-28/dokument;36297;esel-esb:eli/cz/sb/2000/212/0000-00-00/dokument/norma/cast_1/par_1/odst_1;36297;2000/212;1946/128;2000/212;212/2000 Sb.
esel-esb:eli/cz/sb/2000/212/2006-12-07/dokument/norma/cast_1/par_1/odst_1/pism_d;10162285;esel-esb:eli/cz/sb/2000/212/2006-12-07/dokument/norma/cast_1/par_1/odst_1;§ 1 odst. 1 písm. d);NA;d;NA;/2/1/2/1/4/;esel-esb:právní-akt-fragment/4462503;4462503;4462503;Pismeno_Lb;d) pozemek, který je zastavěn stavbou, na kterou se vztahuje ustanovení písmene b), nebo s ní tvoří jeden funkční celek.;norms;"<a data-odkaz-id=""11525221"" href=""#""  class=""int_odkaz"">písmene b)</a>";písmene b);11525221;int_odkaz;NA;NA;NA;NA;esel-esb:právní-akt-odkaz/11525221;písmene b);INTUSTAN;36297;esel-esb:eli/cz/sb/2000/212/0000-00-00/dokument/norma/cast_1/par_1/odst_1/pism_b;36297;esel-esb:eli/cz/sb/2000/212/0000-00-00/dokument/norma/cast_1/par_1/odst_1/pism_d;36297;2000/212;2000/212;2000/212;212/2000 Sb.
esel-esb:eli/cz/sb/2000/212/2006-12-07/dokument/norma/cast_1/par_1/odst_2;10162286;esel-esb:eli/cz/sb/2000/212/2006-12-07/dokument/norma/cast_1/par_1;§ 1 odst. 2;NA;2;NA;/2/1/2/2/;esel-esb:právní-akt-fragment/4462505;4462505;4462505;Odstavec_Dc;(2) Věci ve vlastnictví státu uvedené v příloze k tomuto zákonu se převedou bezúplatně do vlastnictví Židovského muzea v Praze do 30 dnů ode dne nabytí účinnosti tohoto zákona.;norms;"<a data-odkaz-id=""11525231"" href=""#""  class=""int_odkaz"">příloze</a>";příloze;11525231;int_odkaz;NA;NA;NA;NA;esel-esb:právní-akt-odkaz/11525231;příloze;INTUSTAN;36297;esel-esb:eli/cz/sb/2000/212/0000-00-00/dokument/prilohy/priloha_0;36297;esel-esb:eli/cz/sb/2000/212/0000-00-00/dokument/norma/cast_1/par_1/odst_2;36297;2000/212;2000/212;2000/212;212/2000 Sb.
esel-esb:eli/cz/sb/2000/212/2006-12-07/dokument/norma/cast_1/par_2/odst_1;10162288;esel-esb:eli/cz/sb/2000/212/2006-12-07/dokument/norma/cast_1/par_2;§ 2 odst. 1;NA;1;NA;/2/1/3/1/;esel-esb:právní-akt-fragment/4462509;4462509;4462509;Odstavec_Dc;(1) Federace židovských obcí v České republice do 30. června 2002 předloží vládě seznam věcí podle § 1 odst. 1, ve kterém určí, komu mají být předmětné věci bezúplatně převedeny.;norms;"<a data-odkaz-id=""11525241"" href=""#""  class=""int_odkaz"">§ 1 odst. 1</a>";§ 1 odst. 1;11525241;int_odkaz;NA;NA;NA;NA;esel-esb:právní-akt-odkaz/11525241;§ 1 odst. 1;INTUSTAN;36297;esel-esb:eli/cz/sb/2000/212/0000-00-00/dokument/norma/cast_1/par_1/odst_1;36297;esel-esb:eli/cz/sb/2000/212/0000-00-00/dokument/norma/cast_1/par_2/odst_1;36297;2000/212;2000/212;2000/212;212/2000 Sb.
esel-esb:eli/cz/sb/2000/212/2006-12-07/dokument/norma/cast_1/par_2/odst_2;10162289;esel-esb:eli/cz/sb/2000/212/2006-12-07/dokument/norma/cast_1/par_2;§ 2 odst. 2;NA;2;NA;/2/1/3/2/;esel-esb:právní-akt-fragment/4462511;4462511;4462511;Odstavec_Dc;(2) Vláda nařízením určí věci uvedené v § 1, které budou bezúplatně převedeny podle odstavce 1, a stanoví postup při jejich převodu.;norms;"<a data-odkaz-id=""11525251"" href=""#""  class=""int_odkaz"">§ 1</a>";§ 1;11525251;int_odkaz;NA;NA;NA;NA;esel-esb:právní-akt-odkaz/11525251;§ 1;INTUSTAN;36297;esel-esb:eli/cz/sb/2000/212/0000-00-00/dokument/norma/cast_1/par_1;36297;esel-esb:eli/cz/sb/2000/212/0000-00-00/dokument/norma/cast_1/par_2/odst_2;36297;2000/212;2000/212;2000/212;212/2000 Sb.
esel-esb:eli/cz/sb/2000/212/2006-12-07/dokument/norma/cast_1/par_2/odst_2;10162289;esel-esb:eli/cz/sb/2000/212/2006-12-07/dokument/norma/cast_1/par_2;§ 2 odst. 2;NA;2;NA;/2/1/3/2/;esel-esb:právní-akt-fragment/4462511;4462511;4462511;Odstavec_Dc;(2) Vláda nařízením určí věci uvedené v § 1, které budou bezúplatně převedeny podle odstavce 1, a stanoví postup při jejich převodu.;norms;"<a data-odkaz-id=""11525261"" href=""#""  class=""int_odkaz"">odstavce 1</a>";odstavce 1;11525261;int_odkaz;NA;NA;NA;NA;esel-esb:právní-akt-odkaz/11525261;odstavce 1;INTUSTAN;36297;esel-esb:eli/cz/sb/2000/212/0000-00-00/dokument/norma/cast_1/par_2/odst_1;36297;esel-esb:eli/cz/sb/2000/212/0000-00-00/dokument/norma/cast_1/par_2/odst_2;36297;2000/212;2000/212;2000/212;212/2000 Sb.
esel-esb:eli/cz/sb/2000/212/2006-12-07/dokument/norma/cast_1/par_3/odst_1;10162291;esel-esb:eli/cz/sb/2000/212/2006-12-07/dokument/norma/cast_1/par_3;§ 3 odst. 1;NA;1;NA;/2/1/4/1/;esel-esb:právní-akt-fragment/4462515;4462515;4462515;Odstavec_Dc;(1) Umělecká díla, která byla v období od 29. září 1938 do 4. května 1945 odňata fyzickým osobám v důsledku převodů nebo přechodů vlastnického práva, jež byly prohlášeny za neplatné dekretem prezidenta republiky č. 5/1945 Sb. nebo zákonem č. 128/1946 Sb., a která jsou ke dni nabytí účinnosti tohoto zákona ve vlastnictví státu, převedou se bezúplatně do vlastnictví fyzické osoby, která je před odnětím vlastnila, a pokud tato osoba zemřela, převedou se do vlastnictví jejího manžela anebo do vlastnictví jejích potomků, pokud původní vlastník a jeho manžel již zemřeli.;norms;"<a data-odkaz-id=""11525271"" href=""#""  class=""ext_odkaz"">dekretem prezidenta republiky č. 5/1945 Sb.</a>";dekretem prezidenta republiky č. 5/1945 Sb.;11525271;ext_odkaz;NA;NA;NA;NA;esel-esb:právní-akt-odkaz/11525271;dekretem prezidenta republiky č. 5/1945 Sb.;JINYPRED;64397;esel-esb:eli/cz/sb/1945/5/1945-05-23/dokument;36297;esel-esb:eli/cz/sb/2000/212/0000-00-00/dokument/norma/cast_1/par_3/odst_1;36297;2000/212;1945/5;2000/212;212/2000 Sb.
esel-esb:eli/cz/sb/2000/212/2006-12-07/dokument/norma/cast_1/par_3/odst_1;10162291;esel-esb:eli/cz/sb/2000/212/2006-12-07/dokument/norma/cast_1/par_3;§ 3 odst. 1;NA;1;NA;/2/1/4/1/;esel-esb:právní-akt-fragment/4462515;4462515;4462515;Odstavec_Dc;(1) Umělecká díla, která byla v období od 29. září 1938 do 4. května 1945 odňata fyzickým osobám v důsledku převodů nebo přechodů vlastnického práva, jež byly prohlášeny za neplatné dekretem prezidenta republiky č. 5/1945 Sb. nebo zákonem č. 128/1946 Sb., a která jsou ke dni nabytí účinnosti tohoto zákona ve vlastnictví státu, převedou se bezúplatně do vlastnictví fyzické osoby, která je před odnětím vlastnila, a pokud tato osoba zemřela, převedou se do vlastnictví jejího manžela anebo do vlastnictví jejích potomků, pokud původní vlastník a jeho manžel již zemřeli.;norms;"<a data-odkaz-id=""11525281"" href=""#""  class=""ext_odkaz"">zákonem č. 128/1946 Sb.</a>";zákonem č. 128/1946 Sb.;11525281;ext_odkaz;NA;NA;NA;NA;esel-esb:právní-akt-odkaz/11525281;zákonem č. 128/1946 Sb.;JINYPRED;64939;esel-esb:eli/cz/sb/1946/128/1948-04-28/dokument;36297;esel-esb:eli/cz/sb/2000/212/0000-00-00/dokument/norma/cast_1/par_3/odst_1;36297;2000/212;1946/128;2000/212;212/2000 Sb.
esel-esb:eli/cz/sb/2000/212/2006-12-07/dokument/norma/cast_1/par_3/odst_2;10162292;esel-esb:eli/cz/sb/2000/212/2006-12-07/dokument/norma/cast_1/par_3;§ 3 odst. 2;NA;2;NA;/2/1/4/2/;esel-esb:právní-akt-fragment/4462521;4462521;4462517;Odstavec_Dc;(2) Bezúplatný převod podle odstavce 1 se provede na základě žádosti, kterou lze uplatnit vůči tomu, kdo s dotčeným majetkem hospodaří podle zvláštního právního předpisu.;norms;"<a data-odkaz-id=""11525299"" href=""#""  class=""int_odkaz"">odstavce 1</a>";odstavce 1;11525299;int_odkaz;NA;NA;NA;NA;esel-esb:právní-akt-odkaz/11525299;odstavce 1;INTUSTAN;110471;esel-esb:eli/cz/sb/2000/212/2006-12-07/dokument/norma/cast_1/par_3/odst_1;110471;esel-esb:eli/cz/sb/2000/212/2006-12-07/dokument/norma/cast_1/par_3/odst_2;110471;2000/212;2000/212;2000/212;212/2000 Sb.
esel-esb:eli/cz/sb/2000/212/2006-12-07/dokument/norma/cast_1/par_4/frag_4462525;10162294;esel-esb:eli/cz/sb/2000/212/2006-12-07/dokument/norma/cast_1/par_4;NA;NA;NA;NA;/2/1/5/1/;esel-esb:právní-akt-fragment/4462525;4462525;4462525;Odstavec_Dc;Bezúplatný převod věcí podle § 1 je povinen provést ten, kdo s dotčeným majetkem ve vlastnictví České republiky hospodaří podle zvláštního právního předpisu.;norms;"<a data-odkaz-id=""11525301"" href=""#""  class=""int_odkaz"">§ 1</a>";§ 1;11525301;int_odkaz;NA;NA;NA;NA;esel-esb:právní-akt-odkaz/11525301;§ 1;INTUSTAN;36297;esel-esb:eli/cz/sb/2000/212/0000-00-00/dokument/norma/cast_1/par_1;36297;esel-esb:eli/cz/sb/2000/212/0000-00-00/dokument/norma/cast_1/par_4/frag_4462525;36297;2000/212;2000/212;2000/212;212/2000 Sb.
esel-esb:eli/cz/sb/2000/212/2006-12-07/dokument/norma/cast_1/par_5/frag_4462529;10162296;esel-esb:eli/cz/sb/2000/212/2006-12-07/dokument/norma/cast_1/par_5;NA;NA;NA;NA;/2/1/6/1/;esel-esb:právní-akt-fragment/4462529;4462529;4462529;Odstavec_Dc;Spory z uplatňování této části zákona rozhodují soudy.;norms;"<a data-odkaz-id=""11525311"" href=""#""  class=""int_odkaz"">této části</a>";této části;11525311;int_odkaz;NA;NA;NA;NA;esel-esb:právní-akt-odkaz/11525311;této části;INTUSTAN;36297;esel-esb:eli/cz/sb/2000/212/0000-00-00/dokument/norma/cast_1;36297;esel-esb:eli/cz/sb/2000/212/0000-00-00/dokument/norma/cast_1/par_5/frag_4462529;36297;2000/212;2000/212;2000/212;212/2000 Sb.
esel-esb:eli/cz/sb/2000/212/2006-12-07/dokument/prilohy/priloha_0/frag_4462597;10162335;esel-esb:eli/cz/sb/2000/212/2006-12-07/dokument/prilohy/priloha_0;NA;NA;NA;NA;/5/1/1/1/;esel-esb:právní-akt-fragment/4462597;4462597;4462597;Nadpis;Věci ve vlastnictví státu, které se převedou podle § 1 odst. 2;annex;"<a data-odkaz-id=""11525411"" href=""#""  class=""int_odkaz"">§ 1 odst. 2</a>";§ 1 odst. 2;11525411;int_odkaz;NA;NA;NA;NA;esel-esb:právní-akt-odkaz/11525411;§ 1 odst. 2;INTUSTAN;36297;esel-esb:eli/cz/sb/2000/212/0000-00-00/dokument/norma/cast_1/par_1/odst_2;36297;esel-esb:eli/cz/sb/2000/212/0000-00-00/dokument/prilohy/priloha_0/frag_4462597;36297;2000/212;2000/212;2000/212;212/2000 Sb.
