fragment.iri;fragment.id;fragment.předek.iri;fragment.citace;fragment.citace.text;fragment.označení.uzlu;fragment.označení.uzlu.text;fragment.hierarchie;akt.fragment.iri;akt.fragment.id;fragment.base.id;typ.fragmentu;fragment.text_clean;source;tag;tag_clean;odkaz.id;class;data_eurlex;data_celexid;data_cellarid;data_orig_href;odkaz.iri;odkaz.citace.cíl;typ.vazba.odkazu;cíl.dokument.id;fragment.cíl.iri;fragment.cíl.dokument.id;fragment.zdroj.iri;fragment.zdroj.dokument.id;iri_z;iri_c;iri_v;akt.citace
esel-esb:eli/cz/sb/2002/214/2017-07-01/dokument/norma/par_1/frag_5338293;12435580;esel-esb:eli/cz/sb/2002/214/2017-07-01/dokument/norma/par_1;NA;NA;NA;NA;/2/1/1/;esel-esb:právní-akt-fragment/5338293;5338293;5338207;Odstavec_Dc;Tento zákon stanoví další podmínky pro vývoz kulturních statků z celního území Evropské unie (dále jen „celní území“) uvedených v právních předpisech Evropské unie, které upravují vývoz kulturních statků z celního území.1);norms;"<a data-odkaz-id=""12760619"" href=""#""  class=""int_odkaz""><sup>1</sup>)</a>";1);12760619;int_odkaz;NA;NA;NA;NA;esel-esb:právní-akt-odkaz/12760619;<sup>1</sup>);POZNAMKA;117417;esel-esb:eli/cz/sb/2002/214/2016-07-29/dokument/poznamkypodcarou/ppc_1;117417;esel-esb:eli/cz/sb/2002/214/2016-07-29/dokument/norma/par_1/frag_5338293;117417;2002/214;2002/214;2002/214;214/2002 Sb.
esel-esb:eli/cz/sb/2002/214/2017-07-01/dokument/norma/par_2/frag_5338211;12435582;esel-esb:eli/cz/sb/2002/214/2017-07-01/dokument/norma/par_2;NA;NA;NA;NA;/2/2/1/;esel-esb:právní-akt-fragment/5338211;5338211;5338211;Odstavec_Dc;Vývozní povolení podle tohoto zákona (dále jen „vývozní povolení“) nenahrazuje souhlas, povolení, osvědčení nebo licenci vydávané podle zvláštních právních předpisů.2);norms;"<a data-odkaz-id=""12760209"" href=""#""  class=""int_odkaz""><sup>2</sup>)</a>";2);12760209;int_odkaz;NA;NA;NA;NA;esel-esb:právní-akt-odkaz/12760209;<sup>2</sup>);POZNAMKA;39135;esel-esb:eli/cz/sb/2002/214/0000-00-00/dokument/poznamkypodcarou/ppc_2;39135;esel-esb:eli/cz/sb/2002/214/0000-00-00/dokument/norma/par_2/frag_5338211;39135;2002/214;2002/214;2002/214;214/2002 Sb.
esel-esb:eli/cz/sb/2002/214/2017-07-01/dokument/norma/par_3/odst_2;12435585;esel-esb:eli/cz/sb/2002/214/2017-07-01/dokument/norma/par_3;§ 3 odst. 2;NA;2;NA;/2/3/2/;esel-esb:právní-akt-fragment/5338217;5338217;5338217;Odstavec_Dc;(2) Ústřední orgán vydává vývozní povolení typu standardní povolení.3);norms;"<a data-odkaz-id=""12760221"" href=""#""  class=""int_odkaz""><sup>3</sup>)</a>";3);12760221;int_odkaz;NA;NA;NA;NA;esel-esb:právní-akt-odkaz/12760221;<sup>3</sup>);POZNAMKA;39135;esel-esb:eli/cz/sb/2002/214/0000-00-00/dokument/poznamkypodcarou/ppc_3;39135;esel-esb:eli/cz/sb/2002/214/0000-00-00/dokument/norma/par_3/odst_2;39135;2002/214;2002/214;2002/214;214/2002 Sb.
esel-esb:eli/cz/sb/2002/214/2017-07-01/dokument/norma/par_4/frag_5338221;12435587;esel-esb:eli/cz/sb/2002/214/2017-07-01/dokument/norma/par_4;NA;NA;NA;NA;/2/4/1/;esel-esb:právní-akt-fragment/5338221;5338221;5338221;Odstavec_Dc;Žádost o vývozní povolení podle tohoto zákona (dále jen „žádost“) se podává spolu se souhlasem, povolením nebo osvědčením vydanými podle zvláštních právních předpisů,4) popřípadě spolu s žádostí o souhlas nebo žádostí o povolení na tiskopisu, který vydává Ministerstvo kultury.;norms;"<a data-odkaz-id=""12760233"" href=""#""  class=""int_odkaz""><sup>4</sup>)</a>";4);12760233;int_odkaz;NA;NA;NA;NA;esel-esb:právní-akt-odkaz/12760233;<sup>4</sup>);POZNAMKA;39135;esel-esb:eli/cz/sb/2002/214/0000-00-00/dokument/poznamkypodcarou/ppc_4;39135;esel-esb:eli/cz/sb/2002/214/0000-00-00/dokument/norma/par_4/frag_5338221;39135;2002/214;2002/214;2002/214;214/2002 Sb.
esel-esb:eli/cz/sb/2002/214/2017-07-01/dokument/norma/par_5/odst_1;12435589;esel-esb:eli/cz/sb/2002/214/2017-07-01/dokument/norma/par_5;§ 5 odst. 1;NA;1;NA;/2/5/1/;esel-esb:právní-akt-fragment/5338225;5338225;5338225;Odstavec_Dc;(1) Ústřední orgán vydá vývozní povolení, pokud je vydán souhlas, povolení nebo osvědčení podle zvláštních právních předpisů,4) a to současně s tímto souhlasem nebo povolením, nebo nejpozději do 10 dnů od předložení žádosti, pokud bylo vydáno osvědčení podle zvláštního právního předpisu.5);norms;"<a data-odkaz-id=""12760245"" href=""#""  class=""int_odkaz""><sup>4</sup>)</a>";4);12760245;int_odkaz;NA;NA;NA;NA;esel-esb:právní-akt-odkaz/12760245;<sup>4</sup>);POZNAMKA;39135;esel-esb:eli/cz/sb/2002/214/0000-00-00/dokument/poznamkypodcarou/ppc_4;39135;esel-esb:eli/cz/sb/2002/214/0000-00-00/dokument/norma/par_5/odst_1;39135;2002/214;2002/214;2002/214;214/2002 Sb.
esel-esb:eli/cz/sb/2002/214/2017-07-01/dokument/norma/par_5/odst_1;12435589;esel-esb:eli/cz/sb/2002/214/2017-07-01/dokument/norma/par_5;§ 5 odst. 1;NA;1;NA;/2/5/1/;esel-esb:právní-akt-fragment/5338225;5338225;5338225;Odstavec_Dc;(1) Ústřední orgán vydá vývozní povolení, pokud je vydán souhlas, povolení nebo osvědčení podle zvláštních právních předpisů,4) a to současně s tímto souhlasem nebo povolením, nebo nejpozději do 10 dnů od předložení žádosti, pokud bylo vydáno osvědčení podle zvláštního právního předpisu.5);norms;"<a data-odkaz-id=""12760257"" href=""#""  class=""int_odkaz""><sup>5</sup>)</a>";5);12760257;int_odkaz;NA;NA;NA;NA;esel-esb:právní-akt-odkaz/12760257;<sup>5</sup>);POZNAMKA;39135;esel-esb:eli/cz/sb/2002/214/0000-00-00/dokument/poznamkypodcarou/ppc_5;39135;esel-esb:eli/cz/sb/2002/214/0000-00-00/dokument/norma/par_5/odst_1;39135;2002/214;2002/214;2002/214;214/2002 Sb.
esel-esb:eli/cz/sb/2002/214/2017-07-01/dokument/norma/par_5/odst_2;12435590;esel-esb:eli/cz/sb/2002/214/2017-07-01/dokument/norma/par_5;§ 5 odst. 2;NA;2;NA;/2/5/2/;esel-esb:právní-akt-fragment/5338227;5338227;5338227;Odstavec_Dc;(2) Vývozní povolení se vydá na dobu stanovenou v souhlasu, povolení nebo osvědčení podle zvláštních právních předpisů.4);norms;"<a data-odkaz-id=""12760269"" href=""#""  class=""int_odkaz""><sup>4</sup>)</a>";4);12760269;int_odkaz;NA;NA;NA;NA;esel-esb:právní-akt-odkaz/12760269;<sup>4</sup>);POZNAMKA;39135;esel-esb:eli/cz/sb/2002/214/0000-00-00/dokument/poznamkypodcarou/ppc_4;39135;esel-esb:eli/cz/sb/2002/214/0000-00-00/dokument/norma/par_5/odst_2;39135;2002/214;2002/214;2002/214;214/2002 Sb.
esel-esb:eli/cz/sb/2002/214/2017-07-01/dokument/norma/par_7/odst_2;12435600;esel-esb:eli/cz/sb/2002/214/2017-07-01/dokument/norma/par_7;§ 7 odst. 2;NA;2;NA;/2/7/2/;esel-esb:právní-akt-fragment/5338301;5338301;5338247;Odstavec_Dc;(2) Vývozce se dopustí přestupku tím, že nestrpí úkony nezbytné k identifikaci a prověření předmětu podle § 6 odst. 4.;norms;"<a data-odkaz-id=""12760623"" href=""#""  class=""int_odkaz"">§ 6 odst. 4.</a>";§ 6 odst. 4.;12760623;int_odkaz;NA;NA;NA;NA;esel-esb:právní-akt-odkaz/12760623;§ 6 odst. 4.;INTUSTAN;117419;esel-esb:eli/cz/sb/2002/214/2017-07-01/dokument/norma/par_6/odst_4;117419;esel-esb:eli/cz/sb/2002/214/2017-07-01/dokument/norma/par_7/odst_2;117419;2002/214;2002/214;2002/214;214/2002 Sb.
esel-esb:eli/cz/sb/2002/214/2017-07-01/dokument/norma/par_7/odst_3;12435601;esel-esb:eli/cz/sb/2002/214/2017-07-01/dokument/norma/par_7;§ 7 odst. 3;NA;3;NA;/2/7/3/;esel-esb:právní-akt-fragment/5338303;5338303;5338249;Odstavec_Dc;(3) Držitel vývozního povolení se dopustí přestupku tím, že nezašle formulář vývozního povolení zpět vydávajícímu orgánu do 15 dnů ode dne, kdy nastala skutečnost rozhodná pro vznik této povinnosti6).;norms;"<a data-odkaz-id=""12760625"" href=""#""  class=""int_odkaz""><sup>6</sup>)</a>";6);12760625;int_odkaz;NA;NA;NA;NA;esel-esb:právní-akt-odkaz/12760625;<sup>6</sup>);POZNAMKA;117419;esel-esb:eli/cz/sb/2002/214/2017-07-01/dokument/poznamkypodcarou/ppc_6;117419;esel-esb:eli/cz/sb/2002/214/2017-07-01/dokument/norma/par_7/odst_3;117419;2002/214;2002/214;2002/214;214/2002 Sb.
esel-esb:eli/cz/sb/2002/214/2017-07-01/dokument/norma/par_7/odst_4/pism_a;12435603;esel-esb:eli/cz/sb/2002/214/2017-07-01/dokument/norma/par_7/odst_4;§ 7 odst. 4 písm. a);NA;a;NA;/2/7/4/1/;esel-esb:právní-akt-fragment/5338307;5338307;5338307;Pismeno_Lb;a) 50 000 Kč, jde-li o přestupek podle odstavce 2,;norms;"<a data-odkaz-id=""12760627"" href=""#""  class=""int_odkaz"">odstavce 2</a>";odstavce 2;12760627;int_odkaz;NA;NA;NA;NA;esel-esb:právní-akt-odkaz/12760627;odstavce 2;INTUSTAN;117419;esel-esb:eli/cz/sb/2002/214/2017-07-01/dokument/norma/par_7/odst_2;117419;esel-esb:eli/cz/sb/2002/214/2017-07-01/dokument/norma/par_7/odst_4/pism_a;117419;2002/214;2002/214;2002/214;214/2002 Sb.
esel-esb:eli/cz/sb/2002/214/2017-07-01/dokument/norma/par_7/odst_4/pism_b;12435604;esel-esb:eli/cz/sb/2002/214/2017-07-01/dokument/norma/par_7/odst_4;§ 7 odst. 4 písm. b);NA;b;NA;/2/7/4/2/;esel-esb:právní-akt-fragment/5338309;5338309;5338309;Pismeno_Lb;b) 100 000 Kč, jde-li o přestupek podle odstavce 3, nebo;norms;"<a data-odkaz-id=""12760629"" href=""#""  class=""int_odkaz"">odstavce 3</a>";odstavce 3;12760629;int_odkaz;NA;NA;NA;NA;esel-esb:právní-akt-odkaz/12760629;odstavce 3;INTUSTAN;117419;esel-esb:eli/cz/sb/2002/214/2017-07-01/dokument/norma/par_7/odst_3;117419;esel-esb:eli/cz/sb/2002/214/2017-07-01/dokument/norma/par_7/odst_4/pism_b;117419;2002/214;2002/214;2002/214;214/2002 Sb.
esel-esb:eli/cz/sb/2002/214/2017-07-01/dokument/norma/par_7/odst_4/pism_c;12435605;esel-esb:eli/cz/sb/2002/214/2017-07-01/dokument/norma/par_7/odst_4;§ 7 odst. 4 písm. c);NA;c;NA;/2/7/4/3/;esel-esb:právní-akt-fragment/5338311;5338311;5338311;Pismeno_Lb;c) 1 000 000 Kč, jde-li o přestupek podle odstavce 1.;norms;"<a data-odkaz-id=""12760631"" href=""#""  class=""int_odkaz"">odstavce 1.</a>";odstavce 1.;12760631;int_odkaz;NA;NA;NA;NA;esel-esb:právní-akt-odkaz/12760631;odstavce 1.;INTUSTAN;117419;esel-esb:eli/cz/sb/2002/214/2017-07-01/dokument/norma/par_7/odst_1;117419;esel-esb:eli/cz/sb/2002/214/2017-07-01/dokument/norma/par_7/odst_4/pism_c;117419;2002/214;2002/214;2002/214;214/2002 Sb.
esel-esb:eli/cz/sb/2002/214/2017-07-01/dokument/norma/par_8/frag_5338265;12435608;esel-esb:eli/cz/sb/2002/214/2017-07-01/dokument/norma/par_8;NA;NA;NA;NA;/2/8/1/;esel-esb:právní-akt-fragment/5338265;5338265;5338265;Odstavec_Dc;S výjimkou § 6 odst. 1 a § 7 se na postup podle tohoto zákona nevztahují obecné předpisy o správním řízení. Odvolání proti rozhodnutí podle § 6 odst. 1 nemá odkladný účinek.;norms;"<a data-odkaz-id=""12760313"" href=""#""  class=""int_odkaz"">§ 6 odst. 1</a>";§ 6 odst. 1;12760313;int_odkaz;NA;NA;NA;NA;esel-esb:právní-akt-odkaz/12760313;§ 6 odst. 1;INTUSTAN;39135;esel-esb:eli/cz/sb/2002/214/0000-00-00/dokument/norma/par_6/odst_1;39135;esel-esb:eli/cz/sb/2002/214/0000-00-00/dokument/norma/par_8/frag_5338265;39135;2002/214;2002/214;2002/214;214/2002 Sb.
esel-esb:eli/cz/sb/2002/214/2017-07-01/dokument/norma/par_8/frag_5338265;12435608;esel-esb:eli/cz/sb/2002/214/2017-07-01/dokument/norma/par_8;NA;NA;NA;NA;/2/8/1/;esel-esb:právní-akt-fragment/5338265;5338265;5338265;Odstavec_Dc;S výjimkou § 6 odst. 1 a § 7 se na postup podle tohoto zákona nevztahují obecné předpisy o správním řízení. Odvolání proti rozhodnutí podle § 6 odst. 1 nemá odkladný účinek.;norms;"<a data-odkaz-id=""12760325"" href=""#""  class=""int_odkaz"">§ 7</a>";§ 7;12760325;int_odkaz;NA;NA;NA;NA;esel-esb:právní-akt-odkaz/12760325;§ 7;INTUSTAN;39135;esel-esb:eli/cz/sb/2002/214/0000-00-00/dokument/norma/par_7;39135;esel-esb:eli/cz/sb/2002/214/0000-00-00/dokument/norma/par_8/frag_5338265;39135;2002/214;2002/214;2002/214;214/2002 Sb.
esel-esb:eli/cz/sb/2002/214/2017-07-01/dokument/norma/par_8/frag_5338265;12435608;esel-esb:eli/cz/sb/2002/214/2017-07-01/dokument/norma/par_8;NA;NA;NA;NA;/2/8/1/;esel-esb:právní-akt-fragment/5338265;5338265;5338265;Odstavec_Dc;S výjimkou § 6 odst. 1 a § 7 se na postup podle tohoto zákona nevztahují obecné předpisy o správním řízení. Odvolání proti rozhodnutí podle § 6 odst. 1 nemá odkladný účinek.;norms;"<a data-odkaz-id=""12760337"" href=""#""  class=""int_odkaz"">§ 6 odst. 1</a>";§ 6 odst. 1;12760337;int_odkaz;NA;NA;NA;NA;esel-esb:právní-akt-odkaz/12760337;§ 6 odst. 1;INTUSTAN;39135;esel-esb:eli/cz/sb/2002/214/0000-00-00/dokument/norma/par_6/odst_1;39135;esel-esb:eli/cz/sb/2002/214/0000-00-00/dokument/norma/par_8/frag_5338265;39135;2002/214;2002/214;2002/214;214/2002 Sb.
esel-esb:eli/cz/sb/2002/214/2017-07-01/dokument/poznamkypodcarou/ppc_1;12435616;esel-esb:eli/cz/sb/2002/214/2017-07-01/dokument/poznamkypodcarou;pozn. 1;NA;1;NA;/4/1/;esel-esb:právní-akt-fragment/5338275;5338275;5338275;PPC;1) Nařízení Rady (EHS) č. 3911/92, o vývozu kulturních statků, ve znění nařízení Rady (ES) č. 2469/96 a nařízení Rady (ES) č. 947/01. Nařízení Komise (EHS) č. 752/93, provádějící nařízení Rady (EHS) č. 3911/92, ve znění nařízení Komise (ES) č. 1526/98.;notes;"<a data-odkaz-id=""23258993"" href=""#""  class=""ext_odkaz"" data-eurlex=""true"" data-celexid=""31992R3911"" data-cellarid=""7a846811-30fb-4277-96a8-14d457866034"" data-orig-href=""http://eur-lex.europa.eu/legal-content/CS/AUTO/?uri=cellar:7a846811-30fb-4277-96a8-14d457866034"">3911/92</a>";3911/92;23258993;ext_odkaz;true;31992R3911;7a846811-30fb-4277-96a8-14d457866034;http://eur-lex.europa.eu/legal-content/CS/AUTO/?uri=cellar:7a846811-30fb-4277-96a8-14d457866034;esel-esb:právní-akt-odkaz/23258993;3911/92;PREDPEU;339837;NA;NA;esel-esb:eli/cz/sb/2002/214/0000-00-00/dokument/poznamkypodcarou/ppc_1;39135;2002/214;NA;2002/214;214/2002 Sb.
esel-esb:eli/cz/sb/2002/214/2017-07-01/dokument/poznamkypodcarou/ppc_1;12435616;esel-esb:eli/cz/sb/2002/214/2017-07-01/dokument/poznamkypodcarou;pozn. 1;NA;1;NA;/4/1/;esel-esb:právní-akt-fragment/5338275;5338275;5338275;PPC;1) Nařízení Rady (EHS) č. 3911/92, o vývozu kulturních statků, ve znění nařízení Rady (ES) č. 2469/96 a nařízení Rady (ES) č. 947/01. Nařízení Komise (EHS) č. 752/93, provádějící nařízení Rady (EHS) č. 3911/92, ve znění nařízení Komise (ES) č. 1526/98.;notes;"<a data-odkaz-id=""23259005"" href=""#""  class=""ext_odkaz"" data-eurlex=""true"" data-celexid=""31996R2469"" data-cellarid=""880e19f4-78ba-45ad-8ded-a26905d4e002"" data-orig-href=""http://eur-lex.europa.eu/legal-content/CS/AUTO/?uri=cellar:880e19f4-78ba-45ad-8ded-a26905d4e002"">2469/96</a>";2469/96;23259005;ext_odkaz;true;31996R2469;880e19f4-78ba-45ad-8ded-a26905d4e002;http://eur-lex.europa.eu/legal-content/CS/AUTO/?uri=cellar:880e19f4-78ba-45ad-8ded-a26905d4e002;esel-esb:právní-akt-odkaz/23259005;2469/96;PREDPEU;420995;NA;NA;esel-esb:eli/cz/sb/2002/214/0000-00-00/dokument/poznamkypodcarou/ppc_1;39135;2002/214;NA;2002/214;214/2002 Sb.
esel-esb:eli/cz/sb/2002/214/2017-07-01/dokument/poznamkypodcarou/ppc_1;12435616;esel-esb:eli/cz/sb/2002/214/2017-07-01/dokument/poznamkypodcarou;pozn. 1;NA;1;NA;/4/1/;esel-esb:právní-akt-fragment/5338275;5338275;5338275;PPC;1) Nařízení Rady (EHS) č. 3911/92, o vývozu kulturních statků, ve znění nařízení Rady (ES) č. 2469/96 a nařízení Rady (ES) č. 947/01. Nařízení Komise (EHS) č. 752/93, provádějící nařízení Rady (EHS) č. 3911/92, ve znění nařízení Komise (ES) č. 1526/98.;notes;"<a data-odkaz-id=""23259017"" href=""#""  class=""ext_odkaz"" data-eurlex=""true"" data-celexid=""31993R0752"" data-cellarid=""6ec2919e-42ab-417d-99c5-db45869d411a"" data-orig-href=""http://eur-lex.europa.eu/legal-content/CS/AUTO/?uri=cellar:6ec2919e-42ab-417d-99c5-db45869d411a"">752/93</a>";752/93;23259017;ext_odkaz;true;31993R0752;6ec2919e-42ab-417d-99c5-db45869d411a;http://eur-lex.europa.eu/legal-content/CS/AUTO/?uri=cellar:6ec2919e-42ab-417d-99c5-db45869d411a;esel-esb:právní-akt-odkaz/23259017;752/93;PREDPEU;421397;NA;NA;esel-esb:eli/cz/sb/2002/214/0000-00-00/dokument/poznamkypodcarou/ppc_1;39135;2002/214;NA;2002/214;214/2002 Sb.
esel-esb:eli/cz/sb/2002/214/2017-07-01/dokument/poznamkypodcarou/ppc_1;12435616;esel-esb:eli/cz/sb/2002/214/2017-07-01/dokument/poznamkypodcarou;pozn. 1;NA;1;NA;/4/1/;esel-esb:právní-akt-fragment/5338275;5338275;5338275;PPC;1) Nařízení Rady (EHS) č. 3911/92, o vývozu kulturních statků, ve znění nařízení Rady (ES) č. 2469/96 a nařízení Rady (ES) č. 947/01. Nařízení Komise (EHS) č. 752/93, provádějící nařízení Rady (EHS) č. 3911/92, ve znění nařízení Komise (ES) č. 1526/98.;notes;"<a data-odkaz-id=""23259029"" href=""#""  class=""ext_odkaz"" data-eurlex=""true"" data-celexid=""31992R3911"" data-cellarid=""7a846811-30fb-4277-96a8-14d457866034"" data-orig-href=""http://eur-lex.europa.eu/legal-content/CS/AUTO/?uri=cellar:7a846811-30fb-4277-96a8-14d457866034"">3911/92</a>";3911/92;23259029;ext_odkaz;true;31992R3911;7a846811-30fb-4277-96a8-14d457866034;http://eur-lex.europa.eu/legal-content/CS/AUTO/?uri=cellar:7a846811-30fb-4277-96a8-14d457866034;esel-esb:právní-akt-odkaz/23259029;3911/92;PREDPEU;339837;NA;NA;esel-esb:eli/cz/sb/2002/214/0000-00-00/dokument/poznamkypodcarou/ppc_1;39135;2002/214;NA;2002/214;214/2002 Sb.
esel-esb:eli/cz/sb/2002/214/2017-07-01/dokument/poznamkypodcarou/ppc_1;12435616;esel-esb:eli/cz/sb/2002/214/2017-07-01/dokument/poznamkypodcarou;pozn. 1;NA;1;NA;/4/1/;esel-esb:právní-akt-fragment/5338275;5338275;5338275;PPC;1) Nařízení Rady (EHS) č. 3911/92, o vývozu kulturních statků, ve znění nařízení Rady (ES) č. 2469/96 a nařízení Rady (ES) č. 947/01. Nařízení Komise (EHS) č. 752/93, provádějící nařízení Rady (EHS) č. 3911/92, ve znění nařízení Komise (ES) č. 1526/98.;notes;"<a data-odkaz-id=""23259041"" href=""#""  class=""ext_odkaz"" data-eurlex=""true"" data-celexid=""31998R1526"" data-cellarid=""bfae59d1-b49b-4f56-8f8e-04c9ac73106d"" data-orig-href=""http://eur-lex.europa.eu/legal-content/CS/AUTO/?uri=cellar:bfae59d1-b49b-4f56-8f8e-04c9ac73106d"">1526/98</a>";1526/98;23259041;ext_odkaz;true;31998R1526;bfae59d1-b49b-4f56-8f8e-04c9ac73106d;http://eur-lex.europa.eu/legal-content/CS/AUTO/?uri=cellar:bfae59d1-b49b-4f56-8f8e-04c9ac73106d;esel-esb:právní-akt-odkaz/23259041;1526/98;PREDPEU;386707;NA;NA;esel-esb:eli/cz/sb/2002/214/0000-00-00/dokument/poznamkypodcarou/ppc_1;39135;2002/214;NA;2002/214;214/2002 Sb.
esel-esb:eli/cz/sb/2002/214/2017-07-01/dokument/poznamkypodcarou/ppc_2;12435617;esel-esb:eli/cz/sb/2002/214/2017-07-01/dokument/poznamkypodcarou;pozn. 2;NA;2;NA;/4/2/;esel-esb:právní-akt-fragment/5338277;5338277;5338277;PPC;2) Například zákon č. 20/1987 Sb., o státní památkové péči, ve znění pozdějších předpisů, zákon č. 97/1974 Sb., o archivnictví, ve znění pozdějších předpisů, zákon č. 122/2000 Sb., o ochraně sbírek muzejní povahy a o změně některých dalších zákonů, zákon č. 71/1994 Sb., o prodeji a vývozu předmětů kulturní hodnoty, ve znění zákona č. 122/2000 Sb., zákon č. 38/1994 Sb., o zahraničním obchodu s vojenským materiálem a o doplnění zákona č. 455/1991 Sb., o živnostenském podnikání (živnostenský zákon), ve znění pozdějších předpisů, a zákona č. 140/1961 Sb., trestní zákon, ve znění pozdějších předpisů, zákon č. 62/2000 Sb., o některých opatřeních při vývozu nebo dovozu výrobků a o licenčním řízení a o změně některých zákonů, zákon č. 16/1997 Sb., o podmínkách dovozu a vývozu ohrožených druhů volně žijících živočichů a planě rostoucích rostlin a dalších opatřeních k ochraně těchto druhů a o změně a doplnění zákona České národní rady č. 114/1992 Sb., o ochraně přírody a krajiny, ve znění pozdějších předpisů.;notes;"<a data-odkaz-id=""12760349"" href=""#""  class=""ext_odkaz"">zákon č. 20/1987 Sb., o státní památkové péči</a>";zákon č. 20/1987 Sb., o státní památkové péči;12760349;ext_odkaz;NA;NA;NA;NA;esel-esb:právní-akt-odkaz/12760349;zákon č. 20/1987 Sb.;JINYPRED;85661;esel-esb:eli/cz/sb/1987/20/2001-04-27/dokument;39135;esel-esb:eli/cz/sb/2002/214/0000-00-00/dokument/poznamkypodcarou/ppc_2;39135;2002/214;1987/20;2002/214;214/2002 Sb.
esel-esb:eli/cz/sb/2002/214/2017-07-01/dokument/poznamkypodcarou/ppc_2;12435617;esel-esb:eli/cz/sb/2002/214/2017-07-01/dokument/poznamkypodcarou;pozn. 2;NA;2;NA;/4/2/;esel-esb:právní-akt-fragment/5338277;5338277;5338277;PPC;2) Například zákon č. 20/1987 Sb., o státní památkové péči, ve znění pozdějších předpisů, zákon č. 97/1974 Sb., o archivnictví, ve znění pozdějších předpisů, zákon č. 122/2000 Sb., o ochraně sbírek muzejní povahy a o změně některých dalších zákonů, zákon č. 71/1994 Sb., o prodeji a vývozu předmětů kulturní hodnoty, ve znění zákona č. 122/2000 Sb., zákon č. 38/1994 Sb., o zahraničním obchodu s vojenským materiálem a o doplnění zákona č. 455/1991 Sb., o živnostenském podnikání (živnostenský zákon), ve znění pozdějších předpisů, a zákona č. 140/1961 Sb., trestní zákon, ve znění pozdějších předpisů, zákon č. 62/2000 Sb., o některých opatřeních při vývozu nebo dovozu výrobků a o licenčním řízení a o změně některých zákonů, zákon č. 16/1997 Sb., o podmínkách dovozu a vývozu ohrožených druhů volně žijících živočichů a planě rostoucích rostlin a dalších opatřeních k ochraně těchto druhů a o změně a doplnění zákona České národní rady č. 114/1992 Sb., o ochraně přírody a krajiny, ve znění pozdějších předpisů.;notes;"<a data-odkaz-id=""12760361"" href=""#""  class=""ext_odkaz"">zákon č. 97/1974 Sb., o archivnictví</a>";zákon č. 97/1974 Sb., o archivnictví;12760361;ext_odkaz;NA;NA;NA;NA;esel-esb:právní-akt-odkaz/12760361;zákon č. 97/1974 Sb.;JINYPRED;79995;esel-esb:eli/cz/sb/1974/97/2002-03-20/dokument;39135;esel-esb:eli/cz/sb/2002/214/0000-00-00/dokument/poznamkypodcarou/ppc_2;39135;2002/214;1974/97;2002/214;214/2002 Sb.
esel-esb:eli/cz/sb/2002/214/2017-07-01/dokument/poznamkypodcarou/ppc_2;12435617;esel-esb:eli/cz/sb/2002/214/2017-07-01/dokument/poznamkypodcarou;pozn. 2;NA;2;NA;/4/2/;esel-esb:právní-akt-fragment/5338277;5338277;5338277;PPC;2) Například zákon č. 20/1987 Sb., o státní památkové péči, ve znění pozdějších předpisů, zákon č. 97/1974 Sb., o archivnictví, ve znění pozdějších předpisů, zákon č. 122/2000 Sb., o ochraně sbírek muzejní povahy a o změně některých dalších zákonů, zákon č. 71/1994 Sb., o prodeji a vývozu předmětů kulturní hodnoty, ve znění zákona č. 122/2000 Sb., zákon č. 38/1994 Sb., o zahraničním obchodu s vojenským materiálem a o doplnění zákona č. 455/1991 Sb., o živnostenském podnikání (živnostenský zákon), ve znění pozdějších předpisů, a zákona č. 140/1961 Sb., trestní zákon, ve znění pozdějších předpisů, zákon č. 62/2000 Sb., o některých opatřeních při vývozu nebo dovozu výrobků a o licenčním řízení a o změně některých zákonů, zákon č. 16/1997 Sb., o podmínkách dovozu a vývozu ohrožených druhů volně žijících živočichů a planě rostoucích rostlin a dalších opatřeních k ochraně těchto druhů a o změně a doplnění zákona České národní rady č. 114/1992 Sb., o ochraně přírody a krajiny, ve znění pozdějších předpisů.;notes;"<a data-odkaz-id=""12760373"" href=""#""  class=""ext_odkaz"">zákon č. 122/2000 Sb., o ochraně sbírek muzejní povahy a o změně některých dalších zákonů</a>";zákon č. 122/2000 Sb., o ochraně sbírek muzejní povahy a o změně některých dalších zákonů;12760373;ext_odkaz;NA;NA;NA;NA;esel-esb:právní-akt-odkaz/12760373;zákon č. 122/2000 Sb.;JINYPRED;109503;esel-esb:eli/cz/sb/2000/122/2000-05-12/dokument;39135;esel-esb:eli/cz/sb/2002/214/0000-00-00/dokument/poznamkypodcarou/ppc_2;39135;2002/214;2000/122;2002/214;214/2002 Sb.
esel-esb:eli/cz/sb/2002/214/2017-07-01/dokument/poznamkypodcarou/ppc_2;12435617;esel-esb:eli/cz/sb/2002/214/2017-07-01/dokument/poznamkypodcarou;pozn. 2;NA;2;NA;/4/2/;esel-esb:právní-akt-fragment/5338277;5338277;5338277;PPC;2) Například zákon č. 20/1987 Sb., o státní památkové péči, ve znění pozdějších předpisů, zákon č. 97/1974 Sb., o archivnictví, ve znění pozdějších předpisů, zákon č. 122/2000 Sb., o ochraně sbírek muzejní povahy a o změně některých dalších zákonů, zákon č. 71/1994 Sb., o prodeji a vývozu předmětů kulturní hodnoty, ve znění zákona č. 122/2000 Sb., zákon č. 38/1994 Sb., o zahraničním obchodu s vojenským materiálem a o doplnění zákona č. 455/1991 Sb., o živnostenském podnikání (živnostenský zákon), ve znění pozdějších předpisů, a zákona č. 140/1961 Sb., trestní zákon, ve znění pozdějších předpisů, zákon č. 62/2000 Sb., o některých opatřeních při vývozu nebo dovozu výrobků a o licenčním řízení a o změně některých zákonů, zákon č. 16/1997 Sb., o podmínkách dovozu a vývozu ohrožených druhů volně žijících živočichů a planě rostoucích rostlin a dalších opatřeních k ochraně těchto druhů a o změně a doplnění zákona České národní rady č. 114/1992 Sb., o ochraně přírody a krajiny, ve znění pozdějších předpisů.;notes;"<a data-odkaz-id=""12760385"" href=""#""  class=""ext_odkaz"" data-version=""20000512"">zákon č. 71/1994 Sb., o prodeji a vývozu předmětů kulturní hodnoty</a>";zákon č. 71/1994 Sb., o prodeji a vývozu předmětů kulturní hodnoty;12760385;ext_odkaz;NA;NA;NA;NA;esel-esb:právní-akt-odkaz/12760385;zákon č. 71/1994 Sb.;JINYPRED;99553;esel-esb:eli/cz/sb/1994/71/2000-05-12/dokument;39135;esel-esb:eli/cz/sb/2002/214/0000-00-00/dokument/poznamkypodcarou/ppc_2;39135;2002/214;1994/71;2002/214;214/2002 Sb.
esel-esb:eli/cz/sb/2002/214/2017-07-01/dokument/poznamkypodcarou/ppc_2;12435617;esel-esb:eli/cz/sb/2002/214/2017-07-01/dokument/poznamkypodcarou;pozn. 2;NA;2;NA;/4/2/;esel-esb:právní-akt-fragment/5338277;5338277;5338277;PPC;2) Například zákon č. 20/1987 Sb., o státní památkové péči, ve znění pozdějších předpisů, zákon č. 97/1974 Sb., o archivnictví, ve znění pozdějších předpisů, zákon č. 122/2000 Sb., o ochraně sbírek muzejní povahy a o změně některých dalších zákonů, zákon č. 71/1994 Sb., o prodeji a vývozu předmětů kulturní hodnoty, ve znění zákona č. 122/2000 Sb., zákon č. 38/1994 Sb., o zahraničním obchodu s vojenským materiálem a o doplnění zákona č. 455/1991 Sb., o živnostenském podnikání (živnostenský zákon), ve znění pozdějších předpisů, a zákona č. 140/1961 Sb., trestní zákon, ve znění pozdějších předpisů, zákon č. 62/2000 Sb., o některých opatřeních při vývozu nebo dovozu výrobků a o licenčním řízení a o změně některých zákonů, zákon č. 16/1997 Sb., o podmínkách dovozu a vývozu ohrožených druhů volně žijících živočichů a planě rostoucích rostlin a dalších opatřeních k ochraně těchto druhů a o změně a doplnění zákona České národní rady č. 114/1992 Sb., o ochraně přírody a krajiny, ve znění pozdějších předpisů.;notes;"<a data-odkaz-id=""12760397"" href=""#""  class=""ext_odkaz"">zákona č. 122/2000 Sb.</a>";zákona č. 122/2000 Sb.;12760397;ext_odkaz;NA;NA;NA;NA;esel-esb:právní-akt-odkaz/12760397;zákona č. 122/2000 Sb.;JINYPRED;109503;esel-esb:eli/cz/sb/2000/122/2000-05-12/dokument;39135;esel-esb:eli/cz/sb/2002/214/0000-00-00/dokument/poznamkypodcarou/ppc_2;39135;2002/214;2000/122;2002/214;214/2002 Sb.
esel-esb:eli/cz/sb/2002/214/2017-07-01/dokument/poznamkypodcarou/ppc_2;12435617;esel-esb:eli/cz/sb/2002/214/2017-07-01/dokument/poznamkypodcarou;pozn. 2;NA;2;NA;/4/2/;esel-esb:právní-akt-fragment/5338277;5338277;5338277;PPC;2) Například zákon č. 20/1987 Sb., o státní památkové péči, ve znění pozdějších předpisů, zákon č. 97/1974 Sb., o archivnictví, ve znění pozdějších předpisů, zákon č. 122/2000 Sb., o ochraně sbírek muzejní povahy a o změně některých dalších zákonů, zákon č. 71/1994 Sb., o prodeji a vývozu předmětů kulturní hodnoty, ve znění zákona č. 122/2000 Sb., zákon č. 38/1994 Sb., o zahraničním obchodu s vojenským materiálem a o doplnění zákona č. 455/1991 Sb., o živnostenském podnikání (živnostenský zákon), ve znění pozdějších předpisů, a zákona č. 140/1961 Sb., trestní zákon, ve znění pozdějších předpisů, zákon č. 62/2000 Sb., o některých opatřeních při vývozu nebo dovozu výrobků a o licenčním řízení a o změně některých zákonů, zákon č. 16/1997 Sb., o podmínkách dovozu a vývozu ohrožených druhů volně žijících živočichů a planě rostoucích rostlin a dalších opatřeních k ochraně těchto druhů a o změně a doplnění zákona České národní rady č. 114/1992 Sb., o ochraně přírody a krajiny, ve znění pozdějších předpisů.;notes;"<a data-odkaz-id=""12760409"" href=""#""  class=""ext_odkaz"">zákon č. 38/1994 Sb., o zahraničním obchodu s vojenským materiálem</a>";zákon č. 38/1994 Sb., o zahraničním obchodu s vojenským materiálem;12760409;ext_odkaz;NA;NA;NA;NA;esel-esb:právní-akt-odkaz/12760409;zákon č. 38/1994 Sb.;JINYPRED;99395;esel-esb:eli/cz/sb/1994/38/1994-04-01/dokument;39135;esel-esb:eli/cz/sb/2002/214/0000-00-00/dokument/poznamkypodcarou/ppc_2;39135;2002/214;1994/38;2002/214;214/2002 Sb.
esel-esb:eli/cz/sb/2002/214/2017-07-01/dokument/poznamkypodcarou/ppc_2;12435617;esel-esb:eli/cz/sb/2002/214/2017-07-01/dokument/poznamkypodcarou;pozn. 2;NA;2;NA;/4/2/;esel-esb:právní-akt-fragment/5338277;5338277;5338277;PPC;2) Například zákon č. 20/1987 Sb., o státní památkové péči, ve znění pozdějších předpisů, zákon č. 97/1974 Sb., o archivnictví, ve znění pozdějších předpisů, zákon č. 122/2000 Sb., o ochraně sbírek muzejní povahy a o změně některých dalších zákonů, zákon č. 71/1994 Sb., o prodeji a vývozu předmětů kulturní hodnoty, ve znění zákona č. 122/2000 Sb., zákon č. 38/1994 Sb., o zahraničním obchodu s vojenským materiálem a o doplnění zákona č. 455/1991 Sb., o živnostenském podnikání (živnostenský zákon), ve znění pozdějších předpisů, a zákona č. 140/1961 Sb., trestní zákon, ve znění pozdějších předpisů, zákon č. 62/2000 Sb., o některých opatřeních při vývozu nebo dovozu výrobků a o licenčním řízení a o změně některých zákonů, zákon č. 16/1997 Sb., o podmínkách dovozu a vývozu ohrožených druhů volně žijících živočichů a planě rostoucích rostlin a dalších opatřeních k ochraně těchto druhů a o změně a doplnění zákona České národní rady č. 114/1992 Sb., o ochraně přírody a krajiny, ve znění pozdějších předpisů.;notes;"<a data-odkaz-id=""12760421"" href=""#""  class=""ext_odkaz"">zákona č. 455/1991 Sb., o živnostenském podnikání</a>";zákona č. 455/1991 Sb., o živnostenském podnikání;12760421;ext_odkaz;NA;NA;NA;NA;esel-esb:právní-akt-odkaz/12760421;zákona č. 455/1991 Sb.;JINYPRED;91393;esel-esb:eli/cz/sb/1991/455/2002-05-24/dokument;39135;esel-esb:eli/cz/sb/2002/214/0000-00-00/dokument/poznamkypodcarou/ppc_2;39135;2002/214;1991/455;2002/214;214/2002 Sb.
esel-esb:eli/cz/sb/2002/214/2017-07-01/dokument/poznamkypodcarou/ppc_2;12435617;esel-esb:eli/cz/sb/2002/214/2017-07-01/dokument/poznamkypodcarou;pozn. 2;NA;2;NA;/4/2/;esel-esb:právní-akt-fragment/5338277;5338277;5338277;PPC;2) Například zákon č. 20/1987 Sb., o státní památkové péči, ve znění pozdějších předpisů, zákon č. 97/1974 Sb., o archivnictví, ve znění pozdějších předpisů, zákon č. 122/2000 Sb., o ochraně sbírek muzejní povahy a o změně některých dalších zákonů, zákon č. 71/1994 Sb., o prodeji a vývozu předmětů kulturní hodnoty, ve znění zákona č. 122/2000 Sb., zákon č. 38/1994 Sb., o zahraničním obchodu s vojenským materiálem a o doplnění zákona č. 455/1991 Sb., o živnostenském podnikání (živnostenský zákon), ve znění pozdějších předpisů, a zákona č. 140/1961 Sb., trestní zákon, ve znění pozdějších předpisů, zákon č. 62/2000 Sb., o některých opatřeních při vývozu nebo dovozu výrobků a o licenčním řízení a o změně některých zákonů, zákon č. 16/1997 Sb., o podmínkách dovozu a vývozu ohrožených druhů volně žijících živočichů a planě rostoucích rostlin a dalších opatřeních k ochraně těchto druhů a o změně a doplnění zákona České národní rady č. 114/1992 Sb., o ochraně přírody a krajiny, ve znění pozdějších předpisů.;notes;"<a data-odkaz-id=""12760433"" href=""#""  class=""ext_odkaz"">zákona č. 140/1961 Sb., trestní zákon</a>";zákona č. 140/1961 Sb., trestní zákon;12760433;ext_odkaz;NA;NA;NA;NA;esel-esb:právní-akt-odkaz/12760433;zákona č. 140/1961 Sb.;JINYPRED;72009;esel-esb:eli/cz/sb/1961/140/2002-01-07/dokument;39135;esel-esb:eli/cz/sb/2002/214/0000-00-00/dokument/poznamkypodcarou/ppc_2;39135;2002/214;1961/140;2002/214;214/2002 Sb.
esel-esb:eli/cz/sb/2002/214/2017-07-01/dokument/poznamkypodcarou/ppc_2;12435617;esel-esb:eli/cz/sb/2002/214/2017-07-01/dokument/poznamkypodcarou;pozn. 2;NA;2;NA;/4/2/;esel-esb:právní-akt-fragment/5338277;5338277;5338277;PPC;2) Například zákon č. 20/1987 Sb., o státní památkové péči, ve znění pozdějších předpisů, zákon č. 97/1974 Sb., o archivnictví, ve znění pozdějších předpisů, zákon č. 122/2000 Sb., o ochraně sbírek muzejní povahy a o změně některých dalších zákonů, zákon č. 71/1994 Sb., o prodeji a vývozu předmětů kulturní hodnoty, ve znění zákona č. 122/2000 Sb., zákon č. 38/1994 Sb., o zahraničním obchodu s vojenským materiálem a o doplnění zákona č. 455/1991 Sb., o živnostenském podnikání (živnostenský zákon), ve znění pozdějších předpisů, a zákona č. 140/1961 Sb., trestní zákon, ve znění pozdějších předpisů, zákon č. 62/2000 Sb., o některých opatřeních při vývozu nebo dovozu výrobků a o licenčním řízení a o změně některých zákonů, zákon č. 16/1997 Sb., o podmínkách dovozu a vývozu ohrožených druhů volně žijících živočichů a planě rostoucích rostlin a dalších opatřeních k ochraně těchto druhů a o změně a doplnění zákona České národní rady č. 114/1992 Sb., o ochraně přírody a krajiny, ve znění pozdějších předpisů.;notes;"<a data-odkaz-id=""12760445"" href=""#""  class=""ext_odkaz"">zákon č. 62/2000 Sb., o některých opatřeních při vývozu nebo dovozu výrobků a o licenčním řízení a o změně některých zákonů</a>";zákon č. 62/2000 Sb., o některých opatřeních při vývozu nebo dovozu výrobků a o licenčním řízení a o změně některých zákonů;12760445;ext_odkaz;NA;NA;NA;NA;esel-esb:právní-akt-odkaz/12760445;zákon č. 62/2000 Sb.;JINYPRED;109057;esel-esb:eli/cz/sb/2000/62/2000-07-01/dokument;39135;esel-esb:eli/cz/sb/2002/214/0000-00-00/dokument/poznamkypodcarou/ppc_2;39135;2002/214;2000/62;2002/214;214/2002 Sb.
esel-esb:eli/cz/sb/2002/214/2017-07-01/dokument/poznamkypodcarou/ppc_2;12435617;esel-esb:eli/cz/sb/2002/214/2017-07-01/dokument/poznamkypodcarou;pozn. 2;NA;2;NA;/4/2/;esel-esb:právní-akt-fragment/5338277;5338277;5338277;PPC;2) Například zákon č. 20/1987 Sb., o státní památkové péči, ve znění pozdějších předpisů, zákon č. 97/1974 Sb., o archivnictví, ve znění pozdějších předpisů, zákon č. 122/2000 Sb., o ochraně sbírek muzejní povahy a o změně některých dalších zákonů, zákon č. 71/1994 Sb., o prodeji a vývozu předmětů kulturní hodnoty, ve znění zákona č. 122/2000 Sb., zákon č. 38/1994 Sb., o zahraničním obchodu s vojenským materiálem a o doplnění zákona č. 455/1991 Sb., o živnostenském podnikání (živnostenský zákon), ve znění pozdějších předpisů, a zákona č. 140/1961 Sb., trestní zákon, ve znění pozdějších předpisů, zákon č. 62/2000 Sb., o některých opatřeních při vývozu nebo dovozu výrobků a o licenčním řízení a o změně některých zákonů, zákon č. 16/1997 Sb., o podmínkách dovozu a vývozu ohrožených druhů volně žijících živočichů a planě rostoucích rostlin a dalších opatřeních k ochraně těchto druhů a o změně a doplnění zákona České národní rady č. 114/1992 Sb., o ochraně přírody a krajiny, ve znění pozdějších předpisů.;notes;"<a data-odkaz-id=""12760457"" href=""#""  class=""ext_odkaz"">zákon č. 16/1997 Sb., o podmínkách dovozu a vývozu ohrožených druhů volně žijících živočichů a planě rostoucích rostlin a dalších opatřeních k ochraně těchto druhů a o změně a doplnění zákona České národní rady č. 114/1992 Sb., o ochraně přírody a krajiny, ve znění pozdějších předpisů</a>";zákon č. 16/1997 Sb., o podmínkách dovozu a vývozu ohrožených druhů volně žijících živočichů a planě rostoucích rostlin a dalších opatřeních k ochraně těchto druhů a o změně a doplnění zákona České národní rady č. 114/1992 Sb., o ochraně přírody a krajiny, ve znění pozdějších předpisů;12760457;ext_odkaz;NA;NA;NA;NA;esel-esb:právní-akt-odkaz/12760457;zákon č. 16/1997 Sb.;JINYPRED;103461;esel-esb:eli/cz/sb/1997/16/1997-04-01/dokument;39135;esel-esb:eli/cz/sb/2002/214/0000-00-00/dokument/poznamkypodcarou/ppc_2;39135;2002/214;1997/16;2002/214;214/2002 Sb.
esel-esb:eli/cz/sb/2002/214/2017-07-01/dokument/poznamkypodcarou/ppc_3;12435618;esel-esb:eli/cz/sb/2002/214/2017-07-01/dokument/poznamkypodcarou;pozn. 3;NA;3;NA;/4/3/;esel-esb:právní-akt-fragment/5338279;5338279;5338279;PPC;3) Čl. 3 až 9 nařízení Komise (EHS) č. 752/93.;notes;"<a data-odkaz-id=""23258981"" href=""#""  class=""ext_odkaz"" data-eurlex=""true"" data-celexid=""31993R0752"" data-cellarid=""6ec2919e-42ab-417d-99c5-db45869d411a"" data-orig-href=""http://eur-lex.europa.eu/legal-content/CS/AUTO/?uri=cellar:6ec2919e-42ab-417d-99c5-db45869d411a"">752/93</a>";752/93;23258981;ext_odkaz;true;31993R0752;6ec2919e-42ab-417d-99c5-db45869d411a;http://eur-lex.europa.eu/legal-content/CS/AUTO/?uri=cellar:6ec2919e-42ab-417d-99c5-db45869d411a;esel-esb:právní-akt-odkaz/23258981;752/93;PREDPEU;421397;NA;NA;esel-esb:eli/cz/sb/2002/214/0000-00-00/dokument/poznamkypodcarou/ppc_3;39135;2002/214;NA;2002/214;214/2002 Sb.
esel-esb:eli/cz/sb/2002/214/2017-07-01/dokument/poznamkypodcarou/ppc_4;12435619;esel-esb:eli/cz/sb/2002/214/2017-07-01/dokument/poznamkypodcarou;pozn. 4;NA;4;NA;/4/4/;esel-esb:právní-akt-fragment/5338281;5338281;5338281;PPC;4) § 20 zákona č. 20/1987 Sb. § 8 zákona č. 97/1974 Sb., ve znění zákona č. 343/1992 Sb. § 11 zákona č. 122/2000 Sb. § 2 zákona č. 71/1994 Sb.;notes;"<a data-odkaz-id=""12760481"" href=""#""  class=""ext_odkaz"">§ 20</a>";§ 20;12760481;ext_odkaz;NA;NA;NA;NA;esel-esb:právní-akt-odkaz/12760481;§ 20;JINEUSTAN;85661;esel-esb:eli/cz/sb/1987/20/2001-04-27/dokument/norma/cast_2/par_20;39135;esel-esb:eli/cz/sb/2002/214/0000-00-00/dokument/poznamkypodcarou/ppc_4;39135;2002/214;1987/20;2002/214;214/2002 Sb.
esel-esb:eli/cz/sb/2002/214/2017-07-01/dokument/poznamkypodcarou/ppc_4;12435619;esel-esb:eli/cz/sb/2002/214/2017-07-01/dokument/poznamkypodcarou;pozn. 4;NA;4;NA;/4/4/;esel-esb:právní-akt-fragment/5338281;5338281;5338281;PPC;4) § 20 zákona č. 20/1987 Sb. § 8 zákona č. 97/1974 Sb., ve znění zákona č. 343/1992 Sb. § 11 zákona č. 122/2000 Sb. § 2 zákona č. 71/1994 Sb.;notes;"<a data-odkaz-id=""12760493"" href=""#""  class=""ext_odkaz"">zákona č. 20/1987 Sb.</a>";zákona č. 20/1987 Sb.;12760493;ext_odkaz;NA;NA;NA;NA;esel-esb:právní-akt-odkaz/12760493;zákona č. 20/1987 Sb.;JINYPRED;85661;esel-esb:eli/cz/sb/1987/20/2001-04-27/dokument;39135;esel-esb:eli/cz/sb/2002/214/0000-00-00/dokument/poznamkypodcarou/ppc_4;39135;2002/214;1987/20;2002/214;214/2002 Sb.
esel-esb:eli/cz/sb/2002/214/2017-07-01/dokument/poznamkypodcarou/ppc_4;12435619;esel-esb:eli/cz/sb/2002/214/2017-07-01/dokument/poznamkypodcarou;pozn. 4;NA;4;NA;/4/4/;esel-esb:právní-akt-fragment/5338281;5338281;5338281;PPC;4) § 20 zákona č. 20/1987 Sb. § 8 zákona č. 97/1974 Sb., ve znění zákona č. 343/1992 Sb. § 11 zákona č. 122/2000 Sb. § 2 zákona č. 71/1994 Sb.;notes;"<a data-odkaz-id=""12760505"" href=""#""  class=""ext_odkaz"" data-version=""19920901"">§ 8</a>";§ 8;12760505;ext_odkaz;NA;NA;NA;NA;esel-esb:právní-akt-odkaz/12760505;§ 8;JINEUSTAN;79989;esel-esb:eli/cz/sb/1974/97/1992-09-01/dokument/norma/oddil_2/par_8;39135;esel-esb:eli/cz/sb/2002/214/0000-00-00/dokument/poznamkypodcarou/ppc_4;39135;2002/214;1974/97;2002/214;214/2002 Sb.
esel-esb:eli/cz/sb/2002/214/2017-07-01/dokument/poznamkypodcarou/ppc_4;12435619;esel-esb:eli/cz/sb/2002/214/2017-07-01/dokument/poznamkypodcarou;pozn. 4;NA;4;NA;/4/4/;esel-esb:právní-akt-fragment/5338281;5338281;5338281;PPC;4) § 20 zákona č. 20/1987 Sb. § 8 zákona č. 97/1974 Sb., ve znění zákona č. 343/1992 Sb. § 11 zákona č. 122/2000 Sb. § 2 zákona č. 71/1994 Sb.;notes;"<a data-odkaz-id=""12760517"" href=""#""  class=""ext_odkaz"" data-version=""19920901"">zákona č. 97/1974 Sb.</a>";zákona č. 97/1974 Sb.;12760517;ext_odkaz;NA;NA;NA;NA;esel-esb:právní-akt-odkaz/12760517;zákona č. 97/1974 Sb.;JINYPRED;79989;esel-esb:eli/cz/sb/1974/97/1992-09-01/dokument;39135;esel-esb:eli/cz/sb/2002/214/0000-00-00/dokument/poznamkypodcarou/ppc_4;39135;2002/214;1974/97;2002/214;214/2002 Sb.
esel-esb:eli/cz/sb/2002/214/2017-07-01/dokument/poznamkypodcarou/ppc_4;12435619;esel-esb:eli/cz/sb/2002/214/2017-07-01/dokument/poznamkypodcarou;pozn. 4;NA;4;NA;/4/4/;esel-esb:právní-akt-fragment/5338281;5338281;5338281;PPC;4) § 20 zákona č. 20/1987 Sb. § 8 zákona č. 97/1974 Sb., ve znění zákona č. 343/1992 Sb. § 11 zákona č. 122/2000 Sb. § 2 zákona č. 71/1994 Sb.;notes;"<a data-odkaz-id=""12760529"" href=""#""  class=""ext_odkaz"">zákona č. 343/1992 Sb.</a>";zákona č. 343/1992 Sb.;12760529;ext_odkaz;NA;NA;NA;NA;esel-esb:právní-akt-odkaz/12760529;zákona č. 343/1992 Sb.;JINYPRED;94909;esel-esb:eli/cz/sb/1992/343/1992-09-01/dokument;39135;esel-esb:eli/cz/sb/2002/214/0000-00-00/dokument/poznamkypodcarou/ppc_4;39135;2002/214;1992/343;2002/214;214/2002 Sb.
esel-esb:eli/cz/sb/2002/214/2017-07-01/dokument/poznamkypodcarou/ppc_4;12435619;esel-esb:eli/cz/sb/2002/214/2017-07-01/dokument/poznamkypodcarou;pozn. 4;NA;4;NA;/4/4/;esel-esb:právní-akt-fragment/5338281;5338281;5338281;PPC;4) § 20 zákona č. 20/1987 Sb. § 8 zákona č. 97/1974 Sb., ve znění zákona č. 343/1992 Sb. § 11 zákona č. 122/2000 Sb. § 2 zákona č. 71/1994 Sb.;notes;"<a data-odkaz-id=""12760541"" href=""#""  class=""ext_odkaz"">§ 11</a>";§ 11;12760541;ext_odkaz;NA;NA;NA;NA;esel-esb:právní-akt-odkaz/12760541;§ 11;JINEUSTAN;109503;esel-esb:eli/cz/sb/2000/122/2000-05-12/dokument/norma/cast_1/par_11;39135;esel-esb:eli/cz/sb/2002/214/0000-00-00/dokument/poznamkypodcarou/ppc_4;39135;2002/214;2000/122;2002/214;214/2002 Sb.
esel-esb:eli/cz/sb/2002/214/2017-07-01/dokument/poznamkypodcarou/ppc_4;12435619;esel-esb:eli/cz/sb/2002/214/2017-07-01/dokument/poznamkypodcarou;pozn. 4;NA;4;NA;/4/4/;esel-esb:právní-akt-fragment/5338281;5338281;5338281;PPC;4) § 20 zákona č. 20/1987 Sb. § 8 zákona č. 97/1974 Sb., ve znění zákona č. 343/1992 Sb. § 11 zákona č. 122/2000 Sb. § 2 zákona č. 71/1994 Sb.;notes;"<a data-odkaz-id=""12760553"" href=""#""  class=""ext_odkaz"">zákona č. 122/2000 Sb.</a>";zákona č. 122/2000 Sb.;12760553;ext_odkaz;NA;NA;NA;NA;esel-esb:právní-akt-odkaz/12760553;zákona č. 122/2000 Sb.;JINYPRED;109503;esel-esb:eli/cz/sb/2000/122/2000-05-12/dokument;39135;esel-esb:eli/cz/sb/2002/214/0000-00-00/dokument/poznamkypodcarou/ppc_4;39135;2002/214;2000/122;2002/214;214/2002 Sb.
esel-esb:eli/cz/sb/2002/214/2017-07-01/dokument/poznamkypodcarou/ppc_4;12435619;esel-esb:eli/cz/sb/2002/214/2017-07-01/dokument/poznamkypodcarou;pozn. 4;NA;4;NA;/4/4/;esel-esb:právní-akt-fragment/5338281;5338281;5338281;PPC;4) § 20 zákona č. 20/1987 Sb. § 8 zákona č. 97/1974 Sb., ve znění zákona č. 343/1992 Sb. § 11 zákona č. 122/2000 Sb. § 2 zákona č. 71/1994 Sb.;notes;"<a data-odkaz-id=""12760565"" href=""#""  class=""ext_odkaz"">§ 2</a>";§ 2;12760565;ext_odkaz;NA;NA;NA;NA;esel-esb:právní-akt-odkaz/12760565;§ 2;JINEUSTAN;99553;esel-esb:eli/cz/sb/1994/71/2000-05-12/dokument/norma/cast_1/par_2;39135;esel-esb:eli/cz/sb/2002/214/0000-00-00/dokument/poznamkypodcarou/ppc_4;39135;2002/214;1994/71;2002/214;214/2002 Sb.
esel-esb:eli/cz/sb/2002/214/2017-07-01/dokument/poznamkypodcarou/ppc_4;12435619;esel-esb:eli/cz/sb/2002/214/2017-07-01/dokument/poznamkypodcarou;pozn. 4;NA;4;NA;/4/4/;esel-esb:právní-akt-fragment/5338281;5338281;5338281;PPC;4) § 20 zákona č. 20/1987 Sb. § 8 zákona č. 97/1974 Sb., ve znění zákona č. 343/1992 Sb. § 11 zákona č. 122/2000 Sb. § 2 zákona č. 71/1994 Sb.;notes;"<a data-odkaz-id=""12760577"" href=""#""  class=""ext_odkaz"">zákona č. 71/1994 Sb.</a>";zákona č. 71/1994 Sb.;12760577;ext_odkaz;NA;NA;NA;NA;esel-esb:právní-akt-odkaz/12760577;zákona č. 71/1994 Sb.;JINYPRED;99553;esel-esb:eli/cz/sb/1994/71/2000-05-12/dokument;39135;esel-esb:eli/cz/sb/2002/214/0000-00-00/dokument/poznamkypodcarou/ppc_4;39135;2002/214;1994/71;2002/214;214/2002 Sb.
esel-esb:eli/cz/sb/2002/214/2017-07-01/dokument/poznamkypodcarou/ppc_5;12435620;esel-esb:eli/cz/sb/2002/214/2017-07-01/dokument/poznamkypodcarou;pozn. 5;NA;5;NA;/4/5/;esel-esb:právní-akt-fragment/5338283;5338283;5338283;PPC;5) § 2 zákona č. 71/1994 Sb.;notes;"<a data-odkaz-id=""12760589"" href=""#""  class=""ext_odkaz"">§ 2</a>";§ 2;12760589;ext_odkaz;NA;NA;NA;NA;esel-esb:právní-akt-odkaz/12760589;§ 2;JINEUSTAN;99553;esel-esb:eli/cz/sb/1994/71/2000-05-12/dokument/norma/cast_1/par_2;39135;esel-esb:eli/cz/sb/2002/214/0000-00-00/dokument/poznamkypodcarou/ppc_5;39135;2002/214;1994/71;2002/214;214/2002 Sb.
esel-esb:eli/cz/sb/2002/214/2017-07-01/dokument/poznamkypodcarou/ppc_5;12435620;esel-esb:eli/cz/sb/2002/214/2017-07-01/dokument/poznamkypodcarou;pozn. 5;NA;5;NA;/4/5/;esel-esb:právní-akt-fragment/5338283;5338283;5338283;PPC;5) § 2 zákona č. 71/1994 Sb.;notes;"<a data-odkaz-id=""12760601"" href=""#""  class=""ext_odkaz"">zákona č. 71/1994 Sb.</a>";zákona č. 71/1994 Sb.;12760601;ext_odkaz;NA;NA;NA;NA;esel-esb:právní-akt-odkaz/12760601;zákona č. 71/1994 Sb.;JINYPRED;99553;esel-esb:eli/cz/sb/1994/71/2000-05-12/dokument;39135;esel-esb:eli/cz/sb/2002/214/0000-00-00/dokument/poznamkypodcarou/ppc_5;39135;2002/214;1994/71;2002/214;214/2002 Sb.
esel-esb:eli/cz/sb/2002/214/2017-07-01/dokument/poznamkypodcarou/ppc_6;12435621;esel-esb:eli/cz/sb/2002/214/2017-07-01/dokument/poznamkypodcarou;pozn. 6;NA;6;NA;/4/6/;esel-esb:právní-akt-fragment/5338285;5338285;5338285;PPC;6) Čl. 8 odst. 1 poslední věta a čl. 9 odst. 3 nařízení Komise (EHS) č. 752/93, provádějící nařízení Rady (EHS) č. 3911/92.;notes;"<a data-odkaz-id=""23258957"" href=""#""  class=""ext_odkaz"" data-eurlex=""true"" data-celexid=""31993R0752"" data-cellarid=""6ec2919e-42ab-417d-99c5-db45869d411a"" data-orig-href=""http://eur-lex.europa.eu/legal-content/CS/AUTO/?uri=cellar:6ec2919e-42ab-417d-99c5-db45869d411a"">752/93</a>";752/93;23258957;ext_odkaz;true;31993R0752;6ec2919e-42ab-417d-99c5-db45869d411a;http://eur-lex.europa.eu/legal-content/CS/AUTO/?uri=cellar:6ec2919e-42ab-417d-99c5-db45869d411a;esel-esb:právní-akt-odkaz/23258957;752/93;PREDPEU;421397;NA;NA;esel-esb:eli/cz/sb/2002/214/0000-00-00/dokument/poznamkypodcarou/ppc_6;39135;2002/214;NA;2002/214;214/2002 Sb.
esel-esb:eli/cz/sb/2002/214/2017-07-01/dokument/poznamkypodcarou/ppc_6;12435621;esel-esb:eli/cz/sb/2002/214/2017-07-01/dokument/poznamkypodcarou;pozn. 6;NA;6;NA;/4/6/;esel-esb:právní-akt-fragment/5338285;5338285;5338285;PPC;6) Čl. 8 odst. 1 poslední věta a čl. 9 odst. 3 nařízení Komise (EHS) č. 752/93, provádějící nařízení Rady (EHS) č. 3911/92.;notes;"<a data-odkaz-id=""23258969"" href=""#""  class=""ext_odkaz"" data-eurlex=""true"" data-celexid=""31992R3911"" data-cellarid=""7a846811-30fb-4277-96a8-14d457866034"" data-orig-href=""http://eur-lex.europa.eu/legal-content/CS/AUTO/?uri=cellar:7a846811-30fb-4277-96a8-14d457866034"">3911/92</a>";3911/92;23258969;ext_odkaz;true;31992R3911;7a846811-30fb-4277-96a8-14d457866034;http://eur-lex.europa.eu/legal-content/CS/AUTO/?uri=cellar:7a846811-30fb-4277-96a8-14d457866034;esel-esb:právní-akt-odkaz/23258969;3911/92;PREDPEU;339837;NA;NA;esel-esb:eli/cz/sb/2002/214/0000-00-00/dokument/poznamkypodcarou/ppc_6;39135;2002/214;NA;2002/214;214/2002 Sb.
