fragment.iri;fragment.id;fragment.předek.iri;fragment.citace;fragment.citace.text;fragment.označení.uzlu;fragment.označení.uzlu.text;fragment.hierarchie;akt.fragment.iri;akt.fragment.id;fragment.base.id;typ.fragmentu;fragment.text_clean;source;tag;tag_clean;odkaz.id;class;data_eurlex;data_celexid;data_cellarid;data_orig_href;odkaz.iri;odkaz.citace.cíl;typ.vazba.odkazu;cíl.dokument.id;fragment.cíl.iri;fragment.cíl.dokument.id;fragment.zdroj.iri;fragment.zdroj.dokument.id;iri_z;iri_c;iri_v;akt.citace
esel-esb:eli/cz/sb/2004/215/2022-02-01/dokument/norma/cast_1/par_1/frag_6073203;14055494;esel-esb:eli/cz/sb/2004/215/2022-02-01/dokument/norma/cast_1/par_1;NA;NA;NA;NA;/2/1/2/2/;esel-esb:právní-akt-fragment/6073203;6073203;6072901;Odstavec_Dc;Tento zákon upravuje v návaznosti na přímo použitelné předpisy Evropské unie1) výkon státní správy v oblasti veřejné podpory, práva a povinnosti poskytovatelů a příjemců veřejné podpory a podpory malého rozsahu vůči příslušnému koordinačnímu orgánu veřejné podpory (dále jen „koordinační orgán“), některé otázky součinnosti České republiky s Evropskou komisí (dále jen „Komise“), jakož i některé další vztahy s poskytováním veřejné podpory a podpory malého rozsahu související.;norms;"<a data-odkaz-id=""14312299"" href=""#""  class=""int_odkaz""><sup>1</sup>)</a>";1);14312299;int_odkaz;NA;NA;NA;NA;esel-esb:právní-akt-odkaz/14312299;<sup>1</sup>);POZNAMKA;122873;esel-esb:eli/cz/sb/2004/215/2012-08-01/dokument/poznamkypodcarou/ppc_1;122873;esel-esb:eli/cz/sb/2004/215/2012-08-01/dokument/norma/cast_1/par_1/frag_6073203;122873;2004/215;2004/215;2004/215;215/2004 Sb.
esel-esb:eli/cz/sb/2004/215/2022-02-01/dokument/norma/cast_1/par_2/pism_b;14055499;esel-esb:eli/cz/sb/2004/215/2022-02-01/dokument/norma/cast_1/par_2/frag_6073209;§ 2 písm. b);NA;b;NA;/2/1/3/2/2/;esel-esb:právní-akt-fragment/6073213;6073213;6072913;Pismeno_Lb;b) podporou malého rozsahu podpora poskytnutá na základě přímo použitelných právních předpisů Evropské unie o podpoře de minimis7),;norms;"<a data-odkaz-id=""14312727"" href=""#"" class=""int_odkaz"" data-vyzadujerevizi=""true"" data-orig-class=""linkfrag""  data-orig-href=""../../../sbcr/2004/sbcr2004c072z0215/sbcr2004c072z0215-v0.html#f2542031""><sup>7</sup>)</a>";7);14312727;int_odkaz;NA;NA;NA;../../../sbcr/2004/sbcr2004c072z0215/sbcr2004c072z0215-v0.html#f2542031;esel-esb:právní-akt-odkaz/14312727;<sup>7</sup>);INTUSTAN;NA;NA;NA;esel-esb:eli/cz/sb/2004/215/2017-07-01/dokument/norma/cast_1/par_2/pism_b;122875;2004/215;NA;2004/215;215/2004 Sb.
esel-esb:eli/cz/sb/2004/215/2022-02-01/dokument/norma/cast_1/par_3/odst_2;14055509;esel-esb:eli/cz/sb/2004/215/2022-02-01/dokument/norma/cast_1/par_3;§ 3 odst. 2;NA;2;NA;/2/1/4/3/;esel-esb:právní-akt-fragment/6072943;6072943;6072943;Odstavec_Dc;(2) Ministerstvo zemědělství vykonává působnost koordinačního orgánu, mimo činností uvedených v odstavci 3 písm. d), v oblasti veřejné podpory zemědělství a rybolovu.;norms;"<a data-odkaz-id=""14330097"" href=""#""  class=""int_odkaz"">odstavci 3 písm. d)</a>";odstavci 3 písm. d);14330097;int_odkaz;NA;NA;NA;NA;esel-esb:právní-akt-odkaz/14330097;odstavci 3 písm. d);INTUSTAN;122867;esel-esb:eli/cz/sb/2004/215/2009-06-01/dokument/norma/cast_1/par_3/odst_3/pism_d;122867;esel-esb:eli/cz/sb/2004/215/2009-06-01/dokument/norma/cast_1/par_3/odst_2;122867;2004/215;2004/215;2004/215;215/2004 Sb.
esel-esb:eli/cz/sb/2004/215/2022-02-01/dokument/norma/cast_1/par_3/odst_3/pism_d;14055514;esel-esb:eli/cz/sb/2004/215/2022-02-01/dokument/norma/cast_1/par_3/odst_3;§ 3 odst. 3 písm. d);NA;d;NA;/2/1/4/4/4/;esel-esb:právní-akt-fragment/6072953;6072953;6072953;Pismeno_Lb;d) vykonává kontrolu2) nad plněním pravomocných rozhodnutí o veřejné podpoře vydaných Úřadem podle právních předpisů platných před účinností tohoto zákona,;norms;"<a data-odkaz-id=""14330109"" href=""#""  class=""int_odkaz""><sup>2</sup>)</a>";2);14330109;int_odkaz;NA;NA;NA;NA;esel-esb:právní-akt-odkaz/14330109;<sup>2</sup>);POZNAMKA;122867;esel-esb:eli/cz/sb/2004/215/2009-06-01/dokument/poznamkypodcarou/ppc_2;122867;esel-esb:eli/cz/sb/2004/215/2009-06-01/dokument/norma/cast_1/par_3/odst_3/pism_d;122867;2004/215;2004/215;2004/215;215/2004 Sb.
esel-esb:eli/cz/sb/2004/215/2022-02-01/dokument/norma/cast_1/par_3/odst_3/pism_i;14055519;esel-esb:eli/cz/sb/2004/215/2022-02-01/dokument/norma/cast_1/par_3/odst_3;§ 3 odst. 3 písm. i);NA;i;NA;/2/1/4/4/9/;esel-esb:právní-akt-fragment/6073379;6073379;6073379;Pismeno_Lb;i) přezkoumává splnění povinnosti podle § 3a odst. 4 a ukládá opatření k nápravě,;norms;"<a data-odkaz-id=""14312567"" href=""#""  class=""int_odkaz"">§ 3a odst. 4</a>";§ 3a odst. 4;14312567;int_odkaz;NA;NA;NA;NA;esel-esb:právní-akt-odkaz/14312567;§ 3a odst. 4;INTUSTAN;122873;esel-esb:eli/cz/sb/2004/215/2012-08-01/dokument/norma/cast_1/par_3a/odst_4;122873;esel-esb:eli/cz/sb/2004/215/2012-08-01/dokument/norma/cast_1/par_3/odst_3/pism_i;122873;2004/215;2004/215;2004/215;215/2004 Sb.
esel-esb:eli/cz/sb/2004/215/2022-02-01/dokument/norma/cast_1/par_3/odst_3/pism_j;14055520;esel-esb:eli/cz/sb/2004/215/2022-02-01/dokument/norma/cast_1/par_3/odst_3;§ 3 odst. 3 písm. j);NA;j;NA;/2/1/4/4/10/;esel-esb:právní-akt-fragment/6073381;6073381;6073381;Pismeno_Lb;j) vede řízení podle § 8c odst. 2,;norms;"<a data-odkaz-id=""14312561"" href=""#""  class=""int_odkaz"">§ 8c odst. 2</a>";§ 8c odst. 2;14312561;int_odkaz;NA;NA;NA;NA;esel-esb:právní-akt-odkaz/14312561;§ 8c odst. 2;INTUSTAN;122873;esel-esb:eli/cz/sb/2004/215/2012-08-01/dokument/norma/cast_1/par_8c/odst_2;122873;esel-esb:eli/cz/sb/2004/215/2012-08-01/dokument/norma/cast_1/par_3/odst_3/pism_j;122873;2004/215;2004/215;2004/215;215/2004 Sb.
esel-esb:eli/cz/sb/2004/215/2022-02-01/dokument/norma/cast_1/par_3/odst_3/pism_l;14055522;esel-esb:eli/cz/sb/2004/215/2022-02-01/dokument/norma/cast_1/par_3/odst_3;§ 3 odst. 3 písm. l);NA;l;NA;/2/1/4/4/12/;esel-esb:právní-akt-fragment/6073383;6073383;6072963;Pismeno_Lb;l) je správcem centrálního registru podpor malého rozsahu (dále jen „centrální registr“), který je informačním systémem veřejné správy podle zvláštního právního předpisu3).;norms;"<a data-odkaz-id=""14312555"" href=""#""  class=""int_odkaz""><sup>3</sup>)</a>";3);14312555;int_odkaz;NA;NA;NA;NA;esel-esb:právní-akt-odkaz/14312555;<sup>3</sup>);POZNAMKA;122873;esel-esb:eli/cz/sb/2004/215/2012-08-01/dokument/poznamkypodcarou/ppc_3;122873;esel-esb:eli/cz/sb/2004/215/2012-08-01/dokument/norma/cast_1/par_3/odst_3/pism_l;122873;2004/215;2004/215;2004/215;215/2004 Sb.
esel-esb:eli/cz/sb/2004/215/2022-02-01/dokument/norma/cast_1/par_3a/odst_4;14055530;esel-esb:eli/cz/sb/2004/215/2022-02-01/dokument/norma/cast_1/par_3a;§ 3a odst. 4;NA;4;NA;/2/1/5/5/;esel-esb:právní-akt-fragment/6073375;6073375;6073361;Odstavec_Dc;"(4) Poskytovatel podpory malého rozsahu uvede v právním úkonu poskytnutí podpory malého rozsahu název přímo použitelného předpisu Evropské unie, podle kterého byla podpora malého rozsahu poskytnuta7); do 5 pracovních dnů ode dne poskytnutí podpory zaznamená poskytovatel podpory malého rozsahu do centrálního registru údaje o poskytnuté podpoře malého rozsahu a o jejím příjemci.";norms;"<a data-odkaz-id=""14312573"" href=""#"" class=""int_odkaz"" data-vyzadujerevizi=""true"" data-orig-class=""linkfrag""  data-orig-href=""../../../sbcr/2004/sbcr2004c072z0215/sbcr2004c072z0215-v0.html#f2542031""><sup>7</sup>)</a>";7);14312573;int_odkaz;NA;NA;NA;../../../sbcr/2004/sbcr2004c072z0215/sbcr2004c072z0215-v0.html#f2542031;esel-esb:právní-akt-odkaz/14312573;<sup>7</sup>);INTUSTAN;NA;NA;NA;esel-esb:eli/cz/sb/2004/215/2017-07-01/dokument/norma/cast_1/par_3a/odst_4;122875;2004/215;NA;2004/215;215/2004 Sb.
esel-esb:eli/cz/sb/2004/215/2022-02-01/dokument/norma/cast_1/par_5/odst_1/pism_a;14055540;esel-esb:eli/cz/sb/2004/215/2022-02-01/dokument/norma/cast_1/par_5/odst_1;§ 5 odst. 1 písm. a);NA;a;NA;/2/1/7/2/1/;esel-esb:právní-akt-fragment/6073229;6073229;6072989;Pismeno_Lb;"a) do 30. dubna kalendářního roku informace o veřejných podporách poskytnutých v předcházejícím kalendářním roce a o probíhajících programech veřejné podpory; informace, které je poskytovatel povinen koordinačnímu orgánu předložit, stanoví přímo použitelný předpis Evropské unie.8) Informace je poskytovatel povinen koordinačnímu orgánu zaslat i v případě, že v daném roce nevyplatil v rámci oznámené veřejné podpory žádné prostředky,";norms;"<a data-odkaz-id=""14312721"" href=""#""  class=""int_odkaz""><sup>8</sup>)</a>";8);14312721;int_odkaz;NA;NA;NA;NA;esel-esb:právní-akt-odkaz/14312721;<sup>8</sup>);POZNAMKA;122873;esel-esb:eli/cz/sb/2004/215/2012-08-01/dokument/poznamkypodcarou/ppc_8;122873;esel-esb:eli/cz/sb/2004/215/2012-08-01/dokument/norma/cast_1/par_5/odst_1/pism_a;122873;2004/215;2004/215;2004/215;215/2004 Sb.
esel-esb:eli/cz/sb/2004/215/2022-02-01/dokument/norma/cast_1/par_5/odst_1/pism_b;14055541;esel-esb:eli/cz/sb/2004/215/2022-02-01/dokument/norma/cast_1/par_5/odst_1;§ 5 odst. 1 písm. b);NA;b;NA;/2/1/7/2/2/;esel-esb:právní-akt-fragment/6072993;6072993;6072993;Pismeno_Lb;b) do 10 dnů ode dne, kdy je podal, stejnopisy nebo kopie veškerých podání, které učinil v řízeních podle § 4, a stejnopisy nebo kopie veškerých podání a rozhodnutí v řízeních podle § 4, které mu byly doručeny, do 10 dnů od jejich doručení, a;norms;"<a data-odkaz-id=""14330161"" href=""#""  class=""int_odkaz"">§ 4</a>";§ 4;14330161;int_odkaz;NA;NA;NA;NA;esel-esb:právní-akt-odkaz/14330161;§ 4;INTUSTAN;41927;esel-esb:eli/cz/sb/2004/215/0000-00-00/dokument/norma/cast_1/par_4;41927;esel-esb:eli/cz/sb/2004/215/0000-00-00/dokument/norma/cast_1/par_5/odst_1/pism_b;41927;2004/215;2004/215;2004/215;215/2004 Sb.
esel-esb:eli/cz/sb/2004/215/2022-02-01/dokument/norma/cast_1/par_5/odst_1/pism_b;14055541;esel-esb:eli/cz/sb/2004/215/2022-02-01/dokument/norma/cast_1/par_5/odst_1;§ 5 odst. 1 písm. b);NA;b;NA;/2/1/7/2/2/;esel-esb:právní-akt-fragment/6072993;6072993;6072993;Pismeno_Lb;b) do 10 dnů ode dne, kdy je podal, stejnopisy nebo kopie veškerých podání, které učinil v řízeních podle § 4, a stejnopisy nebo kopie veškerých podání a rozhodnutí v řízeních podle § 4, které mu byly doručeny, do 10 dnů od jejich doručení, a;norms;"<a data-odkaz-id=""14330179"" href=""#""  class=""int_odkaz"">§ 4</a>";§ 4;14330179;int_odkaz;NA;NA;NA;NA;esel-esb:právní-akt-odkaz/14330179;§ 4;INTUSTAN;41927;esel-esb:eli/cz/sb/2004/215/0000-00-00/dokument/norma/cast_1/par_4;41927;esel-esb:eli/cz/sb/2004/215/0000-00-00/dokument/norma/cast_1/par_5/odst_1/pism_b;41927;2004/215;2004/215;2004/215;215/2004 Sb.
esel-esb:eli/cz/sb/2004/215/2022-02-01/dokument/norma/cast_1/par_5/odst_2;14055543;esel-esb:eli/cz/sb/2004/215/2022-02-01/dokument/norma/cast_1/par_5;§ 5 odst. 2;NA;2;NA;/2/1/7/3/;esel-esb:právní-akt-fragment/6073001;6073001;6072999;Odstavec_Dc;"(2) Příjemce je povinen koordinačnímu orgánu na jeho písemné vyžádání ve stanovené lhůtě předložit veškeré dokumenty a jiné informace týkající se veřejné podpory; k identifikaci příjemce – fyzické osoby je koordinační orgán oprávněn vyžadovat pouze sdělení údajů o jméně a příjmení příjemce, datu narození a adresy místa trvalého pobytu. Při stanovení lhůty postupuje koordinační orgán podle odstavce 1 písm. c) obdobně.";norms;"<a data-odkaz-id=""14330203"" href=""#""  class=""int_odkaz"">odstavce 1 písm. c)</a>";odstavce 1 písm. c);14330203;int_odkaz;NA;NA;NA;NA;esel-esb:právní-akt-odkaz/14330203;odstavce 1 písm. c);INTUSTAN;122867;esel-esb:eli/cz/sb/2004/215/2009-06-01/dokument/norma/cast_1/par_5/odst_1/pism_c;122867;esel-esb:eli/cz/sb/2004/215/2009-06-01/dokument/norma/cast_1/par_5/odst_2;122867;2004/215;2004/215;2004/215;215/2004 Sb.
esel-esb:eli/cz/sb/2004/215/2022-02-01/dokument/norma/cast_1/par_5/odst_3;14055544;esel-esb:eli/cz/sb/2004/215/2022-02-01/dokument/norma/cast_1/par_5;§ 5 odst. 3;NA;3;NA;/2/1/7/4/;esel-esb:právní-akt-fragment/6073005;6073005;6073003;Odstavec_Dc;(3) Dokumenty a jiné informace podle odstavců 1 a 2 jsou poskytovatel a příjemce povinni koordinačnímu orgánu předložit úplné a pravdivé.;norms;"<a data-odkaz-id=""14313205"" href=""#""  class=""int_odkaz"">odstavců 1</a>";odstavců 1;14313205;int_odkaz;NA;NA;NA;NA;esel-esb:právní-akt-odkaz/14313205;odstavců 1;INTUSTAN;122867;esel-esb:eli/cz/sb/2004/215/2009-06-01/dokument/norma/cast_1/par_5/odst_1;122867;esel-esb:eli/cz/sb/2004/215/2009-06-01/dokument/norma/cast_1/par_5/odst_3;122867;2004/215;2004/215;2004/215;215/2004 Sb.
esel-esb:eli/cz/sb/2004/215/2022-02-01/dokument/norma/cast_1/par_5/odst_3;14055544;esel-esb:eli/cz/sb/2004/215/2022-02-01/dokument/norma/cast_1/par_5;§ 5 odst. 3;NA;3;NA;/2/1/7/4/;esel-esb:právní-akt-fragment/6073005;6073005;6073003;Odstavec_Dc;(3) Dokumenty a jiné informace podle odstavců 1 a 2 jsou poskytovatel a příjemce povinni koordinačnímu orgánu předložit úplné a pravdivé.;norms;"<a data-odkaz-id=""14313217"" href=""#""  class=""int_odkaz"">2</a>";2;14313217;int_odkaz;NA;NA;NA;NA;esel-esb:právní-akt-odkaz/14313217;2;INTUSTAN;122867;esel-esb:eli/cz/sb/2004/215/2009-06-01/dokument/norma/cast_1/par_5/odst_2;122867;esel-esb:eli/cz/sb/2004/215/2009-06-01/dokument/norma/cast_1/par_5/odst_3;122867;2004/215;2004/215;2004/215;215/2004 Sb.
esel-esb:eli/cz/sb/2004/215/2022-02-01/dokument/norma/cast_1/par_5/odst_4;14055545;esel-esb:eli/cz/sb/2004/215/2022-02-01/dokument/norma/cast_1/par_5;§ 5 odst. 4;NA;4;NA;/2/1/7/5/;esel-esb:právní-akt-fragment/6073007;6073007;6073007;Odstavec_Dc;(4) Veškeré dokumenty a jiné informace týkající se oznámení veřejné podpory a řízení podle § 4 je poskytovatel povinen předložit koordinačnímu orgánu na jeho žádost také v elektronické formě.;norms;"<a data-odkaz-id=""14313193"" href=""#""  class=""int_odkaz"">§ 4</a>";§ 4;14313193;int_odkaz;NA;NA;NA;NA;esel-esb:právní-akt-odkaz/14313193;§ 4;INTUSTAN;122867;esel-esb:eli/cz/sb/2004/215/2009-06-01/dokument/norma/cast_1/par_4;122867;esel-esb:eli/cz/sb/2004/215/2009-06-01/dokument/norma/cast_1/par_5/odst_4;122867;2004/215;2004/215;2004/215;215/2004 Sb.
esel-esb:eli/cz/sb/2004/215/2022-02-01/dokument/norma/cast_1/par_6/odst_2;14055549;esel-esb:eli/cz/sb/2004/215/2022-02-01/dokument/norma/cast_1/par_6;§ 6 odst. 2;NA;2;NA;/2/1/8/3/;esel-esb:právní-akt-fragment/6073231;6073231;6073231;Odstavec_Dc;(2) Poskytovateli nebo příjemci, který nesplní povinnost podle odstavce 1, může koordinační orgán uložit pořádkovou pokutu do 100 000 Kč. Pořádkovou pokutu lze uložit i opakovaně. Úhrn takto uložených pořádkových pokut nesmí přesáhnout částku 1 000 000 Kč.;norms;"<a data-odkaz-id=""14312709"" href=""#""  class=""int_odkaz"">odstavce 1</a>";odstavce 1;14312709;int_odkaz;NA;NA;NA;NA;esel-esb:právní-akt-odkaz/14312709;odstavce 1;INTUSTAN;122867;esel-esb:eli/cz/sb/2004/215/2009-06-01/dokument/norma/cast_1/par_6/odst_1;122867;esel-esb:eli/cz/sb/2004/215/2009-06-01/dokument/norma/cast_1/par_6/odst_2;122867;2004/215;2004/215;2004/215;215/2004 Sb.
esel-esb:eli/cz/sb/2004/215/2022-02-01/dokument/norma/cast_1/par_7/odst_2;14055556;esel-esb:eli/cz/sb/2004/215/2022-02-01/dokument/norma/cast_1/par_7;§ 7 odst. 2;NA;2;NA;/2/1/10/3/;esel-esb:právní-akt-fragment/6073027;6073027;6073025;Odstavec_Dc;"(2) Poskytovatel je povinen bez zbytečného odkladu učinit veškerá nezbytná opatření k zajištění splnění povinnosti podle odstavce 1. Za tím účelem poskytovatel příjemce neprodleně vyzve k navrácení veřejné podpory podle odstavce 1; nevyplývá-li lhůta k navrácení nebo prozatímnímu navrácení veřejné podpory z rozhodnutí Komise, poskytovatel lhůtu zároveň ve výzvě stanoví. Po marném uplynutí lhůty k navrácení nebo prozatímnímu navrácení veřejné podpory poskytovatel rozhodne o jejím odnětí příjemci podle zvláštního právního předpisu4), popřípadě, nelze-li takto postupovat, podá proti příjemci žalobu u soudu.";norms;"<a data-odkaz-id=""14313109"" href=""#""  class=""int_odkaz"">odstavce 1.</a>";odstavce 1.;14313109;int_odkaz;NA;NA;NA;NA;esel-esb:právní-akt-odkaz/14313109;odstavce 1.;INTUSTAN;122867;esel-esb:eli/cz/sb/2004/215/2009-06-01/dokument/norma/cast_1/par_7/odst_1;122867;esel-esb:eli/cz/sb/2004/215/2009-06-01/dokument/norma/cast_1/par_7/odst_2;122867;2004/215;2004/215;2004/215;215/2004 Sb.
esel-esb:eli/cz/sb/2004/215/2022-02-01/dokument/norma/cast_1/par_7/odst_2;14055556;esel-esb:eli/cz/sb/2004/215/2022-02-01/dokument/norma/cast_1/par_7;§ 7 odst. 2;NA;2;NA;/2/1/10/3/;esel-esb:právní-akt-fragment/6073027;6073027;6073025;Odstavec_Dc;"(2) Poskytovatel je povinen bez zbytečného odkladu učinit veškerá nezbytná opatření k zajištění splnění povinnosti podle odstavce 1. Za tím účelem poskytovatel příjemce neprodleně vyzve k navrácení veřejné podpory podle odstavce 1; nevyplývá-li lhůta k navrácení nebo prozatímnímu navrácení veřejné podpory z rozhodnutí Komise, poskytovatel lhůtu zároveň ve výzvě stanoví. Po marném uplynutí lhůty k navrácení nebo prozatímnímu navrácení veřejné podpory poskytovatel rozhodne o jejím odnětí příjemci podle zvláštního právního předpisu4), popřípadě, nelze-li takto postupovat, podá proti příjemci žalobu u soudu.";norms;"<a data-odkaz-id=""14313121"" href=""#""  class=""int_odkaz"">odstavce 1</a>";odstavce 1;14313121;int_odkaz;NA;NA;NA;NA;esel-esb:právní-akt-odkaz/14313121;odstavce 1;INTUSTAN;122867;esel-esb:eli/cz/sb/2004/215/2009-06-01/dokument/norma/cast_1/par_7/odst_1;122867;esel-esb:eli/cz/sb/2004/215/2009-06-01/dokument/norma/cast_1/par_7/odst_2;122867;2004/215;2004/215;2004/215;215/2004 Sb.
esel-esb:eli/cz/sb/2004/215/2022-02-01/dokument/norma/cast_1/par_7/odst_2;14055556;esel-esb:eli/cz/sb/2004/215/2022-02-01/dokument/norma/cast_1/par_7;§ 7 odst. 2;NA;2;NA;/2/1/10/3/;esel-esb:právní-akt-fragment/6073027;6073027;6073025;Odstavec_Dc;"(2) Poskytovatel je povinen bez zbytečného odkladu učinit veškerá nezbytná opatření k zajištění splnění povinnosti podle odstavce 1. Za tím účelem poskytovatel příjemce neprodleně vyzve k navrácení veřejné podpory podle odstavce 1; nevyplývá-li lhůta k navrácení nebo prozatímnímu navrácení veřejné podpory z rozhodnutí Komise, poskytovatel lhůtu zároveň ve výzvě stanoví. Po marném uplynutí lhůty k navrácení nebo prozatímnímu navrácení veřejné podpory poskytovatel rozhodne o jejím odnětí příjemci podle zvláštního právního předpisu4), popřípadě, nelze-li takto postupovat, podá proti příjemci žalobu u soudu.";norms;"<a data-odkaz-id=""14313133"" href=""#""  class=""int_odkaz""><sup>4</sup>)</a>";4);14313133;int_odkaz;NA;NA;NA;NA;esel-esb:právní-akt-odkaz/14313133;<sup>4</sup>);POZNAMKA;122867;esel-esb:eli/cz/sb/2004/215/2009-06-01/dokument/poznamkypodcarou/ppc_4;122867;esel-esb:eli/cz/sb/2004/215/2009-06-01/dokument/norma/cast_1/par_7/odst_2;122867;2004/215;2004/215;2004/215;215/2004 Sb.
esel-esb:eli/cz/sb/2004/215/2022-02-01/dokument/norma/cast_1/par_7/odst_3;14055557;esel-esb:eli/cz/sb/2004/215/2022-02-01/dokument/norma/cast_1/par_7;§ 7 odst. 3;NA;3;NA;/2/1/10/4/;esel-esb:právní-akt-fragment/6073031;6073031;6073029;Odstavec_Dc;(3) Pokud podléhá příjemce dozoru nebo dohledu podle zvláštního právního předpisu,5) informuje poskytovatel neprodleně o povinnosti poskytnutou veřejnou podporu vrátit i orgán, který dozor nebo dohled provádí.;norms;"<a data-odkaz-id=""14313091"" href=""#""  class=""int_odkaz""><sup>5</sup>)</a>";5);14313091;int_odkaz;NA;NA;NA;NA;esel-esb:právní-akt-odkaz/14313091;<sup>5</sup>);POZNAMKA;122867;esel-esb:eli/cz/sb/2004/215/2009-06-01/dokument/poznamkypodcarou/ppc_5;122867;esel-esb:eli/cz/sb/2004/215/2009-06-01/dokument/norma/cast_1/par_7/odst_3;122867;2004/215;2004/215;2004/215;215/2004 Sb.
esel-esb:eli/cz/sb/2004/215/2022-02-01/dokument/norma/cast_1/par_8a/odst_1;14055560;esel-esb:eli/cz/sb/2004/215/2022-02-01/dokument/norma/cast_1/par_8a;§ 8a odst. 1;NA;1;NA;/2/1/12/1/;esel-esb:právní-akt-fragment/6073331;6073331;6073061;Odstavec_Dc;(1) Fyzická, právnická nebo podnikající fyzická osoba se jako příjemce dopustí přestupku tím, že nepředloží koordinačnímu orgánu dokument nebo jinou informaci týkající se veřejné podpory podle § 5 odst. 2 nebo 3.;norms;"<a data-odkaz-id=""14312633"" href=""#""  class=""int_odkaz"">§ 5 odst. 2</a>";§ 5 odst. 2;14312633;int_odkaz;NA;NA;NA;NA;esel-esb:právní-akt-odkaz/14312633;§ 5 odst. 2;INTUSTAN;122875;esel-esb:eli/cz/sb/2004/215/2017-07-01/dokument/norma/cast_1/par_5/odst_2;122875;esel-esb:eli/cz/sb/2004/215/2017-07-01/dokument/norma/cast_1/par_8a/odst_1;122875;2004/215;2004/215;2004/215;215/2004 Sb.
esel-esb:eli/cz/sb/2004/215/2022-02-01/dokument/norma/cast_1/par_8a/odst_1;14055560;esel-esb:eli/cz/sb/2004/215/2022-02-01/dokument/norma/cast_1/par_8a;§ 8a odst. 1;NA;1;NA;/2/1/12/1/;esel-esb:právní-akt-fragment/6073331;6073331;6073061;Odstavec_Dc;(1) Fyzická, právnická nebo podnikající fyzická osoba se jako příjemce dopustí přestupku tím, že nepředloží koordinačnímu orgánu dokument nebo jinou informaci týkající se veřejné podpory podle § 5 odst. 2 nebo 3.;norms;"<a data-odkaz-id=""14312637"" href=""#""  class=""int_odkaz"">3.</a>";3.;14312637;int_odkaz;NA;NA;NA;NA;esel-esb:právní-akt-odkaz/14312637;3.;INTUSTAN;122875;esel-esb:eli/cz/sb/2004/215/2017-07-01/dokument/norma/cast_1/par_5/odst_3;122875;esel-esb:eli/cz/sb/2004/215/2017-07-01/dokument/norma/cast_1/par_8a/odst_1;122875;2004/215;2004/215;2004/215;215/2004 Sb.
esel-esb:eli/cz/sb/2004/215/2022-02-01/dokument/norma/cast_1/par_8a/odst_2/pism_a;14055562;esel-esb:eli/cz/sb/2004/215/2022-02-01/dokument/norma/cast_1/par_8a/odst_2;§ 8a odst. 2 písm. a);NA;a;NA;/2/1/12/2/1/;esel-esb:právní-akt-fragment/6073243;6073243;6073243;Pismeno_Lb;a) neuvede název přímo použitelného předpisu Evropské unie v právním úkonu poskytnutí podpory malého rozsahu podle § 3a odst. 4,;norms;"<a data-odkaz-id=""14312703"" href=""#""  class=""int_odkaz"">§ 3a odst. 4</a>";§ 3a odst. 4;14312703;int_odkaz;NA;NA;NA;NA;esel-esb:právní-akt-odkaz/14312703;§ 3a odst. 4;INTUSTAN;122873;esel-esb:eli/cz/sb/2004/215/2012-08-01/dokument/norma/cast_1/par_3a/odst_4;122873;esel-esb:eli/cz/sb/2004/215/2012-08-01/dokument/norma/cast_1/par_8a/odst_2/pism_a;122873;2004/215;2004/215;2004/215;215/2004 Sb.
esel-esb:eli/cz/sb/2004/215/2022-02-01/dokument/norma/cast_1/par_8a/odst_2/pism_b;14055563;esel-esb:eli/cz/sb/2004/215/2022-02-01/dokument/norma/cast_1/par_8a/odst_2;§ 8a odst. 2 písm. b);NA;b;NA;/2/1/12/2/2/;esel-esb:právní-akt-fragment/6073245;6073245;6073065;Pismeno_Lb;b) nezaznamená do centrálního registru údaje podle § 3a odst. 4,;norms;"<a data-odkaz-id=""14312697"" href=""#""  class=""int_odkaz"">§ 3a odst. 4</a>";§ 3a odst. 4;14312697;int_odkaz;NA;NA;NA;NA;esel-esb:právní-akt-odkaz/14312697;§ 3a odst. 4;INTUSTAN;122873;esel-esb:eli/cz/sb/2004/215/2012-08-01/dokument/norma/cast_1/par_3a/odst_4;122873;esel-esb:eli/cz/sb/2004/215/2012-08-01/dokument/norma/cast_1/par_8a/odst_2/pism_b;122873;2004/215;2004/215;2004/215;215/2004 Sb.
esel-esb:eli/cz/sb/2004/215/2022-02-01/dokument/norma/cast_1/par_8a/odst_2/pism_c;14055564;esel-esb:eli/cz/sb/2004/215/2022-02-01/dokument/norma/cast_1/par_8a/odst_2;§ 8a odst. 2 písm. c);NA;c;NA;/2/1/12/2/3/;esel-esb:právní-akt-fragment/6073247;6073247;6073067;Pismeno_Lb;c) nepředloží koordinačnímu orgánu dokument nebo jinou informaci týkající se veřejné podpory podle § 5 odst. 1, 3 nebo 4,;norms;"<a data-odkaz-id=""14312679"" href=""#""  class=""int_odkaz"">§ 5 odst. 1</a>";§ 5 odst. 1;14312679;int_odkaz;NA;NA;NA;NA;esel-esb:právní-akt-odkaz/14312679;§ 5 odst. 1;INTUSTAN;122873;esel-esb:eli/cz/sb/2004/215/2012-08-01/dokument/norma/cast_1/par_5/odst_1;122873;esel-esb:eli/cz/sb/2004/215/2012-08-01/dokument/norma/cast_1/par_8a/odst_2/pism_c;122873;2004/215;2004/215;2004/215;215/2004 Sb.
esel-esb:eli/cz/sb/2004/215/2022-02-01/dokument/norma/cast_1/par_8a/odst_2/pism_c;14055564;esel-esb:eli/cz/sb/2004/215/2022-02-01/dokument/norma/cast_1/par_8a/odst_2;§ 8a odst. 2 písm. c);NA;c;NA;/2/1/12/2/3/;esel-esb:právní-akt-fragment/6073247;6073247;6073067;Pismeno_Lb;c) nepředloží koordinačnímu orgánu dokument nebo jinou informaci týkající se veřejné podpory podle § 5 odst. 1, 3 nebo 4,;norms;"<a data-odkaz-id=""14312685"" href=""#""  class=""int_odkaz"">3</a>";3;14312685;int_odkaz;NA;NA;NA;NA;esel-esb:právní-akt-odkaz/14312685;3;INTUSTAN;122873;esel-esb:eli/cz/sb/2004/215/2012-08-01/dokument/norma/cast_1/par_5/odst_3;122873;esel-esb:eli/cz/sb/2004/215/2012-08-01/dokument/norma/cast_1/par_8a/odst_2/pism_c;122873;2004/215;2004/215;2004/215;215/2004 Sb.
esel-esb:eli/cz/sb/2004/215/2022-02-01/dokument/norma/cast_1/par_8a/odst_2/pism_c;14055564;esel-esb:eli/cz/sb/2004/215/2022-02-01/dokument/norma/cast_1/par_8a/odst_2;§ 8a odst. 2 písm. c);NA;c;NA;/2/1/12/2/3/;esel-esb:právní-akt-fragment/6073247;6073247;6073067;Pismeno_Lb;c) nepředloží koordinačnímu orgánu dokument nebo jinou informaci týkající se veřejné podpory podle § 5 odst. 1, 3 nebo 4,;norms;"<a data-odkaz-id=""14312691"" href=""#""  class=""int_odkaz"">4</a>";4;14312691;int_odkaz;NA;NA;NA;NA;esel-esb:právní-akt-odkaz/14312691;4;INTUSTAN;122873;esel-esb:eli/cz/sb/2004/215/2012-08-01/dokument/norma/cast_1/par_5/odst_4;122873;esel-esb:eli/cz/sb/2004/215/2012-08-01/dokument/norma/cast_1/par_8a/odst_2/pism_c;122873;2004/215;2004/215;2004/215;215/2004 Sb.
esel-esb:eli/cz/sb/2004/215/2022-02-01/dokument/norma/cast_1/par_8a/odst_2/pism_d;14055565;esel-esb:eli/cz/sb/2004/215/2022-02-01/dokument/norma/cast_1/par_8a/odst_2;§ 8a odst. 2 písm. d);NA;d;NA;/2/1/12/2/4/;esel-esb:právní-akt-fragment/6073249;6073249;6073069;Pismeno_Lb;d) neučiní veškerá nezbytná opatření podle § 7 odst. 2, nebo;norms;"<a data-odkaz-id=""14312673"" href=""#""  class=""int_odkaz"">§ 7 odst. 2</a>";§ 7 odst. 2;14312673;int_odkaz;NA;NA;NA;NA;esel-esb:právní-akt-odkaz/14312673;§ 7 odst. 2;INTUSTAN;122873;esel-esb:eli/cz/sb/2004/215/2012-08-01/dokument/norma/cast_1/par_7/odst_2;122873;esel-esb:eli/cz/sb/2004/215/2012-08-01/dokument/norma/cast_1/par_8a/odst_2/pism_d;122873;2004/215;2004/215;2004/215;215/2004 Sb.
esel-esb:eli/cz/sb/2004/215/2022-02-01/dokument/norma/cast_1/par_8a/odst_2/pism_e;14055566;esel-esb:eli/cz/sb/2004/215/2022-02-01/dokument/norma/cast_1/par_8a/odst_2;§ 8a odst. 2 písm. e);NA;e;NA;/2/1/12/2/5/;esel-esb:právní-akt-fragment/6073251;6073251;6073251;Pismeno_Lb;e) ve stanovené lhůtě nesplní povinnost uloženou opatřením k nápravě podle § 8c.;norms;"<a data-odkaz-id=""14312667"" href=""#""  class=""int_odkaz"">§ 8c</a>";§ 8c;14312667;int_odkaz;NA;NA;NA;NA;esel-esb:právní-akt-odkaz/14312667;§ 8c;INTUSTAN;122873;esel-esb:eli/cz/sb/2004/215/2012-08-01/dokument/norma/cast_1/par_8c;122873;esel-esb:eli/cz/sb/2004/215/2012-08-01/dokument/norma/cast_1/par_8a/odst_2/pism_e;122873;2004/215;2004/215;2004/215;215/2004 Sb.
esel-esb:eli/cz/sb/2004/215/2022-02-01/dokument/norma/cast_1/par_8a/odst_3/pism_a;14055568;esel-esb:eli/cz/sb/2004/215/2022-02-01/dokument/norma/cast_1/par_8a/odst_3;§ 8a odst. 3 písm. a);NA;a;NA;/2/1/12/3/1/;esel-esb:právní-akt-fragment/6073389;6073389;6073073;Pismeno_Lb;a) do 100 000 Kč, jde-li o přestupek podle odstavce 2 písm. a) nebo b),;norms;"<a data-odkaz-id=""14312305"" href=""#""  class=""int_odkaz"">odstavce 2 písm. a)</a>";odstavce 2 písm. a);14312305;int_odkaz;NA;NA;NA;NA;esel-esb:právní-akt-odkaz/14312305;odstavce 2 písm. a);INTUSTAN;122875;esel-esb:eli/cz/sb/2004/215/2017-07-01/dokument/norma/cast_1/par_8a/odst_2/pism_a;122875;esel-esb:eli/cz/sb/2004/215/2017-07-01/dokument/norma/cast_1/par_8a/odst_3/pism_a;122875;2004/215;2004/215;2004/215;215/2004 Sb.
esel-esb:eli/cz/sb/2004/215/2022-02-01/dokument/norma/cast_1/par_8a/odst_3/pism_a;14055568;esel-esb:eli/cz/sb/2004/215/2022-02-01/dokument/norma/cast_1/par_8a/odst_3;§ 8a odst. 3 písm. a);NA;a;NA;/2/1/12/3/1/;esel-esb:právní-akt-fragment/6073389;6073389;6073073;Pismeno_Lb;a) do 100 000 Kč, jde-li o přestupek podle odstavce 2 písm. a) nebo b),;norms;"<a data-odkaz-id=""14312309"" href=""#""  class=""int_odkaz"">b)</a>";b);14312309;int_odkaz;NA;NA;NA;NA;esel-esb:právní-akt-odkaz/14312309;b);INTUSTAN;122875;esel-esb:eli/cz/sb/2004/215/2017-07-01/dokument/norma/cast_1/par_8a/odst_2/pism_b;122875;esel-esb:eli/cz/sb/2004/215/2017-07-01/dokument/norma/cast_1/par_8a/odst_3/pism_a;122875;2004/215;2004/215;2004/215;215/2004 Sb.
esel-esb:eli/cz/sb/2004/215/2022-02-01/dokument/norma/cast_1/par_8a/odst_3/pism_b;14055569;esel-esb:eli/cz/sb/2004/215/2022-02-01/dokument/norma/cast_1/par_8a/odst_3;§ 8a odst. 3 písm. b);NA;b;NA;/2/1/12/3/2/;esel-esb:právní-akt-fragment/6073391;6073391;6073255;Pismeno_Lb;b) do 200 000 Kč, jde-li o přestupek podle odstavce 2 písm. e),;norms;"<a data-odkaz-id=""14312313"" href=""#""  class=""int_odkaz"">odstavce 2 písm. e)</a>";odstavce 2 písm. e);14312313;int_odkaz;NA;NA;NA;NA;esel-esb:právní-akt-odkaz/14312313;odstavce 2 písm. e);INTUSTAN;122875;esel-esb:eli/cz/sb/2004/215/2017-07-01/dokument/norma/cast_1/par_8a/odst_2/pism_e;122875;esel-esb:eli/cz/sb/2004/215/2017-07-01/dokument/norma/cast_1/par_8a/odst_3/pism_b;122875;2004/215;2004/215;2004/215;215/2004 Sb.
esel-esb:eli/cz/sb/2004/215/2022-02-01/dokument/norma/cast_1/par_8a/odst_3/pism_c;14055570;esel-esb:eli/cz/sb/2004/215/2022-02-01/dokument/norma/cast_1/par_8a/odst_3;§ 8a odst. 3 písm. c);NA;c;NA;/2/1/12/3/3/;esel-esb:právní-akt-fragment/6073393;6073393;6073075;Pismeno_Lb;c) do 300 000 Kč, jde-li o přestupek podle odstavce 1 a odstavce 2 písm. c),;norms;"<a data-odkaz-id=""14312317"" href=""#""  class=""int_odkaz"">odstavce 1</a>";odstavce 1;14312317;int_odkaz;NA;NA;NA;NA;esel-esb:právní-akt-odkaz/14312317;odstavce 1;INTUSTAN;122875;esel-esb:eli/cz/sb/2004/215/2017-07-01/dokument/norma/cast_1/par_8a/odst_1;122875;esel-esb:eli/cz/sb/2004/215/2017-07-01/dokument/norma/cast_1/par_8a/odst_3/pism_c;122875;2004/215;2004/215;2004/215;215/2004 Sb.
esel-esb:eli/cz/sb/2004/215/2022-02-01/dokument/norma/cast_1/par_8a/odst_3/pism_c;14055570;esel-esb:eli/cz/sb/2004/215/2022-02-01/dokument/norma/cast_1/par_8a/odst_3;§ 8a odst. 3 písm. c);NA;c;NA;/2/1/12/3/3/;esel-esb:právní-akt-fragment/6073393;6073393;6073075;Pismeno_Lb;c) do 300 000 Kč, jde-li o přestupek podle odstavce 1 a odstavce 2 písm. c),;norms;"<a data-odkaz-id=""14312321"" href=""#""  class=""int_odkaz"">odstavce 2 písm. c)</a>";odstavce 2 písm. c);14312321;int_odkaz;NA;NA;NA;NA;esel-esb:právní-akt-odkaz/14312321;odstavce 2 písm. c);INTUSTAN;122875;esel-esb:eli/cz/sb/2004/215/2017-07-01/dokument/norma/cast_1/par_8a/odst_2/pism_c;122875;esel-esb:eli/cz/sb/2004/215/2017-07-01/dokument/norma/cast_1/par_8a/odst_3/pism_c;122875;2004/215;2004/215;2004/215;215/2004 Sb.
esel-esb:eli/cz/sb/2004/215/2022-02-01/dokument/norma/cast_1/par_8a/odst_3/pism_d;14055571;esel-esb:eli/cz/sb/2004/215/2022-02-01/dokument/norma/cast_1/par_8a/odst_3;§ 8a odst. 3 písm. d);NA;d;NA;/2/1/12/3/4/;esel-esb:právní-akt-fragment/6073395;6073395;6073077;Pismeno_Lb;d) do 1 000 000 Kč, jde-li o přestupek podle odstavce 2 písm. d).;norms;"<a data-odkaz-id=""14312325"" href=""#""  class=""int_odkaz"">odstavce 2 písm. d)</a>";odstavce 2 písm. d);14312325;int_odkaz;NA;NA;NA;NA;esel-esb:právní-akt-odkaz/14312325;odstavce 2 písm. d);INTUSTAN;122875;esel-esb:eli/cz/sb/2004/215/2017-07-01/dokument/norma/cast_1/par_8a/odst_2/pism_d;122875;esel-esb:eli/cz/sb/2004/215/2017-07-01/dokument/norma/cast_1/par_8a/odst_3/pism_d;122875;2004/215;2004/215;2004/215;215/2004 Sb.
esel-esb:eli/cz/sb/2004/215/2022-02-01/dokument/norma/cast_1/par_8b/odst_4;14055577;esel-esb:eli/cz/sb/2004/215/2022-02-01/dokument/norma/cast_1/par_8b;§ 8b odst. 4;NA;4;NA;/2/1/13/5/;esel-esb:právní-akt-fragment/6073397;6073397;6073089;Odstavec_Dc;(4) Na postup koordinačního orgánu podle tohoto zákona se ustanovení § 24 až 27, 32, § 35 písm. a) a d), § 39 písm. b), § 42, 43, § 44 písm. d), § 45, 48, § 68 písm. b), § 70, § 80 odst. 2 a 3, § 82 odst. 1 věty první, § 87, 89, § 93 odst. 1 písm. d), f), g) a h), § 93 odst. 3, § 95 odst. 3, § 96 odst. 1 písm. b), § 96 odst. 3 a § 98 odst. 2 zákona o odpovědnosti za přestupky a řízení o nich nepoužijí.;norms;"<a data-odkaz-id=""14312329"" href=""#""  class=""ext_odkaz"">§ 24 až 27</a>";§ 24 až 27;14312329;ext_odkaz;NA;NA;NA;NA;esel-esb:právní-akt-odkaz/14312329;§ 24 až 27;JINEUSTAN;149855;esel-esb:eli/cz/sb/2016/250/2022-02-01/dokument/norma/cast_2/hlava_5/par_24;122877;esel-esb:eli/cz/sb/2004/215/2022-02-01/dokument/norma/cast_1/par_8b/odst_4;122877;2004/215;2016/250;2004/215;215/2004 Sb.
esel-esb:eli/cz/sb/2004/215/2022-02-01/dokument/norma/cast_1/par_8b/odst_4;14055577;esel-esb:eli/cz/sb/2004/215/2022-02-01/dokument/norma/cast_1/par_8b;§ 8b odst. 4;NA;4;NA;/2/1/13/5/;esel-esb:právní-akt-fragment/6073397;6073397;6073089;Odstavec_Dc;(4) Na postup koordinačního orgánu podle tohoto zákona se ustanovení § 24 až 27, 32, § 35 písm. a) a d), § 39 písm. b), § 42, 43, § 44 písm. d), § 45, 48, § 68 písm. b), § 70, § 80 odst. 2 a 3, § 82 odst. 1 věty první, § 87, 89, § 93 odst. 1 písm. d), f), g) a h), § 93 odst. 3, § 95 odst. 3, § 96 odst. 1 písm. b), § 96 odst. 3 a § 98 odst. 2 zákona o odpovědnosti za přestupky a řízení o nich nepoužijí.;norms;"<a data-odkaz-id=""14312331"" href=""#""  class=""ext_odkaz"">32</a>";32;14312331;ext_odkaz;NA;NA;NA;NA;esel-esb:právní-akt-odkaz/14312331;32;JINEUSTAN;149855;esel-esb:eli/cz/sb/2016/250/2022-02-01/dokument/norma/cast_2/hlava_6/dil_1/par_32;122877;esel-esb:eli/cz/sb/2004/215/2022-02-01/dokument/norma/cast_1/par_8b/odst_4;122877;2004/215;2016/250;2004/215;215/2004 Sb.
esel-esb:eli/cz/sb/2004/215/2022-02-01/dokument/norma/cast_1/par_8b/odst_4;14055577;esel-esb:eli/cz/sb/2004/215/2022-02-01/dokument/norma/cast_1/par_8b;§ 8b odst. 4;NA;4;NA;/2/1/13/5/;esel-esb:právní-akt-fragment/6073397;6073397;6073089;Odstavec_Dc;(4) Na postup koordinačního orgánu podle tohoto zákona se ustanovení § 24 až 27, 32, § 35 písm. a) a d), § 39 písm. b), § 42, 43, § 44 písm. d), § 45, 48, § 68 písm. b), § 70, § 80 odst. 2 a 3, § 82 odst. 1 věty první, § 87, 89, § 93 odst. 1 písm. d), f), g) a h), § 93 odst. 3, § 95 odst. 3, § 96 odst. 1 písm. b), § 96 odst. 3 a § 98 odst. 2 zákona o odpovědnosti za přestupky a řízení o nich nepoužijí.;norms;"<a data-odkaz-id=""14312333"" href=""#""  class=""ext_odkaz"">§ 35 písm. a)</a>";§ 35 písm. a);14312333;ext_odkaz;NA;NA;NA;NA;esel-esb:právní-akt-odkaz/14312333;§ 35 písm. a);JINEUSTAN;149855;esel-esb:eli/cz/sb/2016/250/2022-02-01/dokument/norma/cast_2/hlava_7/dil_1/par_35/pism_a;122877;esel-esb:eli/cz/sb/2004/215/2022-02-01/dokument/norma/cast_1/par_8b/odst_4;122877;2004/215;2016/250;2004/215;215/2004 Sb.
esel-esb:eli/cz/sb/2004/215/2022-02-01/dokument/norma/cast_1/par_8b/odst_4;14055577;esel-esb:eli/cz/sb/2004/215/2022-02-01/dokument/norma/cast_1/par_8b;§ 8b odst. 4;NA;4;NA;/2/1/13/5/;esel-esb:právní-akt-fragment/6073397;6073397;6073089;Odstavec_Dc;(4) Na postup koordinačního orgánu podle tohoto zákona se ustanovení § 24 až 27, 32, § 35 písm. a) a d), § 39 písm. b), § 42, 43, § 44 písm. d), § 45, 48, § 68 písm. b), § 70, § 80 odst. 2 a 3, § 82 odst. 1 věty první, § 87, 89, § 93 odst. 1 písm. d), f), g) a h), § 93 odst. 3, § 95 odst. 3, § 96 odst. 1 písm. b), § 96 odst. 3 a § 98 odst. 2 zákona o odpovědnosti za přestupky a řízení o nich nepoužijí.;norms;"<a data-odkaz-id=""14312335"" href=""#""  class=""ext_odkaz"">d)</a>";d);14312335;ext_odkaz;NA;NA;NA;NA;esel-esb:právní-akt-odkaz/14312335;d);JINEUSTAN;149855;esel-esb:eli/cz/sb/2016/250/2022-02-01/dokument/norma/cast_2/hlava_7/dil_1/par_35/pism_d;122877;esel-esb:eli/cz/sb/2004/215/2022-02-01/dokument/norma/cast_1/par_8b/odst_4;122877;2004/215;2016/250;2004/215;215/2004 Sb.
esel-esb:eli/cz/sb/2004/215/2022-02-01/dokument/norma/cast_1/par_8b/odst_4;14055577;esel-esb:eli/cz/sb/2004/215/2022-02-01/dokument/norma/cast_1/par_8b;§ 8b odst. 4;NA;4;NA;/2/1/13/5/;esel-esb:právní-akt-fragment/6073397;6073397;6073089;Odstavec_Dc;(4) Na postup koordinačního orgánu podle tohoto zákona se ustanovení § 24 až 27, 32, § 35 písm. a) a d), § 39 písm. b), § 42, 43, § 44 písm. d), § 45, 48, § 68 písm. b), § 70, § 80 odst. 2 a 3, § 82 odst. 1 věty první, § 87, 89, § 93 odst. 1 písm. d), f), g) a h), § 93 odst. 3, § 95 odst. 3, § 96 odst. 1 písm. b), § 96 odst. 3 a § 98 odst. 2 zákona o odpovědnosti za přestupky a řízení o nich nepoužijí.;norms;"<a data-odkaz-id=""14312337"" href=""#""  class=""ext_odkaz"">§ 39 písm. b)</a>";§ 39 písm. b);14312337;ext_odkaz;NA;NA;NA;NA;esel-esb:právní-akt-odkaz/14312337;§ 39 písm. b);JINEUSTAN;149855;esel-esb:eli/cz/sb/2016/250/2022-02-01/dokument/norma/cast_2/hlava_7/dil_1/par_39/pism_b;122877;esel-esb:eli/cz/sb/2004/215/2022-02-01/dokument/norma/cast_1/par_8b/odst_4;122877;2004/215;2016/250;2004/215;215/2004 Sb.
esel-esb:eli/cz/sb/2004/215/2022-02-01/dokument/norma/cast_1/par_8b/odst_4;14055577;esel-esb:eli/cz/sb/2004/215/2022-02-01/dokument/norma/cast_1/par_8b;§ 8b odst. 4;NA;4;NA;/2/1/13/5/;esel-esb:právní-akt-fragment/6073397;6073397;6073089;Odstavec_Dc;(4) Na postup koordinačního orgánu podle tohoto zákona se ustanovení § 24 až 27, 32, § 35 písm. a) a d), § 39 písm. b), § 42, 43, § 44 písm. d), § 45, 48, § 68 písm. b), § 70, § 80 odst. 2 a 3, § 82 odst. 1 věty první, § 87, 89, § 93 odst. 1 písm. d), f), g) a h), § 93 odst. 3, § 95 odst. 3, § 96 odst. 1 písm. b), § 96 odst. 3 a § 98 odst. 2 zákona o odpovědnosti za přestupky a řízení o nich nepoužijí.;norms;"<a data-odkaz-id=""14312339"" href=""#""  class=""ext_odkaz"">§ 42</a>";§ 42;14312339;ext_odkaz;NA;NA;NA;NA;esel-esb:právní-akt-odkaz/14312339;§ 42;JINEUSTAN;149855;esel-esb:eli/cz/sb/2016/250/2022-02-01/dokument/norma/cast_2/hlava_7/dil_1/par_42;122877;esel-esb:eli/cz/sb/2004/215/2022-02-01/dokument/norma/cast_1/par_8b/odst_4;122877;2004/215;2016/250;2004/215;215/2004 Sb.
esel-esb:eli/cz/sb/2004/215/2022-02-01/dokument/norma/cast_1/par_8b/odst_4;14055577;esel-esb:eli/cz/sb/2004/215/2022-02-01/dokument/norma/cast_1/par_8b;§ 8b odst. 4;NA;4;NA;/2/1/13/5/;esel-esb:právní-akt-fragment/6073397;6073397;6073089;Odstavec_Dc;(4) Na postup koordinačního orgánu podle tohoto zákona se ustanovení § 24 až 27, 32, § 35 písm. a) a d), § 39 písm. b), § 42, 43, § 44 písm. d), § 45, 48, § 68 písm. b), § 70, § 80 odst. 2 a 3, § 82 odst. 1 věty první, § 87, 89, § 93 odst. 1 písm. d), f), g) a h), § 93 odst. 3, § 95 odst. 3, § 96 odst. 1 písm. b), § 96 odst. 3 a § 98 odst. 2 zákona o odpovědnosti za přestupky a řízení o nich nepoužijí.;norms;"<a data-odkaz-id=""14312341"" href=""#""  class=""ext_odkaz"">43</a>";43;14312341;ext_odkaz;NA;NA;NA;NA;esel-esb:právní-akt-odkaz/14312341;43;JINEUSTAN;149855;esel-esb:eli/cz/sb/2016/250/2022-02-01/dokument/norma/cast_2/hlava_7/dil_1/par_44;122877;esel-esb:eli/cz/sb/2004/215/2022-02-01/dokument/norma/cast_1/par_8b/odst_4;122877;2004/215;2016/250;2004/215;215/2004 Sb.
esel-esb:eli/cz/sb/2004/215/2022-02-01/dokument/norma/cast_1/par_8b/odst_4;14055577;esel-esb:eli/cz/sb/2004/215/2022-02-01/dokument/norma/cast_1/par_8b;§ 8b odst. 4;NA;4;NA;/2/1/13/5/;esel-esb:právní-akt-fragment/6073397;6073397;6073089;Odstavec_Dc;(4) Na postup koordinačního orgánu podle tohoto zákona se ustanovení § 24 až 27, 32, § 35 písm. a) a d), § 39 písm. b), § 42, 43, § 44 písm. d), § 45, 48, § 68 písm. b), § 70, § 80 odst. 2 a 3, § 82 odst. 1 věty první, § 87, 89, § 93 odst. 1 písm. d), f), g) a h), § 93 odst. 3, § 95 odst. 3, § 96 odst. 1 písm. b), § 96 odst. 3 a § 98 odst. 2 zákona o odpovědnosti za přestupky a řízení o nich nepoužijí.;norms;"<a data-odkaz-id=""14312343"" href=""#""  class=""ext_odkaz"">§ 44 písm. d)</a>";§ 44 písm. d);14312343;ext_odkaz;NA;NA;NA;NA;esel-esb:právní-akt-odkaz/14312343;§ 44 písm. d);JINEUSTAN;149855;esel-esb:eli/cz/sb/2016/250/2022-02-01/dokument/norma/cast_2/hlava_7/dil_1/par_44/odst_1/pism_d;122877;esel-esb:eli/cz/sb/2004/215/2022-02-01/dokument/norma/cast_1/par_8b/odst_4;122877;2004/215;2016/250;2004/215;215/2004 Sb.
esel-esb:eli/cz/sb/2004/215/2022-02-01/dokument/norma/cast_1/par_8b/odst_4;14055577;esel-esb:eli/cz/sb/2004/215/2022-02-01/dokument/norma/cast_1/par_8b;§ 8b odst. 4;NA;4;NA;/2/1/13/5/;esel-esb:právní-akt-fragment/6073397;6073397;6073089;Odstavec_Dc;(4) Na postup koordinačního orgánu podle tohoto zákona se ustanovení § 24 až 27, 32, § 35 písm. a) a d), § 39 písm. b), § 42, 43, § 44 písm. d), § 45, 48, § 68 písm. b), § 70, § 80 odst. 2 a 3, § 82 odst. 1 věty první, § 87, 89, § 93 odst. 1 písm. d), f), g) a h), § 93 odst. 3, § 95 odst. 3, § 96 odst. 1 písm. b), § 96 odst. 3 a § 98 odst. 2 zákona o odpovědnosti za přestupky a řízení o nich nepoužijí.;norms;"<a data-odkaz-id=""14312345"" href=""#""  class=""ext_odkaz"">§ 45</a>";§ 45;14312345;ext_odkaz;NA;NA;NA;NA;esel-esb:právní-akt-odkaz/14312345;§ 45;JINEUSTAN;149855;esel-esb:eli/cz/sb/2016/250/2022-02-01/dokument/norma/cast_2/hlava_7/dil_2/par_45;122877;esel-esb:eli/cz/sb/2004/215/2022-02-01/dokument/norma/cast_1/par_8b/odst_4;122877;2004/215;2016/250;2004/215;215/2004 Sb.
esel-esb:eli/cz/sb/2004/215/2022-02-01/dokument/norma/cast_1/par_8b/odst_4;14055577;esel-esb:eli/cz/sb/2004/215/2022-02-01/dokument/norma/cast_1/par_8b;§ 8b odst. 4;NA;4;NA;/2/1/13/5/;esel-esb:právní-akt-fragment/6073397;6073397;6073089;Odstavec_Dc;(4) Na postup koordinačního orgánu podle tohoto zákona se ustanovení § 24 až 27, 32, § 35 písm. a) a d), § 39 písm. b), § 42, 43, § 44 písm. d), § 45, 48, § 68 písm. b), § 70, § 80 odst. 2 a 3, § 82 odst. 1 věty první, § 87, 89, § 93 odst. 1 písm. d), f), g) a h), § 93 odst. 3, § 95 odst. 3, § 96 odst. 1 písm. b), § 96 odst. 3 a § 98 odst. 2 zákona o odpovědnosti za přestupky a řízení o nich nepoužijí.;norms;"<a data-odkaz-id=""14312347"" href=""#""  class=""ext_odkaz"">48</a>";48;14312347;ext_odkaz;NA;NA;NA;NA;esel-esb:právní-akt-odkaz/14312347;48;JINEUSTAN;149855;esel-esb:eli/cz/sb/2016/250/2022-02-01/dokument/norma/cast_2/hlava_7/dil_2/par_48;122877;esel-esb:eli/cz/sb/2004/215/2022-02-01/dokument/norma/cast_1/par_8b/odst_4;122877;2004/215;2016/250;2004/215;215/2004 Sb.
esel-esb:eli/cz/sb/2004/215/2022-02-01/dokument/norma/cast_1/par_8b/odst_4;14055577;esel-esb:eli/cz/sb/2004/215/2022-02-01/dokument/norma/cast_1/par_8b;§ 8b odst. 4;NA;4;NA;/2/1/13/5/;esel-esb:právní-akt-fragment/6073397;6073397;6073089;Odstavec_Dc;(4) Na postup koordinačního orgánu podle tohoto zákona se ustanovení § 24 až 27, 32, § 35 písm. a) a d), § 39 písm. b), § 42, 43, § 44 písm. d), § 45, 48, § 68 písm. b), § 70, § 80 odst. 2 a 3, § 82 odst. 1 věty první, § 87, 89, § 93 odst. 1 písm. d), f), g) a h), § 93 odst. 3, § 95 odst. 3, § 96 odst. 1 písm. b), § 96 odst. 3 a § 98 odst. 2 zákona o odpovědnosti za přestupky a řízení o nich nepoužijí.;norms;"<a data-odkaz-id=""14312349"" href=""#""  class=""ext_odkaz"">§ 68 písm. b)</a>";§ 68 písm. b);14312349;ext_odkaz;NA;NA;NA;NA;esel-esb:právní-akt-odkaz/14312349;§ 68 písm. b);JINEUSTAN;149855;esel-esb:eli/cz/sb/2016/250/2022-02-01/dokument/norma/cast_3/hlava_4/par_68/pism_b;122877;esel-esb:eli/cz/sb/2004/215/2022-02-01/dokument/norma/cast_1/par_8b/odst_4;122877;2004/215;2016/250;2004/215;215/2004 Sb.
esel-esb:eli/cz/sb/2004/215/2022-02-01/dokument/norma/cast_1/par_8b/odst_4;14055577;esel-esb:eli/cz/sb/2004/215/2022-02-01/dokument/norma/cast_1/par_8b;§ 8b odst. 4;NA;4;NA;/2/1/13/5/;esel-esb:právní-akt-fragment/6073397;6073397;6073089;Odstavec_Dc;(4) Na postup koordinačního orgánu podle tohoto zákona se ustanovení § 24 až 27, 32, § 35 písm. a) a d), § 39 písm. b), § 42, 43, § 44 písm. d), § 45, 48, § 68 písm. b), § 70, § 80 odst. 2 a 3, § 82 odst. 1 věty první, § 87, 89, § 93 odst. 1 písm. d), f), g) a h), § 93 odst. 3, § 95 odst. 3, § 96 odst. 1 písm. b), § 96 odst. 3 a § 98 odst. 2 zákona o odpovědnosti za přestupky a řízení o nich nepoužijí.;norms;"<a data-odkaz-id=""14312351"" href=""#""  class=""ext_odkaz"">§ 70</a>";§ 70;14312351;ext_odkaz;NA;NA;NA;NA;esel-esb:právní-akt-odkaz/14312351;§ 70;JINEUSTAN;149855;esel-esb:eli/cz/sb/2016/250/2022-02-01/dokument/norma/cast_3/hlava_4/par_70;122877;esel-esb:eli/cz/sb/2004/215/2022-02-01/dokument/norma/cast_1/par_8b/odst_4;122877;2004/215;2016/250;2004/215;215/2004 Sb.
esel-esb:eli/cz/sb/2004/215/2022-02-01/dokument/norma/cast_1/par_8b/odst_4;14055577;esel-esb:eli/cz/sb/2004/215/2022-02-01/dokument/norma/cast_1/par_8b;§ 8b odst. 4;NA;4;NA;/2/1/13/5/;esel-esb:právní-akt-fragment/6073397;6073397;6073089;Odstavec_Dc;(4) Na postup koordinačního orgánu podle tohoto zákona se ustanovení § 24 až 27, 32, § 35 písm. a) a d), § 39 písm. b), § 42, 43, § 44 písm. d), § 45, 48, § 68 písm. b), § 70, § 80 odst. 2 a 3, § 82 odst. 1 věty první, § 87, 89, § 93 odst. 1 písm. d), f), g) a h), § 93 odst. 3, § 95 odst. 3, § 96 odst. 1 písm. b), § 96 odst. 3 a § 98 odst. 2 zákona o odpovědnosti za přestupky a řízení o nich nepoužijí.;norms;"<a data-odkaz-id=""14312353"" href=""#""  class=""ext_odkaz"">§ 80 odst. 2</a>";§ 80 odst. 2;14312353;ext_odkaz;NA;NA;NA;NA;esel-esb:právní-akt-odkaz/14312353;§ 80 odst. 2;JINEUSTAN;149855;esel-esb:eli/cz/sb/2016/250/2022-02-01/dokument/norma/cast_3/hlava_6/dil_2/par_80;122877;esel-esb:eli/cz/sb/2004/215/2022-02-01/dokument/norma/cast_1/par_8b/odst_4;122877;2004/215;2016/250;2004/215;215/2004 Sb.
esel-esb:eli/cz/sb/2004/215/2022-02-01/dokument/norma/cast_1/par_8b/odst_4;14055577;esel-esb:eli/cz/sb/2004/215/2022-02-01/dokument/norma/cast_1/par_8b;§ 8b odst. 4;NA;4;NA;/2/1/13/5/;esel-esb:právní-akt-fragment/6073397;6073397;6073089;Odstavec_Dc;(4) Na postup koordinačního orgánu podle tohoto zákona se ustanovení § 24 až 27, 32, § 35 písm. a) a d), § 39 písm. b), § 42, 43, § 44 písm. d), § 45, 48, § 68 písm. b), § 70, § 80 odst. 2 a 3, § 82 odst. 1 věty první, § 87, 89, § 93 odst. 1 písm. d), f), g) a h), § 93 odst. 3, § 95 odst. 3, § 96 odst. 1 písm. b), § 96 odst. 3 a § 98 odst. 2 zákona o odpovědnosti za přestupky a řízení o nich nepoužijí.;norms;"<a data-odkaz-id=""14312355"" href=""#""  class=""ext_odkaz"">3</a>";3;14312355;ext_odkaz;NA;NA;NA;NA;esel-esb:právní-akt-odkaz/14312355;3;JINEUSTAN;149855;esel-esb:eli/cz/sb/2016/250/2022-02-01/dokument/norma/cast_3/hlava_6/dil_2/par_80/odst_3;122877;esel-esb:eli/cz/sb/2004/215/2022-02-01/dokument/norma/cast_1/par_8b/odst_4;122877;2004/215;2016/250;2004/215;215/2004 Sb.
esel-esb:eli/cz/sb/2004/215/2022-02-01/dokument/norma/cast_1/par_8b/odst_4;14055577;esel-esb:eli/cz/sb/2004/215/2022-02-01/dokument/norma/cast_1/par_8b;§ 8b odst. 4;NA;4;NA;/2/1/13/5/;esel-esb:právní-akt-fragment/6073397;6073397;6073089;Odstavec_Dc;(4) Na postup koordinačního orgánu podle tohoto zákona se ustanovení § 24 až 27, 32, § 35 písm. a) a d), § 39 písm. b), § 42, 43, § 44 písm. d), § 45, 48, § 68 písm. b), § 70, § 80 odst. 2 a 3, § 82 odst. 1 věty první, § 87, 89, § 93 odst. 1 písm. d), f), g) a h), § 93 odst. 3, § 95 odst. 3, § 96 odst. 1 písm. b), § 96 odst. 3 a § 98 odst. 2 zákona o odpovědnosti za přestupky a řízení o nich nepoužijí.;norms;"<a data-odkaz-id=""14312357"" href=""#""  class=""ext_odkaz"">§ 82 odst. 1</a>";§ 82 odst. 1;14312357;ext_odkaz;NA;NA;NA;NA;esel-esb:právní-akt-odkaz/14312357;§ 82 odst. 1;JINEUSTAN;149855;esel-esb:eli/cz/sb/2016/250/2022-02-01/dokument/norma/cast_3/hlava_6/dil_2/par_82/odst_1;122877;esel-esb:eli/cz/sb/2004/215/2022-02-01/dokument/norma/cast_1/par_8b/odst_4;122877;2004/215;2016/250;2004/215;215/2004 Sb.
esel-esb:eli/cz/sb/2004/215/2022-02-01/dokument/norma/cast_1/par_8b/odst_4;14055577;esel-esb:eli/cz/sb/2004/215/2022-02-01/dokument/norma/cast_1/par_8b;§ 8b odst. 4;NA;4;NA;/2/1/13/5/;esel-esb:právní-akt-fragment/6073397;6073397;6073089;Odstavec_Dc;(4) Na postup koordinačního orgánu podle tohoto zákona se ustanovení § 24 až 27, 32, § 35 písm. a) a d), § 39 písm. b), § 42, 43, § 44 písm. d), § 45, 48, § 68 písm. b), § 70, § 80 odst. 2 a 3, § 82 odst. 1 věty první, § 87, 89, § 93 odst. 1 písm. d), f), g) a h), § 93 odst. 3, § 95 odst. 3, § 96 odst. 1 písm. b), § 96 odst. 3 a § 98 odst. 2 zákona o odpovědnosti za přestupky a řízení o nich nepoužijí.;norms;"<a data-odkaz-id=""14312359"" href=""#""  class=""ext_odkaz"">§ 87</a>";§ 87;14312359;ext_odkaz;NA;NA;NA;NA;esel-esb:právní-akt-odkaz/14312359;§ 87;JINEUSTAN;149855;esel-esb:eli/cz/sb/2016/250/2022-02-01/dokument/norma/cast_3/hlava_6/dil_2/par_87;122877;esel-esb:eli/cz/sb/2004/215/2022-02-01/dokument/norma/cast_1/par_8b/odst_4;122877;2004/215;2016/250;2004/215;215/2004 Sb.
esel-esb:eli/cz/sb/2004/215/2022-02-01/dokument/norma/cast_1/par_8b/odst_4;14055577;esel-esb:eli/cz/sb/2004/215/2022-02-01/dokument/norma/cast_1/par_8b;§ 8b odst. 4;NA;4;NA;/2/1/13/5/;esel-esb:právní-akt-fragment/6073397;6073397;6073089;Odstavec_Dc;(4) Na postup koordinačního orgánu podle tohoto zákona se ustanovení § 24 až 27, 32, § 35 písm. a) a d), § 39 písm. b), § 42, 43, § 44 písm. d), § 45, 48, § 68 písm. b), § 70, § 80 odst. 2 a 3, § 82 odst. 1 věty první, § 87, 89, § 93 odst. 1 písm. d), f), g) a h), § 93 odst. 3, § 95 odst. 3, § 96 odst. 1 písm. b), § 96 odst. 3 a § 98 odst. 2 zákona o odpovědnosti za přestupky a řízení o nich nepoužijí.;norms;"<a data-odkaz-id=""14312361"" href=""#""  class=""ext_odkaz"">89</a>";89;14312361;ext_odkaz;NA;NA;NA;NA;esel-esb:právní-akt-odkaz/14312361;89;JINEUSTAN;149855;esel-esb:eli/cz/sb/2016/250/2022-02-01/dokument/norma/cast_3/hlava_6/dil_3/par_89;122877;esel-esb:eli/cz/sb/2004/215/2022-02-01/dokument/norma/cast_1/par_8b/odst_4;122877;2004/215;2016/250;2004/215;215/2004 Sb.
esel-esb:eli/cz/sb/2004/215/2022-02-01/dokument/norma/cast_1/par_8b/odst_4;14055577;esel-esb:eli/cz/sb/2004/215/2022-02-01/dokument/norma/cast_1/par_8b;§ 8b odst. 4;NA;4;NA;/2/1/13/5/;esel-esb:právní-akt-fragment/6073397;6073397;6073089;Odstavec_Dc;(4) Na postup koordinačního orgánu podle tohoto zákona se ustanovení § 24 až 27, 32, § 35 písm. a) a d), § 39 písm. b), § 42, 43, § 44 písm. d), § 45, 48, § 68 písm. b), § 70, § 80 odst. 2 a 3, § 82 odst. 1 věty první, § 87, 89, § 93 odst. 1 písm. d), f), g) a h), § 93 odst. 3, § 95 odst. 3, § 96 odst. 1 písm. b), § 96 odst. 3 a § 98 odst. 2 zákona o odpovědnosti za přestupky a řízení o nich nepoužijí.;norms;"<a data-odkaz-id=""14312363"" href=""#""  class=""ext_odkaz"">§ 93 odst. 1 písm. d)</a>";§ 93 odst. 1 písm. d);14312363;ext_odkaz;NA;NA;NA;NA;esel-esb:právní-akt-odkaz/14312363;§ 93 odst. 1 písm. d);JINEUSTAN;149855;esel-esb:eli/cz/sb/2016/250/2022-02-01/dokument/norma/cast_3/hlava_7/par_93/odst_1/pism_d;122877;esel-esb:eli/cz/sb/2004/215/2022-02-01/dokument/norma/cast_1/par_8b/odst_4;122877;2004/215;2016/250;2004/215;215/2004 Sb.
esel-esb:eli/cz/sb/2004/215/2022-02-01/dokument/norma/cast_1/par_8b/odst_4;14055577;esel-esb:eli/cz/sb/2004/215/2022-02-01/dokument/norma/cast_1/par_8b;§ 8b odst. 4;NA;4;NA;/2/1/13/5/;esel-esb:právní-akt-fragment/6073397;6073397;6073089;Odstavec_Dc;(4) Na postup koordinačního orgánu podle tohoto zákona se ustanovení § 24 až 27, 32, § 35 písm. a) a d), § 39 písm. b), § 42, 43, § 44 písm. d), § 45, 48, § 68 písm. b), § 70, § 80 odst. 2 a 3, § 82 odst. 1 věty první, § 87, 89, § 93 odst. 1 písm. d), f), g) a h), § 93 odst. 3, § 95 odst. 3, § 96 odst. 1 písm. b), § 96 odst. 3 a § 98 odst. 2 zákona o odpovědnosti za přestupky a řízení o nich nepoužijí.;norms;"<a data-odkaz-id=""14312365"" href=""#""  class=""ext_odkaz"">f)</a>";f);14312365;ext_odkaz;NA;NA;NA;NA;esel-esb:právní-akt-odkaz/14312365;f);JINEUSTAN;149855;esel-esb:eli/cz/sb/2016/250/2022-02-01/dokument/norma/cast_3/hlava_7/par_93/odst_1/pism_f;122877;esel-esb:eli/cz/sb/2004/215/2022-02-01/dokument/norma/cast_1/par_8b/odst_4;122877;2004/215;2016/250;2004/215;215/2004 Sb.
esel-esb:eli/cz/sb/2004/215/2022-02-01/dokument/norma/cast_1/par_8b/odst_4;14055577;esel-esb:eli/cz/sb/2004/215/2022-02-01/dokument/norma/cast_1/par_8b;§ 8b odst. 4;NA;4;NA;/2/1/13/5/;esel-esb:právní-akt-fragment/6073397;6073397;6073089;Odstavec_Dc;(4) Na postup koordinačního orgánu podle tohoto zákona se ustanovení § 24 až 27, 32, § 35 písm. a) a d), § 39 písm. b), § 42, 43, § 44 písm. d), § 45, 48, § 68 písm. b), § 70, § 80 odst. 2 a 3, § 82 odst. 1 věty první, § 87, 89, § 93 odst. 1 písm. d), f), g) a h), § 93 odst. 3, § 95 odst. 3, § 96 odst. 1 písm. b), § 96 odst. 3 a § 98 odst. 2 zákona o odpovědnosti za přestupky a řízení o nich nepoužijí.;norms;"<a data-odkaz-id=""14312367"" href=""#""  class=""ext_odkaz"">g)</a>";g);14312367;ext_odkaz;NA;NA;NA;NA;esel-esb:právní-akt-odkaz/14312367;g);JINEUSTAN;149855;esel-esb:eli/cz/sb/2016/250/2022-02-01/dokument/norma/cast_3/hlava_7/par_93/odst_1/pism_g;122877;esel-esb:eli/cz/sb/2004/215/2022-02-01/dokument/norma/cast_1/par_8b/odst_4;122877;2004/215;2016/250;2004/215;215/2004 Sb.
esel-esb:eli/cz/sb/2004/215/2022-02-01/dokument/norma/cast_1/par_8b/odst_4;14055577;esel-esb:eli/cz/sb/2004/215/2022-02-01/dokument/norma/cast_1/par_8b;§ 8b odst. 4;NA;4;NA;/2/1/13/5/;esel-esb:právní-akt-fragment/6073397;6073397;6073089;Odstavec_Dc;(4) Na postup koordinačního orgánu podle tohoto zákona se ustanovení § 24 až 27, 32, § 35 písm. a) a d), § 39 písm. b), § 42, 43, § 44 písm. d), § 45, 48, § 68 písm. b), § 70, § 80 odst. 2 a 3, § 82 odst. 1 věty první, § 87, 89, § 93 odst. 1 písm. d), f), g) a h), § 93 odst. 3, § 95 odst. 3, § 96 odst. 1 písm. b), § 96 odst. 3 a § 98 odst. 2 zákona o odpovědnosti za přestupky a řízení o nich nepoužijí.;norms;"<a data-odkaz-id=""14312369"" href=""#""  class=""ext_odkaz"">h)</a>";h);14312369;ext_odkaz;NA;NA;NA;NA;esel-esb:právní-akt-odkaz/14312369;h);JINEUSTAN;149855;esel-esb:eli/cz/sb/2016/250/2022-02-01/dokument/norma/cast_3/hlava_7/par_93/odst_1/pism_h;122877;esel-esb:eli/cz/sb/2004/215/2022-02-01/dokument/norma/cast_1/par_8b/odst_4;122877;2004/215;2016/250;2004/215;215/2004 Sb.
esel-esb:eli/cz/sb/2004/215/2022-02-01/dokument/norma/cast_1/par_8b/odst_4;14055577;esel-esb:eli/cz/sb/2004/215/2022-02-01/dokument/norma/cast_1/par_8b;§ 8b odst. 4;NA;4;NA;/2/1/13/5/;esel-esb:právní-akt-fragment/6073397;6073397;6073089;Odstavec_Dc;(4) Na postup koordinačního orgánu podle tohoto zákona se ustanovení § 24 až 27, 32, § 35 písm. a) a d), § 39 písm. b), § 42, 43, § 44 písm. d), § 45, 48, § 68 písm. b), § 70, § 80 odst. 2 a 3, § 82 odst. 1 věty první, § 87, 89, § 93 odst. 1 písm. d), f), g) a h), § 93 odst. 3, § 95 odst. 3, § 96 odst. 1 písm. b), § 96 odst. 3 a § 98 odst. 2 zákona o odpovědnosti za přestupky a řízení o nich nepoužijí.;norms;"<a data-odkaz-id=""14312371"" href=""#""  class=""ext_odkaz"">§ 93 odst. 3</a>";§ 93 odst. 3;14312371;ext_odkaz;NA;NA;NA;NA;esel-esb:právní-akt-odkaz/14312371;§ 93 odst. 3;JINEUSTAN;149855;esel-esb:eli/cz/sb/2016/250/2022-02-01/dokument/norma/cast_3/hlava_7/par_93/odst_3;122877;esel-esb:eli/cz/sb/2004/215/2022-02-01/dokument/norma/cast_1/par_8b/odst_4;122877;2004/215;2016/250;2004/215;215/2004 Sb.
esel-esb:eli/cz/sb/2004/215/2022-02-01/dokument/norma/cast_1/par_8b/odst_4;14055577;esel-esb:eli/cz/sb/2004/215/2022-02-01/dokument/norma/cast_1/par_8b;§ 8b odst. 4;NA;4;NA;/2/1/13/5/;esel-esb:právní-akt-fragment/6073397;6073397;6073089;Odstavec_Dc;(4) Na postup koordinačního orgánu podle tohoto zákona se ustanovení § 24 až 27, 32, § 35 písm. a) a d), § 39 písm. b), § 42, 43, § 44 písm. d), § 45, 48, § 68 písm. b), § 70, § 80 odst. 2 a 3, § 82 odst. 1 věty první, § 87, 89, § 93 odst. 1 písm. d), f), g) a h), § 93 odst. 3, § 95 odst. 3, § 96 odst. 1 písm. b), § 96 odst. 3 a § 98 odst. 2 zákona o odpovědnosti za přestupky a řízení o nich nepoužijí.;norms;"<a data-odkaz-id=""14312373"" href=""#""  class=""ext_odkaz"">§ 95 odst. 3</a>";§ 95 odst. 3;14312373;ext_odkaz;NA;NA;NA;NA;esel-esb:právní-akt-odkaz/14312373;§ 95 odst. 3;JINEUSTAN;149853;esel-esb:eli/cz/sb/2016/250/2020-07-22/dokument/norma/cast_3/hlava_8/par_95/odst_2;122877;esel-esb:eli/cz/sb/2004/215/2022-02-01/dokument/norma/cast_1/par_8b/odst_4;122877;2004/215;2016/250;2004/215;215/2004 Sb.
esel-esb:eli/cz/sb/2004/215/2022-02-01/dokument/norma/cast_1/par_8b/odst_4;14055577;esel-esb:eli/cz/sb/2004/215/2022-02-01/dokument/norma/cast_1/par_8b;§ 8b odst. 4;NA;4;NA;/2/1/13/5/;esel-esb:právní-akt-fragment/6073397;6073397;6073089;Odstavec_Dc;(4) Na postup koordinačního orgánu podle tohoto zákona se ustanovení § 24 až 27, 32, § 35 písm. a) a d), § 39 písm. b), § 42, 43, § 44 písm. d), § 45, 48, § 68 písm. b), § 70, § 80 odst. 2 a 3, § 82 odst. 1 věty první, § 87, 89, § 93 odst. 1 písm. d), f), g) a h), § 93 odst. 3, § 95 odst. 3, § 96 odst. 1 písm. b), § 96 odst. 3 a § 98 odst. 2 zákona o odpovědnosti za přestupky a řízení o nich nepoužijí.;norms;"<a data-odkaz-id=""14312375"" href=""#""  class=""ext_odkaz"">§ 96 odst. 1 písm. b)</a>";§ 96 odst. 1 písm. b);14312375;ext_odkaz;NA;NA;NA;NA;esel-esb:právní-akt-odkaz/14312375;§ 96 odst. 1 písm. b);JINEUSTAN;149855;esel-esb:eli/cz/sb/2016/250/2022-02-01/dokument/norma/cast_3/hlava_9/par_96/odst_1/pism_b;122877;esel-esb:eli/cz/sb/2004/215/2022-02-01/dokument/norma/cast_1/par_8b/odst_4;122877;2004/215;2016/250;2004/215;215/2004 Sb.
esel-esb:eli/cz/sb/2004/215/2022-02-01/dokument/norma/cast_1/par_8b/odst_4;14055577;esel-esb:eli/cz/sb/2004/215/2022-02-01/dokument/norma/cast_1/par_8b;§ 8b odst. 4;NA;4;NA;/2/1/13/5/;esel-esb:právní-akt-fragment/6073397;6073397;6073089;Odstavec_Dc;(4) Na postup koordinačního orgánu podle tohoto zákona se ustanovení § 24 až 27, 32, § 35 písm. a) a d), § 39 písm. b), § 42, 43, § 44 písm. d), § 45, 48, § 68 písm. b), § 70, § 80 odst. 2 a 3, § 82 odst. 1 věty první, § 87, 89, § 93 odst. 1 písm. d), f), g) a h), § 93 odst. 3, § 95 odst. 3, § 96 odst. 1 písm. b), § 96 odst. 3 a § 98 odst. 2 zákona o odpovědnosti za přestupky a řízení o nich nepoužijí.;norms;"<a data-odkaz-id=""14312377"" href=""#""  class=""ext_odkaz"">§ 96 odst. 3</a>";§ 96 odst. 3;14312377;ext_odkaz;NA;NA;NA;NA;esel-esb:právní-akt-odkaz/14312377;§ 96 odst. 3;JINEUSTAN;149855;esel-esb:eli/cz/sb/2016/250/2022-02-01/dokument/norma/cast_3/hlava_9/par_96/odst_3;122877;esel-esb:eli/cz/sb/2004/215/2022-02-01/dokument/norma/cast_1/par_8b/odst_4;122877;2004/215;2016/250;2004/215;215/2004 Sb.
esel-esb:eli/cz/sb/2004/215/2022-02-01/dokument/norma/cast_1/par_8b/odst_4;14055577;esel-esb:eli/cz/sb/2004/215/2022-02-01/dokument/norma/cast_1/par_8b;§ 8b odst. 4;NA;4;NA;/2/1/13/5/;esel-esb:právní-akt-fragment/6073397;6073397;6073089;Odstavec_Dc;(4) Na postup koordinačního orgánu podle tohoto zákona se ustanovení § 24 až 27, 32, § 35 písm. a) a d), § 39 písm. b), § 42, 43, § 44 písm. d), § 45, 48, § 68 písm. b), § 70, § 80 odst. 2 a 3, § 82 odst. 1 věty první, § 87, 89, § 93 odst. 1 písm. d), f), g) a h), § 93 odst. 3, § 95 odst. 3, § 96 odst. 1 písm. b), § 96 odst. 3 a § 98 odst. 2 zákona o odpovědnosti za přestupky a řízení o nich nepoužijí.;norms;"<a data-odkaz-id=""14312379"" href=""#""  class=""ext_odkaz"">§ 98 odst. 2</a>";§ 98 odst. 2;14312379;ext_odkaz;NA;NA;NA;NA;esel-esb:právní-akt-odkaz/14312379;§ 98 odst. 2;JINEUSTAN;149855;esel-esb:eli/cz/sb/2016/250/2022-02-01/dokument/norma/cast_3/hlava_9/par_98/odst_2;122877;esel-esb:eli/cz/sb/2004/215/2022-02-01/dokument/norma/cast_1/par_8b/odst_4;122877;2004/215;2016/250;2004/215;215/2004 Sb.
esel-esb:eli/cz/sb/2004/215/2022-02-01/dokument/norma/cast_1/par_8b/odst_4;14055577;esel-esb:eli/cz/sb/2004/215/2022-02-01/dokument/norma/cast_1/par_8b;§ 8b odst. 4;NA;4;NA;/2/1/13/5/;esel-esb:právní-akt-fragment/6073397;6073397;6073089;Odstavec_Dc;(4) Na postup koordinačního orgánu podle tohoto zákona se ustanovení § 24 až 27, 32, § 35 písm. a) a d), § 39 písm. b), § 42, 43, § 44 písm. d), § 45, 48, § 68 písm. b), § 70, § 80 odst. 2 a 3, § 82 odst. 1 věty první, § 87, 89, § 93 odst. 1 písm. d), f), g) a h), § 93 odst. 3, § 95 odst. 3, § 96 odst. 1 písm. b), § 96 odst. 3 a § 98 odst. 2 zákona o odpovědnosti za přestupky a řízení o nich nepoužijí.;norms;"<a data-odkaz-id=""14312381"" href=""#""  class=""ext_odkaz"">o odpovědnosti za přestupky a řízení o nich</a>";o odpovědnosti za přestupky a řízení o nich;14312381;ext_odkaz;NA;NA;NA;NA;esel-esb:právní-akt-odkaz/14312381;o odpovědnosti za přestupky a řízení o nich;JINYPRED;149855;esel-esb:eli/cz/sb/2016/250/2022-02-01/dokument;122877;esel-esb:eli/cz/sb/2004/215/2022-02-01/dokument/norma/cast_1/par_8b/odst_4;122877;2004/215;2016/250;2004/215;215/2004 Sb.
esel-esb:eli/cz/sb/2004/215/2022-02-01/dokument/norma/cast_1/par_8c/odst_1;14055580;esel-esb:eli/cz/sb/2004/215/2022-02-01/dokument/norma/cast_1/par_8c;§ 8c odst. 1;NA;1;NA;/2/1/14/2/;esel-esb:právní-akt-fragment/6073265;6073265;6073265;Odstavec_Dc;(1) Jestliže koordinační orgán zjistí, že poskytovatel podpory malého rozsahu neuvedl název přímo použitelného předpisu Evropské unie v právním úkonu poskytnutí podpory malého rozsahu nebo nezaznamenal do centrálního registru údaje o poskytnuté podpoře a o jejím příjemci podle § 3a odst. 4, může uložit poskytovateli opatření k nápravě, a to;norms;"<a data-odkaz-id=""14312649"" href=""#""  class=""int_odkaz"">§ 3a odst. 4</a>";§ 3a odst. 4;14312649;int_odkaz;NA;NA;NA;NA;esel-esb:právní-akt-odkaz/14312649;§ 3a odst. 4;INTUSTAN;122873;esel-esb:eli/cz/sb/2004/215/2012-08-01/dokument/norma/cast_1/par_3a/odst_4;122873;esel-esb:eli/cz/sb/2004/215/2012-08-01/dokument/norma/cast_1/par_8c/odst_1;122873;2004/215;2004/215;2004/215;215/2004 Sb.
esel-esb:eli/cz/sb/2004/215/2022-02-01/dokument/norma/cast_1/par_8c/odst_2;14055584;esel-esb:eli/cz/sb/2004/215/2022-02-01/dokument/norma/cast_1/par_8c;§ 8c odst. 2;NA;2;NA;/2/1/14/3/;esel-esb:právní-akt-fragment/6073271;6073271;6073271;Odstavec_Dc;(2) Řízení o přezkoumání splnění povinnosti podle § 3a odst. 4 může koordinační orgán zahájit nejdéle do 3 let ode dne poskytnutí podpory malého rozsahu.;norms;"<a data-odkaz-id=""14312643"" href=""#""  class=""int_odkaz"">§ 3a odst. 4</a>";§ 3a odst. 4;14312643;int_odkaz;NA;NA;NA;NA;esel-esb:právní-akt-odkaz/14312643;§ 3a odst. 4;INTUSTAN;122873;esel-esb:eli/cz/sb/2004/215/2012-08-01/dokument/norma/cast_1/par_3a/odst_4;122873;esel-esb:eli/cz/sb/2004/215/2012-08-01/dokument/norma/cast_1/par_8c/odst_2;122873;2004/215;2004/215;2004/215;215/2004 Sb.
esel-esb:eli/cz/sb/2004/215/2022-02-01/dokument/poznamkypodcarou/ppc_1;14055612;esel-esb:eli/cz/sb/2004/215/2022-02-01/dokument/poznamkypodcarou;pozn. 1;NA;1;NA;/6/1/;esel-esb:právní-akt-fragment/6073275;6073275;6073153;PPC;1) Nařízení Rady (ES) č. 994/1998 ze dne 7. května 1998 o použití článků 92 a 93 Smlouvy o založení Evropského společenství na určité kategorie horizontální státní podpory. Nařízení Rady (ES) č. 659/1999 ze dne 22. března 1999, kterým se stanoví prováděcí pravidla k článku 93 Smlouvy o založení ES. Nařízení Komise (ES) č. 794/2004 ze dne 21. dubna 2004, kterým se provádí nařízení Rady (ES) č. 659/1999, kterým se stanoví prováděcí pravidla k článku 93 Smlouvy o založení ES. Nařízení Komise (ES) č. 1998/2006 ze dne 15. prosince 2006 o použití článků 87 a 88 Smlouvy o ES na podporu de minimis. Nařízení Komise (ES) č. 875/2007 ze dne 24. července 2007 o použití článků 87 a 88 Smlouvy o ES na podporu de minimis v odvětví rybolovu a o změně nařízení (ES) č. 1860/2004. Nařízení Komise (ES) č. 1535/2007 ze dne 20. prosince 2007 o použití článků 87 a 88 Smlouvy o ES na podporu de minimis v produkčním odvětví zemědělských produktů.;notes;"<a data-odkaz-id=""23313411"" href=""#""  class=""ext_odkaz"" data-eurlex=""true"" data-celexid=""31998R0994"" data-cellarid=""654195d8-74fb-40ee-bf6c-416daec79936"" data-orig-href=""http://eur-lex.europa.eu/legal-content/CS/AUTO/?uri=cellar:654195d8-74fb-40ee-bf6c-416daec79936"">994/1998</a>";994/1998;23313411;ext_odkaz;true;31998R0994;654195d8-74fb-40ee-bf6c-416daec79936;http://eur-lex.europa.eu/legal-content/CS/AUTO/?uri=cellar:654195d8-74fb-40ee-bf6c-416daec79936;esel-esb:právní-akt-odkaz/23313411;994/1998;PREDPEU;363599;NA;NA;esel-esb:eli/cz/sb/2004/215/2012-08-01/dokument/poznamkypodcarou/ppc_1;122873;2004/215;NA;2004/215;215/2004 Sb.
esel-esb:eli/cz/sb/2004/215/2022-02-01/dokument/poznamkypodcarou/ppc_1;14055612;esel-esb:eli/cz/sb/2004/215/2022-02-01/dokument/poznamkypodcarou;pozn. 1;NA;1;NA;/6/1/;esel-esb:právní-akt-fragment/6073275;6073275;6073153;PPC;1) Nařízení Rady (ES) č. 994/1998 ze dne 7. května 1998 o použití článků 92 a 93 Smlouvy o založení Evropského společenství na určité kategorie horizontální státní podpory. Nařízení Rady (ES) č. 659/1999 ze dne 22. března 1999, kterým se stanoví prováděcí pravidla k článku 93 Smlouvy o založení ES. Nařízení Komise (ES) č. 794/2004 ze dne 21. dubna 2004, kterým se provádí nařízení Rady (ES) č. 659/1999, kterým se stanoví prováděcí pravidla k článku 93 Smlouvy o založení ES. Nařízení Komise (ES) č. 1998/2006 ze dne 15. prosince 2006 o použití článků 87 a 88 Smlouvy o ES na podporu de minimis. Nařízení Komise (ES) č. 875/2007 ze dne 24. července 2007 o použití článků 87 a 88 Smlouvy o ES na podporu de minimis v odvětví rybolovu a o změně nařízení (ES) č. 1860/2004. Nařízení Komise (ES) č. 1535/2007 ze dne 20. prosince 2007 o použití článků 87 a 88 Smlouvy o ES na podporu de minimis v produkčním odvětví zemědělských produktů.;notes;"<a data-odkaz-id=""23313417"" href=""#""  class=""ext_odkaz"" data-eurlex=""true"" data-celexid=""31999R0659"" data-cellarid=""70798f7e-c1f1-4764-b719-74aa04e1b569"" data-orig-href=""http://eur-lex.europa.eu/legal-content/CS/AUTO/?uri=cellar:70798f7e-c1f1-4764-b719-74aa04e1b569"">659/1999</a>";659/1999;23313417;ext_odkaz;true;31999R0659;70798f7e-c1f1-4764-b719-74aa04e1b569;http://eur-lex.europa.eu/legal-content/CS/AUTO/?uri=cellar:70798f7e-c1f1-4764-b719-74aa04e1b569;esel-esb:právní-akt-odkaz/23313417;659/1999;PREDPEU;340419;NA;NA;esel-esb:eli/cz/sb/2004/215/2012-08-01/dokument/poznamkypodcarou/ppc_1;122873;2004/215;NA;2004/215;215/2004 Sb.
esel-esb:eli/cz/sb/2004/215/2022-02-01/dokument/poznamkypodcarou/ppc_1;14055612;esel-esb:eli/cz/sb/2004/215/2022-02-01/dokument/poznamkypodcarou;pozn. 1;NA;1;NA;/6/1/;esel-esb:právní-akt-fragment/6073275;6073275;6073153;PPC;1) Nařízení Rady (ES) č. 994/1998 ze dne 7. května 1998 o použití článků 92 a 93 Smlouvy o založení Evropského společenství na určité kategorie horizontální státní podpory. Nařízení Rady (ES) č. 659/1999 ze dne 22. března 1999, kterým se stanoví prováděcí pravidla k článku 93 Smlouvy o založení ES. Nařízení Komise (ES) č. 794/2004 ze dne 21. dubna 2004, kterým se provádí nařízení Rady (ES) č. 659/1999, kterým se stanoví prováděcí pravidla k článku 93 Smlouvy o založení ES. Nařízení Komise (ES) č. 1998/2006 ze dne 15. prosince 2006 o použití článků 87 a 88 Smlouvy o ES na podporu de minimis. Nařízení Komise (ES) č. 875/2007 ze dne 24. července 2007 o použití článků 87 a 88 Smlouvy o ES na podporu de minimis v odvětví rybolovu a o změně nařízení (ES) č. 1860/2004. Nařízení Komise (ES) č. 1535/2007 ze dne 20. prosince 2007 o použití článků 87 a 88 Smlouvy o ES na podporu de minimis v produkčním odvětví zemědělských produktů.;notes;"<a data-odkaz-id=""23313423"" href=""#""  class=""ext_odkaz"" data-eurlex=""true"" data-celexid=""32004R0794"" data-cellarid=""26f403d1-7656-4c91-9726-c08d466ff8bd"" data-orig-href=""http://eur-lex.europa.eu/legal-content/CS/AUTO/?uri=cellar:26f403d1-7656-4c91-9726-c08d466ff8bd"">794/2004</a>";794/2004;23313423;ext_odkaz;true;32004R0794;26f403d1-7656-4c91-9726-c08d466ff8bd;http://eur-lex.europa.eu/legal-content/CS/AUTO/?uri=cellar:26f403d1-7656-4c91-9726-c08d466ff8bd;esel-esb:právní-akt-odkaz/23313423;794/2004;PREDPEU;388683;NA;NA;esel-esb:eli/cz/sb/2004/215/2012-08-01/dokument/poznamkypodcarou/ppc_1;122873;2004/215;NA;2004/215;215/2004 Sb.
esel-esb:eli/cz/sb/2004/215/2022-02-01/dokument/poznamkypodcarou/ppc_1;14055612;esel-esb:eli/cz/sb/2004/215/2022-02-01/dokument/poznamkypodcarou;pozn. 1;NA;1;NA;/6/1/;esel-esb:právní-akt-fragment/6073275;6073275;6073153;PPC;1) Nařízení Rady (ES) č. 994/1998 ze dne 7. května 1998 o použití článků 92 a 93 Smlouvy o založení Evropského společenství na určité kategorie horizontální státní podpory. Nařízení Rady (ES) č. 659/1999 ze dne 22. března 1999, kterým se stanoví prováděcí pravidla k článku 93 Smlouvy o založení ES. Nařízení Komise (ES) č. 794/2004 ze dne 21. dubna 2004, kterým se provádí nařízení Rady (ES) č. 659/1999, kterým se stanoví prováděcí pravidla k článku 93 Smlouvy o založení ES. Nařízení Komise (ES) č. 1998/2006 ze dne 15. prosince 2006 o použití článků 87 a 88 Smlouvy o ES na podporu de minimis. Nařízení Komise (ES) č. 875/2007 ze dne 24. července 2007 o použití článků 87 a 88 Smlouvy o ES na podporu de minimis v odvětví rybolovu a o změně nařízení (ES) č. 1860/2004. Nařízení Komise (ES) č. 1535/2007 ze dne 20. prosince 2007 o použití článků 87 a 88 Smlouvy o ES na podporu de minimis v produkčním odvětví zemědělských produktů.;notes;"<a data-odkaz-id=""23313429"" href=""#""  class=""ext_odkaz"" data-eurlex=""true"" data-celexid=""31999R0659"" data-cellarid=""70798f7e-c1f1-4764-b719-74aa04e1b569"" data-orig-href=""http://eur-lex.europa.eu/legal-content/CS/AUTO/?uri=cellar:70798f7e-c1f1-4764-b719-74aa04e1b569"">659/1999</a>";659/1999;23313429;ext_odkaz;true;31999R0659;70798f7e-c1f1-4764-b719-74aa04e1b569;http://eur-lex.europa.eu/legal-content/CS/AUTO/?uri=cellar:70798f7e-c1f1-4764-b719-74aa04e1b569;esel-esb:právní-akt-odkaz/23313429;659/1999;PREDPEU;340419;NA;NA;esel-esb:eli/cz/sb/2004/215/2012-08-01/dokument/poznamkypodcarou/ppc_1;122873;2004/215;NA;2004/215;215/2004 Sb.
esel-esb:eli/cz/sb/2004/215/2022-02-01/dokument/poznamkypodcarou/ppc_1;14055612;esel-esb:eli/cz/sb/2004/215/2022-02-01/dokument/poznamkypodcarou;pozn. 1;NA;1;NA;/6/1/;esel-esb:právní-akt-fragment/6073275;6073275;6073153;PPC;1) Nařízení Rady (ES) č. 994/1998 ze dne 7. května 1998 o použití článků 92 a 93 Smlouvy o založení Evropského společenství na určité kategorie horizontální státní podpory. Nařízení Rady (ES) č. 659/1999 ze dne 22. března 1999, kterým se stanoví prováděcí pravidla k článku 93 Smlouvy o založení ES. Nařízení Komise (ES) č. 794/2004 ze dne 21. dubna 2004, kterým se provádí nařízení Rady (ES) č. 659/1999, kterým se stanoví prováděcí pravidla k článku 93 Smlouvy o založení ES. Nařízení Komise (ES) č. 1998/2006 ze dne 15. prosince 2006 o použití článků 87 a 88 Smlouvy o ES na podporu de minimis. Nařízení Komise (ES) č. 875/2007 ze dne 24. července 2007 o použití článků 87 a 88 Smlouvy o ES na podporu de minimis v odvětví rybolovu a o změně nařízení (ES) č. 1860/2004. Nařízení Komise (ES) č. 1535/2007 ze dne 20. prosince 2007 o použití článků 87 a 88 Smlouvy o ES na podporu de minimis v produkčním odvětví zemědělských produktů.;notes;"<a data-odkaz-id=""23313435"" href=""#""  class=""ext_odkaz"" data-eurlex=""true"" data-celexid=""32006R1998"" data-cellarid=""3d5a3f85-4ccf-4f99-b69e-4721c1ba22b5"" data-orig-href=""http://eur-lex.europa.eu/legal-content/CS/AUTO/?uri=cellar:3d5a3f85-4ccf-4f99-b69e-4721c1ba22b5"">1998/2006</a>";1998/2006;23313435;ext_odkaz;true;32006R1998;3d5a3f85-4ccf-4f99-b69e-4721c1ba22b5;http://eur-lex.europa.eu/legal-content/CS/AUTO/?uri=cellar:3d5a3f85-4ccf-4f99-b69e-4721c1ba22b5;esel-esb:právní-akt-odkaz/23313435;1998/2006;PREDPEU;358289;NA;NA;esel-esb:eli/cz/sb/2004/215/2012-08-01/dokument/poznamkypodcarou/ppc_1;122873;2004/215;NA;2004/215;215/2004 Sb.
esel-esb:eli/cz/sb/2004/215/2022-02-01/dokument/poznamkypodcarou/ppc_1;14055612;esel-esb:eli/cz/sb/2004/215/2022-02-01/dokument/poznamkypodcarou;pozn. 1;NA;1;NA;/6/1/;esel-esb:právní-akt-fragment/6073275;6073275;6073153;PPC;1) Nařízení Rady (ES) č. 994/1998 ze dne 7. května 1998 o použití článků 92 a 93 Smlouvy o založení Evropského společenství na určité kategorie horizontální státní podpory. Nařízení Rady (ES) č. 659/1999 ze dne 22. března 1999, kterým se stanoví prováděcí pravidla k článku 93 Smlouvy o založení ES. Nařízení Komise (ES) č. 794/2004 ze dne 21. dubna 2004, kterým se provádí nařízení Rady (ES) č. 659/1999, kterým se stanoví prováděcí pravidla k článku 93 Smlouvy o založení ES. Nařízení Komise (ES) č. 1998/2006 ze dne 15. prosince 2006 o použití článků 87 a 88 Smlouvy o ES na podporu de minimis. Nařízení Komise (ES) č. 875/2007 ze dne 24. července 2007 o použití článků 87 a 88 Smlouvy o ES na podporu de minimis v odvětví rybolovu a o změně nařízení (ES) č. 1860/2004. Nařízení Komise (ES) č. 1535/2007 ze dne 20. prosince 2007 o použití článků 87 a 88 Smlouvy o ES na podporu de minimis v produkčním odvětví zemědělských produktů.;notes;"<a data-odkaz-id=""23313441"" href=""#""  class=""ext_odkaz"" data-eurlex=""true"" data-celexid=""32007R0875"" data-cellarid=""306ccc53-80b8-4c22-8068-8d52320371d4"" data-orig-href=""http://eur-lex.europa.eu/legal-content/CS/AUTO/?uri=cellar:306ccc53-80b8-4c22-8068-8d52320371d4"">875/2007</a>";875/2007;23313441;ext_odkaz;true;32007R0875;306ccc53-80b8-4c22-8068-8d52320371d4;http://eur-lex.europa.eu/legal-content/CS/AUTO/?uri=cellar:306ccc53-80b8-4c22-8068-8d52320371d4;esel-esb:právní-akt-odkaz/23313441;875/2007;PREDPEU;369465;NA;NA;esel-esb:eli/cz/sb/2004/215/2012-08-01/dokument/poznamkypodcarou/ppc_1;122873;2004/215;NA;2004/215;215/2004 Sb.
esel-esb:eli/cz/sb/2004/215/2022-02-01/dokument/poznamkypodcarou/ppc_1;14055612;esel-esb:eli/cz/sb/2004/215/2022-02-01/dokument/poznamkypodcarou;pozn. 1;NA;1;NA;/6/1/;esel-esb:právní-akt-fragment/6073275;6073275;6073153;PPC;1) Nařízení Rady (ES) č. 994/1998 ze dne 7. května 1998 o použití článků 92 a 93 Smlouvy o založení Evropského společenství na určité kategorie horizontální státní podpory. Nařízení Rady (ES) č. 659/1999 ze dne 22. března 1999, kterým se stanoví prováděcí pravidla k článku 93 Smlouvy o založení ES. Nařízení Komise (ES) č. 794/2004 ze dne 21. dubna 2004, kterým se provádí nařízení Rady (ES) č. 659/1999, kterým se stanoví prováděcí pravidla k článku 93 Smlouvy o založení ES. Nařízení Komise (ES) č. 1998/2006 ze dne 15. prosince 2006 o použití článků 87 a 88 Smlouvy o ES na podporu de minimis. Nařízení Komise (ES) č. 875/2007 ze dne 24. července 2007 o použití článků 87 a 88 Smlouvy o ES na podporu de minimis v odvětví rybolovu a o změně nařízení (ES) č. 1860/2004. Nařízení Komise (ES) č. 1535/2007 ze dne 20. prosince 2007 o použití článků 87 a 88 Smlouvy o ES na podporu de minimis v produkčním odvětví zemědělských produktů.;notes;"<a data-odkaz-id=""23313447"" href=""#""  class=""ext_odkaz"" data-eurlex=""true"" data-celexid=""32004R1860"" data-cellarid=""cd12912b-d70b-4558-a522-90902e8bc002"" data-orig-href=""http://eur-lex.europa.eu/legal-content/CS/AUTO/?uri=cellar:cd12912b-d70b-4558-a522-90902e8bc002"">1860/2004</a>";1860/2004;23313447;ext_odkaz;true;32004R1860;cd12912b-d70b-4558-a522-90902e8bc002;http://eur-lex.europa.eu/legal-content/CS/AUTO/?uri=cellar:cd12912b-d70b-4558-a522-90902e8bc002;esel-esb:právní-akt-odkaz/23313447;1860/2004;PREDPEU;384745;NA;NA;esel-esb:eli/cz/sb/2004/215/2012-08-01/dokument/poznamkypodcarou/ppc_1;122873;2004/215;NA;2004/215;215/2004 Sb.
esel-esb:eli/cz/sb/2004/215/2022-02-01/dokument/poznamkypodcarou/ppc_1;14055612;esel-esb:eli/cz/sb/2004/215/2022-02-01/dokument/poznamkypodcarou;pozn. 1;NA;1;NA;/6/1/;esel-esb:právní-akt-fragment/6073275;6073275;6073153;PPC;1) Nařízení Rady (ES) č. 994/1998 ze dne 7. května 1998 o použití článků 92 a 93 Smlouvy o založení Evropského společenství na určité kategorie horizontální státní podpory. Nařízení Rady (ES) č. 659/1999 ze dne 22. března 1999, kterým se stanoví prováděcí pravidla k článku 93 Smlouvy o založení ES. Nařízení Komise (ES) č. 794/2004 ze dne 21. dubna 2004, kterým se provádí nařízení Rady (ES) č. 659/1999, kterým se stanoví prováděcí pravidla k článku 93 Smlouvy o založení ES. Nařízení Komise (ES) č. 1998/2006 ze dne 15. prosince 2006 o použití článků 87 a 88 Smlouvy o ES na podporu de minimis. Nařízení Komise (ES) č. 875/2007 ze dne 24. července 2007 o použití článků 87 a 88 Smlouvy o ES na podporu de minimis v odvětví rybolovu a o změně nařízení (ES) č. 1860/2004. Nařízení Komise (ES) č. 1535/2007 ze dne 20. prosince 2007 o použití článků 87 a 88 Smlouvy o ES na podporu de minimis v produkčním odvětví zemědělských produktů.;notes;"<a data-odkaz-id=""23313453"" href=""#""  class=""ext_odkaz"" data-eurlex=""true"" data-celexid=""32007R1535"" data-cellarid=""47e88fdf-bd23-4c3a-9683-112f08d2b7c8"" data-orig-href=""http://eur-lex.europa.eu/legal-content/CS/AUTO/?uri=cellar:47e88fdf-bd23-4c3a-9683-112f08d2b7c8"">1535/2007</a>";1535/2007;23313453;ext_odkaz;true;32007R1535;47e88fdf-bd23-4c3a-9683-112f08d2b7c8;http://eur-lex.europa.eu/legal-content/CS/AUTO/?uri=cellar:47e88fdf-bd23-4c3a-9683-112f08d2b7c8;esel-esb:právní-akt-odkaz/23313453;1535/2007;PREDPEU;395653;NA;NA;esel-esb:eli/cz/sb/2004/215/2012-08-01/dokument/poznamkypodcarou/ppc_1;122873;2004/215;NA;2004/215;215/2004 Sb.
esel-esb:eli/cz/sb/2004/215/2022-02-01/dokument/poznamkypodcarou/ppc_2;14055613;esel-esb:eli/cz/sb/2004/215/2022-02-01/dokument/poznamkypodcarou;pozn. 2;NA;2;NA;/6/2/;esel-esb:právní-akt-fragment/6073157;6073157;6073157;PPC;2) Zákon č. 552/1991 Sb., o státní kontrole, ve znění pozdějších předpisů.;notes;"<a data-odkaz-id=""14312809"" href=""#""  class=""ext_odkaz"">Zákon č. 552/1991 Sb., o státní kontrole</a>";Zákon č. 552/1991 Sb., o státní kontrole;14312809;ext_odkaz;NA;NA;NA;NA;esel-esb:právní-akt-odkaz/14312809;Zákon č. 552/1991 Sb.;JINYPRED;92131;esel-esb:eli/cz/sb/1991/552/2006-06-01/dokument;122867;esel-esb:eli/cz/sb/2004/215/2009-06-01/dokument/poznamkypodcarou/ppc_2;122867;2004/215;1991/552;2004/215;215/2004 Sb.
esel-esb:eli/cz/sb/2004/215/2022-02-01/dokument/poznamkypodcarou/ppc_3;14055614;esel-esb:eli/cz/sb/2004/215/2022-02-01/dokument/poznamkypodcarou;pozn. 3;NA;3;NA;/6/3/;esel-esb:právní-akt-fragment/6073159;6073159;6073159;PPC;3) Zákon č. 365/2000 Sb., o informačních systémech veřejné správy a o změně některých dalších zákonů, ve znění pozdějších předpisů.;notes;"<a data-odkaz-id=""14312799"" href=""#""  class=""ext_odkaz"">Zákon č. 365/2000 Sb., o informačních systémech veřejné správy a o změně některých dalších zákonů</a>";Zákon č. 365/2000 Sb., o informačních systémech veřejné správy a o změně některých dalších zákonů;14312799;ext_odkaz;NA;NA;NA;NA;esel-esb:právní-akt-odkaz/14312799;Zákon č. 365/2000 Sb.;JINYPRED;112101;esel-esb:eli/cz/sb/2000/365/2009-12-28/dokument;122869;esel-esb:eli/cz/sb/2004/215/2010-01-01/dokument/poznamkypodcarou/ppc_3;122869;2004/215;2000/365;2004/215;215/2004 Sb.
esel-esb:eli/cz/sb/2004/215/2022-02-01/dokument/poznamkypodcarou/ppc_4;14055615;esel-esb:eli/cz/sb/2004/215/2022-02-01/dokument/poznamkypodcarou;pozn. 4;NA;4;NA;/6/4/;esel-esb:právní-akt-fragment/6073161;6073161;6073161;PPC;4) Například zákon č. 218/2000 Sb., o rozpočtových pravidlech a o změně souvisejících zákonů (rozpočtová pravidla), ve znění pozdějších předpisů, zákon č. 250/2000 Sb., o rozpočtových pravidlech územních rozpočtů, ve znění pozdějších předpisů.;notes;"<a data-odkaz-id=""14312763"" href=""#""  class=""ext_odkaz"">zákon č. 218/2000 Sb.</a>";zákon č. 218/2000 Sb.;14312763;ext_odkaz;NA;NA;NA;NA;esel-esb:právní-akt-odkaz/14312763;zákon č. 218/2000 Sb.;JINYPRED;110549;esel-esb:eli/cz/sb/2000/218/2009-06-01/dokument;122867;esel-esb:eli/cz/sb/2004/215/2009-06-01/dokument/poznamkypodcarou/ppc_4;122867;2004/215;2000/218;2004/215;215/2004 Sb.
esel-esb:eli/cz/sb/2004/215/2022-02-01/dokument/poznamkypodcarou/ppc_4;14055615;esel-esb:eli/cz/sb/2004/215/2022-02-01/dokument/poznamkypodcarou;pozn. 4;NA;4;NA;/6/4/;esel-esb:právní-akt-fragment/6073161;6073161;6073161;PPC;4) Například zákon č. 218/2000 Sb., o rozpočtových pravidlech a o změně souvisejících zákonů (rozpočtová pravidla), ve znění pozdějších předpisů, zákon č. 250/2000 Sb., o rozpočtových pravidlech územních rozpočtů, ve znění pozdějších předpisů.;notes;"<a data-odkaz-id=""14312775"" href=""#""  class=""ext_odkaz"">rozpočtová pravidla</a>";rozpočtová pravidla;14312775;ext_odkaz;NA;NA;NA;NA;esel-esb:právní-akt-odkaz/14312775;rozpočtová pravidla;JINYPRED;110549;esel-esb:eli/cz/sb/2000/218/2009-06-01/dokument;122867;esel-esb:eli/cz/sb/2004/215/2009-06-01/dokument/poznamkypodcarou/ppc_4;122867;2004/215;2000/218;2004/215;215/2004 Sb.
esel-esb:eli/cz/sb/2004/215/2022-02-01/dokument/poznamkypodcarou/ppc_4;14055615;esel-esb:eli/cz/sb/2004/215/2022-02-01/dokument/poznamkypodcarou;pozn. 4;NA;4;NA;/6/4/;esel-esb:právní-akt-fragment/6073161;6073161;6073161;PPC;4) Například zákon č. 218/2000 Sb., o rozpočtových pravidlech a o změně souvisejících zákonů (rozpočtová pravidla), ve znění pozdějších předpisů, zákon č. 250/2000 Sb., o rozpočtových pravidlech územních rozpočtů, ve znění pozdějších předpisů.;notes;"<a data-odkaz-id=""14312787"" href=""#""  class=""ext_odkaz"">zákon č. 250/2000 Sb., o rozpočtových pravidlech územních rozpočtů</a>";zákon č. 250/2000 Sb., o rozpočtových pravidlech územních rozpočtů;14312787;ext_odkaz;NA;NA;NA;NA;esel-esb:právní-akt-odkaz/14312787;zákon č. 250/2000 Sb.;JINYPRED;111143;esel-esb:eli/cz/sb/2000/250/2009-04-01/dokument;122867;esel-esb:eli/cz/sb/2004/215/2009-06-01/dokument/poznamkypodcarou/ppc_4;122867;2004/215;2000/250;2004/215;215/2004 Sb.
esel-esb:eli/cz/sb/2004/215/2022-02-01/dokument/poznamkypodcarou/ppc_5;14055616;esel-esb:eli/cz/sb/2004/215/2022-02-01/dokument/poznamkypodcarou;pozn. 5;NA;5;NA;/6/5/;esel-esb:právní-akt-fragment/6073189;6073189;6073187;PPC;5) Například zákon č. 21/1992 Sb., o bankách, ve znění pozdějších předpisů, zákon č. 363/1999 Sb., o pojišťovnictví a o změně některých souvisejících zákonů (zákon o pojišťovnictví), ve znění pozdějších předpisů, zákon č. 87/1995 Sb., o spořitelních a úvěrních družstvech a některých opatřeních s tím souvisejících a o doplnění zákona České národní rady č. 586/1992 Sb., o daních z příjmů, ve znění pozdějších předpisů.;notes;"<a data-odkaz-id=""14330227"" href=""#""  class=""ext_odkaz"">zákon č. 21/1992 Sb., o bankách</a>";zákon č. 21/1992 Sb., o bankách;14330227;ext_odkaz;NA;NA;NA;NA;esel-esb:právní-akt-odkaz/14330227;zákon č. 21/1992 Sb.;JINYPRED;93845;esel-esb:eli/cz/sb/1992/21/2009-01-01/dokument;122867;esel-esb:eli/cz/sb/2004/215/2009-06-01/dokument/poznamkypodcarou/ppc_5;122867;2004/215;1992/21;2004/215;215/2004 Sb.
esel-esb:eli/cz/sb/2004/215/2022-02-01/dokument/poznamkypodcarou/ppc_5;14055616;esel-esb:eli/cz/sb/2004/215/2022-02-01/dokument/poznamkypodcarou;pozn. 5;NA;5;NA;/6/5/;esel-esb:právní-akt-fragment/6073189;6073189;6073187;PPC;5) Například zákon č. 21/1992 Sb., o bankách, ve znění pozdějších předpisů, zákon č. 363/1999 Sb., o pojišťovnictví a o změně některých souvisejících zákonů (zákon o pojišťovnictví), ve znění pozdějších předpisů, zákon č. 87/1995 Sb., o spořitelních a úvěrních družstvech a některých opatřeních s tím souvisejících a o doplnění zákona České národní rady č. 586/1992 Sb., o daních z příjmů, ve znění pozdějších předpisů.;notes;"<a data-odkaz-id=""14330239"" href=""#""  class=""ext_odkaz"">zákon č. 363/1999 Sb., o pojišťovnictví a o změně některých souvisejících zákonů</a>";zákon č. 363/1999 Sb., o pojišťovnictví a o změně některých souvisejících zákonů;14330239;ext_odkaz;NA;NA;NA;NA;esel-esb:právní-akt-odkaz/14330239;zákon č. 363/1999 Sb.;JINYPRED;108545;esel-esb:eli/cz/sb/1999/363/2008-09-01/dokument;122867;esel-esb:eli/cz/sb/2004/215/2009-06-01/dokument/poznamkypodcarou/ppc_5;122867;2004/215;1999/363;2004/215;215/2004 Sb.
esel-esb:eli/cz/sb/2004/215/2022-02-01/dokument/poznamkypodcarou/ppc_5;14055616;esel-esb:eli/cz/sb/2004/215/2022-02-01/dokument/poznamkypodcarou;pozn. 5;NA;5;NA;/6/5/;esel-esb:právní-akt-fragment/6073189;6073189;6073187;PPC;5) Například zákon č. 21/1992 Sb., o bankách, ve znění pozdějších předpisů, zákon č. 363/1999 Sb., o pojišťovnictví a o změně některých souvisejících zákonů (zákon o pojišťovnictví), ve znění pozdějších předpisů, zákon č. 87/1995 Sb., o spořitelních a úvěrních družstvech a některých opatřeních s tím souvisejících a o doplnění zákona České národní rady č. 586/1992 Sb., o daních z příjmů, ve znění pozdějších předpisů.;notes;"<a data-odkaz-id=""14330251"" href=""#""  class=""ext_odkaz"">zákon č. 87/1995 Sb., o spořitelních a úvěrních družstvech a některých opatřeních s tím souvisejících a o doplnění zákona České národní rady č. 586/1992 Sb., o daních z příjmů, ve znění pozdějších předpisů</a>";zákon č. 87/1995 Sb., o spořitelních a úvěrních družstvech a některých opatřeních s tím souvisejících a o doplnění zákona České národní rady č. 586/1992 Sb., o daních z příjmů, ve znění pozdějších předpisů;14330251;ext_odkaz;NA;NA;NA;NA;esel-esb:právní-akt-odkaz/14330251;zákon č. 87/1995 Sb.;JINYPRED;100865;esel-esb:eli/cz/sb/1995/87/2008-09-01/dokument;122867;esel-esb:eli/cz/sb/2004/215/2009-06-01/dokument/poznamkypodcarou/ppc_5;122867;2004/215;1995/87;2004/215;215/2004 Sb.
esel-esb:eli/cz/sb/2004/215/2022-02-01/dokument/poznamkypodcarou/ppc_6;14055617;esel-esb:eli/cz/sb/2004/215/2022-02-01/dokument/poznamkypodcarou;pozn. 6;NA;6;NA;/6/6/;esel-esb:právní-akt-fragment/6073191;6073191;6073191;PPC;6) § 2 odst. 2 obchodního zákoníku, ve znění zákona č. 85/2004 Sb.;notes;"<a data-odkaz-id=""14330275"" href=""#""  class=""ext_odkaz"" data-version=""20040501"">§ 2 odst. 2</a>";§ 2 odst. 2;14330275;ext_odkaz;NA;NA;NA;NA;esel-esb:právní-akt-odkaz/14330275;§ 2 odst. 2;JINEUSTAN;91835;esel-esb:eli/cz/sb/1991/513/2004-05-01/dokument/norma/cast_1/hlava_1/dil_1/par_2/odst_2;122867;esel-esb:eli/cz/sb/2004/215/2009-06-01/dokument/poznamkypodcarou/ppc_6;122867;2004/215;1991/513;2004/215;215/2004 Sb.
esel-esb:eli/cz/sb/2004/215/2022-02-01/dokument/poznamkypodcarou/ppc_6;14055617;esel-esb:eli/cz/sb/2004/215/2022-02-01/dokument/poznamkypodcarou;pozn. 6;NA;6;NA;/6/6/;esel-esb:právní-akt-fragment/6073191;6073191;6073191;PPC;6) § 2 odst. 2 obchodního zákoníku, ve znění zákona č. 85/2004 Sb.;notes;"<a data-odkaz-id=""14330287"" href=""#""  class=""ext_odkaz"" data-version=""20040501"">obchodního zákoníku</a>";obchodního zákoníku;14330287;ext_odkaz;NA;NA;NA;NA;esel-esb:právní-akt-odkaz/14330287;obchodního zákoníku;JINYPRED;91835;esel-esb:eli/cz/sb/1991/513/2004-05-01/dokument;122867;esel-esb:eli/cz/sb/2004/215/2009-06-01/dokument/poznamkypodcarou/ppc_6;122867;2004/215;1991/513;2004/215;215/2004 Sb.
esel-esb:eli/cz/sb/2004/215/2022-02-01/dokument/poznamkypodcarou/ppc_6;14055617;esel-esb:eli/cz/sb/2004/215/2022-02-01/dokument/poznamkypodcarou;pozn. 6;NA;6;NA;/6/6/;esel-esb:právní-akt-fragment/6073191;6073191;6073191;PPC;6) § 2 odst. 2 obchodního zákoníku, ve znění zákona č. 85/2004 Sb.;notes;"<a data-odkaz-id=""14330299"" href=""#""  class=""ext_odkaz"">zákona č. 85/2004 Sb.</a>";zákona č. 85/2004 Sb.;14330299;ext_odkaz;NA;NA;NA;NA;esel-esb:právní-akt-odkaz/14330299;zákona č. 85/2004 Sb.;JINYPRED;122069;esel-esb:eli/cz/sb/2004/85/2006-08-18/dokument;122867;esel-esb:eli/cz/sb/2004/215/2009-06-01/dokument/poznamkypodcarou/ppc_6;122867;2004/215;2004/85;2004/215;215/2004 Sb.
esel-esb:eli/cz/sb/2004/215/2022-02-01/dokument/poznamkypodcarou/ppc_7;14055618;esel-esb:eli/cz/sb/2004/215/2022-02-01/dokument/poznamkypodcarou;pozn. 7;NA;7;NA;/6/7/;esel-esb:právní-akt-fragment/6073277;6073277;6073277;PPC;7) Nařízení Komise (ES) č. 1998/2006 ze dne 15. prosince 2006 o použití článků 87 a 88 Smlouvy o ES na podporu de minimis. Nařízení Komise (ES) č. 875/2007 ze dne 24. července 2007 o použití článků 87 a 88 Smlouvy o ES na podporu de minimis v odvětví rybolovu a o změně nařízení (ES) č. 1860/2004. Nařízení Komise (ES) č. 1535/2007 ze dne 20. prosince 2007 o použití článků 87 a 88 Smlouvy o ES na podporu de minimis v produkčním odvětví zemědělských produktů.;notes;"<a data-odkaz-id=""23313585"" href=""#""  class=""ext_odkaz"" data-eurlex=""true"" data-celexid=""32006R1998"" data-cellarid=""3d5a3f85-4ccf-4f99-b69e-4721c1ba22b5"" data-orig-href=""http://eur-lex.europa.eu/legal-content/CS/AUTO/?uri=cellar:3d5a3f85-4ccf-4f99-b69e-4721c1ba22b5"">1998/2006</a>";1998/2006;23313585;ext_odkaz;true;32006R1998;3d5a3f85-4ccf-4f99-b69e-4721c1ba22b5;http://eur-lex.europa.eu/legal-content/CS/AUTO/?uri=cellar:3d5a3f85-4ccf-4f99-b69e-4721c1ba22b5;esel-esb:právní-akt-odkaz/23313585;1998/2006;PREDPEU;358289;NA;NA;esel-esb:eli/cz/sb/2004/215/2012-08-01/dokument/poznamkypodcarou/ppc_7;122873;2004/215;NA;2004/215;215/2004 Sb.
esel-esb:eli/cz/sb/2004/215/2022-02-01/dokument/poznamkypodcarou/ppc_7;14055618;esel-esb:eli/cz/sb/2004/215/2022-02-01/dokument/poznamkypodcarou;pozn. 7;NA;7;NA;/6/7/;esel-esb:právní-akt-fragment/6073277;6073277;6073277;PPC;7) Nařízení Komise (ES) č. 1998/2006 ze dne 15. prosince 2006 o použití článků 87 a 88 Smlouvy o ES na podporu de minimis. Nařízení Komise (ES) č. 875/2007 ze dne 24. července 2007 o použití článků 87 a 88 Smlouvy o ES na podporu de minimis v odvětví rybolovu a o změně nařízení (ES) č. 1860/2004. Nařízení Komise (ES) č. 1535/2007 ze dne 20. prosince 2007 o použití článků 87 a 88 Smlouvy o ES na podporu de minimis v produkčním odvětví zemědělských produktů.;notes;"<a data-odkaz-id=""23313591"" href=""#""  class=""ext_odkaz"" data-eurlex=""true"" data-celexid=""32007R0875"" data-cellarid=""306ccc53-80b8-4c22-8068-8d52320371d4"" data-orig-href=""http://eur-lex.europa.eu/legal-content/CS/AUTO/?uri=cellar:306ccc53-80b8-4c22-8068-8d52320371d4"">875/2007</a>";875/2007;23313591;ext_odkaz;true;32007R0875;306ccc53-80b8-4c22-8068-8d52320371d4;http://eur-lex.europa.eu/legal-content/CS/AUTO/?uri=cellar:306ccc53-80b8-4c22-8068-8d52320371d4;esel-esb:právní-akt-odkaz/23313591;875/2007;PREDPEU;369465;NA;NA;esel-esb:eli/cz/sb/2004/215/2012-08-01/dokument/poznamkypodcarou/ppc_7;122873;2004/215;NA;2004/215;215/2004 Sb.
esel-esb:eli/cz/sb/2004/215/2022-02-01/dokument/poznamkypodcarou/ppc_7;14055618;esel-esb:eli/cz/sb/2004/215/2022-02-01/dokument/poznamkypodcarou;pozn. 7;NA;7;NA;/6/7/;esel-esb:právní-akt-fragment/6073277;6073277;6073277;PPC;7) Nařízení Komise (ES) č. 1998/2006 ze dne 15. prosince 2006 o použití článků 87 a 88 Smlouvy o ES na podporu de minimis. Nařízení Komise (ES) č. 875/2007 ze dne 24. července 2007 o použití článků 87 a 88 Smlouvy o ES na podporu de minimis v odvětví rybolovu a o změně nařízení (ES) č. 1860/2004. Nařízení Komise (ES) č. 1535/2007 ze dne 20. prosince 2007 o použití článků 87 a 88 Smlouvy o ES na podporu de minimis v produkčním odvětví zemědělských produktů.;notes;"<a data-odkaz-id=""23313597"" href=""#""  class=""ext_odkaz"" data-eurlex=""true"" data-celexid=""32004R1860"" data-cellarid=""cd12912b-d70b-4558-a522-90902e8bc002"" data-orig-href=""http://eur-lex.europa.eu/legal-content/CS/AUTO/?uri=cellar:cd12912b-d70b-4558-a522-90902e8bc002"">1860/2004</a>";1860/2004;23313597;ext_odkaz;true;32004R1860;cd12912b-d70b-4558-a522-90902e8bc002;http://eur-lex.europa.eu/legal-content/CS/AUTO/?uri=cellar:cd12912b-d70b-4558-a522-90902e8bc002;esel-esb:právní-akt-odkaz/23313597;1860/2004;PREDPEU;384745;NA;NA;esel-esb:eli/cz/sb/2004/215/2012-08-01/dokument/poznamkypodcarou/ppc_7;122873;2004/215;NA;2004/215;215/2004 Sb.
esel-esb:eli/cz/sb/2004/215/2022-02-01/dokument/poznamkypodcarou/ppc_7;14055618;esel-esb:eli/cz/sb/2004/215/2022-02-01/dokument/poznamkypodcarou;pozn. 7;NA;7;NA;/6/7/;esel-esb:právní-akt-fragment/6073277;6073277;6073277;PPC;7) Nařízení Komise (ES) č. 1998/2006 ze dne 15. prosince 2006 o použití článků 87 a 88 Smlouvy o ES na podporu de minimis. Nařízení Komise (ES) č. 875/2007 ze dne 24. července 2007 o použití článků 87 a 88 Smlouvy o ES na podporu de minimis v odvětví rybolovu a o změně nařízení (ES) č. 1860/2004. Nařízení Komise (ES) č. 1535/2007 ze dne 20. prosince 2007 o použití článků 87 a 88 Smlouvy o ES na podporu de minimis v produkčním odvětví zemědělských produktů.;notes;"<a data-odkaz-id=""23313603"" href=""#""  class=""ext_odkaz"" data-eurlex=""true"" data-celexid=""32007R1535"" data-cellarid=""47e88fdf-bd23-4c3a-9683-112f08d2b7c8"" data-orig-href=""http://eur-lex.europa.eu/legal-content/CS/AUTO/?uri=cellar:47e88fdf-bd23-4c3a-9683-112f08d2b7c8"">1535/2007</a>";1535/2007;23313603;ext_odkaz;true;32007R1535;47e88fdf-bd23-4c3a-9683-112f08d2b7c8;http://eur-lex.europa.eu/legal-content/CS/AUTO/?uri=cellar:47e88fdf-bd23-4c3a-9683-112f08d2b7c8;esel-esb:právní-akt-odkaz/23313603;1535/2007;PREDPEU;395653;NA;NA;esel-esb:eli/cz/sb/2004/215/2012-08-01/dokument/poznamkypodcarou/ppc_7;122873;2004/215;NA;2004/215;215/2004 Sb.
esel-esb:eli/cz/sb/2004/215/2022-02-01/dokument/poznamkypodcarou/ppc_8;14055619;esel-esb:eli/cz/sb/2004/215/2022-02-01/dokument/poznamkypodcarou;pozn. 8;NA;8;NA;/6/8/;esel-esb:právní-akt-fragment/6073279;6073279;6073279;PPC;8) Příloha III nařízení Komise (ES) č. 794/2004 ze dne 21. dubna 2004, kterým se provádí nařízení Rady (ES) č. 659/1999, kterým se stanoví prováděcí pravidla k článku 93 Smlouvy o založení ES.;notes;"<a data-odkaz-id=""23309773"" href=""#""  class=""ext_odkaz"" data-eurlex=""true"" data-celexid=""32004R0794"" data-cellarid=""26f403d1-7656-4c91-9726-c08d466ff8bd"" data-orig-href=""http://eur-lex.europa.eu/legal-content/CS/AUTO/?uri=cellar:26f403d1-7656-4c91-9726-c08d466ff8bd"">794/2004</a>";794/2004;23309773;ext_odkaz;true;32004R0794;26f403d1-7656-4c91-9726-c08d466ff8bd;http://eur-lex.europa.eu/legal-content/CS/AUTO/?uri=cellar:26f403d1-7656-4c91-9726-c08d466ff8bd;esel-esb:právní-akt-odkaz/23309773;794/2004;PREDPEU;388683;NA;NA;esel-esb:eli/cz/sb/2004/215/2012-08-01/dokument/poznamkypodcarou/ppc_8;122873;2004/215;NA;2004/215;215/2004 Sb.
esel-esb:eli/cz/sb/2004/215/2022-02-01/dokument/poznamkypodcarou/ppc_8;14055619;esel-esb:eli/cz/sb/2004/215/2022-02-01/dokument/poznamkypodcarou;pozn. 8;NA;8;NA;/6/8/;esel-esb:právní-akt-fragment/6073279;6073279;6073279;PPC;8) Příloha III nařízení Komise (ES) č. 794/2004 ze dne 21. dubna 2004, kterým se provádí nařízení Rady (ES) č. 659/1999, kterým se stanoví prováděcí pravidla k článku 93 Smlouvy o založení ES.;notes;"<a data-odkaz-id=""23309779"" href=""#""  class=""ext_odkaz"" data-eurlex=""true"" data-celexid=""31999R0659"" data-cellarid=""70798f7e-c1f1-4764-b719-74aa04e1b569"" data-orig-href=""http://eur-lex.europa.eu/legal-content/CS/AUTO/?uri=cellar:70798f7e-c1f1-4764-b719-74aa04e1b569"">659/1999</a>";659/1999;23309779;ext_odkaz;true;31999R0659;70798f7e-c1f1-4764-b719-74aa04e1b569;http://eur-lex.europa.eu/legal-content/CS/AUTO/?uri=cellar:70798f7e-c1f1-4764-b719-74aa04e1b569;esel-esb:právní-akt-odkaz/23309779;659/1999;PREDPEU;340419;NA;NA;esel-esb:eli/cz/sb/2004/215/2012-08-01/dokument/poznamkypodcarou/ppc_8;122873;2004/215;NA;2004/215;215/2004 Sb.
