fragment.iri;fragment.id;fragment.předek.iri;fragment.citace;fragment.citace.text;fragment.označení.uzlu;fragment.označení.uzlu.text;fragment.hierarchie;akt.fragment.iri;akt.fragment.id;fragment.base.id;typ.fragmentu;fragment.text_clean;source;tag;tag_clean;odkaz.id;class;data_eurlex;data_celexid;data_cellarid;data_orig_href;odkaz.iri;odkaz.citace.cíl;typ.vazba.odkazu;cíl.dokument.id;fragment.cíl.iri;fragment.cíl.dokument.id;fragment.zdroj.iri;fragment.zdroj.dokument.id;iri_z;iri_c;iri_v;akt.citace
esel-esb:eli/cz/sb/1994/216/2024-01-01/dokument/norma/cast_1/par_1/pism_b;6561184;esel-esb:eli/cz/sb/1994/216/2024-01-01/dokument/norma/cast_1/par_1/frag_2853393;§ 1 písm. b);NA;b;NA;/2/1/1/1/2/;esel-esb:právní-akt-fragment/2853397;2853397;2853397;Pismeno_Lb;b) rozhodování sporných záležitostí náležejících do spolkové samosprávy rozhodčí komisí spolku podle občanského zákoníku7) a;norms;"<a data-odkaz-id=""8173227"" href=""#""  class=""ext_odkaz"">občanského zákoníku</a>";občanského zákoníku;8173227;ext_odkaz;NA;NA;NA;NA;esel-esb:právní-akt-odkaz/8173227;občanského zákoníku;JINYPRED;141777;esel-esb:eli/cz/sb/2012/89/2014-01-01/dokument;100195;esel-esb:eli/cz/sb/1994/216/2014-01-01/dokument/norma/cast_1/par_1/pism_b;100195;1994/216;2012/89;1994/216;216/1994 Sb.
esel-esb:eli/cz/sb/1994/216/2024-01-01/dokument/norma/cast_1/par_1/pism_b;6561184;esel-esb:eli/cz/sb/1994/216/2024-01-01/dokument/norma/cast_1/par_1/frag_2853393;§ 1 písm. b);NA;b;NA;/2/1/1/1/2/;esel-esb:právní-akt-fragment/2853397;2853397;2853397;Pismeno_Lb;b) rozhodování sporných záležitostí náležejících do spolkové samosprávy rozhodčí komisí spolku podle občanského zákoníku7) a;norms;"<a data-odkaz-id=""8173237"" href=""#""  class=""int_odkaz""><sup>7</sup>)</a>";7);8173237;int_odkaz;NA;NA;NA;NA;esel-esb:právní-akt-odkaz/8173237;<sup>7</sup>);POZNAMKA;100195;esel-esb:eli/cz/sb/1994/216/2014-01-01/dokument/poznamkypodcarou/ppc_7;100195;esel-esb:eli/cz/sb/1994/216/2014-01-01/dokument/norma/cast_1/par_1/pism_b;100195;1994/216;1994/216;1994/216;216/1994 Sb.
esel-esb:eli/cz/sb/1994/216/2024-01-01/dokument/norma/cast_1/par_2/odst_2;6561189;esel-esb:eli/cz/sb/1994/216/2024-01-01/dokument/norma/cast_1/par_2;§ 2 odst. 2;NA;2;NA;/2/1/3/2/;esel-esb:právní-akt-fragment/2852817;2852817;2852817;Odstavec_Dc;(2) Rozhodčí smlouvu lze platně uzavřít, jestliže strany by mohly o předmětu sporu uzavřít smír.1);norms;"<a data-odkaz-id=""8168815"" href=""#""  class=""int_odkaz""><sup>1</sup>)</a>";1);8168815;int_odkaz;NA;NA;NA;NA;esel-esb:právní-akt-odkaz/8168815;<sup>1</sup>);POZNAMKA;31517;esel-esb:eli/cz/sb/1994/216/0000-00-00/dokument/poznamkypodcarou/ppc_1;31517;esel-esb:eli/cz/sb/1994/216/0000-00-00/dokument/norma/cast_1/par_2/odst_2;31517;1994/216;1994/216;1994/216;216/1994 Sb.
esel-esb:eli/cz/sb/1994/216/2024-01-01/dokument/norma/cast_2/par_4/odst_1;6561201;esel-esb:eli/cz/sb/1994/216/2024-01-01/dokument/norma/cast_2/par_4;§ 4 odst. 1;NA;1;NA;/2/2/2/1/;esel-esb:právní-akt-fragment/2853403;2853403;2852841;Odstavec_Dc;(1) Rozhodcem může být občan České republiky, který je zletilý, bezúhonný a plně svéprávný, pokud zvláštní předpis2) nestanoví jinak.;norms;"<a data-odkaz-id=""8173267"" href=""#""  class=""int_odkaz""><sup>2</sup>)</a>";2);8173267;int_odkaz;NA;NA;NA;NA;esel-esb:právní-akt-odkaz/8173267;<sup>2</sup>);POZNAMKA;100195;esel-esb:eli/cz/sb/1994/216/2014-01-01/dokument/poznamkypodcarou/ppc_2;100195;esel-esb:eli/cz/sb/1994/216/2014-01-01/dokument/norma/cast_2/par_4/odst_1;100195;1994/216;1994/216;1994/216;216/1994 Sb.
esel-esb:eli/cz/sb/1994/216/2024-01-01/dokument/norma/cast_2/par_4/odst_2;6561202;esel-esb:eli/cz/sb/1994/216/2024-01-01/dokument/norma/cast_2/par_4;§ 4 odst. 2;NA;2;NA;/2/2/2/2/;esel-esb:právní-akt-fragment/2853407;2853407;2853211;Odstavec_Dc;(2) Podmínku bezúhonnosti podle odstavce 1 nesplňuje ten, kdo byl pravomocně odsouzen za trestný čin, jestliže se na něj nehledí, jako by nebyl odsouzen.;norms;"<a data-odkaz-id=""8173277"" href=""#""  class=""int_odkaz"">odstavce 1</a>";odstavce 1;8173277;int_odkaz;NA;NA;NA;NA;esel-esb:právní-akt-odkaz/8173277;odstavce 1;INTUSTAN;100195;esel-esb:eli/cz/sb/1994/216/2014-01-01/dokument/norma/cast_2/par_4/odst_1;100195;esel-esb:eli/cz/sb/1994/216/2014-01-01/dokument/norma/cast_2/par_4/odst_2;100195;1994/216;1994/216;1994/216;216/1994 Sb.
esel-esb:eli/cz/sb/1994/216/2024-01-01/dokument/norma/cast_2/par_7/odst_1;6561212;esel-esb:eli/cz/sb/1994/216/2024-01-01/dokument/norma/cast_2/par_7;§ 7 odst. 1;NA;1;NA;/2/2/6/1/;esel-esb:právní-akt-fragment/2853217;2853217;2852863;Odstavec_Dc;(1) Rozhodčí smlouva má zpravidla určit počet i osoby rozhodců anebo stanovit způsob, jak počet i osoby rozhodců mají být určeny. Rozhodce může být určen i stranami dohodnutou osobou nebo způsobem uvedeným v pravidlech pro rozhodčí řízení podle § 19 odst. 4. Konečný počet rozhodců musí být vždy lichý.;norms;"<a data-odkaz-id=""8085773"" href=""#""  class=""int_odkaz"">§ 19 odst. 4.</a>";§ 19 odst. 4.;8085773;int_odkaz;NA;NA;NA;NA;esel-esb:právní-akt-odkaz/8085773;§ 19 odst. 4.;INTUSTAN;100193;esel-esb:eli/cz/sb/1994/216/2012-04-01/dokument/norma/cast_3/par_19/odst_4;100193;esel-esb:eli/cz/sb/1994/216/2012-04-01/dokument/norma/cast_2/par_7/odst_1;100193;1994/216;1994/216;1994/216;216/1994 Sb.
esel-esb:eli/cz/sb/1994/216/2024-01-01/dokument/norma/cast_2/par_7/odst_2;6561213;esel-esb:eli/cz/sb/1994/216/2024-01-01/dokument/norma/cast_2/par_7;§ 7 odst. 2;NA;2;NA;/2/2/6/2/;esel-esb:právní-akt-fragment/2852865;2852865;2852865;Odstavec_Dc;(2) Nemá-li rozhodčí smlouva ustanovení podle odstavce 1, jmenuje každá ze stran jednoho rozhodce a tito rozhodci volí předsedajícího rozhodce.;norms;"<a data-odkaz-id=""8168847"" href=""#""  class=""int_odkaz"">odstavce 1</a>";odstavce 1;8168847;int_odkaz;NA;NA;NA;NA;esel-esb:právní-akt-odkaz/8168847;odstavce 1;INTUSTAN;31517;esel-esb:eli/cz/sb/1994/216/0000-00-00/dokument/norma/cast_2/par_7/odst_1;31517;esel-esb:eli/cz/sb/1994/216/0000-00-00/dokument/norma/cast_2/par_7/odst_2;31517;1994/216;1994/216;1994/216;216/1994 Sb.
esel-esb:eli/cz/sb/1994/216/2024-01-01/dokument/norma/cast_2/par_10/odst_1;6561221;esel-esb:eli/cz/sb/1994/216/2024-01-01/dokument/norma/cast_2/par_10;§ 10 odst. 1;NA;1;NA;/2/2/9/1/;esel-esb:právní-akt-fragment/2852879;2852879;2852879;Odstavec_Dc;(1) Při jmenování rozhodce nebo předsedajícího rozhodce podle § 9 soud přihlíží k předpokladům pro jeho nezávislé a nestranné rozhodování.;norms;"<a data-odkaz-id=""8168873"" href=""#""  class=""int_odkaz"">§ 9</a>";§ 9;8168873;int_odkaz;NA;NA;NA;NA;esel-esb:právní-akt-odkaz/8168873;§ 9;INTUSTAN;31517;esel-esb:eli/cz/sb/1994/216/0000-00-00/dokument/norma/cast_2/par_9;31517;esel-esb:eli/cz/sb/1994/216/0000-00-00/dokument/norma/cast_2/par_10/odst_1;31517;1994/216;1994/216;1994/216;216/1994 Sb.
esel-esb:eli/cz/sb/1994/216/2024-01-01/dokument/norma/cast_2/par_10/odst_2;6561222;esel-esb:eli/cz/sb/1994/216/2024-01-01/dokument/norma/cast_2/par_10;§ 10 odst. 2;NA;2;NA;/2/2/9/2/;esel-esb:právní-akt-fragment/2852881;2852881;2852881;Odstavec_Dc;(2) Ustanovení § 5 platí obdobně.;norms;"<a data-odkaz-id=""8168899"" href=""#""  class=""int_odkaz"">§ 5</a>";§ 5;8168899;int_odkaz;NA;NA;NA;NA;esel-esb:právní-akt-odkaz/8168899;§ 5;INTUSTAN;31517;esel-esb:eli/cz/sb/1994/216/0000-00-00/dokument/norma/cast_2/par_5;31517;esel-esb:eli/cz/sb/1994/216/0000-00-00/dokument/norma/cast_2/par_10/odst_2;31517;1994/216;1994/216;1994/216;216/1994 Sb.
esel-esb:eli/cz/sb/1994/216/2024-01-01/dokument/norma/cast_2/par_11/frag_2852885;6561224;esel-esb:eli/cz/sb/1994/216/2024-01-01/dokument/norma/cast_2/par_11;NA;NA;NA;NA;/2/2/10/1/;esel-esb:právní-akt-fragment/2852885;2852885;2852885;Odstavec_Dc;Nestanoví-li tento zákon jiné důvody, je již určený nebo jmenovaný rozhodce vyloučen z projednávání věci, jestliže dodatečně vyjdou najevo okolnosti uvedené v § 8.;norms;"<a data-odkaz-id=""8168925"" href=""#""  class=""int_odkaz"">§ 8</a>";§ 8;8168925;int_odkaz;NA;NA;NA;NA;esel-esb:právní-akt-odkaz/8168925;§ 8;INTUSTAN;31517;esel-esb:eli/cz/sb/1994/216/0000-00-00/dokument/norma/cast_2/par_8;31517;esel-esb:eli/cz/sb/1994/216/0000-00-00/dokument/norma/cast_2/par_11/frag_2852885;31517;1994/216;1994/216;1994/216;216/1994 Sb.
esel-esb:eli/cz/sb/1994/216/2024-01-01/dokument/norma/cast_2/par_12/odst_1;6561226;esel-esb:eli/cz/sb/1994/216/2024-01-01/dokument/norma/cast_2/par_12;§ 12 odst. 1;NA;1;NA;/2/2/11/1/;esel-esb:právní-akt-fragment/2852889;2852889;2852889;Odstavec_Dc;(1) Již určený nebo jmenovaný rozhodce, u něhož vyšly najevo okolnosti uvedené v § 11, je povinen se funkce rozhodce vzdát.;norms;"<a data-odkaz-id=""8168951"" href=""#""  class=""int_odkaz"">§ 11</a>";§ 11;8168951;int_odkaz;NA;NA;NA;NA;esel-esb:právní-akt-odkaz/8168951;§ 11;INTUSTAN;31517;esel-esb:eli/cz/sb/1994/216/0000-00-00/dokument/norma/cast_2/par_11;31517;esel-esb:eli/cz/sb/1994/216/0000-00-00/dokument/norma/cast_2/par_12/odst_1;31517;1994/216;1994/216;1994/216;216/1994 Sb.
esel-esb:eli/cz/sb/1994/216/2024-01-01/dokument/norma/cast_2/par_13/odst_2;6561231;esel-esb:eli/cz/sb/1994/216/2024-01-01/dokument/norma/cast_2/par_13;§ 13 odst. 2;NA;2;NA;/2/2/12/3/;esel-esb:právní-akt-fragment/2852899;2852899;2852899;Odstavec_Dc;"(2) Stálé rozhodčí soudy mohou vydávat své statuty a řády, které musí být uveřejněny v Obchodním věstníku;3) tyto statuty a řády mohou určit způsob jmenování rozhodců, jejich počet, a mohou výběr rozhodců vázat na seznam vedený u stálého rozhodčího soudu. Statuty a řády mohou též určit způsob řízení a rozhodování i jiné otázky související s činností stálého rozhodčího soudu a rozhodců včetně pravidel o nákladech řízení a odměňování rozhodců.";norms;"<a data-odkaz-id=""8168977"" href=""#""  class=""int_odkaz""><sup>3</sup>)</a>";3);8168977;int_odkaz;NA;NA;NA;NA;esel-esb:právní-akt-odkaz/8168977;<sup>3</sup>);POZNAMKA;31517;esel-esb:eli/cz/sb/1994/216/0000-00-00/dokument/poznamkypodcarou/ppc_3;31517;esel-esb:eli/cz/sb/1994/216/0000-00-00/dokument/norma/cast_2/par_13/odst_2;31517;1994/216;1994/216;1994/216;216/1994 Sb.
esel-esb:eli/cz/sb/1994/216/2024-01-01/dokument/norma/cast_2/par_13/odst_3;6561232;esel-esb:eli/cz/sb/1994/216/2024-01-01/dokument/norma/cast_2/par_13;§ 13 odst. 3;NA;3;NA;/2/2/12/4/;esel-esb:právní-akt-fragment/2852901;2852901;2852901;Odstavec_Dc;(3) Jestliže se strany dohodly na příslušnosti konkrétního stálého rozhodčího soudu a neujednaly v rozhodčí smlouvě jinak, platí, že se podrobily předpisům uvedeným v odstavci 2, platným v době zahájení řízení před stálým rozhodčím soudem.;norms;"<a data-odkaz-id=""8169003"" href=""#""  class=""int_odkaz"">odstavci 2</a>";odstavci 2;8169003;int_odkaz;NA;NA;NA;NA;esel-esb:právní-akt-odkaz/8169003;odstavci 2;INTUSTAN;31517;esel-esb:eli/cz/sb/1994/216/0000-00-00/dokument/norma/cast_2/par_13/odst_2;31517;esel-esb:eli/cz/sb/1994/216/0000-00-00/dokument/norma/cast_2/par_13/odst_3;31517;1994/216;1994/216;1994/216;216/1994 Sb.
esel-esb:eli/cz/sb/1994/216/2024-01-01/dokument/norma/cast_3/par_14/odst_1;6561237;esel-esb:eli/cz/sb/1994/216/2024-01-01/dokument/norma/cast_3/par_14;§ 14 odst. 1;NA;1;NA;/2/3/2/1/;esel-esb:právní-akt-fragment/2852909;2852909;2852909;Odstavec_Dc;(1) Rozhodčí řízení se zahajuje žalobou a je zahájeno dnem, kdy žaloba došla stálému rozhodčímu soudu nebo rozhodci uvedenému v odstavci 2. Podání žaloby má tytéž právní účinky, jako kdyby byla v této věci podána žaloba u soudu.;norms;"<a data-odkaz-id=""8169029"" href=""#""  class=""int_odkaz"">odstavci 2.</a>";odstavci 2.;8169029;int_odkaz;NA;NA;NA;NA;esel-esb:právní-akt-odkaz/8169029;odstavci 2.;INTUSTAN;31517;esel-esb:eli/cz/sb/1994/216/0000-00-00/dokument/norma/cast_3/par_14/odst_2;31517;esel-esb:eli/cz/sb/1994/216/0000-00-00/dokument/norma/cast_3/par_14/odst_1;31517;1994/216;1994/216;1994/216;216/1994 Sb.
esel-esb:eli/cz/sb/1994/216/2024-01-01/dokument/norma/cast_3/par_14/odst_3;6561239;esel-esb:eli/cz/sb/1994/216/2024-01-01/dokument/norma/cast_3/par_14;§ 14 odst. 3;NA;3;NA;/2/3/2/3/;esel-esb:právní-akt-fragment/2852913;2852913;2852913;Odstavec_Dc;(3) Stálý rozhodčí soud i rozhodce uvedený v odstavci 2 je povinen na žalobě vyznačit den, kdy mu došla.;norms;"<a data-odkaz-id=""8169055"" href=""#""  class=""int_odkaz"">odstavci 2</a>";odstavci 2;8169055;int_odkaz;NA;NA;NA;NA;esel-esb:právní-akt-odkaz/8169055;odstavci 2;INTUSTAN;31517;esel-esb:eli/cz/sb/1994/216/0000-00-00/dokument/norma/cast_3/par_14/odst_2;31517;esel-esb:eli/cz/sb/1994/216/0000-00-00/dokument/norma/cast_3/par_14/odst_3;31517;1994/216;1994/216;1994/216;216/1994 Sb.
esel-esb:eli/cz/sb/1994/216/2024-01-01/dokument/norma/cast_3/par_19/odst_2;6561252;esel-esb:eli/cz/sb/1994/216/2024-01-01/dokument/norma/cast_3/par_19;§ 19 odst. 2;NA;2;NA;/2/3/7/2/;esel-esb:právní-akt-fragment/2853233;2853233;2852939;Odstavec_Dc;(2) Není-li uzavřena dohoda podle odstavce 1 nebo není určen postup podle odstavce 4, postupují rozhodci v řízení způsobem, který považují za vhodný. Vedou rozhodčí řízení tak, aby bez zbytečných formalit a při poskytnutí stejné příležitosti k uplatnění práv všem stranám byl zjištěn skutkový stav věci potřebný pro rozhodnutí sporu.;norms;"<a data-odkaz-id=""8085785"" href=""#""  class=""int_odkaz"">odstavce 1</a>";odstavce 1;8085785;int_odkaz;NA;NA;NA;NA;esel-esb:právní-akt-odkaz/8085785;odstavce 1;INTUSTAN;100193;esel-esb:eli/cz/sb/1994/216/2012-04-01/dokument/norma/cast_3/par_19/odst_1;100193;esel-esb:eli/cz/sb/1994/216/2012-04-01/dokument/norma/cast_3/par_19/odst_2;100193;1994/216;1994/216;1994/216;216/1994 Sb.
esel-esb:eli/cz/sb/1994/216/2024-01-01/dokument/norma/cast_3/par_19/odst_2;6561252;esel-esb:eli/cz/sb/1994/216/2024-01-01/dokument/norma/cast_3/par_19;§ 19 odst. 2;NA;2;NA;/2/3/7/2/;esel-esb:právní-akt-fragment/2853233;2853233;2852939;Odstavec_Dc;(2) Není-li uzavřena dohoda podle odstavce 1 nebo není určen postup podle odstavce 4, postupují rozhodci v řízení způsobem, který považují za vhodný. Vedou rozhodčí řízení tak, aby bez zbytečných formalit a při poskytnutí stejné příležitosti k uplatnění práv všem stranám byl zjištěn skutkový stav věci potřebný pro rozhodnutí sporu.;norms;"<a data-odkaz-id=""8085797"" href=""#""  class=""int_odkaz"">odstavce 4</a>";odstavce 4;8085797;int_odkaz;NA;NA;NA;NA;esel-esb:právní-akt-odkaz/8085797;odstavce 4;INTUSTAN;100193;esel-esb:eli/cz/sb/1994/216/2012-04-01/dokument/norma/cast_3/par_19/odst_4;100193;esel-esb:eli/cz/sb/1994/216/2012-04-01/dokument/norma/cast_3/par_19/odst_2;100193;1994/216;1994/216;1994/216;216/1994 Sb.
esel-esb:eli/cz/sb/1994/216/2024-01-01/dokument/norma/cast_3/par_20/odst_3;6561261;esel-esb:eli/cz/sb/1994/216/2024-01-01/dokument/norma/cast_3/par_20;§ 20 odst. 3;NA;3;NA;/2/3/9/3/;esel-esb:právní-akt-fragment/2852949;2852949;2852949;Odstavec_Dc;(3) Náklady řízení, které vznikly soudu provedením procesních úkonů podle odstavce 2, hradí soudu stálý rozhodčí soud nebo rozhodci.;norms;"<a data-odkaz-id=""8169095"" href=""#""  class=""int_odkaz"">odstavce 2</a>";odstavce 2;8169095;int_odkaz;NA;NA;NA;NA;esel-esb:právní-akt-odkaz/8169095;odstavce 2;INTUSTAN;31517;esel-esb:eli/cz/sb/1994/216/0000-00-00/dokument/norma/cast_3/par_20/odst_2;31517;esel-esb:eli/cz/sb/1994/216/0000-00-00/dokument/norma/cast_3/par_20/odst_3;31517;1994/216;1994/216;1994/216;216/1994 Sb.
esel-esb:eli/cz/sb/1994/216/2024-01-01/dokument/norma/cast_3/par_25/odst_2;6561276;esel-esb:eli/cz/sb/1994/216/2024-01-01/dokument/norma/cast_3/par_25;§ 25 odst. 2;NA;2;NA;/2/3/15/2/;esel-esb:právní-akt-fragment/2853559;2853559;2852979;Odstavec_Dc;"(2) Rozhodčí nález musí obsahovat odůvodnění, ledaže se strany dohodly, že odůvodnění není třeba; to platí i o rozhodčím nálezu vydaném podle § 24 odst. 2.";norms;"<a data-odkaz-id=""8173461"" href=""#""  class=""int_odkaz"">§ 24 odst. 2.</a>";§ 24 odst. 2.;8173461;int_odkaz;NA;NA;NA;NA;esel-esb:právní-akt-odkaz/8173461;§ 24 odst. 2.;INTUSTAN;100197;esel-esb:eli/cz/sb/1994/216/2016-12-01/dokument/norma/cast_3/par_24/odst_2;100197;esel-esb:eli/cz/sb/1994/216/2016-12-01/dokument/norma/cast_3/par_25/odst_2;100197;1994/216;1994/216;1994/216;216/1994 Sb.
esel-esb:eli/cz/sb/1994/216/2024-01-01/dokument/norma/cast_3/par_28/odst_2;6561284;esel-esb:eli/cz/sb/1994/216/2024-01-01/dokument/norma/cast_3/par_28;§ 28 odst. 2;NA;2;NA;/2/3/18/2/;esel-esb:právní-akt-fragment/2852995;2852995;2852995;Odstavec_Dc;(2) Rozhodčí nález, který nelze přezkoumat podle § 27, nebo u něhož marně uplynula lhůta k podání žádosti o přezkoumání podle § 27, nabývá dnem doručení účinku pravomocného soudního rozhodnutí a je soudně vykonatelný.;norms;"<a data-odkaz-id=""8169135"" href=""#""  class=""int_odkaz"">§ 27</a>";§ 27;8169135;int_odkaz;NA;NA;NA;NA;esel-esb:právní-akt-odkaz/8169135;§ 27;INTUSTAN;31517;esel-esb:eli/cz/sb/1994/216/0000-00-00/dokument/norma/cast_3/par_27;31517;esel-esb:eli/cz/sb/1994/216/0000-00-00/dokument/norma/cast_3/par_28/odst_2;31517;1994/216;1994/216;1994/216;216/1994 Sb.
esel-esb:eli/cz/sb/1994/216/2024-01-01/dokument/norma/cast_3/par_28/odst_2;6561284;esel-esb:eli/cz/sb/1994/216/2024-01-01/dokument/norma/cast_3/par_28;§ 28 odst. 2;NA;2;NA;/2/3/18/2/;esel-esb:právní-akt-fragment/2852995;2852995;2852995;Odstavec_Dc;(2) Rozhodčí nález, který nelze přezkoumat podle § 27, nebo u něhož marně uplynula lhůta k podání žádosti o přezkoumání podle § 27, nabývá dnem doručení účinku pravomocného soudního rozhodnutí a je soudně vykonatelný.;norms;"<a data-odkaz-id=""8169161"" href=""#""  class=""int_odkaz"">§ 27</a>";§ 27;8169161;int_odkaz;NA;NA;NA;NA;esel-esb:právní-akt-odkaz/8169161;§ 27;INTUSTAN;31517;esel-esb:eli/cz/sb/1994/216/0000-00-00/dokument/norma/cast_3/par_27;31517;esel-esb:eli/cz/sb/1994/216/0000-00-00/dokument/norma/cast_3/par_28/odst_2;31517;1994/216;1994/216;1994/216;216/1994 Sb.
esel-esb:eli/cz/sb/1994/216/2024-01-01/dokument/norma/cast_3/par_29/odst_3;6561288;esel-esb:eli/cz/sb/1994/216/2024-01-01/dokument/norma/cast_3/par_29;§ 29 odst. 3;NA;3;NA;/2/3/19/3/;esel-esb:právní-akt-fragment/2853003;2853003;2853003;Odstavec_Dc;(3) Strany mohou nahlížet do listin uvedených v odstavcích 1 a 2 a činit z nich výpisy a opisy.;norms;"<a data-odkaz-id=""8169187"" href=""#""  class=""int_odkaz"">odstavcích 1</a>";odstavcích 1;8169187;int_odkaz;NA;NA;NA;NA;esel-esb:právní-akt-odkaz/8169187;odstavcích 1;INTUSTAN;31517;esel-esb:eli/cz/sb/1994/216/0000-00-00/dokument/norma/cast_3/par_29/odst_1;31517;esel-esb:eli/cz/sb/1994/216/0000-00-00/dokument/norma/cast_3/par_29/odst_3;31517;1994/216;1994/216;1994/216;216/1994 Sb.
esel-esb:eli/cz/sb/1994/216/2024-01-01/dokument/norma/cast_3/par_29/odst_3;6561288;esel-esb:eli/cz/sb/1994/216/2024-01-01/dokument/norma/cast_3/par_29;§ 29 odst. 3;NA;3;NA;/2/3/19/3/;esel-esb:právní-akt-fragment/2853003;2853003;2853003;Odstavec_Dc;(3) Strany mohou nahlížet do listin uvedených v odstavcích 1 a 2 a činit z nich výpisy a opisy.;norms;"<a data-odkaz-id=""8169213"" href=""#""  class=""int_odkaz"">2</a>";2;8169213;int_odkaz;NA;NA;NA;NA;esel-esb:právní-akt-odkaz/8169213;2;INTUSTAN;31517;esel-esb:eli/cz/sb/1994/216/0000-00-00/dokument/norma/cast_3/par_29/odst_2;31517;esel-esb:eli/cz/sb/1994/216/0000-00-00/dokument/norma/cast_3/par_29/odst_3;31517;1994/216;1994/216;1994/216;216/1994 Sb.
esel-esb:eli/cz/sb/1994/216/2024-01-01/dokument/norma/cast_3/par_30/frag_2853007;6561290;esel-esb:eli/cz/sb/1994/216/2024-01-01/dokument/norma/cast_3/par_30;NA;NA;NA;NA;/2/3/20/1/;esel-esb:právní-akt-fragment/2853007;2853007;2853007;Nadpis_pod;Užití občanského soudního řádu;norms;"<a data-odkaz-id=""8169239"" href=""#""  class=""ext_odkaz"">občanského soudního řádu</a>";občanského soudního řádu;8169239;ext_odkaz;NA;NA;NA;NA;esel-esb:právní-akt-odkaz/8169239;občanského soudního řádu;JINYPRED;73259;esel-esb:eli/cz/sb/1963/99/1994-07-20/dokument;31517;esel-esb:eli/cz/sb/1994/216/0000-00-00/dokument/norma/cast_3/par_30/frag_2853007;31517;1994/216;1963/99;1994/216;216/1994 Sb.
esel-esb:eli/cz/sb/1994/216/2024-01-01/dokument/norma/cast_3/par_30/frag_2853009;6561291;esel-esb:eli/cz/sb/1994/216/2024-01-01/dokument/norma/cast_3/par_30;NA;NA;NA;NA;/2/3/20/2/;esel-esb:právní-akt-fragment/2853009;2853009;2853009;Odstavec_Dc;Nestanoví-li zákon jinak, užijí se na řízení před rozhodci přiměřeně ustanovení občanského soudního řádu.;norms;"<a data-odkaz-id=""8169265"" href=""#""  class=""ext_odkaz"">občanského soudního řádu</a>";občanského soudního řádu;8169265;ext_odkaz;NA;NA;NA;NA;esel-esb:právní-akt-odkaz/8169265;občanského soudního řádu;JINYPRED;73259;esel-esb:eli/cz/sb/1963/99/1994-07-20/dokument;31517;esel-esb:eli/cz/sb/1994/216/0000-00-00/dokument/norma/cast_3/par_30/frag_2853009;31517;1994/216;1963/99;1994/216;216/1994 Sb.
esel-esb:eli/cz/sb/1994/216/2024-01-01/dokument/norma/cast_4/par_31/pism_g;6561302;esel-esb:eli/cz/sb/1994/216/2024-01-01/dokument/norma/cast_4/par_31/frag_2853017;§ 31 písm. g);NA;g;NA;/2/4/2/1/7/;esel-esb:právní-akt-fragment/2853563;2853563;2853031;Pismeno_Lb;g) se zjistí, že jsou dány důvody, pro které lze v občanském soudním řízení žádat o obnovu řízení.4);norms;"<a data-odkaz-id=""8173469"" href=""#""  class=""int_odkaz""><sup>4</sup>)</a>";4);8173469;int_odkaz;NA;NA;NA;NA;esel-esb:právní-akt-odkaz/8173469;<sup>4</sup>);POZNAMKA;100197;esel-esb:eli/cz/sb/1994/216/2016-12-01/dokument/poznamkypodcarou/ppc_4;100197;esel-esb:eli/cz/sb/1994/216/2016-12-01/dokument/norma/cast_4/par_31/pism_g;100197;1994/216;1994/216;1994/216;216/1994 Sb.
esel-esb:eli/cz/sb/1994/216/2024-01-01/dokument/norma/cast_4/par_32/odst_2;6561305;esel-esb:eli/cz/sb/1994/216/2024-01-01/dokument/norma/cast_4/par_32;§ 32 odst. 2;NA;2;NA;/2/4/3/2/;esel-esb:právní-akt-fragment/2853259;2853259;2853037;Odstavec_Dc;(2) Podání návrhu podle odstavce 1 nemá odkladný účinek na vykonatelnost rozhodčího nálezu. Na žádost povinného může však soud vykonatelnost rozhodčího nálezu odložit, jestliže by neprodleným výkonem rozhodčího nálezu hrozila závažná újma nebo jestliže je z návrhu na zrušení rozhodčího nálezu možné usuzovat, že je důvodný.;norms;"<a data-odkaz-id=""8172719"" href=""#""  class=""int_odkaz"">odstavce 1</a>";odstavce 1;8172719;int_odkaz;NA;NA;NA;NA;esel-esb:právní-akt-odkaz/8172719;odstavce 1;INTUSTAN;100193;esel-esb:eli/cz/sb/1994/216/2012-04-01/dokument/norma/cast_4/par_32/odst_1;100193;esel-esb:eli/cz/sb/1994/216/2012-04-01/dokument/norma/cast_4/par_32/odst_2;100193;1994/216;1994/216;1994/216;216/1994 Sb.
esel-esb:eli/cz/sb/1994/216/2024-01-01/dokument/norma/cast_4/par_33/frag_2853567;6561307;esel-esb:eli/cz/sb/1994/216/2024-01-01/dokument/norma/cast_4/par_33;NA;NA;NA;NA;/2/4/4/1/;esel-esb:právní-akt-fragment/2853567;2853567;2853041;Odstavec_Dc;Soud zamítne návrh na zrušení rozhodčího nálezu, který se opírá o důvody § 31 písm. b) nebo c), jestliže strana, která se domáhá zrušení rozhodčího nálezu, neuplatnila, ač mohla, takový důvod v rozhodčím řízení nejpozději, než začala jednat ve věci samé.;norms;"<a data-odkaz-id=""8173477"" href=""#""  class=""int_odkaz"">§ 31 písm. b)</a>";§ 31 písm. b);8173477;int_odkaz;NA;NA;NA;NA;esel-esb:právní-akt-odkaz/8173477;§ 31 písm. b);INTUSTAN;100197;esel-esb:eli/cz/sb/1994/216/2016-12-01/dokument/norma/cast_4/par_31/pism_b;100197;esel-esb:eli/cz/sb/1994/216/2016-12-01/dokument/norma/cast_4/par_33/frag_2853567;100197;1994/216;1994/216;1994/216;216/1994 Sb.
esel-esb:eli/cz/sb/1994/216/2024-01-01/dokument/norma/cast_4/par_33/frag_2853567;6561307;esel-esb:eli/cz/sb/1994/216/2024-01-01/dokument/norma/cast_4/par_33;NA;NA;NA;NA;/2/4/4/1/;esel-esb:právní-akt-fragment/2853567;2853567;2853041;Odstavec_Dc;Soud zamítne návrh na zrušení rozhodčího nálezu, který se opírá o důvody § 31 písm. b) nebo c), jestliže strana, která se domáhá zrušení rozhodčího nálezu, neuplatnila, ač mohla, takový důvod v rozhodčím řízení nejpozději, než začala jednat ve věci samé.;norms;"<a data-odkaz-id=""8173485"" href=""#""  class=""int_odkaz"">c)</a>";c);8173485;int_odkaz;NA;NA;NA;NA;esel-esb:právní-akt-odkaz/8173485;c);INTUSTAN;100197;esel-esb:eli/cz/sb/1994/216/2016-12-01/dokument/norma/cast_4/par_31/pism_c;100197;esel-esb:eli/cz/sb/1994/216/2016-12-01/dokument/norma/cast_4/par_33/frag_2853567;100197;1994/216;1994/216;1994/216;216/1994 Sb.
esel-esb:eli/cz/sb/1994/216/2024-01-01/dokument/norma/cast_4/par_34/odst_1;6561309;esel-esb:eli/cz/sb/1994/216/2024-01-01/dokument/norma/cast_4/par_34;§ 34 odst. 1;NA;1;NA;/2/4/5/1/;esel-esb:právní-akt-fragment/2853569;2853569;2853045;Odstavec_Dc;(1) Zruší-li soud rozhodčí nález z důvodů uvedených v § 31 písm. a) nebo b), pokračuje k návrhu některé ze stran po právní moci rozsudku v jednání ve věci samé a tuto věc rozhodne. Věc již nelze projednat v rozhodčím řízení.;norms;"<a data-odkaz-id=""8173493"" href=""#""  class=""int_odkaz"">§ 31 písm. a)</a>";§ 31 písm. a);8173493;int_odkaz;NA;NA;NA;NA;esel-esb:právní-akt-odkaz/8173493;§ 31 písm. a);INTUSTAN;100197;esel-esb:eli/cz/sb/1994/216/2016-12-01/dokument/norma/cast_4/par_31/pism_a;100197;esel-esb:eli/cz/sb/1994/216/2016-12-01/dokument/norma/cast_4/par_34/odst_1;100197;1994/216;1994/216;1994/216;216/1994 Sb.
esel-esb:eli/cz/sb/1994/216/2024-01-01/dokument/norma/cast_4/par_34/odst_1;6561309;esel-esb:eli/cz/sb/1994/216/2024-01-01/dokument/norma/cast_4/par_34;§ 34 odst. 1;NA;1;NA;/2/4/5/1/;esel-esb:právní-akt-fragment/2853569;2853569;2853045;Odstavec_Dc;(1) Zruší-li soud rozhodčí nález z důvodů uvedených v § 31 písm. a) nebo b), pokračuje k návrhu některé ze stran po právní moci rozsudku v jednání ve věci samé a tuto věc rozhodne. Věc již nelze projednat v rozhodčím řízení.;norms;"<a data-odkaz-id=""8173501"" href=""#""  class=""int_odkaz"">b)</a>";b);8173501;int_odkaz;NA;NA;NA;NA;esel-esb:právní-akt-odkaz/8173501;b);INTUSTAN;100197;esel-esb:eli/cz/sb/1994/216/2016-12-01/dokument/norma/cast_4/par_31/pism_b;100197;esel-esb:eli/cz/sb/1994/216/2016-12-01/dokument/norma/cast_4/par_34/odst_1;100197;1994/216;1994/216;1994/216;216/1994 Sb.
esel-esb:eli/cz/sb/1994/216/2024-01-01/dokument/norma/cast_4/par_34/odst_2;6561310;esel-esb:eli/cz/sb/1994/216/2024-01-01/dokument/norma/cast_4/par_34;§ 34 odst. 2;NA;2;NA;/2/4/5/2/;esel-esb:právní-akt-fragment/2853571;2853571;2853047;Odstavec_Dc;(2) Zruší-li soud rozhodčí nález z důvodů uvedených v § 31 písm. c) až g), pokračuje se k návrhu některé ze stran v rozhodčím řízení na základě rozhodčí smlouvy. Nedohodnou-li se strany jinak, rozhodci zúčastnění na rozhodčím nálezu, který byl zrušen z důvodů uvedených v § 31 písm. c), jsou však z nového projednání a rozhodování vyloučeni. Nedohodnou-li se strany jinak, budou noví rozhodci jmenováni způsobem původně určeným v rozhodčí smlouvě nebo podpůrně podle ustanovení tohoto zákona.;norms;"<a data-odkaz-id=""8173509"" href=""#""  class=""int_odkaz"">§ 31 písm. c) až g)</a>";§ 31 písm. c) až g);8173509;int_odkaz;NA;NA;NA;NA;esel-esb:právní-akt-odkaz/8173509;§ 31 písm. c) až g);INTUSTAN;100197;esel-esb:eli/cz/sb/1994/216/2016-12-01/dokument/norma/cast_4/par_31/pism_c;100197;esel-esb:eli/cz/sb/1994/216/2016-12-01/dokument/norma/cast_4/par_34/odst_2;100197;1994/216;1994/216;1994/216;216/1994 Sb.
esel-esb:eli/cz/sb/1994/216/2024-01-01/dokument/norma/cast_4/par_34/odst_2;6561310;esel-esb:eli/cz/sb/1994/216/2024-01-01/dokument/norma/cast_4/par_34;§ 34 odst. 2;NA;2;NA;/2/4/5/2/;esel-esb:právní-akt-fragment/2853571;2853571;2853047;Odstavec_Dc;(2) Zruší-li soud rozhodčí nález z důvodů uvedených v § 31 písm. c) až g), pokračuje se k návrhu některé ze stran v rozhodčím řízení na základě rozhodčí smlouvy. Nedohodnou-li se strany jinak, rozhodci zúčastnění na rozhodčím nálezu, který byl zrušen z důvodů uvedených v § 31 písm. c), jsou však z nového projednání a rozhodování vyloučeni. Nedohodnou-li se strany jinak, budou noví rozhodci jmenováni způsobem původně určeným v rozhodčí smlouvě nebo podpůrně podle ustanovení tohoto zákona.;norms;"<a data-odkaz-id=""8173517"" href=""#""  class=""int_odkaz"">§ 31 písm. c)</a>";§ 31 písm. c);8173517;int_odkaz;NA;NA;NA;NA;esel-esb:právní-akt-odkaz/8173517;§ 31 písm. c);INTUSTAN;100197;esel-esb:eli/cz/sb/1994/216/2016-12-01/dokument/norma/cast_4/par_31/pism_c;100197;esel-esb:eli/cz/sb/1994/216/2016-12-01/dokument/norma/cast_4/par_34/odst_2;100197;1994/216;1994/216;1994/216;216/1994 Sb.
esel-esb:eli/cz/sb/1994/216/2024-01-01/dokument/norma/cast_4/par_35/odst_1;6561312;esel-esb:eli/cz/sb/1994/216/2024-01-01/dokument/norma/cast_4/par_35;§ 35 odst. 1;NA;1;NA;/2/4/6/1/;esel-esb:právní-akt-fragment/2853273;2853273;2853051;Odstavec_Dc;(1) I když nepodala návrh na zrušení rozhodčího nálezu soudem, může strana, proti níž byl soudem nařízen výkon rozhodčího nálezu, bez ohledu na lhůtu stanovenou v § 32 odst. 1, podat návrh na zastavení nařízeného výkonu rozhodnutí kromě důvodů uvedených ve zvláštním předpisu5) i tehdy, jestliže;norms;"<a data-odkaz-id=""8172765"" href=""#""  class=""int_odkaz"">§ 32 odst. 1</a>";§ 32 odst. 1;8172765;int_odkaz;NA;NA;NA;NA;esel-esb:právní-akt-odkaz/8172765;§ 32 odst. 1;INTUSTAN;100193;esel-esb:eli/cz/sb/1994/216/2012-04-01/dokument/norma/cast_4/par_32/odst_1;100193;esel-esb:eli/cz/sb/1994/216/2012-04-01/dokument/norma/cast_4/par_35/odst_1;100193;1994/216;1994/216;1994/216;216/1994 Sb.
esel-esb:eli/cz/sb/1994/216/2024-01-01/dokument/norma/cast_4/par_35/odst_1;6561312;esel-esb:eli/cz/sb/1994/216/2024-01-01/dokument/norma/cast_4/par_35;§ 35 odst. 1;NA;1;NA;/2/4/6/1/;esel-esb:právní-akt-fragment/2853273;2853273;2853051;Odstavec_Dc;(1) I když nepodala návrh na zrušení rozhodčího nálezu soudem, může strana, proti níž byl soudem nařízen výkon rozhodčího nálezu, bez ohledu na lhůtu stanovenou v § 32 odst. 1, podat návrh na zastavení nařízeného výkonu rozhodnutí kromě důvodů uvedených ve zvláštním předpisu5) i tehdy, jestliže;norms;"<a data-odkaz-id=""8172777"" href=""#""  class=""int_odkaz""><sup>5</sup>)</a>";5);8172777;int_odkaz;NA;NA;NA;NA;esel-esb:právní-akt-odkaz/8172777;<sup>5</sup>);POZNAMKA;100193;esel-esb:eli/cz/sb/1994/216/2012-04-01/dokument/poznamkypodcarou/ppc_5;100193;esel-esb:eli/cz/sb/1994/216/2012-04-01/dokument/norma/cast_4/par_35/odst_1;100193;1994/216;1994/216;1994/216;216/1994 Sb.
esel-esb:eli/cz/sb/1994/216/2024-01-01/dokument/norma/cast_4/par_35/odst_1/pism_a;6561313;esel-esb:eli/cz/sb/1994/216/2024-01-01/dokument/norma/cast_4/par_35/odst_1;§ 35 odst. 1 písm. a);NA;a;NA;/2/4/6/1/1/;esel-esb:právní-akt-fragment/2853053;2853053;2853053;Pismeno_Lb;a) rozhodčí nález je stižen některou vadou uvedenou v § 31 písm. a), d) nebo f),;norms;"<a data-odkaz-id=""8169403"" href=""#""  class=""int_odkaz"">§ 31 písm. a)</a>";§ 31 písm. a);8169403;int_odkaz;NA;NA;NA;NA;esel-esb:právní-akt-odkaz/8169403;§ 31 písm. a);INTUSTAN;31517;esel-esb:eli/cz/sb/1994/216/0000-00-00/dokument/norma/cast_4/par_31/pism_a;31517;esel-esb:eli/cz/sb/1994/216/0000-00-00/dokument/norma/cast_4/par_35/odst_1/pism_a;31517;1994/216;1994/216;1994/216;216/1994 Sb.
esel-esb:eli/cz/sb/1994/216/2024-01-01/dokument/norma/cast_4/par_35/odst_1/pism_a;6561313;esel-esb:eli/cz/sb/1994/216/2024-01-01/dokument/norma/cast_4/par_35/odst_1;§ 35 odst. 1 písm. a);NA;a;NA;/2/4/6/1/1/;esel-esb:právní-akt-fragment/2853053;2853053;2853053;Pismeno_Lb;a) rozhodčí nález je stižen některou vadou uvedenou v § 31 písm. a), d) nebo f),;norms;"<a data-odkaz-id=""8169429"" href=""#""  class=""int_odkaz"">d)</a>";d);8169429;int_odkaz;NA;NA;NA;NA;esel-esb:právní-akt-odkaz/8169429;d);INTUSTAN;31517;esel-esb:eli/cz/sb/1994/216/0000-00-00/dokument/norma/cast_4/par_31/pism_d;31517;esel-esb:eli/cz/sb/1994/216/0000-00-00/dokument/norma/cast_4/par_35/odst_1/pism_a;31517;1994/216;1994/216;1994/216;216/1994 Sb.
esel-esb:eli/cz/sb/1994/216/2024-01-01/dokument/norma/cast_4/par_35/odst_1/pism_a;6561313;esel-esb:eli/cz/sb/1994/216/2024-01-01/dokument/norma/cast_4/par_35/odst_1;§ 35 odst. 1 písm. a);NA;a;NA;/2/4/6/1/1/;esel-esb:právní-akt-fragment/2853053;2853053;2853053;Pismeno_Lb;a) rozhodčí nález je stižen některou vadou uvedenou v § 31 písm. a), d) nebo f),;norms;"<a data-odkaz-id=""8169455"" href=""#""  class=""int_odkaz"">f)</a>";f);8169455;int_odkaz;NA;NA;NA;NA;esel-esb:právní-akt-odkaz/8169455;f);INTUSTAN;31517;esel-esb:eli/cz/sb/1994/216/0000-00-00/dokument/norma/cast_4/par_31/pism_f;31517;esel-esb:eli/cz/sb/1994/216/0000-00-00/dokument/norma/cast_4/par_35/odst_1/pism_a;31517;1994/216;1994/216;1994/216;216/1994 Sb.
esel-esb:eli/cz/sb/1994/216/2024-01-01/dokument/norma/cast_4/par_35/odst_2;6561316;esel-esb:eli/cz/sb/1994/216/2024-01-01/dokument/norma/cast_4/par_35;§ 35 odst. 2;NA;2;NA;/2/4/6/2/;esel-esb:právní-akt-fragment/2853059;2853059;2853059;Odstavec_Dc;(2) Je-li podán návrh podle odstavce 1, soud provádějící výkon rozhodčího nálezu řízení o výkon rozhodnutí přeruší a uloží povinnému, aby do 30 dnů podal u příslušného soudu návrh na zrušení rozhodčího nálezu. Není-li v této lhůtě návrh podán, pokračuje soud v řízení o výkon rozhodčího nálezu.;norms;"<a data-odkaz-id=""8169481"" href=""#""  class=""int_odkaz"">odstavce 1</a>";odstavce 1;8169481;int_odkaz;NA;NA;NA;NA;esel-esb:právní-akt-odkaz/8169481;odstavce 1;INTUSTAN;31517;esel-esb:eli/cz/sb/1994/216/0000-00-00/dokument/norma/cast_4/par_35/odst_1;31517;esel-esb:eli/cz/sb/1994/216/0000-00-00/dokument/norma/cast_4/par_35/odst_2;31517;1994/216;1994/216;1994/216;216/1994 Sb.
esel-esb:eli/cz/sb/1994/216/2024-01-01/dokument/norma/cast_4/par_35/odst_3;6561317;esel-esb:eli/cz/sb/1994/216/2024-01-01/dokument/norma/cast_4/par_35;§ 35 odst. 3;NA;3;NA;/2/4/6/3/;esel-esb:právní-akt-fragment/2853061;2853061;2853061;Odstavec_Dc;(3) Je-li rozhodčí nález zrušen, mohou pak strany postupovat obdobně podle § 34.;norms;"<a data-odkaz-id=""8084923"" href=""#""  class=""int_odkaz"">§ 34</a>";§ 34;8084923;int_odkaz;NA;NA;NA;NA;esel-esb:právní-akt-odkaz/8084923;§ 34;INTUSTAN;31517;esel-esb:eli/cz/sb/1994/216/0000-00-00/dokument/norma/cast_4/par_34;31517;esel-esb:eli/cz/sb/1994/216/0000-00-00/dokument/norma/cast_4/par_35/odst_3;31517;1994/216;1994/216;1994/216;216/1994 Sb.
esel-esb:eli/cz/sb/1994/216/2024-01-01/dokument/norma/cast_7/par_40e/frag_2853515;6561321;esel-esb:eli/cz/sb/1994/216/2024-01-01/dokument/norma/cast_7/par_40e;NA;NA;NA;NA;/2/5/2/1/;esel-esb:právní-akt-fragment/2853515;2853515;2853515;Odstavec_Dc;Tohoto zákona se použije i na rozhodování sporných záležitostí náležejících do spolkové samosprávy v řízení před rozhodčí komisí spolku (dále jen „komise“) podle občanského zákoníku, ledaže je v této části stanoveno jinak. Na rozhodování před komisí se nepoužijí ustanovení o stálých rozhodčích soudech.;norms;"<a data-odkaz-id=""8173307"" href=""#""  class=""ext_odkaz"">občanského zákoníku</a>";občanského zákoníku;8173307;ext_odkaz;NA;NA;NA;NA;esel-esb:právní-akt-odkaz/8173307;občanského zákoníku;JINYPRED;141777;esel-esb:eli/cz/sb/2012/89/2014-01-01/dokument;100195;esel-esb:eli/cz/sb/1994/216/2014-01-01/dokument/norma/cast_7/par_40e/frag_2853515;100195;1994/216;2012/89;1994/216;216/1994 Sb.
esel-esb:eli/cz/sb/1994/216/2024-01-01/dokument/norma/cast_7/par_40g/odst_2;6561327;esel-esb:eli/cz/sb/1994/216/2024-01-01/dokument/norma/cast_7/par_40g;§ 40g odst. 2;NA;2;NA;/2/5/4/2/;esel-esb:právní-akt-fragment/2853527;2853527;2853527;Odstavec_Dc;"(2) Klesne-li počet členů komise, kteří jsou způsobilí věc rozhodnout pod minimální počet členů vyžadovaný pro rozhodování tímto zákonem nebo stanovami, komise řízení zastaví; to nebrání soudu, aby věc rozhodl. Ustanovení § 9 a 10 se nepoužijí.";norms;"<a data-odkaz-id=""8173317"" href=""#""  class=""int_odkaz"">§ 9</a>";§ 9;8173317;int_odkaz;NA;NA;NA;NA;esel-esb:právní-akt-odkaz/8173317;§ 9;INTUSTAN;100195;esel-esb:eli/cz/sb/1994/216/2014-01-01/dokument/norma/cast_2/par_9;100195;esel-esb:eli/cz/sb/1994/216/2014-01-01/dokument/norma/cast_7/par_40g/odst_2;100195;1994/216;1994/216;1994/216;216/1994 Sb.
esel-esb:eli/cz/sb/1994/216/2024-01-01/dokument/norma/cast_7/par_40g/odst_2;6561327;esel-esb:eli/cz/sb/1994/216/2024-01-01/dokument/norma/cast_7/par_40g;§ 40g odst. 2;NA;2;NA;/2/5/4/2/;esel-esb:právní-akt-fragment/2853527;2853527;2853527;Odstavec_Dc;"(2) Klesne-li počet členů komise, kteří jsou způsobilí věc rozhodnout pod minimální počet členů vyžadovaný pro rozhodování tímto zákonem nebo stanovami, komise řízení zastaví; to nebrání soudu, aby věc rozhodl. Ustanovení § 9 a 10 se nepoužijí.";norms;"<a data-odkaz-id=""8173327"" href=""#""  class=""int_odkaz"">10</a>";10;8173327;int_odkaz;NA;NA;NA;NA;esel-esb:právní-akt-odkaz/8173327;10;INTUSTAN;100195;esel-esb:eli/cz/sb/1994/216/2014-01-01/dokument/norma/cast_2/par_10;100195;esel-esb:eli/cz/sb/1994/216/2014-01-01/dokument/norma/cast_7/par_40g/odst_2;100195;1994/216;1994/216;1994/216;216/1994 Sb.
esel-esb:eli/cz/sb/1994/216/2024-01-01/dokument/norma/cast_7/par_40g/odst_3;6561328;esel-esb:eli/cz/sb/1994/216/2024-01-01/dokument/norma/cast_7/par_40g;§ 40g odst. 3;NA;3;NA;/2/5/4/3/;esel-esb:právní-akt-fragment/2853553;2853553;2853553;Odstavec_Dc;(3) Člení-li se komise v souladu se stanovami na senáty a rozhoduje-li senát komise, platí odstavce 1 a 2 obdobně pro tento senát.;norms;"<a data-odkaz-id=""8173449"" href=""#""  class=""int_odkaz"">odstavce 1</a>";odstavce 1;8173449;int_odkaz;NA;NA;NA;NA;esel-esb:právní-akt-odkaz/8173449;odstavce 1;INTUSTAN;100199;esel-esb:eli/cz/sb/1994/216/2017-01-01/dokument/norma/cast_7/par_40g/odst_1;100199;esel-esb:eli/cz/sb/1994/216/2017-01-01/dokument/norma/cast_7/par_40g/odst_3;100199;1994/216;1994/216;1994/216;216/1994 Sb.
esel-esb:eli/cz/sb/1994/216/2024-01-01/dokument/norma/cast_7/par_40g/odst_3;6561328;esel-esb:eli/cz/sb/1994/216/2024-01-01/dokument/norma/cast_7/par_40g;§ 40g odst. 3;NA;3;NA;/2/5/4/3/;esel-esb:právní-akt-fragment/2853553;2853553;2853553;Odstavec_Dc;(3) Člení-li se komise v souladu se stanovami na senáty a rozhoduje-li senát komise, platí odstavce 1 a 2 obdobně pro tento senát.;norms;"<a data-odkaz-id=""8173455"" href=""#""  class=""int_odkaz"">2</a>";2;8173455;int_odkaz;NA;NA;NA;NA;esel-esb:právní-akt-odkaz/8173455;2;INTUSTAN;100199;esel-esb:eli/cz/sb/1994/216/2017-01-01/dokument/norma/cast_7/par_40g/odst_2;100199;esel-esb:eli/cz/sb/1994/216/2017-01-01/dokument/norma/cast_7/par_40g/odst_3;100199;1994/216;1994/216;1994/216;216/1994 Sb.
esel-esb:eli/cz/sb/1994/216/2024-01-01/dokument/norma/cast_7/par_40i/frag_2853535;6561332;esel-esb:eli/cz/sb/1994/216/2024-01-01/dokument/norma/cast_7/par_40i;NA;NA;NA;NA;/2/5/6/1/;esel-esb:právní-akt-fragment/2853535;2853535;2853535;Odstavec_Dc;Člen komise, u něhož vyšly najevo okolnosti uvedené v § 11, je povinen vyloučit se z projednávání věci. Nevyloučí-li se člen komise, rozhodne o návrhu strany na jeho vyloučení komise.;norms;"<a data-odkaz-id=""8173337"" href=""#""  class=""int_odkaz"">§ 11</a>";§ 11;8173337;int_odkaz;NA;NA;NA;NA;esel-esb:právní-akt-odkaz/8173337;§ 11;INTUSTAN;100195;esel-esb:eli/cz/sb/1994/216/2014-01-01/dokument/norma/cast_2/par_11;100195;esel-esb:eli/cz/sb/1994/216/2014-01-01/dokument/norma/cast_7/par_40i/frag_2853535;100195;1994/216;1994/216;1994/216;216/1994 Sb.
esel-esb:eli/cz/sb/1994/216/2024-01-01/dokument/norma/cast_7/par_40j/odst_1;6561334;esel-esb:eli/cz/sb/1994/216/2024-01-01/dokument/norma/cast_7/par_40j;§ 40j odst. 1;NA;1;NA;/2/5/7/1/;esel-esb:právní-akt-fragment/2853539;2853539;2853539;Odstavec_Dc;(1) Soud na návrh strany zruší rozhodčí nález vydaný komisí i v případě, že komise rozhodovala spor ve zjevném rozporu s dobrými mravy nebo veřejným pořádkem. Ustanovení § 242 občanského zákoníku tím není dotčeno.;norms;"<a data-odkaz-id=""8173347"" href=""#""  class=""ext_odkaz"">§ 242</a>";§ 242;8173347;ext_odkaz;NA;NA;NA;NA;esel-esb:právní-akt-odkaz/8173347;§ 242;JINEUSTAN;141777;esel-esb:eli/cz/sb/2012/89/2014-01-01/dokument/norma/cast_1/hlava_2/dil_3/oddil_2/pododdil_2/par_242;100195;esel-esb:eli/cz/sb/1994/216/2014-01-01/dokument/norma/cast_7/par_40j/odst_1;100195;1994/216;2012/89;1994/216;216/1994 Sb.
esel-esb:eli/cz/sb/1994/216/2024-01-01/dokument/norma/cast_7/par_40j/odst_1;6561334;esel-esb:eli/cz/sb/1994/216/2024-01-01/dokument/norma/cast_7/par_40j;§ 40j odst. 1;NA;1;NA;/2/5/7/1/;esel-esb:právní-akt-fragment/2853539;2853539;2853539;Odstavec_Dc;(1) Soud na návrh strany zruší rozhodčí nález vydaný komisí i v případě, že komise rozhodovala spor ve zjevném rozporu s dobrými mravy nebo veřejným pořádkem. Ustanovení § 242 občanského zákoníku tím není dotčeno.;norms;"<a data-odkaz-id=""8173357"" href=""#""  class=""ext_odkaz"">občanského zákoníku</a>";občanského zákoníku;8173357;ext_odkaz;NA;NA;NA;NA;esel-esb:právní-akt-odkaz/8173357;občanského zákoníku;JINYPRED;141777;esel-esb:eli/cz/sb/2012/89/2014-01-01/dokument;100195;esel-esb:eli/cz/sb/1994/216/2014-01-01/dokument/norma/cast_7/par_40j/odst_1;100195;1994/216;2012/89;1994/216;216/1994 Sb.
esel-esb:eli/cz/sb/1994/216/2024-01-01/dokument/norma/cast_7/par_40j/odst_2;6561335;esel-esb:eli/cz/sb/1994/216/2024-01-01/dokument/norma/cast_7/par_40j;§ 40j odst. 2;NA;2;NA;/2/5/7/2/;esel-esb:právní-akt-fragment/2853541;2853541;2853541;Odstavec_Dc;(2) I když nepodala návrh na zrušení rozhodčího nálezu soudem, může strana, proti níž byl soudem nařízen výkon rozhodčího nálezu, bez ohledu na lhůtu stanovenou v § 32 odst. 1, podat návrh na zastavení nařízeného výkonu rozhodnutí, kromě důvodů uvedených ve zvláštním předpisu i v případě, že jsou dány důvody pro jeho zrušení podle § 31 písm. a) až f) nebo pokud jsou dány důvody pro jeho zrušení podle odstavce 1 a rozhodčí nález neobsahuje poučení o právu podat návrh na jeho zrušení soudu. Ustanovení § 35 odst. 1 písm. c) a d) a § 35 odst. 2 a 3 se použijí obdobně.;norms;"<a data-odkaz-id=""8173367"" href=""#""  class=""int_odkaz"">§ 32 odst. 1</a>";§ 32 odst. 1;8173367;int_odkaz;NA;NA;NA;NA;esel-esb:právní-akt-odkaz/8173367;§ 32 odst. 1;INTUSTAN;100195;esel-esb:eli/cz/sb/1994/216/2014-01-01/dokument/norma/cast_4/par_32/odst_1;100195;esel-esb:eli/cz/sb/1994/216/2014-01-01/dokument/norma/cast_7/par_40j/odst_2;100195;1994/216;1994/216;1994/216;216/1994 Sb.
esel-esb:eli/cz/sb/1994/216/2024-01-01/dokument/norma/cast_7/par_40j/odst_2;6561335;esel-esb:eli/cz/sb/1994/216/2024-01-01/dokument/norma/cast_7/par_40j;§ 40j odst. 2;NA;2;NA;/2/5/7/2/;esel-esb:právní-akt-fragment/2853541;2853541;2853541;Odstavec_Dc;(2) I když nepodala návrh na zrušení rozhodčího nálezu soudem, může strana, proti níž byl soudem nařízen výkon rozhodčího nálezu, bez ohledu na lhůtu stanovenou v § 32 odst. 1, podat návrh na zastavení nařízeného výkonu rozhodnutí, kromě důvodů uvedených ve zvláštním předpisu i v případě, že jsou dány důvody pro jeho zrušení podle § 31 písm. a) až f) nebo pokud jsou dány důvody pro jeho zrušení podle odstavce 1 a rozhodčí nález neobsahuje poučení o právu podat návrh na jeho zrušení soudu. Ustanovení § 35 odst. 1 písm. c) a d) a § 35 odst. 2 a 3 se použijí obdobně.;norms;"<a data-odkaz-id=""8173377"" href=""#""  class=""int_odkaz"">§ 31 písm. a) až f)</a>";§ 31 písm. a) až f);8173377;int_odkaz;NA;NA;NA;NA;esel-esb:právní-akt-odkaz/8173377;§ 31 písm. a) až f);INTUSTAN;100195;esel-esb:eli/cz/sb/1994/216/2014-01-01/dokument/norma/cast_4/par_31/pism_a;100195;esel-esb:eli/cz/sb/1994/216/2014-01-01/dokument/norma/cast_7/par_40j/odst_2;100195;1994/216;1994/216;1994/216;216/1994 Sb.
esel-esb:eli/cz/sb/1994/216/2024-01-01/dokument/norma/cast_7/par_40j/odst_2;6561335;esel-esb:eli/cz/sb/1994/216/2024-01-01/dokument/norma/cast_7/par_40j;§ 40j odst. 2;NA;2;NA;/2/5/7/2/;esel-esb:právní-akt-fragment/2853541;2853541;2853541;Odstavec_Dc;(2) I když nepodala návrh na zrušení rozhodčího nálezu soudem, může strana, proti níž byl soudem nařízen výkon rozhodčího nálezu, bez ohledu na lhůtu stanovenou v § 32 odst. 1, podat návrh na zastavení nařízeného výkonu rozhodnutí, kromě důvodů uvedených ve zvláštním předpisu i v případě, že jsou dány důvody pro jeho zrušení podle § 31 písm. a) až f) nebo pokud jsou dány důvody pro jeho zrušení podle odstavce 1 a rozhodčí nález neobsahuje poučení o právu podat návrh na jeho zrušení soudu. Ustanovení § 35 odst. 1 písm. c) a d) a § 35 odst. 2 a 3 se použijí obdobně.;norms;"<a data-odkaz-id=""8173387"" href=""#""  class=""int_odkaz"">odstavce 1</a>";odstavce 1;8173387;int_odkaz;NA;NA;NA;NA;esel-esb:právní-akt-odkaz/8173387;odstavce 1;INTUSTAN;100195;esel-esb:eli/cz/sb/1994/216/2014-01-01/dokument/norma/cast_7/par_40j/odst_1;100195;esel-esb:eli/cz/sb/1994/216/2014-01-01/dokument/norma/cast_7/par_40j/odst_2;100195;1994/216;1994/216;1994/216;216/1994 Sb.
esel-esb:eli/cz/sb/1994/216/2024-01-01/dokument/norma/cast_7/par_40j/odst_2;6561335;esel-esb:eli/cz/sb/1994/216/2024-01-01/dokument/norma/cast_7/par_40j;§ 40j odst. 2;NA;2;NA;/2/5/7/2/;esel-esb:právní-akt-fragment/2853541;2853541;2853541;Odstavec_Dc;(2) I když nepodala návrh na zrušení rozhodčího nálezu soudem, může strana, proti níž byl soudem nařízen výkon rozhodčího nálezu, bez ohledu na lhůtu stanovenou v § 32 odst. 1, podat návrh na zastavení nařízeného výkonu rozhodnutí, kromě důvodů uvedených ve zvláštním předpisu i v případě, že jsou dány důvody pro jeho zrušení podle § 31 písm. a) až f) nebo pokud jsou dány důvody pro jeho zrušení podle odstavce 1 a rozhodčí nález neobsahuje poučení o právu podat návrh na jeho zrušení soudu. Ustanovení § 35 odst. 1 písm. c) a d) a § 35 odst. 2 a 3 se použijí obdobně.;norms;"<a data-odkaz-id=""8173397"" href=""#""  class=""int_odkaz"">§ 35 odst. 1 písm. c)</a>";§ 35 odst. 1 písm. c);8173397;int_odkaz;NA;NA;NA;NA;esel-esb:právní-akt-odkaz/8173397;§ 35 odst. 1 písm. c);INTUSTAN;100195;esel-esb:eli/cz/sb/1994/216/2014-01-01/dokument/norma/cast_4/par_35/odst_1/pism_c;100195;esel-esb:eli/cz/sb/1994/216/2014-01-01/dokument/norma/cast_7/par_40j/odst_2;100195;1994/216;1994/216;1994/216;216/1994 Sb.
esel-esb:eli/cz/sb/1994/216/2024-01-01/dokument/norma/cast_7/par_40j/odst_2;6561335;esel-esb:eli/cz/sb/1994/216/2024-01-01/dokument/norma/cast_7/par_40j;§ 40j odst. 2;NA;2;NA;/2/5/7/2/;esel-esb:právní-akt-fragment/2853541;2853541;2853541;Odstavec_Dc;(2) I když nepodala návrh na zrušení rozhodčího nálezu soudem, může strana, proti níž byl soudem nařízen výkon rozhodčího nálezu, bez ohledu na lhůtu stanovenou v § 32 odst. 1, podat návrh na zastavení nařízeného výkonu rozhodnutí, kromě důvodů uvedených ve zvláštním předpisu i v případě, že jsou dány důvody pro jeho zrušení podle § 31 písm. a) až f) nebo pokud jsou dány důvody pro jeho zrušení podle odstavce 1 a rozhodčí nález neobsahuje poučení o právu podat návrh na jeho zrušení soudu. Ustanovení § 35 odst. 1 písm. c) a d) a § 35 odst. 2 a 3 se použijí obdobně.;norms;"<a data-odkaz-id=""8173407"" href=""#""  class=""int_odkaz"">d)</a>";d);8173407;int_odkaz;NA;NA;NA;NA;esel-esb:právní-akt-odkaz/8173407;d);INTUSTAN;100195;esel-esb:eli/cz/sb/1994/216/2014-01-01/dokument/norma/cast_4/par_35/odst_1/pism_d;100195;esel-esb:eli/cz/sb/1994/216/2014-01-01/dokument/norma/cast_7/par_40j/odst_2;100195;1994/216;1994/216;1994/216;216/1994 Sb.
esel-esb:eli/cz/sb/1994/216/2024-01-01/dokument/norma/cast_7/par_40j/odst_2;6561335;esel-esb:eli/cz/sb/1994/216/2024-01-01/dokument/norma/cast_7/par_40j;§ 40j odst. 2;NA;2;NA;/2/5/7/2/;esel-esb:právní-akt-fragment/2853541;2853541;2853541;Odstavec_Dc;(2) I když nepodala návrh na zrušení rozhodčího nálezu soudem, může strana, proti níž byl soudem nařízen výkon rozhodčího nálezu, bez ohledu na lhůtu stanovenou v § 32 odst. 1, podat návrh na zastavení nařízeného výkonu rozhodnutí, kromě důvodů uvedených ve zvláštním předpisu i v případě, že jsou dány důvody pro jeho zrušení podle § 31 písm. a) až f) nebo pokud jsou dány důvody pro jeho zrušení podle odstavce 1 a rozhodčí nález neobsahuje poučení o právu podat návrh na jeho zrušení soudu. Ustanovení § 35 odst. 1 písm. c) a d) a § 35 odst. 2 a 3 se použijí obdobně.;norms;"<a data-odkaz-id=""8173417"" href=""#""  class=""int_odkaz"">§ 35 odst. 2</a>";§ 35 odst. 2;8173417;int_odkaz;NA;NA;NA;NA;esel-esb:právní-akt-odkaz/8173417;§ 35 odst. 2;INTUSTAN;100195;esel-esb:eli/cz/sb/1994/216/2014-01-01/dokument/norma/cast_4/par_35/odst_2;100195;esel-esb:eli/cz/sb/1994/216/2014-01-01/dokument/norma/cast_7/par_40j/odst_2;100195;1994/216;1994/216;1994/216;216/1994 Sb.
esel-esb:eli/cz/sb/1994/216/2024-01-01/dokument/norma/cast_7/par_40j/odst_2;6561335;esel-esb:eli/cz/sb/1994/216/2024-01-01/dokument/norma/cast_7/par_40j;§ 40j odst. 2;NA;2;NA;/2/5/7/2/;esel-esb:právní-akt-fragment/2853541;2853541;2853541;Odstavec_Dc;(2) I když nepodala návrh na zrušení rozhodčího nálezu soudem, může strana, proti níž byl soudem nařízen výkon rozhodčího nálezu, bez ohledu na lhůtu stanovenou v § 32 odst. 1, podat návrh na zastavení nařízeného výkonu rozhodnutí, kromě důvodů uvedených ve zvláštním předpisu i v případě, že jsou dány důvody pro jeho zrušení podle § 31 písm. a) až f) nebo pokud jsou dány důvody pro jeho zrušení podle odstavce 1 a rozhodčí nález neobsahuje poučení o právu podat návrh na jeho zrušení soudu. Ustanovení § 35 odst. 1 písm. c) a d) a § 35 odst. 2 a 3 se použijí obdobně.;norms;"<a data-odkaz-id=""8173427"" href=""#""  class=""int_odkaz"">3</a>";3;8173427;int_odkaz;NA;NA;NA;NA;esel-esb:právní-akt-odkaz/8173427;3;INTUSTAN;100195;esel-esb:eli/cz/sb/1994/216/2014-01-01/dokument/norma/cast_4/par_35/odst_3;100195;esel-esb:eli/cz/sb/1994/216/2014-01-01/dokument/norma/cast_7/par_40j/odst_2;100195;1994/216;1994/216;1994/216;216/1994 Sb.
esel-esb:eli/cz/sb/1994/216/2024-01-01/dokument/norma/cast_7/par_40k/frag_2853545;6561337;esel-esb:eli/cz/sb/1994/216/2024-01-01/dokument/norma/cast_7/par_40k;NA;NA;NA;NA;/2/5/8/1/;esel-esb:právní-akt-fragment/2853545;2853545;2853545;Odstavec_Dc;Na řízení před komisí se použijí i ustanovení § 25 odst. 2 věty druhé a § 32 odst. 3, jestliže návrh na zrušení rozhodčího nálezu podá člen spolku.;norms;"<a data-odkaz-id=""8173437"" href=""#""  class=""int_odkaz"">§ 25 odst. 2</a>";§ 25 odst. 2;8173437;int_odkaz;NA;NA;NA;NA;esel-esb:právní-akt-odkaz/8173437;§ 25 odst. 2;INTUSTAN;100195;esel-esb:eli/cz/sb/1994/216/2014-01-01/dokument/norma/cast_3/par_25/odst_2;100195;esel-esb:eli/cz/sb/1994/216/2014-01-01/dokument/norma/cast_7/par_40k/frag_2853545;100195;1994/216;1994/216;1994/216;216/1994 Sb.
esel-esb:eli/cz/sb/1994/216/2024-01-01/dokument/norma/cast_7/par_40k/frag_2853545;6561337;esel-esb:eli/cz/sb/1994/216/2024-01-01/dokument/norma/cast_7/par_40k;NA;NA;NA;NA;/2/5/8/1/;esel-esb:právní-akt-fragment/2853545;2853545;2853545;Odstavec_Dc;Na řízení před komisí se použijí i ustanovení § 25 odst. 2 věty druhé a § 32 odst. 3, jestliže návrh na zrušení rozhodčího nálezu podá člen spolku.;norms;"<a data-odkaz-id=""8173447"" href=""#""  class=""int_odkaz"">§ 32 odst. 3</a>";§ 32 odst. 3;8173447;int_odkaz;NA;NA;NA;NA;esel-esb:právní-akt-odkaz/8173447;§ 32 odst. 3;INTUSTAN;100195;esel-esb:eli/cz/sb/1994/216/2014-01-01/dokument/norma/cast_4/par_32/odst_3;100195;esel-esb:eli/cz/sb/1994/216/2014-01-01/dokument/norma/cast_7/par_40k/frag_2853545;100195;1994/216;1994/216;1994/216;216/1994 Sb.
esel-esb:eli/cz/sb/1994/216/2024-01-01/dokument/norma/cast_8/par_41/frag_2853585;6561341;esel-esb:eli/cz/sb/1994/216/2024-01-01/dokument/norma/cast_8/par_41;NA;NA;NA;NA;/2/6/2/1/;esel-esb:právní-akt-fragment/2853585;2853585;2853103;Odstavec_Dc;K řízení o neplatnosti rozhodčí smlouvy a k řízení o zrušení rozhodčího nálezu podle části čtvrté tohoto zákona je v prvním stupni příslušný krajský soud. K ostatním řízením podle tohoto zákona je v prvním stupni příslušný soud, který by byl příslušný k řízení ve věci podle zvláštního předpisu,6) kdyby nebylo rozhodčí smlouvy.;norms;"<a data-odkaz-id=""8173525"" href=""#""  class=""int_odkaz"">části čtvrté</a>";části čtvrté;8173525;int_odkaz;NA;NA;NA;NA;esel-esb:právní-akt-odkaz/8173525;části čtvrté;INTUSTAN;100201;esel-esb:eli/cz/sb/1994/216/2017-09-30/dokument/norma/cast_4;100201;esel-esb:eli/cz/sb/1994/216/2017-09-30/dokument/norma/cast_8/par_41/frag_2853585;100201;1994/216;1994/216;1994/216;216/1994 Sb.
esel-esb:eli/cz/sb/1994/216/2024-01-01/dokument/norma/cast_8/par_41/frag_2853585;6561341;esel-esb:eli/cz/sb/1994/216/2024-01-01/dokument/norma/cast_8/par_41;NA;NA;NA;NA;/2/6/2/1/;esel-esb:právní-akt-fragment/2853585;2853585;2853103;Odstavec_Dc;K řízení o neplatnosti rozhodčí smlouvy a k řízení o zrušení rozhodčího nálezu podle části čtvrté tohoto zákona je v prvním stupni příslušný krajský soud. K ostatním řízením podle tohoto zákona je v prvním stupni příslušný soud, který by byl příslušný k řízení ve věci podle zvláštního předpisu,6) kdyby nebylo rozhodčí smlouvy.;norms;"<a data-odkaz-id=""8173529"" href=""#""  class=""int_odkaz""><sup>6</sup>)</a>";6);8173529;int_odkaz;NA;NA;NA;NA;esel-esb:právní-akt-odkaz/8173529;<sup>6</sup>);POZNAMKA;100201;esel-esb:eli/cz/sb/1994/216/2017-09-30/dokument/poznamkypodcarou/ppc_6;100201;esel-esb:eli/cz/sb/1994/216/2017-09-30/dokument/norma/cast_8/par_41/frag_2853585;100201;1994/216;1994/216;1994/216;216/1994 Sb.
esel-esb:eli/cz/sb/1994/216/2024-01-01/dokument/norma/cast_8/par_42/odst_1;6561343;esel-esb:eli/cz/sb/1994/216/2024-01-01/dokument/norma/cast_8/par_42;§ 42 odst. 1;NA;1;NA;/2/6/3/1/;esel-esb:právní-akt-fragment/2853107;2853107;2853107;Odstavec_Dc;(1) K úkonům podle § 20 odst. 2 je dána věcná a místní příslušnost okresního soudu, v jehož obvodu má být požadovaný úkon proveden.;norms;"<a data-odkaz-id=""8169573"" href=""#""  class=""int_odkaz"">§ 20 odst. 2</a>";§ 20 odst. 2;8169573;int_odkaz;NA;NA;NA;NA;esel-esb:právní-akt-odkaz/8169573;§ 20 odst. 2;INTUSTAN;31517;esel-esb:eli/cz/sb/1994/216/0000-00-00/dokument/norma/cast_3/par_20/odst_2;31517;esel-esb:eli/cz/sb/1994/216/0000-00-00/dokument/norma/cast_6/par_42/odst_1;31517;1994/216;1994/216;1994/216;216/1994 Sb.
esel-esb:eli/cz/sb/1994/216/2024-01-01/dokument/norma/cast_8/par_42/odst_2;6561344;esel-esb:eli/cz/sb/1994/216/2024-01-01/dokument/norma/cast_8/par_42;§ 42 odst. 2;NA;2;NA;/2/6/3/2/;esel-esb:právní-akt-fragment/2853109;2853109;2853109;Odstavec_Dc;(2) Má-li být úkon požadovaný podle odstavce 1 proveden v cizině, je dána věcná a místní příslušnost okresního soudu, v jehož obvodu je místo, kde se rozhodčí řízení koná.;norms;"<a data-odkaz-id=""8169599"" href=""#""  class=""int_odkaz"">odstavce 1</a>";odstavce 1;8169599;int_odkaz;NA;NA;NA;NA;esel-esb:právní-akt-odkaz/8169599;odstavce 1;INTUSTAN;31517;esel-esb:eli/cz/sb/1994/216/0000-00-00/dokument/norma/cast_6/par_42/odst_1;31517;esel-esb:eli/cz/sb/1994/216/0000-00-00/dokument/norma/cast_6/par_42/odst_2;31517;1994/216;1994/216;1994/216;216/1994 Sb.
esel-esb:eli/cz/sb/1994/216/2024-01-01/dokument/norma/cast_8/par_43/frag_2853113;6561346;esel-esb:eli/cz/sb/1994/216/2024-01-01/dokument/norma/cast_8/par_43;NA;NA;NA;NA;/2/6/4/1/;esel-esb:právní-akt-fragment/2853113;2853113;2853113;Odstavec_Dc;K řízení podle tohoto zákona je místně příslušný soud, v jehož obvodu se koná nebo konalo rozhodčí řízení, je-li toto místo v tuzemsku. Jinak je místně příslušný soud, který by byl místně příslušný, kdyby nebylo rozhodčí smlouvy. Mimo to k řízení podle § 9 a § 12 odst. 2 je dána místní příslušnost soudu podle sídla nebo bydliště navrhovatele anebo odpůrce, jestliže nelze v tuzemsku zjistit místní příslušnost soudu.;norms;"<a data-odkaz-id=""8169625"" href=""#""  class=""int_odkaz"">§ 9</a>";§ 9;8169625;int_odkaz;NA;NA;NA;NA;esel-esb:právní-akt-odkaz/8169625;§ 9;INTUSTAN;31517;esel-esb:eli/cz/sb/1994/216/0000-00-00/dokument/norma/cast_2/par_9;31517;esel-esb:eli/cz/sb/1994/216/0000-00-00/dokument/norma/cast_6/par_43/frag_2853113;31517;1994/216;1994/216;1994/216;216/1994 Sb.
esel-esb:eli/cz/sb/1994/216/2024-01-01/dokument/norma/cast_8/par_43/frag_2853113;6561346;esel-esb:eli/cz/sb/1994/216/2024-01-01/dokument/norma/cast_8/par_43;NA;NA;NA;NA;/2/6/4/1/;esel-esb:právní-akt-fragment/2853113;2853113;2853113;Odstavec_Dc;K řízení podle tohoto zákona je místně příslušný soud, v jehož obvodu se koná nebo konalo rozhodčí řízení, je-li toto místo v tuzemsku. Jinak je místně příslušný soud, který by byl místně příslušný, kdyby nebylo rozhodčí smlouvy. Mimo to k řízení podle § 9 a § 12 odst. 2 je dána místní příslušnost soudu podle sídla nebo bydliště navrhovatele anebo odpůrce, jestliže nelze v tuzemsku zjistit místní příslušnost soudu.;norms;"<a data-odkaz-id=""8169651"" href=""#""  class=""int_odkaz"">§ 12 odst. 2</a>";§ 12 odst. 2;8169651;int_odkaz;NA;NA;NA;NA;esel-esb:právní-akt-odkaz/8169651;§ 12 odst. 2;INTUSTAN;31517;esel-esb:eli/cz/sb/1994/216/0000-00-00/dokument/norma/cast_2/par_12/odst_2;31517;esel-esb:eli/cz/sb/1994/216/0000-00-00/dokument/norma/cast_6/par_43/frag_2853113;31517;1994/216;1994/216;1994/216;216/1994 Sb.
esel-esb:eli/cz/sb/1994/216/2024-01-01/dokument/norma/cast_8/par_44/frag_2853117;6561348;esel-esb:eli/cz/sb/1994/216/2024-01-01/dokument/norma/cast_8/par_44;NA;NA;NA;NA;/2/6/5/1/;esel-esb:právní-akt-fragment/2853117;2853117;2853117;Odstavec_Dc;Nestanoví-li tento zákon jinak, použijí se pro řízení před soudem podle tohoto zákona obdobně ustanovení občanského soudního řádu.;norms;"<a data-odkaz-id=""8169677"" href=""#""  class=""ext_odkaz"">občanského soudního řádu</a>";občanského soudního řádu;8169677;ext_odkaz;NA;NA;NA;NA;esel-esb:právní-akt-odkaz/8169677;občanského soudního řádu;JINYPRED;73259;esel-esb:eli/cz/sb/1963/99/1994-07-20/dokument;31517;esel-esb:eli/cz/sb/1994/216/0000-00-00/dokument/norma/cast_6/par_44/frag_2853117;31517;1994/216;1963/99;1994/216;216/1994 Sb.
esel-esb:eli/cz/sb/1994/216/2024-01-01/dokument/poznamkypodcarou/ppc_1;6561379;esel-esb:eli/cz/sb/1994/216/2024-01-01/dokument/poznamkypodcarou;pozn. 1;NA;1;NA;/6/1/;esel-esb:právní-akt-fragment/2853167;2853167;2853167;PPC;1) § 99 občanského soudního řádu.;notes;"<a data-odkaz-id=""8085381"" href=""#""  class=""ext_odkaz"">§ 99</a>";§ 99;8085381;ext_odkaz;NA;NA;NA;NA;esel-esb:právní-akt-odkaz/8085381;§ 99;JINEUSTAN;73259;esel-esb:eli/cz/sb/1963/99/1994-07-20/dokument/norma/cast_3/hlava_1/par_99;31517;esel-esb:eli/cz/sb/1994/216/0000-00-00/dokument/poznamkypodcarou/ppc_1;31517;1994/216;1963/99;1994/216;216/1994 Sb.
esel-esb:eli/cz/sb/1994/216/2024-01-01/dokument/poznamkypodcarou/ppc_1;6561379;esel-esb:eli/cz/sb/1994/216/2024-01-01/dokument/poznamkypodcarou;pozn. 1;NA;1;NA;/6/1/;esel-esb:právní-akt-fragment/2853167;2853167;2853167;PPC;1) § 99 občanského soudního řádu.;notes;"<a data-odkaz-id=""8085407"" href=""#""  class=""ext_odkaz"">občanského soudního řádu</a>";občanského soudního řádu;8085407;ext_odkaz;NA;NA;NA;NA;esel-esb:právní-akt-odkaz/8085407;občanského soudního řádu;JINYPRED;73259;esel-esb:eli/cz/sb/1963/99/1994-07-20/dokument;31517;esel-esb:eli/cz/sb/1994/216/0000-00-00/dokument/poznamkypodcarou/ppc_1;31517;1994/216;1963/99;1994/216;216/1994 Sb.
esel-esb:eli/cz/sb/1994/216/2024-01-01/dokument/poznamkypodcarou/ppc_2;6561380;esel-esb:eli/cz/sb/1994/216/2024-01-01/dokument/poznamkypodcarou;pozn. 2;NA;2;NA;/6/2/;esel-esb:právní-akt-fragment/2853385;2853385;2853171;PPC;2) Například § 80 odst. 5 písm. b) zákona č. 6/2002 Sb., o soudech a soudcích, ve znění pozdějších předpisů, § 4 odst. 3 zákona č. 182/1993 Sb., o Ústavním soudu, ve znění pozdějších předpisů.;notes;"<a data-odkaz-id=""8172815"" href=""#""  class=""ext_odkaz"">§ 80 odst. 5 písm. b)</a>";§ 80 odst. 5 písm. b);8172815;ext_odkaz;NA;NA;NA;NA;esel-esb:právní-akt-odkaz/8172815;§ 80 odst. 5 písm. b);JINEUSTAN;116021;esel-esb:eli/cz/sb/2002/6/2011-10-01/dokument/norma/cast_1/hlava_2/dil_2/oddil_2/par_80/odst_5/pism_b;100193;esel-esb:eli/cz/sb/1994/216/2012-04-01/dokument/poznamkypodcarou/ppc_2;100193;1994/216;2002/6;1994/216;216/1994 Sb.
esel-esb:eli/cz/sb/1994/216/2024-01-01/dokument/poznamkypodcarou/ppc_2;6561380;esel-esb:eli/cz/sb/1994/216/2024-01-01/dokument/poznamkypodcarou;pozn. 2;NA;2;NA;/6/2/;esel-esb:právní-akt-fragment/2853385;2853385;2853171;PPC;2) Například § 80 odst. 5 písm. b) zákona č. 6/2002 Sb., o soudech a soudcích, ve znění pozdějších předpisů, § 4 odst. 3 zákona č. 182/1993 Sb., o Ústavním soudu, ve znění pozdějších předpisů.;notes;"<a data-odkaz-id=""8172827"" href=""#""  class=""ext_odkaz"">zákona č. 6/2002 Sb.</a>";zákona č. 6/2002 Sb.;8172827;ext_odkaz;NA;NA;NA;NA;esel-esb:právní-akt-odkaz/8172827;zákona č. 6/2002 Sb.;JINYPRED;116021;esel-esb:eli/cz/sb/2002/6/2011-10-01/dokument;100193;esel-esb:eli/cz/sb/1994/216/2012-04-01/dokument/poznamkypodcarou/ppc_2;100193;1994/216;2002/6;1994/216;216/1994 Sb.
esel-esb:eli/cz/sb/1994/216/2024-01-01/dokument/poznamkypodcarou/ppc_2;6561380;esel-esb:eli/cz/sb/1994/216/2024-01-01/dokument/poznamkypodcarou;pozn. 2;NA;2;NA;/6/2/;esel-esb:právní-akt-fragment/2853385;2853385;2853171;PPC;2) Například § 80 odst. 5 písm. b) zákona č. 6/2002 Sb., o soudech a soudcích, ve znění pozdějších předpisů, § 4 odst. 3 zákona č. 182/1993 Sb., o Ústavním soudu, ve znění pozdějších předpisů.;notes;"<a data-odkaz-id=""8172839"" href=""#""  class=""ext_odkaz"">§ 4 odst. 3</a>";§ 4 odst. 3;8172839;ext_odkaz;NA;NA;NA;NA;esel-esb:právní-akt-odkaz/8172839;§ 4 odst. 3;JINEUSTAN;98685;esel-esb:eli/cz/sb/1993/182/2010-07-01/dokument/norma/cast_1/par_4/odst_4;100193;esel-esb:eli/cz/sb/1994/216/2012-04-01/dokument/poznamkypodcarou/ppc_2;100193;1994/216;1993/182;1994/216;216/1994 Sb.
esel-esb:eli/cz/sb/1994/216/2024-01-01/dokument/poznamkypodcarou/ppc_2;6561380;esel-esb:eli/cz/sb/1994/216/2024-01-01/dokument/poznamkypodcarou;pozn. 2;NA;2;NA;/6/2/;esel-esb:právní-akt-fragment/2853385;2853385;2853171;PPC;2) Například § 80 odst. 5 písm. b) zákona č. 6/2002 Sb., o soudech a soudcích, ve znění pozdějších předpisů, § 4 odst. 3 zákona č. 182/1993 Sb., o Ústavním soudu, ve znění pozdějších předpisů.;notes;"<a data-odkaz-id=""8172851"" href=""#""  class=""ext_odkaz"">zákona č. 182/1993 Sb., o Ústavním soudu</a>";zákona č. 182/1993 Sb., o Ústavním soudu;8172851;ext_odkaz;NA;NA;NA;NA;esel-esb:právní-akt-odkaz/8172851;zákona č. 182/1993 Sb.;JINYPRED;98685;esel-esb:eli/cz/sb/1993/182/2010-07-01/dokument;100193;esel-esb:eli/cz/sb/1994/216/2012-04-01/dokument/poznamkypodcarou/ppc_2;100193;1994/216;1993/182;1994/216;216/1994 Sb.
esel-esb:eli/cz/sb/1994/216/2024-01-01/dokument/poznamkypodcarou/ppc_3;6561381;esel-esb:eli/cz/sb/1994/216/2024-01-01/dokument/poznamkypodcarou;pozn. 3;NA;3;NA;/6/3/;esel-esb:právní-akt-fragment/2853173;2853173;2853173;PPC;3) Nařízení vlády ČSFR č. 63/1992 Sb., o Obchodním věstníku.;notes;"<a data-odkaz-id=""8085495"" href=""#""  class=""ext_odkaz"">63/1992 Sb., o Obchodním věstníku</a>";63/1992 Sb., o Obchodním věstníku;8085495;ext_odkaz;NA;NA;NA;NA;esel-esb:právní-akt-odkaz/8085495;63/1992 Sb.;JINYPRED;97501;esel-esb:eli/cz/sb/1992/63/1992-02-20/dokument;31517;esel-esb:eli/cz/sb/1994/216/0000-00-00/dokument/poznamkypodcarou/ppc_3;31517;1994/216;1992/63;1994/216;216/1994 Sb.
esel-esb:eli/cz/sb/1994/216/2024-01-01/dokument/poznamkypodcarou/ppc_4;6561382;esel-esb:eli/cz/sb/1994/216/2024-01-01/dokument/poznamkypodcarou;pozn. 4;NA;4;NA;/6/4/;esel-esb:právní-akt-fragment/2853175;2853175;2853175;PPC;4) § 228 odst. 1 písm. a) a b) občanského soudního řádu.;notes;"<a data-odkaz-id=""8085521"" href=""#""  class=""ext_odkaz"">§ 228 odst. 1 písm. a)</a>";§ 228 odst. 1 písm. a);8085521;ext_odkaz;NA;NA;NA;NA;esel-esb:právní-akt-odkaz/8085521;§ 228 odst. 1 písm. a);JINEUSTAN;73259;esel-esb:eli/cz/sb/1963/99/1994-07-20/dokument/norma/cast_4/hlava_2/par_228/odst_1/pism_a;31517;esel-esb:eli/cz/sb/1994/216/0000-00-00/dokument/poznamkypodcarou/ppc_4;31517;1994/216;1963/99;1994/216;216/1994 Sb.
esel-esb:eli/cz/sb/1994/216/2024-01-01/dokument/poznamkypodcarou/ppc_4;6561382;esel-esb:eli/cz/sb/1994/216/2024-01-01/dokument/poznamkypodcarou;pozn. 4;NA;4;NA;/6/4/;esel-esb:právní-akt-fragment/2853175;2853175;2853175;PPC;4) § 228 odst. 1 písm. a) a b) občanského soudního řádu.;notes;"<a data-odkaz-id=""8085547"" href=""#""  class=""ext_odkaz"">b)</a>";b);8085547;ext_odkaz;NA;NA;NA;NA;esel-esb:právní-akt-odkaz/8085547;b);JINEUSTAN;73259;esel-esb:eli/cz/sb/1963/99/1994-07-20/dokument/norma/cast_4/hlava_2/par_228/odst_1/pism_b;31517;esel-esb:eli/cz/sb/1994/216/0000-00-00/dokument/poznamkypodcarou/ppc_4;31517;1994/216;1963/99;1994/216;216/1994 Sb.
esel-esb:eli/cz/sb/1994/216/2024-01-01/dokument/poznamkypodcarou/ppc_4;6561382;esel-esb:eli/cz/sb/1994/216/2024-01-01/dokument/poznamkypodcarou;pozn. 4;NA;4;NA;/6/4/;esel-esb:právní-akt-fragment/2853175;2853175;2853175;PPC;4) § 228 odst. 1 písm. a) a b) občanského soudního řádu.;notes;"<a data-odkaz-id=""8085573"" href=""#""  class=""ext_odkaz"">občanského soudního řádu</a>";občanského soudního řádu;8085573;ext_odkaz;NA;NA;NA;NA;esel-esb:právní-akt-odkaz/8085573;občanského soudního řádu;JINYPRED;73259;esel-esb:eli/cz/sb/1963/99/1994-07-20/dokument;31517;esel-esb:eli/cz/sb/1994/216/0000-00-00/dokument/poznamkypodcarou/ppc_4;31517;1994/216;1963/99;1994/216;216/1994 Sb.
esel-esb:eli/cz/sb/1994/216/2024-01-01/dokument/poznamkypodcarou/ppc_5;6561383;esel-esb:eli/cz/sb/1994/216/2024-01-01/dokument/poznamkypodcarou;pozn. 5;NA;5;NA;/6/5/;esel-esb:právní-akt-fragment/2853177;2853177;2853177;PPC;5) § 268 občanského soudního řádu.;notes;"<a data-odkaz-id=""8085599"" href=""#""  class=""ext_odkaz"">§ 268</a>";§ 268;8085599;ext_odkaz;NA;NA;NA;NA;esel-esb:právní-akt-odkaz/8085599;§ 268;JINEUSTAN;73259;esel-esb:eli/cz/sb/1963/99/1994-07-20/dokument/norma/cast_6/hlava_1/par_268;31517;esel-esb:eli/cz/sb/1994/216/0000-00-00/dokument/poznamkypodcarou/ppc_5;31517;1994/216;1963/99;1994/216;216/1994 Sb.
esel-esb:eli/cz/sb/1994/216/2024-01-01/dokument/poznamkypodcarou/ppc_5;6561383;esel-esb:eli/cz/sb/1994/216/2024-01-01/dokument/poznamkypodcarou;pozn. 5;NA;5;NA;/6/5/;esel-esb:právní-akt-fragment/2853177;2853177;2853177;PPC;5) § 268 občanského soudního řádu.;notes;"<a data-odkaz-id=""8085625"" href=""#""  class=""ext_odkaz"">občanského soudního řádu</a>";občanského soudního řádu;8085625;ext_odkaz;NA;NA;NA;NA;esel-esb:právní-akt-odkaz/8085625;občanského soudního řádu;JINYPRED;73259;esel-esb:eli/cz/sb/1963/99/1994-07-20/dokument;31517;esel-esb:eli/cz/sb/1994/216/0000-00-00/dokument/poznamkypodcarou/ppc_5;31517;1994/216;1963/99;1994/216;216/1994 Sb.
esel-esb:eli/cz/sb/1994/216/2024-01-01/dokument/poznamkypodcarou/ppc_6;6561384;esel-esb:eli/cz/sb/1994/216/2024-01-01/dokument/poznamkypodcarou;pozn. 6;NA;6;NA;/6/6/;esel-esb:právní-akt-fragment/2853179;2853179;2853179;PPC;6) § 9 občanského soudního řádu. § 3 zákona ČNR č. 436/1991 Sb., o některých opatřeních v soudnictví, o volbách přísedících, jejich zproštění a odvolání z funkce a o státní správě soudů České republiky.;notes;"<a data-odkaz-id=""8085651"" href=""#""  class=""ext_odkaz"">§ 9</a>";§ 9;8085651;ext_odkaz;NA;NA;NA;NA;esel-esb:právní-akt-odkaz/8085651;§ 9;JINEUSTAN;73237;esel-esb:eli/cz/sb/1963/99/1967-07-01/dokument/norma/cast_1/hlava_2/par_9;31517;esel-esb:eli/cz/sb/1994/216/0000-00-00/dokument/poznamkypodcarou/ppc_6;31517;1994/216;1963/99;1994/216;216/1994 Sb.
esel-esb:eli/cz/sb/1994/216/2024-01-01/dokument/poznamkypodcarou/ppc_6;6561384;esel-esb:eli/cz/sb/1994/216/2024-01-01/dokument/poznamkypodcarou;pozn. 6;NA;6;NA;/6/6/;esel-esb:právní-akt-fragment/2853179;2853179;2853179;PPC;6) § 9 občanského soudního řádu. § 3 zákona ČNR č. 436/1991 Sb., o některých opatřeních v soudnictví, o volbách přísedících, jejich zproštění a odvolání z funkce a o státní správě soudů České republiky.;notes;"<a data-odkaz-id=""8085677"" href=""#""  class=""ext_odkaz"">občanského soudního řádu</a>";občanského soudního řádu;8085677;ext_odkaz;NA;NA;NA;NA;esel-esb:právní-akt-odkaz/8085677;občanského soudního řádu;JINYPRED;73259;esel-esb:eli/cz/sb/1963/99/1994-07-20/dokument;31517;esel-esb:eli/cz/sb/1994/216/0000-00-00/dokument/poznamkypodcarou/ppc_6;31517;1994/216;1963/99;1994/216;216/1994 Sb.
esel-esb:eli/cz/sb/1994/216/2024-01-01/dokument/poznamkypodcarou/ppc_6;6561384;esel-esb:eli/cz/sb/1994/216/2024-01-01/dokument/poznamkypodcarou;pozn. 6;NA;6;NA;/6/6/;esel-esb:právní-akt-fragment/2853179;2853179;2853179;PPC;6) § 9 občanského soudního řádu. § 3 zákona ČNR č. 436/1991 Sb., o některých opatřeních v soudnictví, o volbách přísedících, jejich zproštění a odvolání z funkce a o státní správě soudů České republiky.;notes;"<a data-odkaz-id=""8085703"" href=""#""  class=""ext_odkaz"">§ 3</a>";§ 3;8085703;ext_odkaz;NA;NA;NA;NA;esel-esb:právní-akt-odkaz/8085703;§ 3;JINEUSTAN;91251;esel-esb:eli/cz/sb/1991/436/1994-01-01/dokument/norma/cast_1/par_3;31517;esel-esb:eli/cz/sb/1994/216/0000-00-00/dokument/poznamkypodcarou/ppc_6;31517;1994/216;1991/436;1994/216;216/1994 Sb.
esel-esb:eli/cz/sb/1994/216/2024-01-01/dokument/poznamkypodcarou/ppc_6;6561384;esel-esb:eli/cz/sb/1994/216/2024-01-01/dokument/poznamkypodcarou;pozn. 6;NA;6;NA;/6/6/;esel-esb:právní-akt-fragment/2853179;2853179;2853179;PPC;6) § 9 občanského soudního řádu. § 3 zákona ČNR č. 436/1991 Sb., o některých opatřeních v soudnictví, o volbách přísedících, jejich zproštění a odvolání z funkce a o státní správě soudů České republiky.;notes;"<a data-odkaz-id=""8085729"" href=""#""  class=""ext_odkaz"">436/1991 Sb., o některých opatřeních v soudnictví, o volbách přísedících, jejich zproštění a odvolání z funkce a o státní správě soudů České republiky</a>";436/1991 Sb., o některých opatřeních v soudnictví, o volbách přísedících, jejich zproštění a odvolání z funkce a o státní správě soudů České republiky;8085729;ext_odkaz;NA;NA;NA;NA;esel-esb:právní-akt-odkaz/8085729;436/1991 Sb.;JINYPRED;91251;esel-esb:eli/cz/sb/1991/436/1994-01-01/dokument;31517;esel-esb:eli/cz/sb/1994/216/0000-00-00/dokument/poznamkypodcarou/ppc_6;31517;1994/216;1991/436;1994/216;216/1994 Sb.
esel-esb:eli/cz/sb/1994/216/2024-01-01/dokument/poznamkypodcarou/ppc_7;6561385;esel-esb:eli/cz/sb/1994/216/2024-01-01/dokument/poznamkypodcarou;pozn. 7;NA;7;NA;/6/7/;esel-esb:právní-akt-fragment/2853401;2853401;2853401;PPC;7) § 265 občanského zákoníku.;notes;"<a data-odkaz-id=""8173247"" href=""#""  class=""ext_odkaz"">§ 265</a>";§ 265;8173247;ext_odkaz;NA;NA;NA;NA;esel-esb:právní-akt-odkaz/8173247;§ 265;JINEUSTAN;141777;esel-esb:eli/cz/sb/2012/89/2014-01-01/dokument/norma/cast_1/hlava_2/dil_3/oddil_2/pododdil_2/par_265;100195;esel-esb:eli/cz/sb/1994/216/2014-01-01/dokument/poznamkypodcarou/ppc_7;100195;1994/216;2012/89;1994/216;216/1994 Sb.
esel-esb:eli/cz/sb/1994/216/2024-01-01/dokument/poznamkypodcarou/ppc_7;6561385;esel-esb:eli/cz/sb/1994/216/2024-01-01/dokument/poznamkypodcarou;pozn. 7;NA;7;NA;/6/7/;esel-esb:právní-akt-fragment/2853401;2853401;2853401;PPC;7) § 265 občanského zákoníku.;notes;"<a data-odkaz-id=""8173257"" href=""#""  class=""ext_odkaz"">občanského zákoníku</a>";občanského zákoníku;8173257;ext_odkaz;NA;NA;NA;NA;esel-esb:právní-akt-odkaz/8173257;občanského zákoníku;JINYPRED;141777;esel-esb:eli/cz/sb/2012/89/2014-01-01/dokument;100195;esel-esb:eli/cz/sb/1994/216/2014-01-01/dokument/poznamkypodcarou/ppc_7;100195;1994/216;2012/89;1994/216;216/1994 Sb.
esel-esb:eli/cz/sb/1994/216/2024-01-01/dokument/norma/cast_2/par_13/odst_4;6561233;esel-esb:eli/cz/sb/1994/216/2024-01-01/dokument/norma/cast_2/par_13;§ 13 odst. 4;NA;4;NA;/2/2/12/5/;esel-esb:právní-akt-fragment/2853229;2853229;2853229;Odstavec_Dc;(4) Nikdo není oprávněn používat při výkonu své činnosti takové označení, které vyvolává klamnou představu, že se jedná o stálý rozhodčí soud podle tohoto zákona, není-li k používání takového označení oprávněn podle jiného právního předpisu nebo mezinárodní smlouvy, která je součástí právního řádu.;norms;NA;NA;NA;NA;NA;NA;NA;NA;NA;NA;NA;NA;NA;NA;NA;NA;1994/216;NA;NA;216/1994 Sb.
