fragment.iri;fragment.id;fragment.předek.iri;fragment.citace;fragment.citace.text;fragment.označení.uzlu;fragment.označení.uzlu.text;fragment.hierarchie;akt.fragment.iri;akt.fragment.id;fragment.base.id;typ.fragmentu;fragment.text_clean;source;tag;tag_clean;odkaz.id;class;data_eurlex;data_celexid;data_cellarid;data_orig_href;odkaz.iri;odkaz.citace.cíl;typ.vazba.odkazu;cíl.dokument.id;fragment.cíl.iri;fragment.cíl.dokument.id;fragment.zdroj.iri;fragment.zdroj.dokument.id;iri_z;iri_c;iri_v;akt.citace
esel-esb:eli/cz/sb/2002/219/2002-05-28/dokument/norma/cast_1/par_1/odst_2;12485713;esel-esb:eli/cz/sb/2002/219/2002-05-28/dokument/norma/cast_1/par_1;§ 1 odst. 2;NA;2;NA;/2/1/2/2/;esel-esb:právní-akt-fragment/5344509;5344509;5344509;Odstavec_Dc;(2) Působnost Úřadu vlády České republiky stanoví zvláštní zákony.1);norms;"<a data-odkaz-id=""12949571"" href=""#""  class=""int_odkaz""><sup>1</sup>)</a>";1);12949571;int_odkaz;NA;NA;NA;NA;esel-esb:právní-akt-odkaz/12949571;<sup>1</sup>);POZNAMKA;39145;esel-esb:eli/cz/sb/2002/219/0000-00-00/dokument/poznamkypodcarou/ppc_1;39145;esel-esb:eli/cz/sb/2002/219/0000-00-00/dokument/norma/cast_1/par_1/odst_2;39145;2002/219;2002/219;2002/219;219/2002 Sb.
esel-esb:eli/cz/sb/2002/219/2002-05-28/dokument/poznamkypodcarou/ppc_1;12485742;esel-esb:eli/cz/sb/2002/219/2002-05-28/dokument/poznamkypodcarou;pozn. 1;NA;1;NA;/5/1/;esel-esb:právní-akt-fragment/5344555;5344555;5344555;PPC;1) § 28 zákona č. 2/1969 Sb., o zřízení ministerstev a jiných ústředních orgánů státní správy České republiky, ve znění zákona č. 219/2002 Sb. Zákon č. 218/2002 Sb., o službě státních zaměstnanců ve správních úřadech a o odměňování těchto zaměstnanců a ostatních zaměstnanců ve správních úřadech (služební zákon).;notes;"<a data-odkaz-id=""12870321"" href=""#""  class=""ext_odkaz"" data-version=""20020528"">§ 28</a>";§ 28;12870321;ext_odkaz;NA;NA;NA;NA;esel-esb:právní-akt-odkaz/12870321;§ 28;JINEUSTAN;77481;esel-esb:eli/cz/sb/1969/2/2002-05-28/dokument/norma/cast_3/par_28;39145;esel-esb:eli/cz/sb/2002/219/0000-00-00/dokument/poznamkypodcarou/ppc_1;39145;2002/219;1969/2;2002/219;219/2002 Sb.
esel-esb:eli/cz/sb/2002/219/2002-05-28/dokument/poznamkypodcarou/ppc_1;12485742;esel-esb:eli/cz/sb/2002/219/2002-05-28/dokument/poznamkypodcarou;pozn. 1;NA;1;NA;/5/1/;esel-esb:právní-akt-fragment/5344555;5344555;5344555;PPC;1) § 28 zákona č. 2/1969 Sb., o zřízení ministerstev a jiných ústředních orgánů státní správy České republiky, ve znění zákona č. 219/2002 Sb. Zákon č. 218/2002 Sb., o službě státních zaměstnanců ve správních úřadech a o odměňování těchto zaměstnanců a ostatních zaměstnanců ve správních úřadech (služební zákon).;notes;"<a data-odkaz-id=""12870325"" href=""#""  class=""ext_odkaz"" data-version=""20020528"">zákona č. 2/1969 Sb.</a>";zákona č. 2/1969 Sb.;12870325;ext_odkaz;NA;NA;NA;NA;esel-esb:právní-akt-odkaz/12870325;zákona č. 2/1969 Sb.;JINYPRED;77481;esel-esb:eli/cz/sb/1969/2/2002-05-28/dokument;39145;esel-esb:eli/cz/sb/2002/219/0000-00-00/dokument/poznamkypodcarou/ppc_1;39145;2002/219;1969/2;2002/219;219/2002 Sb.
esel-esb:eli/cz/sb/2002/219/2002-05-28/dokument/poznamkypodcarou/ppc_1;12485742;esel-esb:eli/cz/sb/2002/219/2002-05-28/dokument/poznamkypodcarou;pozn. 1;NA;1;NA;/5/1/;esel-esb:právní-akt-fragment/5344555;5344555;5344555;PPC;1) § 28 zákona č. 2/1969 Sb., o zřízení ministerstev a jiných ústředních orgánů státní správy České republiky, ve znění zákona č. 219/2002 Sb. Zákon č. 218/2002 Sb., o službě státních zaměstnanců ve správních úřadech a o odměňování těchto zaměstnanců a ostatních zaměstnanců ve správních úřadech (služební zákon).;notes;"<a data-odkaz-id=""12870329"" href=""#""  class=""ext_odkaz"">Zákon č. 218/2002 Sb., o službě státních zaměstnanců ve správních úřadech a o odměňování těchto zaměstnanců a ostatních zaměstnanců ve správních úřadech</a>";Zákon č. 218/2002 Sb., o službě státních zaměstnanců ve správních úřadech a o odměňování těchto zaměstnanců a ostatních zaměstnanců ve správních úřadech;12870329;ext_odkaz;NA;NA;NA;NA;esel-esb:právní-akt-odkaz/12870329;Zákon č. 218/2002 Sb.;JINYPRED;117451;esel-esb:eli/cz/sb/2002/218/2002-05-28/dokument;39145;esel-esb:eli/cz/sb/2002/219/0000-00-00/dokument/poznamkypodcarou/ppc_1;39145;2002/219;2002/218;2002/219;219/2002 Sb.
