fragment.iri;fragment.id;fragment.předek.iri;fragment.citace;fragment.citace.text;fragment.označení.uzlu;fragment.označení.uzlu.text;fragment.hierarchie;akt.fragment.iri;akt.fragment.id;fragment.base.id;typ.fragmentu;fragment.text_clean;source;tag;tag_clean;odkaz.id;class;data_eurlex;data_celexid;data_cellarid;data_orig_href;odkaz.iri;odkaz.citace.cíl;typ.vazba.odkazu;cíl.dokument.id;fragment.cíl.iri;fragment.cíl.dokument.id;fragment.zdroj.iri;fragment.zdroj.dokument.id;iri_z;iri_c;iri_v;akt.citace
esel-esb:eli/cz/sb/1994/223/2014-01-01/dokument/norma/cast_1/par_1/odst_1;6564296;esel-esb:eli/cz/sb/1994/223/2014-01-01/dokument/norma/cast_1/par_1;§ 1 odst. 1;NA;1;NA;/2/1/2/1/;esel-esb:právní-akt-fragment/2855247;2855247;2855247;Odstavec_Dc;(1) Československá obchodní a průmyslová komora1) se slučuje s Hospodářskou komorou České republiky.2) Československá obchodní a průmyslová komora zaniká dnem účinnosti tohoto zákona.;norms;"<a data-odkaz-id=""8172433"" href=""#""  class=""int_odkaz""><sup>1</sup>)</a>";1);8172433;int_odkaz;NA;NA;NA;NA;esel-esb:právní-akt-odkaz/8172433;<sup>1</sup>);POZNAMKA;31533;esel-esb:eli/cz/sb/1994/223/0000-00-00/dokument/poznamkypodcarou/ppc_1;31533;esel-esb:eli/cz/sb/1994/223/0000-00-00/dokument/norma/cast_1/par_1/odst_1;31533;1994/223;1994/223;1994/223;223/1994 Sb.
esel-esb:eli/cz/sb/1994/223/2014-01-01/dokument/norma/cast_1/par_1/odst_1;6564296;esel-esb:eli/cz/sb/1994/223/2014-01-01/dokument/norma/cast_1/par_1;§ 1 odst. 1;NA;1;NA;/2/1/2/1/;esel-esb:právní-akt-fragment/2855247;2855247;2855247;Odstavec_Dc;(1) Československá obchodní a průmyslová komora1) se slučuje s Hospodářskou komorou České republiky.2) Československá obchodní a průmyslová komora zaniká dnem účinnosti tohoto zákona.;norms;"<a data-odkaz-id=""8172441"" href=""#""  class=""int_odkaz""><sup>2</sup>)</a>";2);8172441;int_odkaz;NA;NA;NA;NA;esel-esb:právní-akt-odkaz/8172441;<sup>2</sup>);POZNAMKA;31533;esel-esb:eli/cz/sb/1994/223/0000-00-00/dokument/poznamkypodcarou/ppc_2;31533;esel-esb:eli/cz/sb/1994/223/0000-00-00/dokument/norma/cast_1/par_1/odst_1;31533;1994/223;1994/223;1994/223;223/1994 Sb.
esel-esb:eli/cz/sb/1994/223/2014-01-01/dokument/norma/cast_1/par_3/odst_1;6564301;esel-esb:eli/cz/sb/1994/223/2014-01-01/dokument/norma/cast_1/par_3;§ 3 odst. 1;NA;1;NA;/2/1/4/1/;esel-esb:právní-akt-fragment/2855257;2855257;2855257;Odstavec_Dc;(1) Rozhodčí soud působící při Československé obchodní a průmyslové komoře se dnem účinnosti tohoto zákona stává stálým rozhodčím soudem působícím při Hospodářské komoře České republiky a jeho označení se mění na Rozhodčí soud při Hospodářské komoře České republiky a Agrární komoře České republiky. Předsednictvo dosavadního Rozhodčího soudu Československé obchodní a průmyslové komory je Předsednictvem Rozhodčího soudu při Hospodářské komoře České republiky a Agrární komoře České republiky. Statut a Řád Rozhodčího soudu Československé obchodní a průmyslové komory3) je Statutem a Řádem Rozhodčího soudu při Hospodářské komoře České republiky a Agrární komoře České republiky.;norms;"<a data-odkaz-id=""8172449"" href=""#""  class=""int_odkaz""><sup>3</sup>)</a>";3);8172449;int_odkaz;NA;NA;NA;NA;esel-esb:právní-akt-odkaz/8172449;<sup>3</sup>);POZNAMKA;31533;esel-esb:eli/cz/sb/1994/223/0000-00-00/dokument/poznamkypodcarou/ppc_3;31533;esel-esb:eli/cz/sb/1994/223/0000-00-00/dokument/norma/cast_1/par_3/odst_1;31533;1994/223;1994/223;1994/223;223/1994 Sb.
esel-esb:eli/cz/sb/1994/223/2014-01-01/dokument/norma/cast_1/par_3/odst_2;6564302;esel-esb:eli/cz/sb/1994/223/2014-01-01/dokument/norma/cast_1/par_3;§ 3 odst. 2;NA;2;NA;/2/1/4/2/;esel-esb:právní-akt-fragment/2855259;2855259;2855259;Odstavec_Dc;(2) Rozhodčí soud při Hospodářské komoře České republiky a Agrární komoře České republiky je rozhodčím soudem ve smyslu Úmluvy o řešení občanskoprávních sporů vznikajících ze vztahů hospodářské a vědecko-technické spolupráce v rozhodčím řízení.4);norms;"<a data-odkaz-id=""8172457"" href=""#""  class=""int_odkaz""><sup>4</sup>)</a>";4);8172457;int_odkaz;NA;NA;NA;NA;esel-esb:právní-akt-odkaz/8172457;<sup>4</sup>);POZNAMKA;31533;esel-esb:eli/cz/sb/1994/223/0000-00-00/dokument/poznamkypodcarou/ppc_4;31533;esel-esb:eli/cz/sb/1994/223/0000-00-00/dokument/norma/cast_1/par_3/odst_2;31533;1994/223;1994/223;1994/223;223/1994 Sb.
esel-esb:eli/cz/sb/1994/223/2014-01-01/dokument/poznamkypodcarou/ppc_1;6564330;esel-esb:eli/cz/sb/1994/223/2014-01-01/dokument/poznamkypodcarou;pozn. 1;NA;1;NA;/5/1/;esel-esb:právní-akt-fragment/2855309;2855309;2855309;PPC;1) Zákon č. 42/1980 Sb., o hospodářských stycích se zahraničím, ve znění pozdějších předpisů.;notes;"<a data-odkaz-id=""8172575"" href=""#""  class=""ext_odkaz"">Zákon č. 42/1980 Sb., o hospodářských stycích se zahraničím</a>";Zákon č. 42/1980 Sb., o hospodářských stycích se zahraničím;8172575;ext_odkaz;NA;NA;NA;NA;esel-esb:právní-akt-odkaz/8172575;Zákon č. 42/1980 Sb., o hospodářských stycích se zahraničím;JINYPRED;82647;esel-esb:eli/cz/sb/1980/42/1992-07-01/dokument;31533;esel-esb:eli/cz/sb/1994/223/0000-00-00/dokument/poznamkypodcarou/ppc_1;31533;1994/223;1980/42;1994/223;223/1994 Sb.
esel-esb:eli/cz/sb/1994/223/2014-01-01/dokument/poznamkypodcarou/ppc_2;6564331;esel-esb:eli/cz/sb/1994/223/2014-01-01/dokument/poznamkypodcarou;pozn. 2;NA;2;NA;/5/2/;esel-esb:právní-akt-fragment/2855311;2855311;2855311;PPC;2) Zákon ČNR č. 301/1992 Sb., o Hospodářské komoře České republiky a Agrární komoře České republiky, ve znění zákona č. 121/1993 Sb.;notes;"<a data-odkaz-id=""8172583"" href=""#""  class=""ext_odkaz"" data-version=""19930501"">301/1992 Sb., o Hospodářské komoře České republiky a Agrární komoře České republiky</a>";301/1992 Sb., o Hospodářské komoře České republiky a Agrární komoře České republiky;8172583;ext_odkaz;NA;NA;NA;NA;esel-esb:právní-akt-odkaz/8172583;301/1992 Sb.;JINYPRED;94765;esel-esb:eli/cz/sb/1992/301/1993-05-01/dokument;31533;esel-esb:eli/cz/sb/1994/223/0000-00-00/dokument/poznamkypodcarou/ppc_2;31533;1994/223;1992/301;1994/223;223/1994 Sb.
esel-esb:eli/cz/sb/1994/223/2014-01-01/dokument/poznamkypodcarou/ppc_2;6564331;esel-esb:eli/cz/sb/1994/223/2014-01-01/dokument/poznamkypodcarou;pozn. 2;NA;2;NA;/5/2/;esel-esb:právní-akt-fragment/2855311;2855311;2855311;PPC;2) Zákon ČNR č. 301/1992 Sb., o Hospodářské komoře České republiky a Agrární komoře České republiky, ve znění zákona č. 121/1993 Sb.;notes;"<a data-odkaz-id=""8172591"" href=""#""  class=""ext_odkaz"">zákona č. 121/1993 Sb.</a>";zákona č. 121/1993 Sb.;8172591;ext_odkaz;NA;NA;NA;NA;esel-esb:právní-akt-odkaz/8172591;zákona č. 121/1993 Sb.;JINYPRED;98435;esel-esb:eli/cz/sb/1993/121/1993-05-01/dokument;31533;esel-esb:eli/cz/sb/1994/223/0000-00-00/dokument/poznamkypodcarou/ppc_2;31533;1994/223;1993/121;1994/223;223/1994 Sb.
esel-esb:eli/cz/sb/1994/223/2014-01-01/dokument/poznamkypodcarou/ppc_3;6564332;esel-esb:eli/cz/sb/1994/223/2014-01-01/dokument/poznamkypodcarou;pozn. 3;NA;3;NA;/5/3/;esel-esb:právní-akt-fragment/2855313;2855313;2855313;PPC;3) Vyhláška Federálního ministerstva zahraničního obchodu č. 14/1988 Sb., kterou se vyhlašuje Řád Rozhodčího soudu Československé obchodní a průmyslové komory, ve znění pozdějších předpisů.;notes;"<a data-odkaz-id=""8221101"" href=""#""  class=""ext_odkaz"">Vyhláška Federálního ministerstva zahraničního obchodu č. 14/1988 Sb., kterou se vyhlašuje Řád Rozhodčího soudu Československé obchodní a průmyslové komory</a>";Vyhláška Federálního ministerstva zahraničního obchodu č. 14/1988 Sb., kterou se vyhlašuje Řád Rozhodčího soudu Československé obchodní a průmyslové komory;8221101;ext_odkaz;NA;NA;NA;NA;esel-esb:právní-akt-odkaz/8221101;Vyhláška Federálního ministerstva zahraničního obchodu č. 14/1988 Sb.;JINYPRED;86055;esel-esb:eli/cz/sb/1988/14/1992-08-12/dokument;31533;esel-esb:eli/cz/sb/1994/223/0000-00-00/dokument/poznamkypodcarou/ppc_3;31533;1994/223;1988/14;1994/223;223/1994 Sb.
esel-esb:eli/cz/sb/1994/223/2014-01-01/dokument/poznamkypodcarou/ppc_4;6564333;esel-esb:eli/cz/sb/1994/223/2014-01-01/dokument/poznamkypodcarou;pozn. 4;NA;4;NA;/5/4/;esel-esb:právní-akt-fragment/2855315;2855315;2855315;PPC;4) Vyhláška Federálního ministerstva zahraničních věcí č. 115/1974 Sb., o Úmluvě o řešení občanskoprávních sporů, vznikajících ze vztahů hospodářské a vědecko-technické spolupráce v rozhodčím řízení.;notes;"<a data-odkaz-id=""8221109"" href=""#""  class=""ext_odkaz"">115/1974 Sb.</a>";115/1974 Sb.;8221109;ext_odkaz;NA;NA;NA;NA;esel-esb:právní-akt-odkaz/8221109;115/1974 Sb.;JINYPRED;14075;esel-esb:eli/cz/sb/1974/115/0000-00-00/dokument;31533;esel-esb:eli/cz/sb/1994/223/0000-00-00/dokument/poznamkypodcarou/ppc_4;31533;1994/223;1974/115;1994/223;223/1994 Sb.
