fragment.iri;fragment.id;fragment.předek.iri;fragment.citace;fragment.citace.text;fragment.označení.uzlu;fragment.označení.uzlu.text;fragment.hierarchie;akt.fragment.iri;akt.fragment.id;fragment.base.id;typ.fragmentu;fragment.text_clean;source;tag;tag_clean;odkaz.id;class;data_eurlex;data_celexid;data_cellarid;data_orig_href;odkaz.iri;odkaz.citace.cíl;typ.vazba.odkazu;cíl.dokument.id;fragment.cíl.iri;fragment.cíl.dokument.id;fragment.zdroj.iri;fragment.zdroj.dokument.id;iri_z;iri_c;iri_v;akt.citace
esel-esb:eli/cz/sb/1946/228/1948-08-31/dokument/norma/par_1/odst_1/frag_139957;116950;esel-esb:eli/cz/sb/1946/228/1948-08-31/dokument/norma/par_1/odst_1;NA;NA;NA;NA;/2/1/1/1/;esel-esb:právní-akt-fragment/139957;139957;139957;Pokracovani_Text;§ 5, odst. 2 dekretu presidenta republiky ze dne 24. října 1945, č. 100 Sb., o znárodnění dolů a některých průmyslových podniků,;norms;"<a data-odkaz-id=""2313669"" href=""#""  class=""ext_odkaz"">§ 5, odst. 2</a>";§ 5, odst. 2;2313669;ext_odkaz;NA;NA;NA;NA;esel-esb:právní-akt-odkaz/2313669;§ 5, odst. 2;JINEUSTAN;1389;esel-esb:eli/cz/sb/1945/100/0000-00-00/dokument/norma/oddil_1/par_5/odst_2;1975;esel-esb:eli/cz/sb/1946/228/0000-00-00/dokument/norma/par_1/odst_1/frag_139957;1975;1946/228;1945/100;1946/228;228/1946 Sb.
esel-esb:eli/cz/sb/1946/228/1948-08-31/dokument/norma/par_1/odst_1/frag_139957;116950;esel-esb:eli/cz/sb/1946/228/1948-08-31/dokument/norma/par_1/odst_1;NA;NA;NA;NA;/2/1/1/1/;esel-esb:právní-akt-fragment/139957;139957;139957;Pokracovani_Text;§ 5, odst. 2 dekretu presidenta republiky ze dne 24. října 1945, č. 100 Sb., o znárodnění dolů a některých průmyslových podniků,;norms;"<a data-odkaz-id=""2313675"" href=""#""  class=""ext_odkaz"">ze dne 24. října 1945, č. 100 Sb.</a>";ze dne 24. října 1945, č. 100 Sb.;2313675;ext_odkaz;NA;NA;NA;NA;esel-esb:právní-akt-odkaz/2313675;ze dne 24. října 1945, č. 100 Sb.;JINYPRED;64435;esel-esb:eli/cz/sb/1945/100/1945-10-27/dokument;1975;esel-esb:eli/cz/sb/1946/228/0000-00-00/dokument/norma/par_1/odst_1/frag_139957;1975;1946/228;1945/100;1946/228;228/1946 Sb.
esel-esb:eli/cz/sb/1946/228/1948-08-31/dokument/norma/par_1/odst_1/frag_139959;116951;esel-esb:eli/cz/sb/1946/228/1948-08-31/dokument/norma/par_1/odst_1;NA;NA;NA;NA;/2/1/1/2/;esel-esb:právní-akt-fragment/139959;139959;139959;Pokracovani_Text;§ 5, odst. 2 dekretu presidenta republiky ze dne 24. října 1945, č. 101 Sb., o znárodnění některých podniků průmyslu potravinářského,;norms;"<a data-odkaz-id=""2313681"" href=""#""  class=""ext_odkaz"">§ 5, odst. 2</a>";§ 5, odst. 2;2313681;ext_odkaz;NA;NA;NA;NA;esel-esb:právní-akt-odkaz/2313681;§ 5, odst. 2;JINEUSTAN;1391;esel-esb:eli/cz/sb/1945/101/0000-00-00/dokument/norma/oddil_1/par_5/odst_2;1975;esel-esb:eli/cz/sb/1946/228/0000-00-00/dokument/norma/par_1/odst_1/frag_139959;1975;1946/228;1945/101;1946/228;228/1946 Sb.
esel-esb:eli/cz/sb/1946/228/1948-08-31/dokument/norma/par_1/odst_1/frag_139959;116951;esel-esb:eli/cz/sb/1946/228/1948-08-31/dokument/norma/par_1/odst_1;NA;NA;NA;NA;/2/1/1/2/;esel-esb:právní-akt-fragment/139959;139959;139959;Pokracovani_Text;§ 5, odst. 2 dekretu presidenta republiky ze dne 24. října 1945, č. 101 Sb., o znárodnění některých podniků průmyslu potravinářského,;norms;"<a data-odkaz-id=""2313687"" href=""#""  class=""ext_odkaz"">ze dne 24. října 1945, č. 101 Sb.</a>";ze dne 24. října 1945, č. 101 Sb.;2313687;ext_odkaz;NA;NA;NA;NA;esel-esb:právní-akt-odkaz/2313687;ze dne 24. října 1945, č. 101 Sb.;JINYPRED;64447;esel-esb:eli/cz/sb/1945/101/1945-10-27/dokument;1975;esel-esb:eli/cz/sb/1946/228/0000-00-00/dokument/norma/par_1/odst_1/frag_139959;1975;1946/228;1945/101;1946/228;228/1946 Sb.
esel-esb:eli/cz/sb/1946/228/1948-08-31/dokument/norma/par_1/odst_1/frag_139961;116952;esel-esb:eli/cz/sb/1946/228/1948-08-31/dokument/norma/par_1/odst_1;NA;NA;NA;NA;/2/1/1/3/;esel-esb:právní-akt-fragment/139961;139961;139961;Pokracovani_Text;§ 30, odst. 1 dekretu presidenta republiky ze dne 24. října 1945, č. 102 Sb., o znárodnění akciových bank, a;norms;"<a data-odkaz-id=""2313693"" href=""#""  class=""ext_odkaz"">§ 30, odst. 1</a>";§ 30, odst. 1;2313693;ext_odkaz;NA;NA;NA;NA;esel-esb:právní-akt-odkaz/2313693;§ 30, odst. 1;JINEUSTAN;64455;esel-esb:eli/cz/sb/1945/102/1945-10-27/dokument/norma/oddil_6/par_30/odst_1;1975;esel-esb:eli/cz/sb/1946/228/0000-00-00/dokument/norma/par_1/odst_1/frag_139961;1975;1946/228;1945/102;1946/228;228/1946 Sb.
esel-esb:eli/cz/sb/1946/228/1948-08-31/dokument/norma/par_1/odst_1/frag_139961;116952;esel-esb:eli/cz/sb/1946/228/1948-08-31/dokument/norma/par_1/odst_1;NA;NA;NA;NA;/2/1/1/3/;esel-esb:právní-akt-fragment/139961;139961;139961;Pokracovani_Text;§ 30, odst. 1 dekretu presidenta republiky ze dne 24. října 1945, č. 102 Sb., o znárodnění akciových bank, a;norms;"<a data-odkaz-id=""2313699"" href=""#""  class=""ext_odkaz"">ze dne 24. října 1945, č. 102 Sb.</a>";ze dne 24. října 1945, č. 102 Sb.;2313699;ext_odkaz;NA;NA;NA;NA;esel-esb:právní-akt-odkaz/2313699;ze dne 24. října 1945, č. 102 Sb.;JINYPRED;64455;esel-esb:eli/cz/sb/1945/102/1945-10-27/dokument;1975;esel-esb:eli/cz/sb/1946/228/0000-00-00/dokument/norma/par_1/odst_1/frag_139961;1975;1946/228;1945/102;1946/228;228/1946 Sb.
esel-esb:eli/cz/sb/1946/228/1948-08-31/dokument/norma/par_1/odst_1/frag_139963;116953;esel-esb:eli/cz/sb/1946/228/1948-08-31/dokument/norma/par_1/odst_1;NA;NA;NA;NA;/2/1/1/4/;esel-esb:právní-akt-fragment/139963;139963;139963;Pokracovani_Text;§ 14, odst. 2 dekretu presidenta republiky ze dne 24. října 1945, č. 103 Sb., o znárodnění soukromých pojišťoven,;norms;"<a data-odkaz-id=""2313705"" href=""#""  class=""ext_odkaz"">§ 14, odst. 2</a>";§ 14, odst. 2;2313705;ext_odkaz;NA;NA;NA;NA;esel-esb:právní-akt-odkaz/2313705;§ 14, odst. 2;JINEUSTAN;64459;esel-esb:eli/cz/sb/1945/103/1945-10-27/dokument/norma/oddil_3/par_14/odst_2;1975;esel-esb:eli/cz/sb/1946/228/0000-00-00/dokument/norma/par_1/odst_1/frag_139963;1975;1946/228;1945/103;1946/228;228/1946 Sb.
esel-esb:eli/cz/sb/1946/228/1948-08-31/dokument/norma/par_1/odst_1/frag_139963;116953;esel-esb:eli/cz/sb/1946/228/1948-08-31/dokument/norma/par_1/odst_1;NA;NA;NA;NA;/2/1/1/4/;esel-esb:právní-akt-fragment/139963;139963;139963;Pokracovani_Text;§ 14, odst. 2 dekretu presidenta republiky ze dne 24. října 1945, č. 103 Sb., o znárodnění soukromých pojišťoven,;norms;"<a data-odkaz-id=""2313711"" href=""#""  class=""ext_odkaz"">ze dne 24. října 1945, č. 103 Sb.</a>";ze dne 24. října 1945, č. 103 Sb.;2313711;ext_odkaz;NA;NA;NA;NA;esel-esb:právní-akt-odkaz/2313711;ze dne 24. října 1945, č. 103 Sb.;JINYPRED;64459;esel-esb:eli/cz/sb/1945/103/1945-10-27/dokument;1975;esel-esb:eli/cz/sb/1946/228/0000-00-00/dokument/norma/par_1/odst_1/frag_139963;1975;1946/228;1945/103;1946/228;228/1946 Sb.
esel-esb:eli/cz/sb/1946/228/1948-08-31/dokument/norma/par_5/odst_2;116968;esel-esb:eli/cz/sb/1946/228/1948-08-31/dokument/norma/par_5;§ 5 odst. 2;NA;2;NA;/2/5/2/;esel-esb:právní-akt-fragment/139993;139993;139993;Odstavec_Dc;(2) Předseda rozhodčího soudu zbaví s předchozím souhlasem presidenta zemského soudu přísedícího funkce, objeví-li se, že nevyhovuje některé z podmínek § 3, nebo zanedbává-li trvale své povinnosti.;norms;"<a data-odkaz-id=""2313717"" href=""#""  class=""int_odkaz"">§ 3</a>";§ 3;2313717;int_odkaz;NA;NA;NA;NA;esel-esb:právní-akt-odkaz/2313717;§ 3;INTUSTAN;1975;esel-esb:eli/cz/sb/1946/228/0000-00-00/dokument/norma/par_3;1975;esel-esb:eli/cz/sb/1946/228/0000-00-00/dokument/norma/par_5/odst_2;1975;1946/228;1946/228;1946/228;228/1946 Sb.
esel-esb:eli/cz/sb/1946/228/1948-08-31/dokument/norma/par_12/odst_1;116985;esel-esb:eli/cz/sb/1946/228/1948-08-31/dokument/norma/par_12;§ 12 odst. 1;NA;1;NA;/2/12/1/;esel-esb:právní-akt-fragment/140027;140027;140027;Odstavec_Dc;(1) Rozhodčí soud jedná a rozhoduje v senátech, složených ze soudce z povolání jako předsedy a dvou přísedících, z nichž jmenuje každá strana po jednom ze seznamu (§ 4, odst. 3) z oboru, ke kterému patří, a není-li takového přísedícího, z oboru příbuzného.;norms;"<a data-odkaz-id=""2313723"" href=""#""  class=""int_odkaz"">§ 4, odst. 3</a>";§ 4, odst. 3;2313723;int_odkaz;NA;NA;NA;NA;esel-esb:právní-akt-odkaz/2313723;§ 4, odst. 3;INTUSTAN;1975;esel-esb:eli/cz/sb/1946/228/0000-00-00/dokument/norma/par_4/odst_3;1975;esel-esb:eli/cz/sb/1946/228/0000-00-00/dokument/norma/par_12/odst_1;1975;1946/228;1946/228;1946/228;228/1946 Sb.
esel-esb:eli/cz/sb/1946/228/1948-08-31/dokument/norma/par_12/odst_2;116986;esel-esb:eli/cz/sb/1946/228/1948-08-31/dokument/norma/par_12;§ 12 odst. 2;NA;2;NA;/2/12/2/;esel-esb:právní-akt-fragment/140029;140029;140029;Odstavec_Dc;(2) Žalobce je povinen jmenovati přísedícího již v žalobě (§ 16), žalovaná strana do 8 dnů poté, kdy jí byla doručena žaloba s vyzváním, aby jmenovala přísedícího. Předseda senátu vyzve stranu, aby jmenovala do 8 dnů přísedícího, také tehdy, když přísedící, který byl stranou jmenován, zemřel, byl funkce zbaven nebo se jí vzdal anebo byl platně odmítnut.;norms;"<a data-odkaz-id=""2313729"" href=""#""  class=""int_odkaz"">§ 16</a>";§ 16;2313729;int_odkaz;NA;NA;NA;NA;esel-esb:právní-akt-odkaz/2313729;§ 16;INTUSTAN;1975;esel-esb:eli/cz/sb/1946/228/0000-00-00/dokument/norma/par_16;1975;esel-esb:eli/cz/sb/1946/228/0000-00-00/dokument/norma/par_12/odst_2;1975;1946/228;1946/228;1946/228;228/1946 Sb.
esel-esb:eli/cz/sb/1946/228/1948-08-31/dokument/norma/par_12/odst_3;116987;esel-esb:eli/cz/sb/1946/228/1948-08-31/dokument/norma/par_12;§ 12 odst. 3;NA;3;NA;/2/12/3/;esel-esb:právní-akt-fragment/140031;140031;140031;Odstavec_Dc;(3) Nejmenují-li strany nebo některá z nich přísedícího, povolá je předseda senátu z osob zapsaných do seznamu sám podle zásady uvedené v odstavci 1.;norms;"<a data-odkaz-id=""2313735"" href=""#""  class=""int_odkaz"">odstavci 1.</a>";odstavci 1.;2313735;int_odkaz;NA;NA;NA;NA;esel-esb:právní-akt-odkaz/2313735;odstavci 1.;INTUSTAN;1975;esel-esb:eli/cz/sb/1946/228/0000-00-00/dokument/norma/par_12/odst_1;1975;esel-esb:eli/cz/sb/1946/228/0000-00-00/dokument/norma/par_12/odst_3;1975;1946/228;1946/228;1946/228;228/1946 Sb.
esel-esb:eli/cz/sb/1946/228/1948-08-31/dokument/norma/par_14/odst_1;116992;esel-esb:eli/cz/sb/1946/228/1948-08-31/dokument/norma/par_14;§ 14 odst. 1;NA;1;NA;/2/14/1/;esel-esb:právní-akt-fragment/140041;140041;140041;Odstavec_Dc;(1) Rozhodčí soud je výlučně příslušný pro rozhodování ve věcech uvedených v § 1, odst. 1.;norms;"<a data-odkaz-id=""2313741"" href=""#""  class=""int_odkaz"">§ 1, odst. 1.</a>";§ 1, odst. 1.;2313741;int_odkaz;NA;NA;NA;NA;esel-esb:právní-akt-odkaz/2313741;§ 1, odst. 1.;INTUSTAN;1975;esel-esb:eli/cz/sb/1946/228/0000-00-00/dokument/norma/par_1/odst_1;1975;esel-esb:eli/cz/sb/1946/228/0000-00-00/dokument/norma/par_14/odst_1;1975;1946/228;1946/228;1946/228;228/1946 Sb.
esel-esb:eli/cz/sb/1946/228/1948-08-31/dokument/norma/par_16/odst_2;116999;esel-esb:eli/cz/sb/1946/228/1948-08-31/dokument/norma/par_16;§ 16 odst. 2;NA;2;NA;/2/16/2/;esel-esb:právní-akt-fragment/140055;140055;140055;Odstavec_Dc;(2) Žaloba může býti podána jen do roka ode dne, kdy rozhodčí soud zahájil činnost (§ 1, odst. 2). Převzal-li národní podnik majetek mu připadající teprve později, počíná lhůta jednoho roku dnem převzetí, u pojišťoven dnem uveřejnění vyhlášky podle § 12 dekretu o znárodnění soukromých pojišťoven č. 103/1945 Sb.;norms;"<a data-odkaz-id=""2313747"" href=""#""  class=""int_odkaz"">§ 1, odst. 2</a>";§ 1, odst. 2;2313747;int_odkaz;NA;NA;NA;NA;esel-esb:právní-akt-odkaz/2313747;§ 1, odst. 2;INTUSTAN;1975;esel-esb:eli/cz/sb/1946/228/0000-00-00/dokument/norma/par_1/odst_2;1975;esel-esb:eli/cz/sb/1946/228/0000-00-00/dokument/norma/par_16/odst_2;1975;1946/228;1946/228;1946/228;228/1946 Sb.
esel-esb:eli/cz/sb/1946/228/1948-08-31/dokument/norma/par_16/odst_2;116999;esel-esb:eli/cz/sb/1946/228/1948-08-31/dokument/norma/par_16;§ 16 odst. 2;NA;2;NA;/2/16/2/;esel-esb:právní-akt-fragment/140055;140055;140055;Odstavec_Dc;(2) Žaloba může býti podána jen do roka ode dne, kdy rozhodčí soud zahájil činnost (§ 1, odst. 2). Převzal-li národní podnik majetek mu připadající teprve později, počíná lhůta jednoho roku dnem převzetí, u pojišťoven dnem uveřejnění vyhlášky podle § 12 dekretu o znárodnění soukromých pojišťoven č. 103/1945 Sb.;norms;"<a data-odkaz-id=""2313753"" href=""#""  class=""ext_odkaz"">§ 12</a>";§ 12;2313753;ext_odkaz;NA;NA;NA;NA;esel-esb:právní-akt-odkaz/2313753;§ 12;JINEUSTAN;64459;esel-esb:eli/cz/sb/1945/103/1945-10-27/dokument/norma/oddil_3/par_12;1975;esel-esb:eli/cz/sb/1946/228/0000-00-00/dokument/norma/par_16/odst_2;1975;1946/228;1945/103;1946/228;228/1946 Sb.
esel-esb:eli/cz/sb/1946/228/1948-08-31/dokument/norma/par_16/odst_2;116999;esel-esb:eli/cz/sb/1946/228/1948-08-31/dokument/norma/par_16;§ 16 odst. 2;NA;2;NA;/2/16/2/;esel-esb:právní-akt-fragment/140055;140055;140055;Odstavec_Dc;(2) Žaloba může býti podána jen do roka ode dne, kdy rozhodčí soud zahájil činnost (§ 1, odst. 2). Převzal-li národní podnik majetek mu připadající teprve později, počíná lhůta jednoho roku dnem převzetí, u pojišťoven dnem uveřejnění vyhlášky podle § 12 dekretu o znárodnění soukromých pojišťoven č. 103/1945 Sb.;norms;"<a data-odkaz-id=""2313759"" href=""#""  class=""ext_odkaz"">103/1945 Sb.</a>";103/1945 Sb.;2313759;ext_odkaz;NA;NA;NA;NA;esel-esb:právní-akt-odkaz/2313759;103/1945 Sb.;JINYPRED;64459;esel-esb:eli/cz/sb/1945/103/1945-10-27/dokument;1975;esel-esb:eli/cz/sb/1946/228/0000-00-00/dokument/norma/par_16/odst_2;1975;1946/228;1945/103;1946/228;228/1946 Sb.
esel-esb:eli/cz/sb/1946/228/1948-08-31/dokument/norma/par_16/odst_3;117000;esel-esb:eli/cz/sb/1946/228/1948-08-31/dokument/norma/par_16;§ 16 odst. 3;NA;3;NA;/2/16/3/;esel-esb:právní-akt-fragment/140057;140057;140057;Odstavec_Dc;(3) Ustanovení odstavce 2 neplatí, jde-li o nárok ze závazku, který je nebo bude proti národnímu podniku uplatňován před řádným soudem nebo jiným příslušným orgánem.;norms;"<a data-odkaz-id=""2313765"" href=""#""  class=""int_odkaz"">odstavce 2</a>";odstavce 2;2313765;int_odkaz;NA;NA;NA;NA;esel-esb:právní-akt-odkaz/2313765;odstavce 2;INTUSTAN;65101;esel-esb:eli/cz/sb/1946/228/1948-08-31/dokument/norma/par_16/odst_2;65101;esel-esb:eli/cz/sb/1946/228/1948-08-31/dokument/norma/par_16/odst_3;65101;1946/228;1946/228;1946/228;228/1946 Sb.
esel-esb:eli/cz/sb/1946/228/1948-08-31/dokument/norma/par_20/odst_1;117017;esel-esb:eli/cz/sb/1946/228/1948-08-31/dokument/norma/par_20;§ 20 odst. 1;NA;1;NA;/2/20/1/;esel-esb:právní-akt-fragment/140093;140093;140093;Odstavec_Dc;"(1) Jde-li o nárok ze závazku, který se proti národnímu podniku uplatňuje před řádným soudem nebo jiným příslušným orgánem (§ 16, odst. 3), přeruší soud nebo takový jiný orgán řízení o tomto nároku v každém období řízení, namítne-li národní podnik, uznávaje závazek, že jde o závazek hospodářsky neodůvodněný. Podá-li národní podnik do tří měsíců ode dne přerušení žalobu na zrušení nebo na jinou přiměřenou úpravu závazku, buď přerušené řízení zastaveno a náklady navzájem zrušeny; rozhodčí soud může ve svém výroku míti zřetel i k těmto nákladům. Nepodal-li národní podnik v uvedené lhůtě žalobu, vzal-li podanou žalobu zpět nebo byla-li žaloba odmítnuta nebo zamítnuta, lze v přerušeném nebo zastaveném řízení pokračovat.";norms;"<a data-odkaz-id=""2313771"" href=""#""  class=""int_odkaz"">§ 16, odst. 3</a>";§ 16, odst. 3;2313771;int_odkaz;NA;NA;NA;NA;esel-esb:právní-akt-odkaz/2313771;§ 16, odst. 3;INTUSTAN;65101;esel-esb:eli/cz/sb/1946/228/1948-08-31/dokument/norma/par_16/odst_3;65101;esel-esb:eli/cz/sb/1946/228/1948-08-31/dokument/norma/par_20/odst_1;65101;1946/228;1946/228;1946/228;228/1946 Sb.
esel-esb:eli/cz/sb/1946/228/1948-08-31/dokument/norma/par_20/odst_2;117018;esel-esb:eli/cz/sb/1946/228/1948-08-31/dokument/norma/par_20;§ 20 odst. 2;NA;2;NA;/2/20/2/;esel-esb:právní-akt-fragment/140095;140095;140095;Odstavec_Dc;(2) Jde-li v řízení před řádným soudem nebo jiným příslušným orgánem o nárok ze závazku, který je, nehledě k otázce hospodářské neodůvodněnosti, i jinak sporný, omezí se soud nebo takový jiný orgán, namítne-li národní podnik i hospodářskou neodůvodněnost závazku, na rozhodnutí o ostatních sporných otázkách a ve svém rozhodnutí jen určí, zda nárok ze závazků je či není po právu. Není-li tím věc vyřízena, je pravomocným rozhodnutím, že nárok ze závazků je po právu, řízení přerušeno. Ustanovení odstavce 1, věty druhé a třetí platí i tu s odchylkou, že výrok o nákladech řízení zůstává nedotčen.;norms;"<a data-odkaz-id=""2313773"" href=""#""  class=""int_odkaz"">odstavce 1</a>";odstavce 1;2313773;int_odkaz;NA;NA;NA;NA;esel-esb:právní-akt-odkaz/2313773;odstavce 1;INTUSTAN;65101;esel-esb:eli/cz/sb/1946/228/1948-08-31/dokument/norma/par_20/odst_1;65101;esel-esb:eli/cz/sb/1946/228/1948-08-31/dokument/norma/par_20/odst_2;65101;1946/228;1946/228;1946/228;228/1946 Sb.
esel-esb:eli/cz/sb/1946/228/1948-08-31/dokument/norma/par_21/frag_140099;117020;esel-esb:eli/cz/sb/1946/228/1948-08-31/dokument/norma/par_21;NA;NA;NA;NA;/2/21/1/;esel-esb:právní-akt-fragment/140099;140099;140099;Odstavec_Dc;Národními podniky rozumějí se v tomto zákoně i pojišťovací spolky a ústavy, které byly vládou vyňaty z opatření podle § 10, odst. 1 dekretu o znárodnění soukromých pojišťoven č. 103/1945 Sb.;norms;"<a data-odkaz-id=""2313775"" href=""#""  class=""ext_odkaz"">§ 10, odst. 1</a>";§ 10, odst. 1;2313775;ext_odkaz;NA;NA;NA;NA;esel-esb:právní-akt-odkaz/2313775;§ 10, odst. 1;JINEUSTAN;64459;esel-esb:eli/cz/sb/1945/103/1945-10-27/dokument/norma/oddil_3/par_10/odst_1;1975;esel-esb:eli/cz/sb/1946/228/0000-00-00/dokument/norma/par_21/frag_140099;1975;1946/228;1945/103;1946/228;228/1946 Sb.
esel-esb:eli/cz/sb/1946/228/1948-08-31/dokument/norma/par_21/frag_140099;117020;esel-esb:eli/cz/sb/1946/228/1948-08-31/dokument/norma/par_21;NA;NA;NA;NA;/2/21/1/;esel-esb:právní-akt-fragment/140099;140099;140099;Odstavec_Dc;Národními podniky rozumějí se v tomto zákoně i pojišťovací spolky a ústavy, které byly vládou vyňaty z opatření podle § 10, odst. 1 dekretu o znárodnění soukromých pojišťoven č. 103/1945 Sb.;norms;"<a data-odkaz-id=""2313781"" href=""#""  class=""ext_odkaz"">103/1945 Sb.</a>";103/1945 Sb.;2313781;ext_odkaz;NA;NA;NA;NA;esel-esb:právní-akt-odkaz/2313781;103/1945 Sb.;JINYPRED;64459;esel-esb:eli/cz/sb/1945/103/1945-10-27/dokument;1975;esel-esb:eli/cz/sb/1946/228/0000-00-00/dokument/norma/par_21/frag_140099;1975;1946/228;1945/103;1946/228;228/1946 Sb.
