fragment.iri;fragment.id;fragment.předek.iri;fragment.citace;fragment.citace.text;fragment.označení.uzlu;fragment.označení.uzlu.text;fragment.hierarchie;akt.fragment.iri;akt.fragment.id;fragment.base.id;typ.fragmentu;fragment.text_clean;source;tag;tag_clean;odkaz.id;class;data_eurlex;data_celexid;data_cellarid;data_orig_href;odkaz.iri;odkaz.citace.cíl;typ.vazba.odkazu;cíl.dokument.id;fragment.cíl.iri;fragment.cíl.dokument.id;fragment.zdroj.iri;fragment.zdroj.dokument.id;iri_z;iri_c;iri_v;akt.citace
esel-esb:eli/cz/sb/2020/228/2020-11-03/dokument/norma/par_1/odst_2;23192413;esel-esb:eli/cz/sb/2020/228/2020-11-03/dokument/norma/par_1;§ 1 odst. 2;NA;2;NA;/2/1/2/;esel-esb:právní-akt-fragment/10543699;10543699;10543699;Odstavec_Dc;(2) Úvěrem se pro účely tohoto zákona rozumí úvěr podle zákona upravujícího činnost bank.;norms;"<a data-odkaz-id=""21987585"" href=""#""  class=""ext_odkaz"">zákona upravujícího činnost bank</a>";zákona upravujícího činnost bank;21987585;ext_odkaz;NA;NA;NA;NA;esel-esb:právní-akt-odkaz/21987585;zákona upravujícího činnost bank;JINYPRED;93919;esel-esb:eli/cz/sb/1992/21/2020-05-01/dokument;60251;esel-esb:eli/cz/sb/2020/228/0000-00-00/dokument/norma/par_1/odst_2;60251;2020/228;1992/21;2020/228;228/2020 Sb.
esel-esb:eli/cz/sb/2020/228/2020-11-03/dokument/norma/par_2/odst_1;23192415;esel-esb:eli/cz/sb/2020/228/2020-11-03/dokument/norma/par_2;§ 2 odst. 1;NA;1;NA;/2/2/1/;esel-esb:právní-akt-fragment/10543703;10543703;10543703;Odstavec_Dc;(1) Státní záruka podle § 1 se poskytuje v rozsahu 150 000 000 000 Kč.;norms;"<a data-odkaz-id=""21987579"" href=""#""  class=""int_odkaz"">§ 1</a>";§ 1;21987579;int_odkaz;NA;NA;NA;NA;esel-esb:právní-akt-odkaz/21987579;§ 1;INTUSTAN;60251;esel-esb:eli/cz/sb/2020/228/0000-00-00/dokument/norma/par_1;60251;esel-esb:eli/cz/sb/2020/228/0000-00-00/dokument/norma/par_2/odst_1;60251;2020/228;2020/228;2020/228;228/2020 Sb.
esel-esb:eli/cz/sb/2020/228/2020-11-03/dokument/norma/par_2/odst_2;23192416;esel-esb:eli/cz/sb/2020/228/2020-11-03/dokument/norma/par_2;§ 2 odst. 2;NA;2;NA;/2/2/2/;esel-esb:právní-akt-fragment/10543769;10543769;10543705;Odstavec_Dc;(2) Právo na plnění ze státní záruky podle § 1 lze uplatnit do 31. prosince 2027.;norms;"<a data-odkaz-id=""21986829"" href=""#""  class=""int_odkaz"">§ 1</a>";§ 1;21986829;int_odkaz;NA;NA;NA;NA;esel-esb:právní-akt-odkaz/21986829;§ 1;INTUSTAN;155479;esel-esb:eli/cz/sb/2020/228/2020-11-03/dokument/norma/par_1;155479;esel-esb:eli/cz/sb/2020/228/2020-11-03/dokument/norma/par_2/odst_2;155479;2020/228;2020/228;2020/228;228/2020 Sb.
esel-esb:eli/cz/sb/2020/228/2020-11-03/dokument/norma/par_3/frag_10543709;23192418;esel-esb:eli/cz/sb/2020/228/2020-11-03/dokument/norma/par_3;NA;NA;NA;NA;/2/3/1/;esel-esb:právní-akt-fragment/10543709;10543709;10543709;Odstavec_Dc;Státní záruka podle § 1 se vztahuje pouze na dluhy Českomoravské záruční a rozvojové banky, a.s., které vzniknou z ručení za dluhy z úvěrů, jsou-li splněny tyto podmínky:;norms;"<a data-odkaz-id=""21987569"" href=""#""  class=""int_odkaz"">§ 1</a>";§ 1;21987569;int_odkaz;NA;NA;NA;NA;esel-esb:právní-akt-odkaz/21987569;§ 1;INTUSTAN;60251;esel-esb:eli/cz/sb/2020/228/0000-00-00/dokument/norma/par_1;60251;esel-esb:eli/cz/sb/2020/228/0000-00-00/dokument/norma/par_3/frag_10543709;60251;2020/228;2020/228;2020/228;228/2020 Sb.
esel-esb:eli/cz/sb/2020/228/2020-11-03/dokument/norma/par_3/pism_a;23192419;esel-esb:eli/cz/sb/2020/228/2020-11-03/dokument/norma/par_3/frag_10543709;§ 3 písm. a);NA;a;NA;/2/3/1/1/;esel-esb:právní-akt-fragment/10543771;10543771;10543711;Pismeno_Lb;a) úvěry byly sjednány do 31. prosince 2021, pokud ze sdělení Evropské komise týkajícího se podmínek státní podpory ekonomiky v reakci na pandemii COVID-193) neplyne doba kratší, k financování podnikatele, který má nejvýše 500 zaměstnanců,;norms;"<a data-odkaz-id=""21986831"" href=""#""  class=""int_odkaz""><sup>3</sup>)</a>";3);21986831;int_odkaz;NA;NA;NA;NA;esel-esb:právní-akt-odkaz/21986831;<sup>3</sup>);POZNAMKA;155479;esel-esb:eli/cz/sb/2020/228/2020-11-03/dokument/poznamkypodcarou/ppc_3;155479;esel-esb:eli/cz/sb/2020/228/2020-11-03/dokument/norma/par_3/pism_a;155479;2020/228;2020/228;2020/228;228/2020 Sb.
esel-esb:eli/cz/sb/2020/228/2020-11-03/dokument/norma/par_3/pism_d;23192424;esel-esb:eli/cz/sb/2020/228/2020-11-03/dokument/norma/par_3/frag_10543709;§ 3 písm. d);NA;d;NA;/2/3/1/4/;esel-esb:právní-akt-fragment/10543721;10543721;10543721;Pismeno_Lb;d) plnění z ručení je omezeno 30 % výše jistin všech úvěrů sjednaných úvěrující bankou, na které se vztahuje ručení Českomoravské záruční a rozvojové banky, a.s. se státní zárukou podle § 1,;norms;"<a data-odkaz-id=""21987563"" href=""#""  class=""int_odkaz"">§ 1</a>";§ 1;21987563;int_odkaz;NA;NA;NA;NA;esel-esb:právní-akt-odkaz/21987563;§ 1;INTUSTAN;60251;esel-esb:eli/cz/sb/2020/228/0000-00-00/dokument/norma/par_1;60251;esel-esb:eli/cz/sb/2020/228/0000-00-00/dokument/norma/par_3/pism_d;60251;2020/228;2020/228;2020/228;228/2020 Sb.
esel-esb:eli/cz/sb/2020/228/2020-11-03/dokument/norma/par_3/pism_e;23192425;esel-esb:eli/cz/sb/2020/228/2020-11-03/dokument/norma/par_3/frag_10543709;§ 3 písm. e);NA;e;NA;/2/3/1/5/;esel-esb:právní-akt-fragment/10543723;10543723;10543723;Pismeno_Lb;e) je-li úvěrovaným právnická osoba, banka v souladu s § 4 zjistila a zveřejnila, kdo je skutečným majitelem1) úvěrovaného.;norms;"<a data-odkaz-id=""21987551"" href=""#""  class=""int_odkaz"">§ 4</a>";§ 4;21987551;int_odkaz;NA;NA;NA;NA;esel-esb:právní-akt-odkaz/21987551;§ 4;INTUSTAN;60251;esel-esb:eli/cz/sb/2020/228/0000-00-00/dokument/norma/par_4;60251;esel-esb:eli/cz/sb/2020/228/0000-00-00/dokument/norma/par_3/pism_e;60251;2020/228;2020/228;2020/228;228/2020 Sb.
esel-esb:eli/cz/sb/2020/228/2020-11-03/dokument/norma/par_3/pism_e;23192425;esel-esb:eli/cz/sb/2020/228/2020-11-03/dokument/norma/par_3/frag_10543709;§ 3 písm. e);NA;e;NA;/2/3/1/5/;esel-esb:právní-akt-fragment/10543723;10543723;10543723;Pismeno_Lb;e) je-li úvěrovaným právnická osoba, banka v souladu s § 4 zjistila a zveřejnila, kdo je skutečným majitelem1) úvěrovaného.;norms;"<a data-odkaz-id=""21987557"" href=""#""  class=""int_odkaz""><sup>1</sup>)</a>";1);21987557;int_odkaz;NA;NA;NA;NA;esel-esb:právní-akt-odkaz/21987557;<sup>1</sup>);POZNAMKA;60251;esel-esb:eli/cz/sb/2020/228/0000-00-00/dokument/poznamkypodcarou/ppc_1;60251;esel-esb:eli/cz/sb/2020/228/0000-00-00/dokument/norma/par_3/pism_e;60251;2020/228;2020/228;2020/228;228/2020 Sb.
esel-esb:eli/cz/sb/2020/228/2020-11-03/dokument/norma/par_4/odst_1;23192427;esel-esb:eli/cz/sb/2020/228/2020-11-03/dokument/norma/par_4;§ 4 odst. 1;NA;1;NA;/2/4/1/;esel-esb:právní-akt-fragment/10543779;10543779;10543727;Odstavec_Dc;(1) Banka způsobem umožňujícím dálkový přístup zveřejní údaje o úvěrovaném, který čerpá úvěr podle § 1 odst. 1, výši úvěru a výši ručení poskytnutého Českomoravskou záruční a rozvojovou bankou, a.s.;norms;"<a data-odkaz-id=""21958117"" href=""#""  class=""int_odkaz"">§ 1 odst. 1</a>";§ 1 odst. 1;21958117;int_odkaz;NA;NA;NA;NA;esel-esb:právní-akt-odkaz/21958117;§ 1 odst. 1;INTUSTAN;155479;esel-esb:eli/cz/sb/2020/228/2020-11-03/dokument/norma/par_1/odst_1;155479;esel-esb:eli/cz/sb/2020/228/2020-11-03/dokument/norma/par_4/odst_1;155479;2020/228;2020/228;2020/228;228/2020 Sb.
esel-esb:eli/cz/sb/2020/228/2020-11-03/dokument/norma/par_4/odst_2;23192430;esel-esb:eli/cz/sb/2020/228/2020-11-03/dokument/norma/par_4;§ 4 odst. 2;NA;2;NA;/2/4/2/;esel-esb:právní-akt-fragment/10543733;10543733;10543733;Odstavec_Dc;(2) Je-li úvěrovaným fyzická osoba, zveřejní banka její jméno, příjmení, rok narození a identifikační číslo. Je-li úvěrovaným právnická osoba, zveřejní banka název právnické osoby, její identifikační číslo a jméno jejího skutečného majitele2).;norms;"<a data-odkaz-id=""21987541"" href=""#""  class=""int_odkaz""><sup>2</sup>)</a>";2);21987541;int_odkaz;NA;NA;NA;NA;esel-esb:právní-akt-odkaz/21987541;<sup>2</sup>);POZNAMKA;60251;esel-esb:eli/cz/sb/2020/228/0000-00-00/dokument/poznamkypodcarou/ppc_2;60251;esel-esb:eli/cz/sb/2020/228/0000-00-00/dokument/norma/par_4/odst_2;60251;2020/228;2020/228;2020/228;228/2020 Sb.
esel-esb:eli/cz/sb/2020/228/2020-11-03/dokument/norma/par_4/odst_3;23192431;esel-esb:eli/cz/sb/2020/228/2020-11-03/dokument/norma/par_4;§ 4 odst. 3;NA;3;NA;/2/4/3/;esel-esb:právní-akt-fragment/10543735;10543735;10543735;Odstavec_Dc;(3) Za účelem zjištění skutečného majitele úvěrovaného, který je právnickou osobou a čerpá úvěr podle § 1 odst. 1, Ministerstvo spravedlnosti umožní bance dálkový přístup k údajům o skutečném majiteli podle zákona upravujícího veřejné rejstříky právnických a fyzických osob.;norms;"<a data-odkaz-id=""21987535"" href=""#""  class=""int_odkaz"">§ 1 odst. 1</a>";§ 1 odst. 1;21987535;int_odkaz;NA;NA;NA;NA;esel-esb:právní-akt-odkaz/21987535;§ 1 odst. 1;INTUSTAN;60251;esel-esb:eli/cz/sb/2020/228/0000-00-00/dokument/norma/par_1/odst_1;60251;esel-esb:eli/cz/sb/2020/228/0000-00-00/dokument/norma/par_4/odst_3;60251;2020/228;2020/228;2020/228;228/2020 Sb.
esel-esb:eli/cz/sb/2020/228/2020-11-03/dokument/norma/par_4/odst_4;23192432;esel-esb:eli/cz/sb/2020/228/2020-11-03/dokument/norma/par_4;§ 4 odst. 4;NA;4;NA;/2/4/4/;esel-esb:právní-akt-fragment/10543737;10543737;10543737;Odstavec_Dc;(4) Údaje podle odstavce 1 se zveřejňují na dobu do uplynutí 60 dnů od konce kalendářního roku, kdy byl úvěr splacen nebo ručení zaniklo jiným způsobem.;norms;"<a data-odkaz-id=""21958131"" href=""#""  class=""int_odkaz"">odstavce 1</a>";odstavce 1;21958131;int_odkaz;NA;NA;NA;NA;esel-esb:právní-akt-odkaz/21958131;odstavce 1;INTUSTAN;60251;esel-esb:eli/cz/sb/2020/228/0000-00-00/dokument/norma/par_4/odst_1;60251;esel-esb:eli/cz/sb/2020/228/0000-00-00/dokument/norma/par_4/odst_4;60251;2020/228;2020/228;2020/228;228/2020 Sb.
esel-esb:eli/cz/sb/2020/228/2020-11-03/dokument/norma/par_5/frag_10543741;23192434;esel-esb:eli/cz/sb/2020/228/2020-11-03/dokument/norma/par_5;NA;NA;NA;NA;/2/5/1/;esel-esb:právní-akt-fragment/10543741;10543741;10543741;Odstavec_Dc;Státní záruka podle § 1 se poskytuje bezúplatně.;norms;"<a data-odkaz-id=""21958125"" href=""#""  class=""int_odkaz"">§ 1</a>";§ 1;21958125;int_odkaz;NA;NA;NA;NA;esel-esb:právní-akt-odkaz/21958125;§ 1;INTUSTAN;60251;esel-esb:eli/cz/sb/2020/228/0000-00-00/dokument/norma/par_1;60251;esel-esb:eli/cz/sb/2020/228/0000-00-00/dokument/norma/par_5/frag_10543741;60251;2020/228;2020/228;2020/228;228/2020 Sb.
esel-esb:eli/cz/sb/2020/228/2020-11-03/dokument/norma/par_6/frag_10543745;23192436;esel-esb:eli/cz/sb/2020/228/2020-11-03/dokument/norma/par_6/frag_12599795;NA;NA;NA;NA;/2/6/1/1/;esel-esb:právní-akt-fragment/10543745;10543745;10543745;Odstavec_Dc;Plnění ze státní záruky podle § 1 se provádí ze státního rozpočtu z kapitoly Ministerstva průmyslu a obchodu.;norms;"<a data-odkaz-id=""21958119"" href=""#""  class=""int_odkaz"">§ 1</a>";§ 1;21958119;int_odkaz;NA;NA;NA;NA;esel-esb:právní-akt-odkaz/21958119;§ 1;INTUSTAN;60251;esel-esb:eli/cz/sb/2020/228/0000-00-00/dokument/norma/par_1;60251;esel-esb:eli/cz/sb/2020/228/0000-00-00/dokument/norma/par_6/frag_10543745;60251;2020/228;2020/228;2020/228;228/2020 Sb.
esel-esb:eli/cz/sb/2020/228/2020-11-03/dokument/poznamkypodcarou/ppc_1;23192446;esel-esb:eli/cz/sb/2020/228/2020-11-03/dokument/poznamkypodcarou;pozn. 1;NA;1;NA;/5/1/;esel-esb:právní-akt-fragment/10543765;10543765;10543765;PPC;1) § 118b a násl. zákona č. 304/2013 Sb., o veřejných rejstřících právnických a fyzických osob a o evidenci svěřenských fondů.;notes;"<a data-odkaz-id=""21986805"" href=""#""  class=""ext_odkaz"">§ 118b a násl.</a>";§ 118b a násl.;21986805;ext_odkaz;NA;NA;NA;NA;esel-esb:právní-akt-odkaz/21986805;§ 118b a násl.;JINEUSTAN;144777;esel-esb:eli/cz/sb/2013/304/2019-02-01/dokument/norma/cast_5/par_118b;60251;esel-esb:eli/cz/sb/2020/228/0000-00-00/dokument/poznamkypodcarou/ppc_1;60251;2020/228;2013/304;2020/228;228/2020 Sb.
esel-esb:eli/cz/sb/2020/228/2020-11-03/dokument/poznamkypodcarou/ppc_1;23192446;esel-esb:eli/cz/sb/2020/228/2020-11-03/dokument/poznamkypodcarou;pozn. 1;NA;1;NA;/5/1/;esel-esb:právní-akt-fragment/10543765;10543765;10543765;PPC;1) § 118b a násl. zákona č. 304/2013 Sb., o veřejných rejstřících právnických a fyzických osob a o evidenci svěřenských fondů.;notes;"<a data-odkaz-id=""21986811"" href=""#""  class=""ext_odkaz"">zákona č. 304/2013 Sb., o veřejných rejstřících právnických a fyzických osob</a>";zákona č. 304/2013 Sb., o veřejných rejstřících právnických a fyzických osob;21986811;ext_odkaz;NA;NA;NA;NA;esel-esb:právní-akt-odkaz/21986811;zákona č. 304/2013 Sb.;JINYPRED;144777;esel-esb:eli/cz/sb/2013/304/2019-02-01/dokument;60251;esel-esb:eli/cz/sb/2020/228/0000-00-00/dokument/poznamkypodcarou/ppc_1;60251;2020/228;2013/304;2020/228;228/2020 Sb.
esel-esb:eli/cz/sb/2020/228/2020-11-03/dokument/poznamkypodcarou/ppc_2;23192447;esel-esb:eli/cz/sb/2020/228/2020-11-03/dokument/poznamkypodcarou;pozn. 2;NA;2;NA;/5/2/;esel-esb:právní-akt-fragment/10543767;10543767;10543767;PPC;2) § 118f písm. a) zákona č. 304/2013 Sb., o veřejných rejstřících právnických a fyzických osob a o evidenci svěřenských fondů.;notes;"<a data-odkaz-id=""21986817"" href=""#""  class=""ext_odkaz"">§ 118f písm. a)</a>";§ 118f písm. a);21986817;ext_odkaz;NA;NA;NA;NA;esel-esb:právní-akt-odkaz/21986817;§ 118f písm. a);JINEUSTAN;144777;esel-esb:eli/cz/sb/2013/304/2019-02-01/dokument/norma/cast_5/par_118f/pism_a;60251;esel-esb:eli/cz/sb/2020/228/0000-00-00/dokument/poznamkypodcarou/ppc_2;60251;2020/228;2013/304;2020/228;228/2020 Sb.
esel-esb:eli/cz/sb/2020/228/2020-11-03/dokument/poznamkypodcarou/ppc_2;23192447;esel-esb:eli/cz/sb/2020/228/2020-11-03/dokument/poznamkypodcarou;pozn. 2;NA;2;NA;/5/2/;esel-esb:právní-akt-fragment/10543767;10543767;10543767;PPC;2) § 118f písm. a) zákona č. 304/2013 Sb., o veřejných rejstřících právnických a fyzických osob a o evidenci svěřenských fondů.;notes;"<a data-odkaz-id=""21986823"" href=""#""  class=""ext_odkaz"">zákona č. 304/2013 Sb., o veřejných rejstřících právnických a fyzických osob</a>";zákona č. 304/2013 Sb., o veřejných rejstřících právnických a fyzických osob;21986823;ext_odkaz;NA;NA;NA;NA;esel-esb:právní-akt-odkaz/21986823;zákona č. 304/2013 Sb.;JINYPRED;144777;esel-esb:eli/cz/sb/2013/304/2019-02-01/dokument;60251;esel-esb:eli/cz/sb/2020/228/0000-00-00/dokument/poznamkypodcarou/ppc_2;60251;2020/228;2013/304;2020/228;228/2020 Sb.
