fragment.iri;fragment.id;fragment.předek.iri;fragment.citace;fragment.citace.text;fragment.označení.uzlu;fragment.označení.uzlu.text;fragment.hierarchie;akt.fragment.iri;akt.fragment.id;fragment.base.id;typ.fragmentu;fragment.text_clean;source;tag;tag_clean;odkaz.id;class;data_eurlex;data_celexid;data_cellarid;data_orig_href;odkaz.iri;odkaz.citace.cíl;typ.vazba.odkazu;cíl.dokument.id;fragment.cíl.iri;fragment.cíl.dokument.id;fragment.zdroj.iri;fragment.zdroj.dokument.id;iri_z;iri_c;iri_v;akt.citace
esel-esb:eli/cz/sb/2013/256/2022-09-01/dokument/norma/cast_1/par_1/odst_2/pism_b;20811213;esel-esb:eli/cz/sb/2013/256/2022-09-01/dokument/norma/cast_1/par_1/odst_2;§ 1 odst. 2 písm. b);NA;b;NA;/2/1/2/3/2/;esel-esb:právní-akt-fragment/9133809;9133809;9133809;Pismeno_Lb;b) pro tvorbu dalších informačních systémů sloužících k účelům uvedeným v písmenu a).;norms;"<a data-odkaz-id=""19967427"" href=""#""  class=""int_odkaz"">písmenu a)</a>";písmenu a);19967427;int_odkaz;NA;NA;NA;NA;esel-esb:právní-akt-odkaz/19967427;písmenu a);INTUSTAN;53439;esel-esb:eli/cz/sb/2013/256/0000-00-00/dokument/norma/cast_1/par_1/odst_2/pism_a;53439;esel-esb:eli/cz/sb/2013/256/0000-00-00/dokument/norma/cast_1/par_1/odst_2/pism_b;53439;2013/256;2013/256;2013/256;256/2013 Sb.
esel-esb:eli/cz/sb/2013/256/2022-09-01/dokument/norma/cast_1/par_2/pism_a;20811217;esel-esb:eli/cz/sb/2013/256/2022-09-01/dokument/norma/cast_1/par_2/frag_9133815;§ 2 písm. a);NA;a;NA;/2/1/3/2/1/;esel-esb:právní-akt-fragment/9134933;9134933;9133817;Pismeno_Lb;a) pozemkem část zemského povrchu oddělená od sousedních částí hranicí územní jednotky nebo hranicí katastrálního území, hranicí vlastnickou, hranicí stanovenou regulačním plánem, územním rozhodnutím, společným povolením, kterým se stavba umisťuje a povoluje, veřejnoprávní smlouvou nahrazující územní rozhodnutí, územním souhlasem nebo hranicí danou schválením navrhovaného záměru stavebním úřadem, hranicí jiného práva podle § 19, hranicí rozsahu zástavního práva, hranicí rozsahu práva stavby, hranicí druhů pozemků, popřípadě rozhraním způsobu využití pozemků,;norms;"<a data-odkaz-id=""20204467"" href=""#""  class=""int_odkaz"">§ 19</a>";§ 19;20204467;int_odkaz;NA;NA;NA;NA;esel-esb:právní-akt-odkaz/20204467;§ 19;INTUSTAN;144545;esel-esb:eli/cz/sb/2013/256/2018-01-01/dokument/norma/cast_2/par_19;144545;esel-esb:eli/cz/sb/2013/256/2018-01-01/dokument/norma/cast_1/par_2/pism_a;144545;2013/256;2013/256;2013/256;256/2013 Sb.
esel-esb:eli/cz/sb/2013/256/2022-09-01/dokument/norma/cast_1/par_3/odst_1/pism_d;20811236;esel-esb:eli/cz/sb/2013/256/2022-09-01/dokument/norma/cast_1/par_3/odst_1;§ 3 odst. 1 písm. d);NA;d;NA;/2/1/4/2/4/;esel-esb:právní-akt-fragment/9133855;9133855;9133855;Pismeno_Lb;d) jednotky vymezené podle občanského zákoníku,;norms;"<a data-odkaz-id=""20098829"" href=""#""  class=""ext_odkaz"">občanského zákoníku</a>";občanského zákoníku;20098829;ext_odkaz;NA;NA;NA;NA;esel-esb:právní-akt-odkaz/20098829;občanského zákoníku;JINYPRED;141775;esel-esb:eli/cz/sb/2012/89/2012-03-22/dokument;53439;esel-esb:eli/cz/sb/2013/256/0000-00-00/dokument/norma/cast_1/par_3/odst_1/pism_d;53439;2013/256;2012/89;2013/256;256/2013 Sb.
esel-esb:eli/cz/sb/2013/256/2022-09-01/dokument/norma/cast_1/par_3/odst_1/pism_e;20811237;esel-esb:eli/cz/sb/2013/256/2022-09-01/dokument/norma/cast_1/par_3/odst_1;§ 3 odst. 1 písm. e);NA;e;NA;/2/1/4/2/5/;esel-esb:právní-akt-fragment/9133857;9133857;9133857;Pismeno_Lb;e) jednotky vymezené podle zákona č. 72/1994 Sb., kterým se upravují některé spoluvlastnické vztahy k budovám a některé vlastnické vztahy k bytům a nebytovým prostorům a doplňují některé zákony (zákon o vlastnictví bytů), ve znění pozdějších předpisů,;norms;"<a data-odkaz-id=""20100021"" href=""#""  class=""ext_odkaz"">zákona č. 72/1994 Sb., kterým se upravují některé spoluvlastnické vztahy k budovám a některé vlastnické vztahy k bytům a nebytovým prostorům a doplňují některé zákony</a>";zákona č. 72/1994 Sb., kterým se upravují některé spoluvlastnické vztahy k budovám a některé vlastnické vztahy k bytům a nebytovým prostorům a doplňují některé zákony;20100021;ext_odkaz;NA;NA;NA;NA;esel-esb:právní-akt-odkaz/20100021;zákona č. 72/1994 Sb.;JINYPRED;99595;esel-esb:eli/cz/sb/1994/72/2010-07-01/dokument;53439;esel-esb:eli/cz/sb/2013/256/0000-00-00/dokument/norma/cast_1/par_3/odst_1/pism_e;53439;2013/256;1994/72;2013/256;256/2013 Sb.
esel-esb:eli/cz/sb/2013/256/2022-09-01/dokument/norma/cast_1/par_5/odst_2/pism_b;20811270;esel-esb:eli/cz/sb/2013/256/2022-09-01/dokument/norma/cast_1/par_5/odst_2;§ 5 odst. 2 písm. b);NA;b;NA;/2/1/6/3/2/;esel-esb:právní-akt-fragment/9133923;9133923;9133923;Pismeno_Lb;b) soubor popisných informací, který zahrnuje údaje podle § 4 odst. 1 písm. b) až f),;norms;"<a data-odkaz-id=""19967489"" href=""#""  class=""int_odkaz"">§ 4 odst. 1 písm. b) až f)</a>";§ 4 odst. 1 písm. b) až f);19967489;int_odkaz;NA;NA;NA;NA;esel-esb:právní-akt-odkaz/19967489;§ 4 odst. 1 písm. b) až f);INTUSTAN;53439;esel-esb:eli/cz/sb/2013/256/0000-00-00/dokument/norma/cast_1/par_4/odst_1/pism_b;53439;esel-esb:eli/cz/sb/2013/256/0000-00-00/dokument/norma/cast_1/par_5/odst_2/pism_b;53439;2013/256;2013/256;2013/256;256/2013 Sb.
esel-esb:eli/cz/sb/2013/256/2022-09-01/dokument/norma/cast_2/par_9/odst_2;20811295;esel-esb:eli/cz/sb/2013/256/2022-09-01/dokument/norma/cast_2/par_9;§ 9 odst. 2;NA;2;NA;/2/2/6/2/;esel-esb:právní-akt-fragment/9133971;9133971;9133971;Odstavec_Dc;(2) Pořadí zápisů práv do katastru se řídí, pokud zákon nestanoví jinak, okamžikem, ve kterém byl návrh na zápis do katastru doručen katastrálnímu úřadu. Na postup katastrálního úřadu při zápisech práv do katastru se použije přiměřeně § 145 správního řádu, vyjma odstavce 2 vět třetí a čtvrté.;norms;"<a data-odkaz-id=""20100053"" href=""#""  class=""ext_odkaz"">§ 145</a>";§ 145;20100053;ext_odkaz;NA;NA;NA;NA;esel-esb:právní-akt-odkaz/20100053;§ 145;JINEUSTAN;124675;esel-esb:eli/cz/sb/2004/500/2012-07-01/dokument/norma/cast_3/hlava_4/par_145;53439;esel-esb:eli/cz/sb/2013/256/0000-00-00/dokument/norma/cast_2/par_9/odst_2;53439;2013/256;2004/500;2013/256;256/2013 Sb.
esel-esb:eli/cz/sb/2013/256/2022-09-01/dokument/norma/cast_2/par_9/odst_2;20811295;esel-esb:eli/cz/sb/2013/256/2022-09-01/dokument/norma/cast_2/par_9;§ 9 odst. 2;NA;2;NA;/2/2/6/2/;esel-esb:právní-akt-fragment/9133971;9133971;9133971;Odstavec_Dc;(2) Pořadí zápisů práv do katastru se řídí, pokud zákon nestanoví jinak, okamžikem, ve kterém byl návrh na zápis do katastru doručen katastrálnímu úřadu. Na postup katastrálního úřadu při zápisech práv do katastru se použije přiměřeně § 145 správního řádu, vyjma odstavce 2 vět třetí a čtvrté.;norms;"<a data-odkaz-id=""20100085"" href=""#""  class=""ext_odkaz"">správního řádu</a>";správního řádu;20100085;ext_odkaz;NA;NA;NA;NA;esel-esb:právní-akt-odkaz/20100085;správního řádu;JINYPRED;124675;esel-esb:eli/cz/sb/2004/500/2012-07-01/dokument;53439;esel-esb:eli/cz/sb/2013/256/0000-00-00/dokument/norma/cast_2/par_9/odst_2;53439;2013/256;2004/500;2013/256;256/2013 Sb.
esel-esb:eli/cz/sb/2013/256/2022-09-01/dokument/norma/cast_2/par_9/odst_2;20811295;esel-esb:eli/cz/sb/2013/256/2022-09-01/dokument/norma/cast_2/par_9;§ 9 odst. 2;NA;2;NA;/2/2/6/2/;esel-esb:právní-akt-fragment/9133971;9133971;9133971;Odstavec_Dc;(2) Pořadí zápisů práv do katastru se řídí, pokud zákon nestanoví jinak, okamžikem, ve kterém byl návrh na zápis do katastru doručen katastrálnímu úřadu. Na postup katastrálního úřadu při zápisech práv do katastru se použije přiměřeně § 145 správního řádu, vyjma odstavce 2 vět třetí a čtvrté.;norms;"<a data-odkaz-id=""20100117"" href=""#""  class=""ext_odkaz"">odstavce 2</a>";odstavce 2;20100117;ext_odkaz;NA;NA;NA;NA;esel-esb:právní-akt-odkaz/20100117;odstavce 2;JINEUSTAN;124675;esel-esb:eli/cz/sb/2004/500/2012-07-01/dokument/norma/cast_1/hlava_1/par_1/odst_2;53439;esel-esb:eli/cz/sb/2013/256/0000-00-00/dokument/norma/cast_2/par_9/odst_2;53439;2013/256;2004/500;2013/256;256/2013 Sb.
esel-esb:eli/cz/sb/2013/256/2022-09-01/dokument/norma/cast_2/par_15/odst_3;20811339;esel-esb:eli/cz/sb/2013/256/2022-09-01/dokument/norma/cast_2/par_15;§ 15 odst. 3;NA;3;NA;/2/2/13/3/;esel-esb:právní-akt-fragment/9134057;9134057;9134057;Odstavec_Dc;(3) Nejsou-li v rozhodnutí nebo potvrzení podle § 14 odst. 2 uvedeny všechny údaje, které mají být vkladem zapsány do katastru, vyzve katastrální úřad účastníky řízení k jejich doplnění. Nedoplní-li je účastníci řízení ve lhůtě do 14 dnů od doručení výzvy, katastrální úřad vkladové řízení zastaví.;norms;"<a data-odkaz-id=""20100149"" href=""#""  class=""int_odkaz"">§ 14 odst. 2</a>";§ 14 odst. 2;20100149;int_odkaz;NA;NA;NA;NA;esel-esb:právní-akt-odkaz/20100149;§ 14 odst. 2;INTUSTAN;53439;esel-esb:eli/cz/sb/2013/256/0000-00-00/dokument/norma/cast_2/par_14/odst_2;53439;esel-esb:eli/cz/sb/2013/256/0000-00-00/dokument/norma/cast_2/par_15/odst_3;53439;2013/256;2013/256;2013/256;256/2013 Sb.
esel-esb:eli/cz/sb/2013/256/2022-09-01/dokument/norma/cast_2/par_16/odst_1;20811341;esel-esb:eli/cz/sb/2013/256/2022-09-01/dokument/norma/cast_2/par_16;§ 16 odst. 1;NA;1;NA;/2/2/14/1/;esel-esb:právní-akt-fragment/9134061;9134061;9134061;Odstavec_Dc;"(1) O vyznačení, že právní poměry jsou dotčeny změnou, katastrální úřad informuje, nejpozději den poté, co ke změně došlo, vlastníka nemovitosti a jiného oprávněného zasláním informace na adresu podle § 14 odst. 1 písm. b) nebo prostřednictvím datové schránky; pokud o to požádá, katastrální úřad informuje vlastníka také elektronicky na e-mailovou adresu nebo zprávou na mobilní telefon. Účastníky vkladového řízení, kteří mají zřízenu službu sledování změn v katastru, informuje prostřednictvím této služby.";norms;"<a data-odkaz-id=""20100181"" href=""#""  class=""int_odkaz"">§ 14 odst. 1 písm. b)</a>";§ 14 odst. 1 písm. b);20100181;int_odkaz;NA;NA;NA;NA;esel-esb:právní-akt-odkaz/20100181;§ 14 odst. 1 písm. b);INTUSTAN;53439;esel-esb:eli/cz/sb/2013/256/0000-00-00/dokument/norma/cast_2/par_14/odst_1/pism_b;53439;esel-esb:eli/cz/sb/2013/256/0000-00-00/dokument/norma/cast_2/par_16/odst_1;53439;2013/256;2013/256;2013/256;256/2013 Sb.
esel-esb:eli/cz/sb/2013/256/2022-09-01/dokument/norma/cast_2/par_17/odst_2/pism_c;20811356;esel-esb:eli/cz/sb/2013/256/2022-09-01/dokument/norma/cast_2/par_17/odst_2;§ 17 odst. 2 písm. c);NA;c;NA;/2/2/15/2/3/;esel-esb:právní-akt-fragment/9134091;9134091;9134091;Pismeno_Lb;"c) navrhovaný vklad navazuje na dosavadní zápisy v katastru; odstavec 1 písm. g) se použije obdobně.";norms;"<a data-odkaz-id=""20100213"" href=""#""  class=""int_odkaz"">odstavec 1 písm. g)</a>";odstavec 1 písm. g);20100213;int_odkaz;NA;NA;NA;NA;esel-esb:právní-akt-odkaz/20100213;odstavec 1 písm. g);INTUSTAN;53439;esel-esb:eli/cz/sb/2013/256/0000-00-00/dokument/norma/cast_2/par_17/odst_1/pism_g;53439;esel-esb:eli/cz/sb/2013/256/0000-00-00/dokument/norma/cast_2/par_17/odst_2/pism_c;53439;2013/256;2013/256;2013/256;256/2013 Sb.
esel-esb:eli/cz/sb/2013/256/2022-09-01/dokument/norma/cast_2/par_17/odst_4;20811358;esel-esb:eli/cz/sb/2013/256/2022-09-01/dokument/norma/cast_2/par_17;§ 17 odst. 4;NA;4;NA;/2/2/15/4/;esel-esb:právní-akt-fragment/9134095;9134095;9134095;Odstavec_Dc;(4) Jde-li o rozhodnutí soudu, zkoumá katastrální úřad splnění podmínek jen podle odstavce 2 písm. a) a dále, zda je toto rozhodnutí závazné i pro osoby, v jejichž prospěch je právo v katastru dosud zapsáno.;norms;"<a data-odkaz-id=""20100245"" href=""#""  class=""int_odkaz"">odstavce 2 písm. a)</a>";odstavce 2 písm. a);20100245;int_odkaz;NA;NA;NA;NA;esel-esb:právní-akt-odkaz/20100245;odstavce 2 písm. a);INTUSTAN;53439;esel-esb:eli/cz/sb/2013/256/0000-00-00/dokument/norma/cast_2/par_17/odst_2/pism_a;53439;esel-esb:eli/cz/sb/2013/256/0000-00-00/dokument/norma/cast_2/par_17/odst_4;53439;2013/256;2013/256;2013/256;256/2013 Sb.
esel-esb:eli/cz/sb/2013/256/2022-09-01/dokument/norma/cast_2/par_17/odst_5;20811359;esel-esb:eli/cz/sb/2013/256/2022-09-01/dokument/norma/cast_2/par_17;§ 17 odst. 5;NA;5;NA;/2/2/15/5/;esel-esb:právní-akt-fragment/9134097;9134097;9134097;Odstavec_Dc;(5) Skutečnosti uvedené v odstavcích 1 až 4 přezkoumává katastrální úřad na základě listin předložených účastníky, popřípadě soudem nebo soudním exekutorem ke vkladovému řízení, dosavadních zápisů v katastru a na základě údajů ze základních registrů, z agendového informačního systému evidence obyvatel a z agendového informačního systému cizinců a dále na základě dalších informací poskytnutých vlastníkem nemovitosti a dalšími účastníky vkladového řízení poté, co obdrží od katastrálního úřadu informaci podle § 16 odst. 1. Tyto skutečnosti katastrální úřad zkoumá podle stavu, jaký tu byl v okamžiku podání návrhu na vklad.;norms;"<a data-odkaz-id=""20100277"" href=""#""  class=""int_odkaz"">odstavcích 1 až 4</a>";odstavcích 1 až 4;20100277;int_odkaz;NA;NA;NA;NA;esel-esb:právní-akt-odkaz/20100277;odstavcích 1 až 4;INTUSTAN;53439;esel-esb:eli/cz/sb/2013/256/0000-00-00/dokument/norma/cast_2/par_17/odst_1;53439;esel-esb:eli/cz/sb/2013/256/0000-00-00/dokument/norma/cast_2/par_17/odst_5;53439;2013/256;2013/256;2013/256;256/2013 Sb.
esel-esb:eli/cz/sb/2013/256/2022-09-01/dokument/norma/cast_2/par_17/odst_5;20811359;esel-esb:eli/cz/sb/2013/256/2022-09-01/dokument/norma/cast_2/par_17;§ 17 odst. 5;NA;5;NA;/2/2/15/5/;esel-esb:právní-akt-fragment/9134097;9134097;9134097;Odstavec_Dc;(5) Skutečnosti uvedené v odstavcích 1 až 4 přezkoumává katastrální úřad na základě listin předložených účastníky, popřípadě soudem nebo soudním exekutorem ke vkladovému řízení, dosavadních zápisů v katastru a na základě údajů ze základních registrů, z agendového informačního systému evidence obyvatel a z agendového informačního systému cizinců a dále na základě dalších informací poskytnutých vlastníkem nemovitosti a dalšími účastníky vkladového řízení poté, co obdrží od katastrálního úřadu informaci podle § 16 odst. 1. Tyto skutečnosti katastrální úřad zkoumá podle stavu, jaký tu byl v okamžiku podání návrhu na vklad.;norms;"<a data-odkaz-id=""20100309"" href=""#""  class=""int_odkaz"">§ 16 odst. 1.</a>";§ 16 odst. 1.;20100309;int_odkaz;NA;NA;NA;NA;esel-esb:právní-akt-odkaz/20100309;§ 16 odst. 1.;INTUSTAN;53439;esel-esb:eli/cz/sb/2013/256/0000-00-00/dokument/norma/cast_2/par_16/odst_1;53439;esel-esb:eli/cz/sb/2013/256/0000-00-00/dokument/norma/cast_2/par_17/odst_5;53439;2013/256;2013/256;2013/256;256/2013 Sb.
esel-esb:eli/cz/sb/2013/256/2022-09-01/dokument/norma/cast_2/par_18/odst_1;20811361;esel-esb:eli/cz/sb/2013/256/2022-09-01/dokument/norma/cast_2/par_18;§ 18 odst. 1;NA;1;NA;/2/2/16/1/;esel-esb:právní-akt-fragment/9134101;9134101;9134101;Odstavec_Dc;(1) Jestliže jsou podmínky pro povolení vkladu splněny, katastrální úřad vklad povolí, nejdříve však po uplynutí lhůty 20 dnů ode dne odeslání informace podle § 16 odst. 1. V opačném případě, nebo i tehdy, ztratil-li návrh před rozhodnutím o povolení vkladu své právní účinky, návrh zamítne.;norms;"<a data-odkaz-id=""20100341"" href=""#""  class=""int_odkaz"">§ 16 odst. 1.</a>";§ 16 odst. 1.;20100341;int_odkaz;NA;NA;NA;NA;esel-esb:právní-akt-odkaz/20100341;§ 16 odst. 1.;INTUSTAN;53439;esel-esb:eli/cz/sb/2013/256/0000-00-00/dokument/norma/cast_2/par_16/odst_1;53439;esel-esb:eli/cz/sb/2013/256/0000-00-00/dokument/norma/cast_2/par_18/odst_1;53439;2013/256;2013/256;2013/256;256/2013 Sb.
esel-esb:eli/cz/sb/2013/256/2022-09-01/dokument/norma/cast_2/par_18/odst_4;20811364;esel-esb:eli/cz/sb/2013/256/2022-09-01/dokument/norma/cast_2/par_18;§ 18 odst. 4;NA;4;NA;/2/2/16/4/;esel-esb:právní-akt-fragment/9134107;9134107;9134107;Odstavec_Dc;(4) Proti rozhodnutí, kterým se vklad povoluje, není přípustný žádný opravný prostředek, přezkumné řízení, obnova řízení ani žaloba podle ustanovení občanského soudního řádu o řízení ve věcech, o nichž bylo rozhodnuto jiným orgánem.;norms;"<a data-odkaz-id=""20100373"" href=""#""  class=""ext_odkaz"">občanského soudního řádu</a>";občanského soudního řádu;20100373;ext_odkaz;NA;NA;NA;NA;esel-esb:právní-akt-odkaz/20100373;občanského soudního řádu;JINYPRED;73437;esel-esb:eli/cz/sb/1963/99/2013-08-19/dokument;53439;esel-esb:eli/cz/sb/2013/256/0000-00-00/dokument/norma/cast_2/par_18/odst_4;53439;2013/256;1963/99;2013/256;256/2013 Sb.
esel-esb:eli/cz/sb/2013/256/2022-09-01/dokument/norma/cast_2/par_18/odst_5;20811365;esel-esb:eli/cz/sb/2013/256/2022-09-01/dokument/norma/cast_2/par_18;§ 18 odst. 5;NA;5;NA;/2/2/16/5/;esel-esb:právní-akt-fragment/9134109;9134109;9134109;Odstavec_Dc;"(5) Proti rozhodnutí o zamítnutí vkladu není přípustný žádný opravný prostředek, přezkumné řízení ani obnova řízení; přípustná je žaloba podle ustanovení občanského soudního řádu o řízení ve věcech, o nichž bylo rozhodnuto jiným orgánem, která musí být podána ve lhůtě 30 dnů ode dne doručení rozhodnutí.";norms;"<a data-odkaz-id=""20100405"" href=""#""  class=""ext_odkaz"">občanského soudního řádu</a>";občanského soudního řádu;20100405;ext_odkaz;NA;NA;NA;NA;esel-esb:právní-akt-odkaz/20100405;občanského soudního řádu;JINYPRED;73437;esel-esb:eli/cz/sb/1963/99/2013-08-19/dokument;53439;esel-esb:eli/cz/sb/2013/256/0000-00-00/dokument/norma/cast_2/par_18/odst_5;53439;2013/256;1963/99;2013/256;256/2013 Sb.
esel-esb:eli/cz/sb/2013/256/2022-09-01/dokument/norma/cast_2/par_18/odst_6;20811366;esel-esb:eli/cz/sb/2013/256/2022-09-01/dokument/norma/cast_2/par_18;§ 18 odst. 6;NA;6;NA;/2/2/16/6/;esel-esb:právní-akt-fragment/9134111;9134111;9134111;Odstavec_Dc;(6) Další vkladové řízení týkající se téže nemovitosti jako rozhodnutí o zamítnutí vkladu se po dobu stanovenou pro podání žaloby podle odstavce 5, a pokud je žaloba podána, až do dne, kdy je příslušnému katastrálnímu úřadu doručeno pravomocné rozhodnutí soudu ve věci vkladu, přerušuje.;norms;"<a data-odkaz-id=""20100437"" href=""#""  class=""int_odkaz"">odstavce 5</a>";odstavce 5;20100437;int_odkaz;NA;NA;NA;NA;esel-esb:právní-akt-odkaz/20100437;odstavce 5;INTUSTAN;53439;esel-esb:eli/cz/sb/2013/256/0000-00-00/dokument/norma/cast_2/par_18/odst_5;53439;esel-esb:eli/cz/sb/2013/256/0000-00-00/dokument/norma/cast_2/par_18/odst_6;53439;2013/256;2013/256;2013/256;256/2013 Sb.
esel-esb:eli/cz/sb/2013/256/2022-09-01/dokument/norma/cast_2/par_23/odst_1/pism_n;20811403;esel-esb:eli/cz/sb/2013/256/2022-09-01/dokument/norma/cast_2/par_23/odst_1;§ 23 odst. 1 písm. n);NA;n;NA;/2/2/23/1/14/;esel-esb:právní-akt-fragment/9134185;9134185;9134185;Pismeno_Lb;n) jiném rozhodnutí než podle písmene m) nebo opatření obecné povahy, kterým se omezuje oprávnění vlastníka nemovitosti nebo jiného oprávněného nakládat s předmětem práva zapsaným v katastru nebo se kterým je zákonem spojeno omezení,;norms;"<a data-odkaz-id=""20100469"" href=""#""  class=""int_odkaz"">písmene m)</a>";písmene m);20100469;int_odkaz;NA;NA;NA;NA;esel-esb:právní-akt-odkaz/20100469;písmene m);INTUSTAN;53439;esel-esb:eli/cz/sb/2013/256/0000-00-00/dokument/norma/cast_2/par_23/odst_1/pism_m;53439;esel-esb:eli/cz/sb/2013/256/0000-00-00/dokument/norma/cast_2/par_23/odst_1/pism_n;53439;2013/256;2013/256;2013/256;256/2013 Sb.
esel-esb:eli/cz/sb/2013/256/2022-09-01/dokument/norma/cast_2/par_25/odst_1/pism_e;20811440;esel-esb:eli/cz/sb/2013/256/2022-09-01/dokument/norma/cast_2/par_25/odst_1;§ 25 odst. 1 písm. e);NA;e;NA;/2/2/25/1/5/;esel-esb:právní-akt-fragment/9134253;9134253;9134253;Pismeno_Lb;e) jiném rozhodnutí než podle písmene d), podle kterého osoba nesmí nakládat se svou majetkovou podstatou nebo její přesně nevymezenou částí.;norms;"<a data-odkaz-id=""20100501"" href=""#""  class=""int_odkaz"">písmene d)</a>";písmene d);20100501;int_odkaz;NA;NA;NA;NA;esel-esb:právní-akt-odkaz/20100501;písmene d);INTUSTAN;53439;esel-esb:eli/cz/sb/2013/256/0000-00-00/dokument/norma/cast_2/par_25/odst_1/pism_d;53439;esel-esb:eli/cz/sb/2013/256/0000-00-00/dokument/norma/cast_2/par_25/odst_1/pism_e;53439;2013/256;2013/256;2013/256;256/2013 Sb.
esel-esb:eli/cz/sb/2013/256/2022-09-01/dokument/norma/cast_2/par_25/odst_2;20811441;esel-esb:eli/cz/sb/2013/256/2022-09-01/dokument/norma/cast_2/par_25;§ 25 odst. 2;NA;2;NA;/2/2/25/2/;esel-esb:právní-akt-fragment/9134255;9134255;9134255;Odstavec_Dc;(2) Poznámku podle odstavce 1 písm. c) a d) lze zapsat rovněž na základě údajů převzatých z informačního systému insolvenčního rejstříku.;norms;"<a data-odkaz-id=""20100533"" href=""#""  class=""int_odkaz"">odstavce 1 písm. c)</a>";odstavce 1 písm. c);20100533;int_odkaz;NA;NA;NA;NA;esel-esb:právní-akt-odkaz/20100533;odstavce 1 písm. c);INTUSTAN;53439;esel-esb:eli/cz/sb/2013/256/0000-00-00/dokument/norma/cast_2/par_25/odst_1/pism_c;53439;esel-esb:eli/cz/sb/2013/256/0000-00-00/dokument/norma/cast_2/par_25/odst_2;53439;2013/256;2013/256;2013/256;256/2013 Sb.
esel-esb:eli/cz/sb/2013/256/2022-09-01/dokument/norma/cast_2/par_25/odst_2;20811441;esel-esb:eli/cz/sb/2013/256/2022-09-01/dokument/norma/cast_2/par_25;§ 25 odst. 2;NA;2;NA;/2/2/25/2/;esel-esb:právní-akt-fragment/9134255;9134255;9134255;Odstavec_Dc;(2) Poznámku podle odstavce 1 písm. c) a d) lze zapsat rovněž na základě údajů převzatých z informačního systému insolvenčního rejstříku.;norms;"<a data-odkaz-id=""20100565"" href=""#""  class=""int_odkaz"">d)</a>";d);20100565;int_odkaz;NA;NA;NA;NA;esel-esb:právní-akt-odkaz/20100565;d);INTUSTAN;53439;esel-esb:eli/cz/sb/2013/256/0000-00-00/dokument/norma/cast_2/par_25/odst_1/pism_d;53439;esel-esb:eli/cz/sb/2013/256/0000-00-00/dokument/norma/cast_2/par_25/odst_2;53439;2013/256;2013/256;2013/256;256/2013 Sb.
esel-esb:eli/cz/sb/2013/256/2022-09-01/dokument/norma/cast_3/par_35/odst_2;20811487;esel-esb:eli/cz/sb/2013/256/2022-09-01/dokument/norma/cast_3/par_35;§ 35 odst. 2;NA;2;NA;/2/3/10/3/;esel-esb:právní-akt-fragment/9134943;9134943;9134943;Odstavec_Dc;"(2) Sdělí-li vlastník nemovitosti zatížené věcným břemenem, jehož zápis byl do katastru převzat z bývalé pozemkové knihy, zemských desek nebo železniční knihy, a které je zapsáno ve prospěch osoby s údaji neumožňujícími její dostatečnou identifikaci, katastrálnímu úřadu v rámci revize katastru, že toto věcné břemeno není již více než 10 let vykonáváno, vyzve katastrální úřad oprávněného z věcného břemene veřejnou vyhláškou, aby se přihlásil. Katastrální úřad zašle obci, na jejímž území se zatížená nemovitost nachází, výzvu ke zveřejnění na úřední desce po dobu 1 roku. Nepřihlásí-li se oprávněný do 1 roku od zveřejnění výzvy, má se za to, že věcné břemeno se promlčelo. Výmaz takto promlčeného věcného břemene provede katastrální úřad z úřední povinnosti; pro výmaz se použijí přiměřeně ustanovení o záznamu, ustanovení § 11 se neuplatní.";norms;"<a data-odkaz-id=""20204481"" href=""#""  class=""int_odkaz"">§ 11</a>";§ 11;20204481;int_odkaz;NA;NA;NA;NA;esel-esb:právní-akt-odkaz/20204481;§ 11;INTUSTAN;144549;esel-esb:eli/cz/sb/2013/256/2021-01-01/dokument/norma/cast_2/par_11;144549;esel-esb:eli/cz/sb/2013/256/2021-01-01/dokument/norma/cast_3/par_35/odst_2;144549;2013/256;2013/256;2013/256;256/2013 Sb.
esel-esb:eli/cz/sb/2013/256/2022-09-01/dokument/norma/cast_3/par_36/odst_2;20811494;esel-esb:eli/cz/sb/2013/256/2022-09-01/dokument/norma/cast_3/par_36;§ 36 odst. 2;NA;2;NA;/2/3/11/3/;esel-esb:právní-akt-fragment/9134445;9134445;9134445;Odstavec_Dc;(2) Opravu na základě návrhu podle odstavce 1 provede katastrální úřad do 30 dnů, ve zvlášť odůvodněných případech do 60 dnů, ode dne doručení návrhu.;norms;"<a data-odkaz-id=""19967691"" href=""#""  class=""int_odkaz"">odstavce 1</a>";odstavce 1;19967691;int_odkaz;NA;NA;NA;NA;esel-esb:právní-akt-odkaz/19967691;odstavce 1;INTUSTAN;53439;esel-esb:eli/cz/sb/2013/256/0000-00-00/dokument/norma/cast_3/par_36/odst_1;53439;esel-esb:eli/cz/sb/2013/256/0000-00-00/dokument/norma/cast_3/par_36/odst_2;53439;2013/256;2013/256;2013/256;256/2013 Sb.
esel-esb:eli/cz/sb/2013/256/2022-09-01/dokument/norma/cast_3/par_36/odst_3;20811495;esel-esb:eli/cz/sb/2013/256/2022-09-01/dokument/norma/cast_3/par_36;§ 36 odst. 3;NA;3;NA;/2/3/11/4/;esel-esb:právní-akt-fragment/9134447;9134447;9134447;Odstavec_Dc;(3) Oznámení o provedené opravě nebo o tom, že opravu na návrh neprovedl, protože se nejedná o chybu, doručí katastrální úřad vlastníkovi a jinému oprávněnému. Současně je poučí o možnosti postupu podle odstavce 4.;norms;"<a data-odkaz-id=""19967723"" href=""#""  class=""int_odkaz"">odstavce 4.</a>";odstavce 4.;19967723;int_odkaz;NA;NA;NA;NA;esel-esb:právní-akt-odkaz/19967723;odstavce 4.;INTUSTAN;53439;esel-esb:eli/cz/sb/2013/256/0000-00-00/dokument/norma/cast_3/par_36/odst_4;53439;esel-esb:eli/cz/sb/2013/256/0000-00-00/dokument/norma/cast_3/par_36/odst_3;53439;2013/256;2013/256;2013/256;256/2013 Sb.
esel-esb:eli/cz/sb/2013/256/2022-09-01/dokument/norma/cast_3/par_37/odst_2;20811506;esel-esb:eli/cz/sb/2013/256/2022-09-01/dokument/norma/cast_3/par_37;§ 37 odst. 2;NA;2;NA;/2/3/12/3/;esel-esb:právní-akt-fragment/9134469;9134469;9134469;Odstavec_Dc;(2) Pokud vlastník nebo jiný oprávněný neoznačí hranice pozemků podle odstavce 1 písm. b), může katastrální úřad rozhodnout, že dá hranice označit na náklady vlastníka nebo jiného oprávněného. Neoznačují se hranice pozemků, které jsou sloučeny do větších celků, a hranice druhů pozemků mezi sousedními pozemky téhož vlastníka nebo jiného oprávněného.;norms;"<a data-odkaz-id=""19967755"" href=""#""  class=""int_odkaz"">odstavce 1 písm. b)</a>";odstavce 1 písm. b);19967755;int_odkaz;NA;NA;NA;NA;esel-esb:právní-akt-odkaz/19967755;odstavce 1 písm. b);INTUSTAN;53439;esel-esb:eli/cz/sb/2013/256/0000-00-00/dokument/norma/cast_3/par_37/odst_1/pism_b;53439;esel-esb:eli/cz/sb/2013/256/0000-00-00/dokument/norma/cast_3/par_37/odst_2;53439;2013/256;2013/256;2013/256;256/2013 Sb.
esel-esb:eli/cz/sb/2013/256/2022-09-01/dokument/norma/cast_3/par_38/odst_2;20811514;esel-esb:eli/cz/sb/2013/256/2022-09-01/dokument/norma/cast_3/par_38;§ 38 odst. 2;NA;2;NA;/2/3/13/3/;esel-esb:právní-akt-fragment/9134485;9134485;9134485;Odstavec_Dc;(2) Pokud obec neoznačí hranice podle odstavce 1 písm. b), může katastrální úřad rozhodnout, že dá hranice označit na náklady obce.;norms;"<a data-odkaz-id=""19967787"" href=""#""  class=""int_odkaz"">odstavce 1 písm. b)</a>";odstavce 1 písm. b);19967787;int_odkaz;NA;NA;NA;NA;esel-esb:právní-akt-odkaz/19967787;odstavce 1 písm. b);INTUSTAN;53439;esel-esb:eli/cz/sb/2013/256/0000-00-00/dokument/norma/cast_3/par_38/odst_1/pism_b;53439;esel-esb:eli/cz/sb/2013/256/0000-00-00/dokument/norma/cast_3/par_38/odst_2;53439;2013/256;2013/256;2013/256;256/2013 Sb.
esel-esb:eli/cz/sb/2013/256/2022-09-01/dokument/norma/cast_3/par_40/odst_3;20811529;esel-esb:eli/cz/sb/2013/256/2022-09-01/dokument/norma/cast_3/par_40;§ 40 odst. 3;NA;3;NA;/2/3/16/3/;esel-esb:právní-akt-fragment/9134947;9134947;9134515;Odstavec_Dc;(3) Obnovu katastrálního operátu zahájí katastrální úřad bez návrhu. Pokud má být obnova katastrálního operátu provedena podle odstavce 1 písm. a) nebo b), oznámí její zahájení katastrální úřad dotčené obci. Společně s oznámením o zahájení obnovy katastrálního operátu vyzve katastrální úřad veřejnou vyhláškou osoby oprávněné z věcných břemen, jejichž zápis byl do katastru převzat z bývalé pozemkové knihy, zemských desek nebo železniční knihy, které jsou v katastru zapsány s údaji neumožňujícími jejich dostatečnou identifikaci, aby se katastrálnímu úřadu přihlásily. Výzvu zveřejní katastrální úřad na úřední desce do vyložení nového souboru geodetických informací a souboru popisných informací (dále jen „obnovený katastrální operát“), současně požádá o zveřejnění výzvy po stejnou dobu i dotčenou obec.;norms;"<a data-odkaz-id=""20204491"" href=""#""  class=""int_odkaz"">odstavce 1 písm. a)</a>";odstavce 1 písm. a);20204491;int_odkaz;NA;NA;NA;NA;esel-esb:právní-akt-odkaz/20204491;odstavce 1 písm. a);INTUSTAN;144549;esel-esb:eli/cz/sb/2013/256/2021-01-01/dokument/norma/cast_3/par_40/odst_1/pism_a;144549;esel-esb:eli/cz/sb/2013/256/2021-01-01/dokument/norma/cast_3/par_40/odst_3;144549;2013/256;2013/256;2013/256;256/2013 Sb.
esel-esb:eli/cz/sb/2013/256/2022-09-01/dokument/norma/cast_3/par_40/odst_3;20811529;esel-esb:eli/cz/sb/2013/256/2022-09-01/dokument/norma/cast_3/par_40;§ 40 odst. 3;NA;3;NA;/2/3/16/3/;esel-esb:právní-akt-fragment/9134947;9134947;9134515;Odstavec_Dc;(3) Obnovu katastrálního operátu zahájí katastrální úřad bez návrhu. Pokud má být obnova katastrálního operátu provedena podle odstavce 1 písm. a) nebo b), oznámí její zahájení katastrální úřad dotčené obci. Společně s oznámením o zahájení obnovy katastrálního operátu vyzve katastrální úřad veřejnou vyhláškou osoby oprávněné z věcných břemen, jejichž zápis byl do katastru převzat z bývalé pozemkové knihy, zemských desek nebo železniční knihy, které jsou v katastru zapsány s údaji neumožňujícími jejich dostatečnou identifikaci, aby se katastrálnímu úřadu přihlásily. Výzvu zveřejní katastrální úřad na úřední desce do vyložení nového souboru geodetických informací a souboru popisných informací (dále jen „obnovený katastrální operát“), současně požádá o zveřejnění výzvy po stejnou dobu i dotčenou obec.;norms;"<a data-odkaz-id=""20204501"" href=""#""  class=""int_odkaz"">b)</a>";b);20204501;int_odkaz;NA;NA;NA;NA;esel-esb:právní-akt-odkaz/20204501;b);INTUSTAN;144549;esel-esb:eli/cz/sb/2013/256/2021-01-01/dokument/norma/cast_3/par_40/odst_1/pism_b;144549;esel-esb:eli/cz/sb/2013/256/2021-01-01/dokument/norma/cast_3/par_40/odst_3;144549;2013/256;2013/256;2013/256;256/2013 Sb.
esel-esb:eli/cz/sb/2013/256/2022-09-01/dokument/norma/cast_3/par_40/odst_6;20811532;esel-esb:eli/cz/sb/2013/256/2022-09-01/dokument/norma/cast_3/par_40;§ 40 odst. 6;NA;6;NA;/2/3/16/6/;esel-esb:právní-akt-fragment/9134949;9134949;9134949;Odstavec_Dc;(6) Nepřihlásí-li se osoba oprávněná z věcného břemene, která byla vyzvána podle odstavce 3, katastrálnímu úřadu do 15 dnů ode dne, kdy skončilo vyložení obnoveného katastrálního operátu, věcné břemeno se do obnoveného operátu nepřevezme.;norms;"<a data-odkaz-id=""20204511"" href=""#""  class=""int_odkaz"">odstavce 3</a>";odstavce 3;20204511;int_odkaz;NA;NA;NA;NA;esel-esb:právní-akt-odkaz/20204511;odstavce 3;INTUSTAN;144549;esel-esb:eli/cz/sb/2013/256/2021-01-01/dokument/norma/cast_3/par_40/odst_3;144549;esel-esb:eli/cz/sb/2013/256/2021-01-01/dokument/norma/cast_3/par_40/odst_6;144549;2013/256;2013/256;2013/256;256/2013 Sb.
esel-esb:eli/cz/sb/2013/256/2022-09-01/dokument/norma/cast_3/par_44/frag_9134545;20811545;esel-esb:eli/cz/sb/2013/256/2022-09-01/dokument/norma/cast_3/par_44;NA;NA;NA;NA;/2/3/20/1/;esel-esb:právní-akt-fragment/9134545;9134545;9134545;Odstavec_Dc;Při obnově katastrálního operátu se využijí výsledky komplexních pozemkových úprav. Za geometrické a polohové určení nemovitosti se v takovém případě považuje určení tvaru, rozměru a polohy nemovitosti souřadnicemi bodů jejích hranic podle schváleného návrhu pozemkových úprav. Výsledky jednoduché pozemkové úpravy katastrální úřad pro obnovu katastrálního operátu využije, je-li jednoduchou pozemkovou úpravou dotčena souvislá část katastrálního území a považuje-li to s ohledem na účelnou správu katastru za vhodné. V územích, kde je katastrální operát obnoven na podkladě výsledků pozemkových úprav, se nepoužije ustanovení § 45.;norms;"<a data-odkaz-id=""19967863"" href=""#""  class=""int_odkaz"">§ 45</a>";§ 45;19967863;int_odkaz;NA;NA;NA;NA;esel-esb:právní-akt-odkaz/19967863;§ 45;INTUSTAN;53439;esel-esb:eli/cz/sb/2013/256/0000-00-00/dokument/norma/cast_3/par_45;53439;esel-esb:eli/cz/sb/2013/256/0000-00-00/dokument/norma/cast_3/par_44/frag_9134545;53439;2013/256;2013/256;2013/256;256/2013 Sb.
esel-esb:eli/cz/sb/2013/256/2022-09-01/dokument/norma/cast_3/par_50/odst_3;20811573;esel-esb:eli/cz/sb/2013/256/2022-09-01/dokument/norma/cast_3/par_50;§ 50 odst. 3;NA;3;NA;/2/3/27/4/;esel-esb:právní-akt-fragment/9134601;9134601;9134601;Odstavec_Dc;(3) Pro zápis změny údajů podle odstavce 1 se použijí přiměřeně ustanovení o zápisu záznamem.;norms;"<a data-odkaz-id=""19967895"" href=""#""  class=""int_odkaz"">odstavce 1</a>";odstavce 1;19967895;int_odkaz;NA;NA;NA;NA;esel-esb:právní-akt-odkaz/19967895;odstavce 1;INTUSTAN;53439;esel-esb:eli/cz/sb/2013/256/0000-00-00/dokument/norma/cast_3/par_50/odst_1;53439;esel-esb:eli/cz/sb/2013/256/0000-00-00/dokument/norma/cast_3/par_50/odst_3;53439;2013/256;2013/256;2013/256;256/2013 Sb.
esel-esb:eli/cz/sb/2013/256/2022-09-01/dokument/norma/cast_3/par_52/odst_5;20811587;esel-esb:eli/cz/sb/2013/256/2022-09-01/dokument/norma/cast_3/par_52;§ 52 odst. 5;NA;5;NA;/2/3/30/5/;esel-esb:právní-akt-fragment/9134629;9134629;9134629;Odstavec_Dc;(5) Katastrální úřad vede evidenci osob, kterým poskytl údaje podle odstavců 3 a 4.;norms;"<a data-odkaz-id=""19967927"" href=""#""  class=""int_odkaz"">odstavců 3</a>";odstavců 3;19967927;int_odkaz;NA;NA;NA;NA;esel-esb:právní-akt-odkaz/19967927;odstavců 3;INTUSTAN;53439;esel-esb:eli/cz/sb/2013/256/0000-00-00/dokument/norma/cast_3/par_52/odst_3;53439;esel-esb:eli/cz/sb/2013/256/0000-00-00/dokument/norma/cast_3/par_52/odst_5;53439;2013/256;2013/256;2013/256;256/2013 Sb.
esel-esb:eli/cz/sb/2013/256/2022-09-01/dokument/norma/cast_3/par_52/odst_5;20811587;esel-esb:eli/cz/sb/2013/256/2022-09-01/dokument/norma/cast_3/par_52;§ 52 odst. 5;NA;5;NA;/2/3/30/5/;esel-esb:právní-akt-fragment/9134629;9134629;9134629;Odstavec_Dc;(5) Katastrální úřad vede evidenci osob, kterým poskytl údaje podle odstavců 3 a 4.;norms;"<a data-odkaz-id=""19967959"" href=""#""  class=""int_odkaz"">4.</a>";4.;19967959;int_odkaz;NA;NA;NA;NA;esel-esb:právní-akt-odkaz/19967959;4.;INTUSTAN;53439;esel-esb:eli/cz/sb/2013/256/0000-00-00/dokument/norma/cast_3/par_52/odst_4;53439;esel-esb:eli/cz/sb/2013/256/0000-00-00/dokument/norma/cast_3/par_52/odst_5;53439;2013/256;2013/256;2013/256;256/2013 Sb.
esel-esb:eli/cz/sb/2013/256/2022-09-01/dokument/norma/cast_3/par_53/frag_9134633;20811589;esel-esb:eli/cz/sb/2013/256/2022-09-01/dokument/norma/cast_3/par_53;NA;NA;NA;NA;/2/3/31/1/;esel-esb:právní-akt-fragment/9134633;9134633;9134633;Odstavec_Dc;Údaje katastru lze užít jen k účelům uvedeným v § 1 odst. 2. Šířit údaje katastru lze pouze se souhlasem Českého úřadu zeměměřického a katastrálního za podmínek stanovených prováděcím právním předpisem.;norms;"<a data-odkaz-id=""19967991"" href=""#""  class=""int_odkaz"">§ 1 odst. 2.</a>";§ 1 odst. 2.;19967991;int_odkaz;NA;NA;NA;NA;esel-esb:právní-akt-odkaz/19967991;§ 1 odst. 2.;INTUSTAN;53439;esel-esb:eli/cz/sb/2013/256/0000-00-00/dokument/norma/cast_1/par_1/odst_2;53439;esel-esb:eli/cz/sb/2013/256/0000-00-00/dokument/norma/cast_3/par_53/frag_9134633;53439;2013/256;2013/256;2013/256;256/2013 Sb.
esel-esb:eli/cz/sb/2013/256/2022-09-01/dokument/norma/cast_3/par_55/odst_5;20811599;esel-esb:eli/cz/sb/2013/256/2022-09-01/dokument/norma/cast_3/par_55;§ 55 odst. 5;NA;5;NA;/2/3/34/5/;esel-esb:právní-akt-fragment/9134653;9134653;9134653;Odstavec_Dc;(5) Údaje katastru ve formě podle odstavců 3 a 4 se poskytují územním samosprávným celkům k výkonu jejich působnosti bezúplatně. Údaje katastru ve formě podle odstavce 3 se k výkonu jejich působnosti poskytují bezúplatně i organizačním složkám státu.;norms;"<a data-odkaz-id=""19968023"" href=""#""  class=""int_odkaz"">odstavců 3</a>";odstavců 3;19968023;int_odkaz;NA;NA;NA;NA;esel-esb:právní-akt-odkaz/19968023;odstavců 3;INTUSTAN;53439;esel-esb:eli/cz/sb/2013/256/0000-00-00/dokument/norma/cast_3/par_55/odst_3;53439;esel-esb:eli/cz/sb/2013/256/0000-00-00/dokument/norma/cast_3/par_55/odst_5;53439;2013/256;2013/256;2013/256;256/2013 Sb.
esel-esb:eli/cz/sb/2013/256/2022-09-01/dokument/norma/cast_3/par_55/odst_5;20811599;esel-esb:eli/cz/sb/2013/256/2022-09-01/dokument/norma/cast_3/par_55;§ 55 odst. 5;NA;5;NA;/2/3/34/5/;esel-esb:právní-akt-fragment/9134653;9134653;9134653;Odstavec_Dc;(5) Údaje katastru ve formě podle odstavců 3 a 4 se poskytují územním samosprávným celkům k výkonu jejich působnosti bezúplatně. Údaje katastru ve formě podle odstavce 3 se k výkonu jejich působnosti poskytují bezúplatně i organizačním složkám státu.;norms;"<a data-odkaz-id=""19968055"" href=""#""  class=""int_odkaz"">4</a>";4;19968055;int_odkaz;NA;NA;NA;NA;esel-esb:právní-akt-odkaz/19968055;4;INTUSTAN;53439;esel-esb:eli/cz/sb/2013/256/0000-00-00/dokument/norma/cast_3/par_55/odst_4;53439;esel-esb:eli/cz/sb/2013/256/0000-00-00/dokument/norma/cast_3/par_55/odst_5;53439;2013/256;2013/256;2013/256;256/2013 Sb.
esel-esb:eli/cz/sb/2013/256/2022-09-01/dokument/norma/cast_3/par_55/odst_5;20811599;esel-esb:eli/cz/sb/2013/256/2022-09-01/dokument/norma/cast_3/par_55;§ 55 odst. 5;NA;5;NA;/2/3/34/5/;esel-esb:právní-akt-fragment/9134653;9134653;9134653;Odstavec_Dc;(5) Údaje katastru ve formě podle odstavců 3 a 4 se poskytují územním samosprávným celkům k výkonu jejich působnosti bezúplatně. Údaje katastru ve formě podle odstavce 3 se k výkonu jejich působnosti poskytují bezúplatně i organizačním složkám státu.;norms;"<a data-odkaz-id=""19968087"" href=""#""  class=""int_odkaz"">odstavce 3</a>";odstavce 3;19968087;int_odkaz;NA;NA;NA;NA;esel-esb:právní-akt-odkaz/19968087;odstavce 3;INTUSTAN;53439;esel-esb:eli/cz/sb/2013/256/0000-00-00/dokument/norma/cast_3/par_55/odst_3;53439;esel-esb:eli/cz/sb/2013/256/0000-00-00/dokument/norma/cast_3/par_55/odst_5;53439;2013/256;2013/256;2013/256;256/2013 Sb.
esel-esb:eli/cz/sb/2013/256/2022-09-01/dokument/norma/cast_4/par_57/odst_1/pism_a;20811608;esel-esb:eli/cz/sb/2013/256/2022-09-01/dokument/norma/cast_4/par_57/odst_1;§ 57 odst. 1 písm. a);NA;a;NA;/2/4/2/1/1/;esel-esb:právní-akt-fragment/9134671;9134671;9134671;Pismeno_Lb;a) užije údaje katastru v rozporu s § 1 odst. 2, nebo;norms;"<a data-odkaz-id=""19968119"" href=""#""  class=""int_odkaz"">§ 1 odst. 2</a>";§ 1 odst. 2;19968119;int_odkaz;NA;NA;NA;NA;esel-esb:právní-akt-odkaz/19968119;§ 1 odst. 2;INTUSTAN;53439;esel-esb:eli/cz/sb/2013/256/0000-00-00/dokument/norma/cast_1/par_1/odst_2;53439;esel-esb:eli/cz/sb/2013/256/0000-00-00/dokument/norma/cast_4/par_57/odst_1/pism_a;53439;2013/256;2013/256;2013/256;256/2013 Sb.
esel-esb:eli/cz/sb/2013/256/2022-09-01/dokument/norma/cast_4/par_57/odst_1/pism_b;20811609;esel-esb:eli/cz/sb/2013/256/2022-09-01/dokument/norma/cast_4/par_57/odst_1;§ 57 odst. 1 písm. b);NA;b;NA;/2/4/2/1/2/;esel-esb:právní-akt-fragment/9134673;9134673;9134673;Pismeno_Lb;b) v rozporu s § 53 šíří údaje katastru bez souhlasu Českého úřadu zeměměřického a katastrálního.;norms;"<a data-odkaz-id=""20100597"" href=""#""  class=""int_odkaz"">§ 53</a>";§ 53;20100597;int_odkaz;NA;NA;NA;NA;esel-esb:právní-akt-odkaz/20100597;§ 53;INTUSTAN;53439;esel-esb:eli/cz/sb/2013/256/0000-00-00/dokument/norma/cast_3/par_53;53439;esel-esb:eli/cz/sb/2013/256/0000-00-00/dokument/norma/cast_4/par_57/odst_1/pism_b;53439;2013/256;2013/256;2013/256;256/2013 Sb.
esel-esb:eli/cz/sb/2013/256/2022-09-01/dokument/norma/cast_4/par_57/odst_2/pism_a;20811611;esel-esb:eli/cz/sb/2013/256/2022-09-01/dokument/norma/cast_4/par_57/odst_2;§ 57 odst. 2 písm. a);NA;a;NA;/2/4/2/2/1/;esel-esb:právní-akt-fragment/9134677;9134677;9134677;Pismeno_Lb;a) v rozporu s § 37 odst. 1 písm. a) se na výzvu katastrálního úřadu nezúčastní jednání nebo na toto jednání nevyšle svého zástupce,;norms;"<a data-odkaz-id=""20100629"" href=""#""  class=""int_odkaz"">§ 37 odst. 1 písm. a)</a>";§ 37 odst. 1 písm. a);20100629;int_odkaz;NA;NA;NA;NA;esel-esb:právní-akt-odkaz/20100629;§ 37 odst. 1 písm. a);INTUSTAN;53439;esel-esb:eli/cz/sb/2013/256/0000-00-00/dokument/norma/cast_3/par_37/odst_1/pism_a;53439;esel-esb:eli/cz/sb/2013/256/0000-00-00/dokument/norma/cast_4/par_57/odst_2/pism_a;53439;2013/256;2013/256;2013/256;256/2013 Sb.
esel-esb:eli/cz/sb/2013/256/2022-09-01/dokument/norma/cast_4/par_57/odst_2/pism_b;20811612;esel-esb:eli/cz/sb/2013/256/2022-09-01/dokument/norma/cast_4/par_57/odst_2;§ 57 odst. 2 písm. b);NA;b;NA;/2/4/2/2/2/;esel-esb:právní-akt-fragment/9134679;9134679;9134679;Pismeno_Lb;b) neoznačí ve stanovené lhůtě trvalým způsobem a na vlastní náklad nesporné hranice svého pozemku podle § 37 odst. 1 písm. b),;norms;"<a data-odkaz-id=""20100661"" href=""#""  class=""int_odkaz"">§ 37 odst. 1 písm. b)</a>";§ 37 odst. 1 písm. b);20100661;int_odkaz;NA;NA;NA;NA;esel-esb:právní-akt-odkaz/20100661;§ 37 odst. 1 písm. b);INTUSTAN;53439;esel-esb:eli/cz/sb/2013/256/0000-00-00/dokument/norma/cast_3/par_37/odst_1/pism_b;53439;esel-esb:eli/cz/sb/2013/256/0000-00-00/dokument/norma/cast_4/par_57/odst_2/pism_b;53439;2013/256;2013/256;2013/256;256/2013 Sb.
esel-esb:eli/cz/sb/2013/256/2022-09-01/dokument/norma/cast_4/par_57/odst_2/pism_c;20811613;esel-esb:eli/cz/sb/2013/256/2022-09-01/dokument/norma/cast_4/par_57/odst_2;§ 57 odst. 2 písm. c);NA;c;NA;/2/4/2/2/3/;esel-esb:právní-akt-fragment/9134681;9134681;9134681;Pismeno_Lb;c) v rozporu s § 37 odst. 1 písm. c) nedoplní ve stanovené lhůtě od doručení výzvy chybějící údaje nebo neodstraní chyby ve vyhotovených listinách, které předkládá k zápisu do katastru,;norms;"<a data-odkaz-id=""20100693"" href=""#""  class=""int_odkaz"">§ 37 odst. 1 písm. c)</a>";§ 37 odst. 1 písm. c);20100693;int_odkaz;NA;NA;NA;NA;esel-esb:právní-akt-odkaz/20100693;§ 37 odst. 1 písm. c);INTUSTAN;53439;esel-esb:eli/cz/sb/2013/256/0000-00-00/dokument/norma/cast_3/par_37/odst_1/pism_c;53439;esel-esb:eli/cz/sb/2013/256/0000-00-00/dokument/norma/cast_4/par_57/odst_2/pism_c;53439;2013/256;2013/256;2013/256;256/2013 Sb.
esel-esb:eli/cz/sb/2013/256/2022-09-01/dokument/norma/cast_4/par_57/odst_2/pism_d;20811614;esel-esb:eli/cz/sb/2013/256/2022-09-01/dokument/norma/cast_4/par_57/odst_2;§ 57 odst. 2 písm. d);NA;d;NA;/2/4/2/2/4/;esel-esb:právní-akt-fragment/9134683;9134683;9134683;Pismeno_Lb;d) neohlásí katastrálnímu úřadu ve stanovené lhůtě změny údajů katastru týkající se jeho nemovitosti podle § 37 odst. 1 písm. d).;norms;"<a data-odkaz-id=""20100725"" href=""#""  class=""int_odkaz"">§ 37 odst. 1 písm. d)</a>";§ 37 odst. 1 písm. d);20100725;int_odkaz;NA;NA;NA;NA;esel-esb:právní-akt-odkaz/20100725;§ 37 odst. 1 písm. d);INTUSTAN;53439;esel-esb:eli/cz/sb/2013/256/0000-00-00/dokument/norma/cast_3/par_37/odst_1/pism_d;53439;esel-esb:eli/cz/sb/2013/256/0000-00-00/dokument/norma/cast_4/par_57/odst_2/pism_d;53439;2013/256;2013/256;2013/256;256/2013 Sb.
esel-esb:eli/cz/sb/2013/256/2022-09-01/dokument/norma/cast_4/par_57/odst_3;20811615;esel-esb:eli/cz/sb/2013/256/2022-09-01/dokument/norma/cast_4/par_57;§ 57 odst. 3;NA;3;NA;/2/4/2/3/;esel-esb:právní-akt-fragment/9134929;9134929;9134685;Odstavec_Dc;(3) Za přestupek podle odstavců 1 a 2 lze uložit pokutu do 50 000 Kč. Je-li přestupek podle odstavců 1 a 2 spáchán právnickou nebo podnikající fyzickou osobou, lze uložit pokutu do 100 000 Kč.;norms;"<a data-odkaz-id=""20204403"" href=""#""  class=""int_odkaz"">odstavců 1</a>";odstavců 1;20204403;int_odkaz;NA;NA;NA;NA;esel-esb:právní-akt-odkaz/20204403;odstavců 1;INTUSTAN;144543;esel-esb:eli/cz/sb/2013/256/2017-07-01/dokument/norma/cast_4/par_57/odst_1;144543;esel-esb:eli/cz/sb/2013/256/2017-07-01/dokument/norma/cast_4/par_57/odst_3;144543;2013/256;2013/256;2013/256;256/2013 Sb.
esel-esb:eli/cz/sb/2013/256/2022-09-01/dokument/norma/cast_4/par_57/odst_3;20811615;esel-esb:eli/cz/sb/2013/256/2022-09-01/dokument/norma/cast_4/par_57;§ 57 odst. 3;NA;3;NA;/2/4/2/3/;esel-esb:právní-akt-fragment/9134929;9134929;9134685;Odstavec_Dc;(3) Za přestupek podle odstavců 1 a 2 lze uložit pokutu do 50 000 Kč. Je-li přestupek podle odstavců 1 a 2 spáchán právnickou nebo podnikající fyzickou osobou, lze uložit pokutu do 100 000 Kč.;norms;"<a data-odkaz-id=""20204419"" href=""#""  class=""int_odkaz"">2</a>";2;20204419;int_odkaz;NA;NA;NA;NA;esel-esb:právní-akt-odkaz/20204419;2;INTUSTAN;144543;esel-esb:eli/cz/sb/2013/256/2017-07-01/dokument/norma/cast_4/par_57/odst_2;144543;esel-esb:eli/cz/sb/2013/256/2017-07-01/dokument/norma/cast_4/par_57/odst_3;144543;2013/256;2013/256;2013/256;256/2013 Sb.
esel-esb:eli/cz/sb/2013/256/2022-09-01/dokument/norma/cast_4/par_57/odst_3;20811615;esel-esb:eli/cz/sb/2013/256/2022-09-01/dokument/norma/cast_4/par_57;§ 57 odst. 3;NA;3;NA;/2/4/2/3/;esel-esb:právní-akt-fragment/9134929;9134929;9134685;Odstavec_Dc;(3) Za přestupek podle odstavců 1 a 2 lze uložit pokutu do 50 000 Kč. Je-li přestupek podle odstavců 1 a 2 spáchán právnickou nebo podnikající fyzickou osobou, lze uložit pokutu do 100 000 Kč.;norms;"<a data-odkaz-id=""20204435"" href=""#""  class=""int_odkaz"">odstavců 1</a>";odstavců 1;20204435;int_odkaz;NA;NA;NA;NA;esel-esb:právní-akt-odkaz/20204435;odstavců 1;INTUSTAN;144543;esel-esb:eli/cz/sb/2013/256/2017-07-01/dokument/norma/cast_4/par_57/odst_1;144543;esel-esb:eli/cz/sb/2013/256/2017-07-01/dokument/norma/cast_4/par_57/odst_3;144543;2013/256;2013/256;2013/256;256/2013 Sb.
esel-esb:eli/cz/sb/2013/256/2022-09-01/dokument/norma/cast_4/par_57/odst_3;20811615;esel-esb:eli/cz/sb/2013/256/2022-09-01/dokument/norma/cast_4/par_57;§ 57 odst. 3;NA;3;NA;/2/4/2/3/;esel-esb:právní-akt-fragment/9134929;9134929;9134685;Odstavec_Dc;(3) Za přestupek podle odstavců 1 a 2 lze uložit pokutu do 50 000 Kč. Je-li přestupek podle odstavců 1 a 2 spáchán právnickou nebo podnikající fyzickou osobou, lze uložit pokutu do 100 000 Kč.;norms;"<a data-odkaz-id=""20204451"" href=""#""  class=""int_odkaz"">2</a>";2;20204451;int_odkaz;NA;NA;NA;NA;esel-esb:právní-akt-odkaz/20204451;2;INTUSTAN;144543;esel-esb:eli/cz/sb/2013/256/2017-07-01/dokument/norma/cast_4/par_57/odst_2;144543;esel-esb:eli/cz/sb/2013/256/2017-07-01/dokument/norma/cast_4/par_57/odst_3;144543;2013/256;2013/256;2013/256;256/2013 Sb.
esel-esb:eli/cz/sb/2013/256/2022-09-01/dokument/norma/cast_5/par_62/odst_2;20811626;esel-esb:eli/cz/sb/2013/256/2022-09-01/dokument/norma/cast_5/par_62;§ 62 odst. 2;NA;2;NA;/2/5/4/2/;esel-esb:právní-akt-fragment/9134739;9134739;9134739;Odstavec_Dc;(2) Pozemky evidované v katastru podle odstavce 1 se považují pro účely zápisu práv za pozemky podle tohoto zákona. Údaje zjednodušené evidence se považují za součást katastrálního operátu. Katastrální úřady mají nejméně do doplnění pozemků evidovaných dosud zjednodušeným způsobem do katastrálních map v úschově pozemkové a železniční knihy a operát bývalého pozemkového katastru. Z těchto dokumentů vyhotoví katastrální úřad na požádání výpisy, opisy nebo kopie.;norms;"<a data-odkaz-id=""20100821"" href=""#""  class=""int_odkaz"">odstavce 1</a>";odstavce 1;20100821;int_odkaz;NA;NA;NA;NA;esel-esb:právní-akt-odkaz/20100821;odstavce 1;INTUSTAN;53439;esel-esb:eli/cz/sb/2013/256/0000-00-00/dokument/norma/cast_5/par_62/odst_1;53439;esel-esb:eli/cz/sb/2013/256/0000-00-00/dokument/norma/cast_5/par_62/odst_2;53439;2013/256;2013/256;2013/256;256/2013 Sb.
esel-esb:eli/cz/sb/2013/256/2022-09-01/dokument/norma/cast_5/par_62/odst_3;20811627;esel-esb:eli/cz/sb/2013/256/2022-09-01/dokument/norma/cast_5/par_62;§ 62 odst. 3;NA;3;NA;/2/5/4/3/;esel-esb:právní-akt-fragment/9134955;9134955;9134741;Odstavec_Dc;"(3) Má se za to, že zástavní práva, jejichž zápis byl do katastru převzat z bývalé pozemkové knihy, zemských desek nebo železniční knihy, zanikla. Katastrální úřad tato zástavní práva vymaže z katastru na základě ohlášení vlastníka nemovitosti, k níž je zaniklé zástavní právo zapsáno, sepsaného ve formě notářského zápisu. Pro výmaz takto zaniklých zástavních práv se použijí přiměřeně ustanovení o zápisu záznamem; ustanovení § 11 se neuplatní.";norms;"<a data-odkaz-id=""20204521"" href=""#""  class=""int_odkaz"">§ 11</a>";§ 11;20204521;int_odkaz;NA;NA;NA;NA;esel-esb:právní-akt-odkaz/20204521;§ 11;INTUSTAN;144549;esel-esb:eli/cz/sb/2013/256/2021-01-01/dokument/norma/cast_2/par_11;144549;esel-esb:eli/cz/sb/2013/256/2021-01-01/dokument/norma/cast_5/par_62/odst_3;144549;2013/256;2013/256;2013/256;256/2013 Sb.
esel-esb:eli/cz/sb/2013/256/2022-09-01/dokument/norma/cast_5/par_62/odst_4;20811628;esel-esb:eli/cz/sb/2013/256/2022-09-01/dokument/norma/cast_5/par_62;§ 62 odst. 4;NA;4;NA;/2/5/4/4/;esel-esb:právní-akt-fragment/9134957;9134957;9134957;Odstavec_Dc;"(4) Má se za to, že věcná břemena, jejichž zápis byl do katastru převzat z bývalé pozemkové knihy, zemských desek nebo železniční knihy, která jsou zapsána ve prospěch osoby s údaji neumožňujícími její dostatečnou identifikaci, se promlčela. Katastrální úřad tato věcná břemena vymaže z katastru na základě ohlášení vlastníka nemovitosti, k níž je promlčené věcné břemeno zapsáno, o tom, že věcné břemeno není více než 10 let vykonáváno, sepsaného ve formě notářského zápisu. Pro výmaz takto promlčených věcných břemen se použijí přiměřeně ustanovení o zápisu záznamem; ustanovení § 11 se neuplatní.";norms;"<a data-odkaz-id=""20204531"" href=""#""  class=""int_odkaz"">§ 11</a>";§ 11;20204531;int_odkaz;NA;NA;NA;NA;esel-esb:právní-akt-odkaz/20204531;§ 11;INTUSTAN;144549;esel-esb:eli/cz/sb/2013/256/2021-01-01/dokument/norma/cast_2/par_11;144549;esel-esb:eli/cz/sb/2013/256/2021-01-01/dokument/norma/cast_5/par_62/odst_4;144549;2013/256;2013/256;2013/256;256/2013 Sb.
esel-esb:eli/cz/sb/2013/256/2022-09-01/dokument/norma/cast_5/par_64/odst_2;20811638;esel-esb:eli/cz/sb/2013/256/2022-09-01/dokument/norma/cast_5/par_64;§ 64 odst. 2;NA;2;NA;/2/5/6/2/;esel-esb:právní-akt-fragment/9134761;9134761;9134761;Odstavec_Dc;(2) Pokud je osoba zapsaná v katastru jako vlastník označena tak, jak je uvedeno v odstavci 1, a zápis o ní neumožňuje její dostatečnou identifikaci, Český úřad zeměměřický a katastrální předá údaje o této nemovitosti a o jejím vlastníkovi známé ze zápisů v katastru Úřadu pro zastupování státu ve věcech majetkových.;norms;"<a data-odkaz-id=""20100853"" href=""#""  class=""int_odkaz"">odstavci 1</a>";odstavci 1;20100853;int_odkaz;NA;NA;NA;NA;esel-esb:právní-akt-odkaz/20100853;odstavci 1;INTUSTAN;53439;esel-esb:eli/cz/sb/2013/256/0000-00-00/dokument/norma/cast_5/par_64/odst_1;53439;esel-esb:eli/cz/sb/2013/256/0000-00-00/dokument/norma/cast_5/par_64/odst_2;53439;2013/256;2013/256;2013/256;256/2013 Sb.
esel-esb:eli/cz/sb/2013/256/2022-09-01/dokument/norma/cast_5/par_65/odst_1;20811640;esel-esb:eli/cz/sb/2013/256/2022-09-01/dokument/norma/cast_5/par_65;§ 65 odst. 1;NA;1;NA;/2/5/7/1/;esel-esb:právní-akt-fragment/9134765;9134765;9134765;Odstavec_Dc;(1) Úřad pro zastupování státu ve věcech majetkových převezme údaje o nemovitostech uvedených v § 64 odst. 2 a známé údaje o jejím vlastníkovi a vede jejich evidenci. Tuto evidenci včetně známých údajů o zapsaném vlastníkovi zveřejní na svých internetových stránkách způsobem umožňujícím dálkový přístup. Zároveň tyto údaje předá obecnímu úřadu obce, na jejímž území se nemovitost nachází.;norms;"<a data-odkaz-id=""20100885"" href=""#""  class=""int_odkaz"">§ 64 odst. 2</a>";§ 64 odst. 2;20100885;int_odkaz;NA;NA;NA;NA;esel-esb:právní-akt-odkaz/20100885;§ 64 odst. 2;INTUSTAN;53439;esel-esb:eli/cz/sb/2013/256/0000-00-00/dokument/norma/cast_5/par_64/odst_2;53439;esel-esb:eli/cz/sb/2013/256/0000-00-00/dokument/norma/cast_5/par_65/odst_1;53439;2013/256;2013/256;2013/256;256/2013 Sb.
esel-esb:eli/cz/sb/2013/256/2022-09-01/dokument/norma/cast_5/par_65/odst_2;20811641;esel-esb:eli/cz/sb/2013/256/2022-09-01/dokument/norma/cast_5/par_65;§ 65 odst. 2;NA;2;NA;/2/5/7/2/;esel-esb:právní-akt-fragment/9134767;9134767;9134767;Odstavec_Dc;(2) Obecní úřad zveřejní převzaté údaje podle odstavce 1 na úřední desce.;norms;"<a data-odkaz-id=""20100917"" href=""#""  class=""int_odkaz"">odstavce 1</a>";odstavce 1;20100917;int_odkaz;NA;NA;NA;NA;esel-esb:právní-akt-odkaz/20100917;odstavce 1;INTUSTAN;53439;esel-esb:eli/cz/sb/2013/256/0000-00-00/dokument/norma/cast_5/par_65/odst_1;53439;esel-esb:eli/cz/sb/2013/256/0000-00-00/dokument/norma/cast_5/par_65/odst_2;53439;2013/256;2013/256;2013/256;256/2013 Sb.
esel-esb:eli/cz/sb/2013/256/2022-09-01/dokument/norma/cast_5/par_65/odst_3;20811642;esel-esb:eli/cz/sb/2013/256/2022-09-01/dokument/norma/cast_5/par_65;§ 65 odst. 3;NA;3;NA;/2/5/7/3/;esel-esb:právní-akt-fragment/9134769;9134769;9134769;Odstavec_Dc;(3) Součástí zveřejnění podle odstavců 1 a 2 je i výzva, aby se vlastník přihlásil ke svému vlastnictví uvedené nemovitosti u Úřadu pro zastupování státu ve věcech majetkových. Ve výzvě se uvede poučení o důsledcích, které nastanou, pokud se vlastník nepřihlásí ve lhůtě stanovené jiným právním předpisem pro to, aby nemovitost byla považována za opuštěnou.;norms;"<a data-odkaz-id=""20100949"" href=""#""  class=""int_odkaz"">odstavců 1</a>";odstavců 1;20100949;int_odkaz;NA;NA;NA;NA;esel-esb:právní-akt-odkaz/20100949;odstavců 1;INTUSTAN;53439;esel-esb:eli/cz/sb/2013/256/0000-00-00/dokument/norma/cast_5/par_65/odst_1;53439;esel-esb:eli/cz/sb/2013/256/0000-00-00/dokument/norma/cast_5/par_65/odst_3;53439;2013/256;2013/256;2013/256;256/2013 Sb.
esel-esb:eli/cz/sb/2013/256/2022-09-01/dokument/norma/cast_5/par_65/odst_3;20811642;esel-esb:eli/cz/sb/2013/256/2022-09-01/dokument/norma/cast_5/par_65;§ 65 odst. 3;NA;3;NA;/2/5/7/3/;esel-esb:právní-akt-fragment/9134769;9134769;9134769;Odstavec_Dc;(3) Součástí zveřejnění podle odstavců 1 a 2 je i výzva, aby se vlastník přihlásil ke svému vlastnictví uvedené nemovitosti u Úřadu pro zastupování státu ve věcech majetkových. Ve výzvě se uvede poučení o důsledcích, které nastanou, pokud se vlastník nepřihlásí ve lhůtě stanovené jiným právním předpisem pro to, aby nemovitost byla považována za opuštěnou.;norms;"<a data-odkaz-id=""20100981"" href=""#""  class=""int_odkaz"">2</a>";2;20100981;int_odkaz;NA;NA;NA;NA;esel-esb:právní-akt-odkaz/20100981;2;INTUSTAN;53439;esel-esb:eli/cz/sb/2013/256/0000-00-00/dokument/norma/cast_5/par_65/odst_2;53439;esel-esb:eli/cz/sb/2013/256/0000-00-00/dokument/norma/cast_5/par_65/odst_3;53439;2013/256;2013/256;2013/256;256/2013 Sb.
esel-esb:eli/cz/sb/2013/256/2022-09-01/dokument/norma/cast_5/par_65/odst_5;20811644;esel-esb:eli/cz/sb/2013/256/2022-09-01/dokument/norma/cast_5/par_65;§ 65 odst. 5;NA;5;NA;/2/5/7/5/;esel-esb:právní-akt-fragment/9134773;9134773;9134773;Odstavec_Dc;(5) Zjistí-li Úřad pro zastupování státu ve věcech majetkových postupem podle odstavce 4 osobu vlastníka nemovitosti, písemně vyzve tuto osobu, aby předložila listiny dokládající její vlastnictví příslušnému katastrálnímu úřadu nebo uplatnila svá vlastnická práva v občanskoprávním řízení.;norms;"<a data-odkaz-id=""20101013"" href=""#""  class=""int_odkaz"">odstavce 4</a>";odstavce 4;20101013;int_odkaz;NA;NA;NA;NA;esel-esb:právní-akt-odkaz/20101013;odstavce 4;INTUSTAN;53439;esel-esb:eli/cz/sb/2013/256/0000-00-00/dokument/norma/cast_5/par_65/odst_4;53439;esel-esb:eli/cz/sb/2013/256/0000-00-00/dokument/norma/cast_5/par_65/odst_5;53439;2013/256;2013/256;2013/256;256/2013 Sb.
esel-esb:eli/cz/sb/2013/256/2022-09-01/dokument/norma/cast_5/par_65/odst_6;20811645;esel-esb:eli/cz/sb/2013/256/2022-09-01/dokument/norma/cast_5/par_65;§ 65 odst. 6;NA;6;NA;/2/5/7/6/;esel-esb:právní-akt-fragment/9134775;9134775;9134775;Odstavec_Dc;(6) Přihlásí-li se Úřadu pro zastupování státu ve věcech majetkových osoba, která tvrdí, že je vlastníkem nemovitosti uvedené v odstavci 1, Úřad pro zastupování státu ve věcech majetkových ji písemně vyzve, aby listiny dokládající její vlastnictví předložila katastrálnímu úřadu nebo uplatnila svá vlastnická práva v občanskoprávním řízení.;norms;"<a data-odkaz-id=""19969497"" href=""#""  class=""int_odkaz"">odstavci 1</a>";odstavci 1;19969497;int_odkaz;NA;NA;NA;NA;esel-esb:právní-akt-odkaz/19969497;odstavci 1;INTUSTAN;53439;esel-esb:eli/cz/sb/2013/256/0000-00-00/dokument/norma/cast_5/par_65/odst_1;53439;esel-esb:eli/cz/sb/2013/256/0000-00-00/dokument/norma/cast_5/par_65/odst_6;53439;2013/256;2013/256;2013/256;256/2013 Sb.
esel-esb:eli/cz/sb/2013/256/2022-09-01/dokument/norma/cast_5/par_65/odst_7;20811646;esel-esb:eli/cz/sb/2013/256/2022-09-01/dokument/norma/cast_5/par_65;§ 65 odst. 7;NA;7;NA;/2/5/7/7/;esel-esb:právní-akt-fragment/9134777;9134777;9134777;Odstavec_Dc;(7) Stát v soudním řízení podle odstavců 5 a 6 vystupuje jako žalovaný. V řízeních před soudy v těchto případech jedná Úřad pro zastupování státu ve věcech majetkových.;norms;"<a data-odkaz-id=""19969529"" href=""#""  class=""int_odkaz"">odstavců 5</a>";odstavců 5;19969529;int_odkaz;NA;NA;NA;NA;esel-esb:právní-akt-odkaz/19969529;odstavců 5;INTUSTAN;53439;esel-esb:eli/cz/sb/2013/256/0000-00-00/dokument/norma/cast_5/par_65/odst_5;53439;esel-esb:eli/cz/sb/2013/256/0000-00-00/dokument/norma/cast_5/par_65/odst_7;53439;2013/256;2013/256;2013/256;256/2013 Sb.
esel-esb:eli/cz/sb/2013/256/2022-09-01/dokument/norma/cast_5/par_65/odst_7;20811646;esel-esb:eli/cz/sb/2013/256/2022-09-01/dokument/norma/cast_5/par_65;§ 65 odst. 7;NA;7;NA;/2/5/7/7/;esel-esb:právní-akt-fragment/9134777;9134777;9134777;Odstavec_Dc;(7) Stát v soudním řízení podle odstavců 5 a 6 vystupuje jako žalovaný. V řízeních před soudy v těchto případech jedná Úřad pro zastupování státu ve věcech majetkových.;norms;"<a data-odkaz-id=""19969561"" href=""#""  class=""int_odkaz"">6</a>";6;19969561;int_odkaz;NA;NA;NA;NA;esel-esb:právní-akt-odkaz/19969561;6;INTUSTAN;53439;esel-esb:eli/cz/sb/2013/256/0000-00-00/dokument/norma/cast_5/par_65/odst_6;53439;esel-esb:eli/cz/sb/2013/256/0000-00-00/dokument/norma/cast_5/par_65/odst_7;53439;2013/256;2013/256;2013/256;256/2013 Sb.
esel-esb:eli/cz/sb/2013/256/2022-09-01/dokument/norma/cast_5/par_65/odst_8;20811647;esel-esb:eli/cz/sb/2013/256/2022-09-01/dokument/norma/cast_5/par_65;§ 65 odst. 8;NA;8;NA;/2/5/7/8/;esel-esb:právní-akt-fragment/9134779;9134779;9134779;Odstavec_Dc;"(8) Zjistí-li Úřad pro zastupování státu ve věcech majetkových postupem podle odstavce 4, že zapsaný vlastník nežije, podá podnět k zahájení řízení o pozůstalosti soudu příslušnému k řízení o pozůstalosti podle jiného zákona a předá mu zjištěné informace o zapsaném vlastníkovi a o jeho nemovitosti; není-li známo jeho bydliště, podá podnět u soudu, v jehož obvodu se dotčená nemovitost nalézá.";norms;"<a data-odkaz-id=""19969593"" href=""#""  class=""int_odkaz"">odstavce 4</a>";odstavce 4;19969593;int_odkaz;NA;NA;NA;NA;esel-esb:právní-akt-odkaz/19969593;odstavce 4;INTUSTAN;53439;esel-esb:eli/cz/sb/2013/256/0000-00-00/dokument/norma/cast_5/par_65/odst_4;53439;esel-esb:eli/cz/sb/2013/256/0000-00-00/dokument/norma/cast_5/par_65/odst_8;53439;2013/256;2013/256;2013/256;256/2013 Sb.
esel-esb:eli/cz/sb/2013/256/2022-09-01/dokument/norma/cast_5/par_66/odst_1/pism_a;20811651;esel-esb:eli/cz/sb/2013/256/2022-09-01/dokument/norma/cast_5/par_66/odst_1;§ 66 odst. 1 písm. a);NA;a;NA;/2/5/8/1/1/;esel-esb:právní-akt-fragment/9134787;9134787;9134787;Pismeno_Lb;a) obsah souboru geodetických informací v rozsahu uvedeném v § 5 odst. 2 písm. a) tak, aby obsahoval údaje nezbytné pro plnění účelů, ke kterým katastr slouží podle § 1 odst. 2,;norms;"<a data-odkaz-id=""19969625"" href=""#""  class=""int_odkaz"">§ 5 odst. 2 písm. a)</a>";§ 5 odst. 2 písm. a);19969625;int_odkaz;NA;NA;NA;NA;esel-esb:právní-akt-odkaz/19969625;§ 5 odst. 2 písm. a);INTUSTAN;53439;esel-esb:eli/cz/sb/2013/256/0000-00-00/dokument/norma/cast_1/par_5/odst_2/pism_a;53439;esel-esb:eli/cz/sb/2013/256/0000-00-00/dokument/norma/cast_5/par_66/odst_1/pism_a;53439;2013/256;2013/256;2013/256;256/2013 Sb.
esel-esb:eli/cz/sb/2013/256/2022-09-01/dokument/norma/cast_5/par_66/odst_1/pism_a;20811651;esel-esb:eli/cz/sb/2013/256/2022-09-01/dokument/norma/cast_5/par_66/odst_1;§ 66 odst. 1 písm. a);NA;a;NA;/2/5/8/1/1/;esel-esb:právní-akt-fragment/9134787;9134787;9134787;Pismeno_Lb;a) obsah souboru geodetických informací v rozsahu uvedeném v § 5 odst. 2 písm. a) tak, aby obsahoval údaje nezbytné pro plnění účelů, ke kterým katastr slouží podle § 1 odst. 2,;norms;"<a data-odkaz-id=""19969657"" href=""#""  class=""int_odkaz"">§ 1 odst. 2</a>";§ 1 odst. 2;19969657;int_odkaz;NA;NA;NA;NA;esel-esb:právní-akt-odkaz/19969657;§ 1 odst. 2;INTUSTAN;53439;esel-esb:eli/cz/sb/2013/256/0000-00-00/dokument/norma/cast_1/par_1/odst_2;53439;esel-esb:eli/cz/sb/2013/256/0000-00-00/dokument/norma/cast_5/par_66/odst_1/pism_a;53439;2013/256;2013/256;2013/256;256/2013 Sb.
esel-esb:eli/cz/sb/2013/256/2022-09-01/dokument/norma/cast_5/par_66/odst_1/pism_b;20811652;esel-esb:eli/cz/sb/2013/256/2022-09-01/dokument/norma/cast_5/par_66/odst_1;§ 66 odst. 1 písm. b);NA;b;NA;/2/5/8/1/2/;esel-esb:právní-akt-fragment/9134789;9134789;9134789;Pismeno_Lb;b) obsah souboru popisných informací v rozsahu uvedeném v § 5 odst. 2 písm. b) tak, aby obsahoval údaje nezbytné pro plnění účelů, ke kterým katastr slouží podle § 1 odst. 2,;norms;"<a data-odkaz-id=""19969689"" href=""#""  class=""int_odkaz"">§ 5 odst. 2 písm. b)</a>";§ 5 odst. 2 písm. b);19969689;int_odkaz;NA;NA;NA;NA;esel-esb:právní-akt-odkaz/19969689;§ 5 odst. 2 písm. b);INTUSTAN;53439;esel-esb:eli/cz/sb/2013/256/0000-00-00/dokument/norma/cast_1/par_5/odst_2/pism_b;53439;esel-esb:eli/cz/sb/2013/256/0000-00-00/dokument/norma/cast_5/par_66/odst_1/pism_b;53439;2013/256;2013/256;2013/256;256/2013 Sb.
esel-esb:eli/cz/sb/2013/256/2022-09-01/dokument/norma/cast_5/par_66/odst_1/pism_b;20811652;esel-esb:eli/cz/sb/2013/256/2022-09-01/dokument/norma/cast_5/par_66/odst_1;§ 66 odst. 1 písm. b);NA;b;NA;/2/5/8/1/2/;esel-esb:právní-akt-fragment/9134789;9134789;9134789;Pismeno_Lb;b) obsah souboru popisných informací v rozsahu uvedeném v § 5 odst. 2 písm. b) tak, aby obsahoval údaje nezbytné pro plnění účelů, ke kterým katastr slouží podle § 1 odst. 2,;norms;"<a data-odkaz-id=""19969721"" href=""#""  class=""int_odkaz"">§ 1 odst. 2</a>";§ 1 odst. 2;19969721;int_odkaz;NA;NA;NA;NA;esel-esb:právní-akt-odkaz/19969721;§ 1 odst. 2;INTUSTAN;53439;esel-esb:eli/cz/sb/2013/256/0000-00-00/dokument/norma/cast_1/par_1/odst_2;53439;esel-esb:eli/cz/sb/2013/256/0000-00-00/dokument/norma/cast_5/par_66/odst_1/pism_b;53439;2013/256;2013/256;2013/256;256/2013 Sb.
esel-esb:eli/cz/sb/2013/256/2022-09-01/dokument/norma/cast_5/par_66/odst_1/pism_c;20811653;esel-esb:eli/cz/sb/2013/256/2022-09-01/dokument/norma/cast_5/par_66/odst_1;§ 66 odst. 1 písm. c);NA;c;NA;/2/5/8/1/3/;esel-esb:právní-akt-fragment/9134791;9134791;9134791;Pismeno_Lb;c) činnost při správě a obnově katastrálního operátu v rozsahu nezbytném pro aktualizaci údajů, které jsou podle § 4 obsahem katastru,;norms;"<a data-odkaz-id=""19969753"" href=""#""  class=""int_odkaz"">§ 4</a>";§ 4;19969753;int_odkaz;NA;NA;NA;NA;esel-esb:právní-akt-odkaz/19969753;§ 4;INTUSTAN;53439;esel-esb:eli/cz/sb/2013/256/0000-00-00/dokument/norma/cast_1/par_4;53439;esel-esb:eli/cz/sb/2013/256/0000-00-00/dokument/norma/cast_5/par_66/odst_1/pism_c;53439;2013/256;2013/256;2013/256;256/2013 Sb.
esel-esb:eli/cz/sb/2013/256/2022-09-01/dokument/norma/cast_5/par_66/odst_1/pism_d;20811654;esel-esb:eli/cz/sb/2013/256/2022-09-01/dokument/norma/cast_5/par_66/odst_1;§ 66 odst. 1 písm. d);NA;d;NA;/2/5/8/1/4/;esel-esb:právní-akt-fragment/9134793;9134793;9134793;Pismeno_Lb;d) formulář pro podání návrhu na zahájení řízení o povolení vkladu, jehož obsah je vymezen v § 14 odst. 1,;norms;"<a data-odkaz-id=""19969785"" href=""#""  class=""int_odkaz"">§ 14 odst. 1</a>";§ 14 odst. 1;19969785;int_odkaz;NA;NA;NA;NA;esel-esb:právní-akt-odkaz/19969785;§ 14 odst. 1;INTUSTAN;53439;esel-esb:eli/cz/sb/2013/256/0000-00-00/dokument/norma/cast_2/par_14/odst_1;53439;esel-esb:eli/cz/sb/2013/256/0000-00-00/dokument/norma/cast_5/par_66/odst_1/pism_d;53439;2013/256;2013/256;2013/256;256/2013 Sb.
esel-esb:eli/cz/sb/2013/256/2022-09-01/dokument/norma/cast_5/par_66/odst_1/pism_j;20811660;esel-esb:eli/cz/sb/2013/256/2022-09-01/dokument/norma/cast_5/par_66/odst_1;§ 66 odst. 1 písm. j);NA;j;NA;/2/5/8/1/10/;esel-esb:právní-akt-fragment/9134805;9134805;9134805;Pismeno_Lb;j) podmínky pro poskytování a šíření údajů z katastru a formu poskytovaných údajů tak, aby sloužily k plnění účelů stanovených v § 1 odst. 2, a úplaty za ně tak, aby celkový příjem z jejich poskytování nepřesahoval náklady na shromažďování údajů katastru, jejich vytváření, reprodukci a šíření,;norms;"<a data-odkaz-id=""19969817"" href=""#""  class=""int_odkaz"">§ 1 odst. 2</a>";§ 1 odst. 2;19969817;int_odkaz;NA;NA;NA;NA;esel-esb:právní-akt-odkaz/19969817;§ 1 odst. 2;INTUSTAN;53439;esel-esb:eli/cz/sb/2013/256/0000-00-00/dokument/norma/cast_1/par_1/odst_2;53439;esel-esb:eli/cz/sb/2013/256/0000-00-00/dokument/norma/cast_5/par_66/odst_1/pism_j;53439;2013/256;2013/256;2013/256;256/2013 Sb.
esel-esb:eli/cz/sb/2013/256/2022-09-01/dokument/norma/cast_5/par_66/odst_2;20811662;esel-esb:eli/cz/sb/2013/256/2022-09-01/dokument/norma/cast_5/par_66;§ 66 odst. 2;NA;2;NA;/2/5/8/2/;esel-esb:právní-akt-fragment/9134809;9134809;9134809;Odstavec_Dc;(2) Pro stanovení náležitostí podle odstavce 1 písm. a), c), h) a i) lze využít hodnot a postupů stanovených českou technickou normou.;norms;"<a data-odkaz-id=""19969849"" href=""#""  class=""int_odkaz"">odstavce 1 písm. a)</a>";odstavce 1 písm. a);19969849;int_odkaz;NA;NA;NA;NA;esel-esb:právní-akt-odkaz/19969849;odstavce 1 písm. a);INTUSTAN;53439;esel-esb:eli/cz/sb/2013/256/0000-00-00/dokument/norma/cast_5/par_66/odst_1/pism_a;53439;esel-esb:eli/cz/sb/2013/256/0000-00-00/dokument/norma/cast_5/par_66/odst_2;53439;2013/256;2013/256;2013/256;256/2013 Sb.
esel-esb:eli/cz/sb/2013/256/2022-09-01/dokument/norma/cast_5/par_66/odst_2;20811662;esel-esb:eli/cz/sb/2013/256/2022-09-01/dokument/norma/cast_5/par_66;§ 66 odst. 2;NA;2;NA;/2/5/8/2/;esel-esb:právní-akt-fragment/9134809;9134809;9134809;Odstavec_Dc;(2) Pro stanovení náležitostí podle odstavce 1 písm. a), c), h) a i) lze využít hodnot a postupů stanovených českou technickou normou.;norms;"<a data-odkaz-id=""19969881"" href=""#""  class=""int_odkaz"">c)</a>";c);19969881;int_odkaz;NA;NA;NA;NA;esel-esb:právní-akt-odkaz/19969881;c);INTUSTAN;53439;esel-esb:eli/cz/sb/2013/256/0000-00-00/dokument/norma/cast_5/par_66/odst_1/pism_c;53439;esel-esb:eli/cz/sb/2013/256/0000-00-00/dokument/norma/cast_5/par_66/odst_2;53439;2013/256;2013/256;2013/256;256/2013 Sb.
esel-esb:eli/cz/sb/2013/256/2022-09-01/dokument/norma/cast_5/par_66/odst_2;20811662;esel-esb:eli/cz/sb/2013/256/2022-09-01/dokument/norma/cast_5/par_66;§ 66 odst. 2;NA;2;NA;/2/5/8/2/;esel-esb:právní-akt-fragment/9134809;9134809;9134809;Odstavec_Dc;(2) Pro stanovení náležitostí podle odstavce 1 písm. a), c), h) a i) lze využít hodnot a postupů stanovených českou technickou normou.;norms;"<a data-odkaz-id=""19969913"" href=""#""  class=""int_odkaz"">h)</a>";h);19969913;int_odkaz;NA;NA;NA;NA;esel-esb:právní-akt-odkaz/19969913;h);INTUSTAN;53439;esel-esb:eli/cz/sb/2013/256/0000-00-00/dokument/norma/cast_5/par_66/odst_1/pism_h;53439;esel-esb:eli/cz/sb/2013/256/0000-00-00/dokument/norma/cast_5/par_66/odst_2;53439;2013/256;2013/256;2013/256;256/2013 Sb.
esel-esb:eli/cz/sb/2013/256/2022-09-01/dokument/norma/cast_5/par_66/odst_2;20811662;esel-esb:eli/cz/sb/2013/256/2022-09-01/dokument/norma/cast_5/par_66;§ 66 odst. 2;NA;2;NA;/2/5/8/2/;esel-esb:právní-akt-fragment/9134809;9134809;9134809;Odstavec_Dc;(2) Pro stanovení náležitostí podle odstavce 1 písm. a), c), h) a i) lze využít hodnot a postupů stanovených českou technickou normou.;norms;"<a data-odkaz-id=""19969945"" href=""#""  class=""int_odkaz"">i)</a>";i);19969945;int_odkaz;NA;NA;NA;NA;esel-esb:právní-akt-odkaz/19969945;i);INTUSTAN;53439;esel-esb:eli/cz/sb/2013/256/0000-00-00/dokument/norma/cast_5/par_66/odst_1/pism_i;53439;esel-esb:eli/cz/sb/2013/256/0000-00-00/dokument/norma/cast_5/par_66/odst_2;53439;2013/256;2013/256;2013/256;256/2013 Sb.
esel-esb:eli/cz/sb/2013/256/2022-09-01/dokument/norma/cast_2/par_17/odst_1/pism_e;20811350;esel-esb:eli/cz/sb/2013/256/2022-09-01/dokument/norma/cast_2/par_17/odst_1;§ 17 odst. 1 písm. e);NA;e;NA;/2/2/15/1/5/;esel-esb:právní-akt-fragment/9134079;9134079;9134079;Pismeno_Lb;e) k právnímu jednání účastníka vkladového řízení byl udělen souhlas podle jiného právního předpisu,;norms;NA;NA;NA;NA;NA;NA;NA;NA;NA;NA;NA;NA;NA;NA;NA;NA;2013/256;NA;NA;256/2013 Sb.
esel-esb:eli/cz/sb/2013/256/2022-09-01/dokument/norma/cast_3/par_31/pism_a;20811465;esel-esb:eli/cz/sb/2013/256/2022-09-01/dokument/norma/cast_3/par_31/frag_9134301;§ 31 písm. a);NA;a;NA;/2/3/6/1/1/;esel-esb:právní-akt-fragment/9134303;9134303;9134303;Pismeno_Lb;a) ohlášení vlastníka nebo jiného oprávněného, jehož přílohou je rozhodnutí nebo souhlas vydaný příslušným orgánem veřejné moci podle jiného právního předpisu, je-li takové rozhodnutí nebo souhlas vyžadován,;norms;NA;NA;NA;NA;NA;NA;NA;NA;NA;NA;NA;NA;NA;NA;NA;NA;2013/256;NA;NA;256/2013 Sb.
esel-esb:eli/cz/sb/2013/256/2022-09-01/dokument/norma/cast_3/par_31/pism_b;20811466;esel-esb:eli/cz/sb/2013/256/2022-09-01/dokument/norma/cast_3/par_31/frag_9134301;§ 31 písm. b);NA;b;NA;/2/3/6/1/2/;esel-esb:právní-akt-fragment/9134305;9134305;9134305;Pismeno_Lb;b) rozhodnutí, souhlasu nebo oznámení vydaného příslušným orgánem veřejné moci podle jiného právního předpisu, který zároveň stanoví orgánu veřejné moci povinnost zaslat rozhodnutí, souhlas nebo oznámení k zápisu do katastru katastrálnímu úřadu, nebo;norms;NA;NA;NA;NA;NA;NA;NA;NA;NA;NA;NA;NA;NA;NA;NA;NA;2013/256;NA;NA;256/2013 Sb.
esel-esb:eli/cz/sb/2013/256/2022-09-01/dokument/norma/cast_3/par_39/pism_a;20811518;esel-esb:eli/cz/sb/2013/256/2022-09-01/dokument/norma/cast_3/par_39/frag_9134491;§ 39 písm. a);NA;a;NA;/2/3/14/2/1/;esel-esb:právní-akt-fragment/9134493;9134493;9134493;Pismeno_Lb;"a) zasílají katastrálnímu úřadu svá rozhodnutí týkající se nemovitostí vydaná podle jiného právního předpisu, který zároveň stanoví orgánu veřejné moci povinnost zaslat rozhodnutí, souhlas nebo oznámení nebo jiný úkon k zápisu do katastru katastrálnímu úřadu, a to do 30 dnů ode dne nabytí právní moci rozhodnutí nebo do 30 dnů ode dne jejich vydání; listiny, na základě kterých se provádí vklad do katastru, orgány veřejné moci s výjimkou soudů a soudních exekutorů katastrálnímu úřadu nezasílají,";norms;NA;NA;NA;NA;NA;NA;NA;NA;NA;NA;NA;NA;NA;NA;NA;NA;2013/256;NA;NA;256/2013 Sb.
esel-esb:eli/cz/sb/2013/256/2022-09-01/dokument/norma/cast_3/par_56/frag_9134661;20811603;esel-esb:eli/cz/sb/2013/256/2022-09-01/dokument/norma/cast_3/par_56;NA;NA;NA;NA;/2/3/35/1/;esel-esb:právní-akt-fragment/9134661;9134661;9134661;Odstavec_Dc;Z katastru se vydávají ověřené výstupy z informačního systému veřejné správy podle jiného právního předpisu.;norms;NA;NA;NA;NA;NA;NA;NA;NA;NA;NA;NA;NA;NA;NA;NA;NA;2013/256;NA;NA;256/2013 Sb.
esel-esb:eli/cz/sb/2013/256/2022-09-01/dokument/norma/cast_5/par_62/odst_1;20811625;esel-esb:eli/cz/sb/2013/256/2022-09-01/dokument/norma/cast_5/par_62;§ 62 odst. 1;NA;1;NA;/2/5/4/1/;esel-esb:právní-akt-fragment/9134737;9134737;9134737;Odstavec_Dc;(1) Pozemky, jejichž hranice v terénu neexistují a jsou sloučeny do větších půdních celků, se do doby jejich zobrazení v katastrální mapě, nejpozději však do doby ukončení pozemkových úprav podle jiného právního předpisu, v katastru evidují zjednodušeným způsobem s využitím bývalého pozemkového katastru, pozemkových knih a navazujících operátů přídělového a scelovacího řízení a evidence nemovitostí.;norms;NA;NA;NA;NA;NA;NA;NA;NA;NA;NA;NA;NA;NA;NA;NA;NA;2013/256;NA;NA;256/2013 Sb.
esel-esb:eli/cz/sb/2013/256/2022-09-01/dokument/norma/cast_5/par_65/odst_9;20811648;esel-esb:eli/cz/sb/2013/256/2022-09-01/dokument/norma/cast_5/par_65;§ 65 odst. 9;NA;9;NA;/2/5/7/9/;esel-esb:právní-akt-fragment/9134781;9134781;9134781;Odstavec_Dc;"(9) Nepodaří-li se vlastníka zjistit a uplyne-li marně lhůta, po jejímž uplynutí se podle jiného právního předpisu má za to, že nemovitost je opuštěná, pohlíží se na ni jako na opuštěnou; další postup se řídí právními předpisy upravujícími hospodaření s majetkem státu.";norms;NA;NA;NA;NA;NA;NA;NA;NA;NA;NA;NA;NA;NA;NA;NA;NA;2013/256;NA;NA;256/2013 Sb.
esel-esb:eli/cz/sb/2013/256/2022-09-01/dokument/norma/cast_2/par_8/pism_h;20811292;esel-esb:eli/cz/sb/2013/256/2022-09-01/dokument/norma/cast_2/par_8/frag_9133949;§ 8 písm. h);NA;h;NA;/2/2/5/1/8/;esel-esb:právní-akt-fragment/9133965;9133965;9133965;Pismeno_Lb;h) nemovitost evidovaná v katastru podle jiného zákona označením pozemku, na kterém je postavena, a způsobem využití.;norms;NA;NA;NA;NA;NA;NA;NA;NA;NA;NA;NA;NA;NA;NA;NA;NA;2013/256;NA;NA;256/2013 Sb.
esel-esb:eli/cz/sb/2013/256/2022-09-01/dokument/norma/cast_1/par_3/odst_1/pism_g;20811239;esel-esb:eli/cz/sb/2013/256/2022-09-01/dokument/norma/cast_1/par_3/odst_1;§ 3 odst. 1 písm. g);NA;g;NA;/2/1/4/2/7/;esel-esb:právní-akt-fragment/9133861;9133861;9133861;Pismeno_Lb;g) nemovitosti, o nichž to stanoví jiný právní předpis.;norms;NA;NA;NA;NA;NA;NA;NA;NA;NA;NA;NA;NA;NA;NA;NA;NA;2013/256;NA;NA;256/2013 Sb.
