fragment.iri;fragment.id;fragment.předek.iri;fragment.citace;fragment.citace.text;fragment.označení.uzlu;fragment.označení.uzlu.text;fragment.hierarchie;akt.fragment.iri;akt.fragment.id;fragment.base.id;typ.fragmentu;fragment.text_clean;source;tag;tag_clean;odkaz.id;class;data_eurlex;data_celexid;data_cellarid;data_orig_href;odkaz.iri;odkaz.citace.cíl;typ.vazba.odkazu;cíl.dokument.id;fragment.cíl.iri;fragment.cíl.dokument.id;fragment.zdroj.iri;fragment.zdroj.dokument.id;iri_z;iri_c;iri_v;akt.citace
esel-esb:eli/cz/sb/2001/257/2022-02-01/dokument/norma/par_2/pism_f;11615061;esel-esb:eli/cz/sb/2001/257/2022-02-01/dokument/norma/par_2/frag_4961403;§ 2 písm. f);NA;f;NA;/2/2/2/6/;esel-esb:právní-akt-fragment/4961415;4961415;4961415;Pismeno_Lb;f) konzervačním fondem knihovní fond sestávající z knihovních dokumentů, které knihovna získala jako příjemce povinného výtisku podle zvláštního právního předpisu,1);norms;"<a data-odkaz-id=""12237099"" href=""#""  class=""int_odkaz""><sup>1</sup>)</a>";1);12237099;int_odkaz;NA;NA;NA;NA;esel-esb:právní-akt-odkaz/12237099;<sup>1</sup>);POZNAMKA;37827;esel-esb:eli/cz/sb/2001/257/0000-00-00/dokument/poznamkypodcarou/ppc_1;37827;esel-esb:eli/cz/sb/2001/257/0000-00-00/dokument/norma/par_2/pism_f;37827;2001/257;2001/257;2001/257;257/2001 Sb.
esel-esb:eli/cz/sb/2001/257/2022-02-01/dokument/norma/par_3/odst_2;11615072;esel-esb:eli/cz/sb/2001/257/2022-02-01/dokument/norma/par_3;§ 3 odst. 2;NA;2;NA;/2/3/3/;esel-esb:právní-akt-fragment/4961437;4961437;4961437;Odstavec_Dc;(2) Knihovny uvedené v odstavci 1 písm. c) a d) mohou být zřizovány i jinými subjekty neuvedenými v odstavci 1.;norms;"<a data-odkaz-id=""12237121"" href=""#""  class=""int_odkaz"">odstavci 1 písm. c)</a>";odstavci 1 písm. c);12237121;int_odkaz;NA;NA;NA;NA;esel-esb:právní-akt-odkaz/12237121;odstavci 1 písm. c);INTUSTAN;37827;esel-esb:eli/cz/sb/2001/257/0000-00-00/dokument/norma/par_3/odst_1/pism_c;37827;esel-esb:eli/cz/sb/2001/257/0000-00-00/dokument/norma/par_3/odst_2;37827;2001/257;2001/257;2001/257;257/2001 Sb.
esel-esb:eli/cz/sb/2001/257/2022-02-01/dokument/norma/par_3/odst_2;11615072;esel-esb:eli/cz/sb/2001/257/2022-02-01/dokument/norma/par_3;§ 3 odst. 2;NA;2;NA;/2/3/3/;esel-esb:právní-akt-fragment/4961437;4961437;4961437;Odstavec_Dc;(2) Knihovny uvedené v odstavci 1 písm. c) a d) mohou být zřizovány i jinými subjekty neuvedenými v odstavci 1.;norms;"<a data-odkaz-id=""12237143"" href=""#""  class=""int_odkaz"">d)</a>";d);12237143;int_odkaz;NA;NA;NA;NA;esel-esb:právní-akt-odkaz/12237143;d);INTUSTAN;37827;esel-esb:eli/cz/sb/2001/257/0000-00-00/dokument/norma/par_3/odst_1/pism_d;37827;esel-esb:eli/cz/sb/2001/257/0000-00-00/dokument/norma/par_3/odst_2;37827;2001/257;2001/257;2001/257;257/2001 Sb.
esel-esb:eli/cz/sb/2001/257/2022-02-01/dokument/norma/par_3/odst_2;11615072;esel-esb:eli/cz/sb/2001/257/2022-02-01/dokument/norma/par_3;§ 3 odst. 2;NA;2;NA;/2/3/3/;esel-esb:právní-akt-fragment/4961437;4961437;4961437;Odstavec_Dc;(2) Knihovny uvedené v odstavci 1 písm. c) a d) mohou být zřizovány i jinými subjekty neuvedenými v odstavci 1.;norms;"<a data-odkaz-id=""12237165"" href=""#""  class=""int_odkaz"">odstavci 1.</a>";odstavci 1.;12237165;int_odkaz;NA;NA;NA;NA;esel-esb:právní-akt-odkaz/12237165;odstavci 1.;INTUSTAN;37827;esel-esb:eli/cz/sb/2001/257/0000-00-00/dokument/norma/par_3/odst_1;37827;esel-esb:eli/cz/sb/2001/257/0000-00-00/dokument/norma/par_3/odst_2;37827;2001/257;2001/257;2001/257;257/2001 Sb.
esel-esb:eli/cz/sb/2001/257/2022-02-01/dokument/norma/par_4/odst_2;11615080;esel-esb:eli/cz/sb/2001/257/2022-02-01/dokument/norma/par_4;§ 4 odst. 2;NA;2;NA;/2/4/3/;esel-esb:právní-akt-fragment/4961465;4961465;4961465;Odstavec_Dc;(2) Veřejné knihovnické a informační služby, uvedené v odstavci 1, je provozovatel knihovny povinen poskytovat bezplatně, s výjimkou;norms;"<a data-odkaz-id=""12237197"" href=""#""  class=""int_odkaz"">odstavci 1</a>";odstavci 1;12237197;int_odkaz;NA;NA;NA;NA;esel-esb:právní-akt-odkaz/12237197;odstavci 1;INTUSTAN;37827;esel-esb:eli/cz/sb/2001/257/0000-00-00/dokument/norma/par_4/odst_1;37827;esel-esb:eli/cz/sb/2001/257/0000-00-00/dokument/norma/par_4/odst_2;37827;2001/257;2001/257;2001/257;257/2001 Sb.
esel-esb:eli/cz/sb/2001/257/2022-02-01/dokument/norma/par_4/odst_2/pism_a;11615081;esel-esb:eli/cz/sb/2001/257/2022-02-01/dokument/norma/par_4/odst_2;§ 4 odst. 2 písm. a);NA;a;NA;/2/4/3/1/;esel-esb:právní-akt-fragment/4961467;4961467;4961467;Pismeno_Lb;a) zpřístupňování knihovních dokumentů z knihovního fondu knihovny, které mají povahu rozmnoženin zvukového či zvukově obrazového záznamu,3);norms;"<a data-odkaz-id=""12225759"" href=""#""  class=""int_odkaz""><sup>3</sup>)</a>";3);12225759;int_odkaz;NA;NA;NA;NA;esel-esb:právní-akt-odkaz/12225759;<sup>3</sup>);POZNAMKA;37827;esel-esb:eli/cz/sb/2001/257/0000-00-00/dokument/poznamkypodcarou/ppc_3;37827;esel-esb:eli/cz/sb/2001/257/0000-00-00/dokument/norma/par_4/odst_2/pism_a;37827;2001/257;2001/257;2001/257;257/2001 Sb.
esel-esb:eli/cz/sb/2001/257/2022-02-01/dokument/norma/par_4/odst_4;11615090;esel-esb:eli/cz/sb/2001/257/2022-02-01/dokument/norma/par_4;§ 4 odst. 4;NA;4;NA;/2/4/5/;esel-esb:právní-akt-fragment/4961497;4961497;4961937;Odstavec_Dc;(4) Provozovatel knihovny je oprávněn požadovat za poskytování knihovnických a informačních služeb, uvedených v odstavci 2 písm. a) až c), a dalších služeb úhradu skutečně vynaložených nákladů.;norms;"<a data-odkaz-id=""12225791"" href=""#""  class=""int_odkaz"">odstavci 2 písm. a) až c)</a>";odstavci 2 písm. a) až c);12225791;int_odkaz;NA;NA;NA;NA;esel-esb:právní-akt-odkaz/12225791;odstavci 2 písm. a) až c);INTUSTAN;37827;esel-esb:eli/cz/sb/2001/257/0000-00-00/dokument/norma/par_4/odst_2/pism_a;37827;esel-esb:eli/cz/sb/2001/257/0000-00-00/dokument/norma/par_4/odst_4;37827;2001/257;2001/257;2001/257;257/2001 Sb.
esel-esb:eli/cz/sb/2001/257/2022-02-01/dokument/norma/par_5/odst_3/pism_c;11615101;esel-esb:eli/cz/sb/2001/257/2022-02-01/dokument/norma/par_5/odst_3;§ 5 odst. 3 písm. c);NA;c;NA;/2/6/3/3/;esel-esb:právní-akt-fragment/4961523;4961523;4961523;Pismeno_Lb;c) adresu, název a druh knihovny (§ 9 až 13), popřípadě její specializaci.;norms;"<a data-odkaz-id=""12225813"" href=""#""  class=""int_odkaz"">§ 9 až 13</a>";§ 9 až 13;12225813;int_odkaz;NA;NA;NA;NA;esel-esb:právní-akt-odkaz/12225813;§ 9 až 13;INTUSTAN;37827;esel-esb:eli/cz/sb/2001/257/0000-00-00/dokument/norma/par_9;37827;esel-esb:eli/cz/sb/2001/257/0000-00-00/dokument/norma/par_5/odst_3/pism_c;37827;2001/257;2001/257;2001/257;257/2001 Sb.
esel-esb:eli/cz/sb/2001/257/2022-02-01/dokument/norma/par_5/odst_5;11615103;esel-esb:eli/cz/sb/2001/257/2022-02-01/dokument/norma/par_5;§ 5 odst. 5;NA;5;NA;/2/6/5/;esel-esb:právní-akt-fragment/4961527;4961527;4961527;Odstavec_Dc;(5) Je-li provozovatelem knihovny právnická osoba, která se zapisuje do veřejného seznamu podle zvláštního právního předpisu,4) je provozovatel povinen k žádosti přiložit rovněž výpis z tohoto veřejného seznamu, který nesmí být starší 60 dnů. Je-li provozovatelem knihovny příspěvková organizace,5) nebo provozuje-li stát nebo územní samosprávný celek knihovnu prostřednictvím své organizační složky, je provozovatel povinen k žádosti přiložit zřizovací listinu, popřípadě statut příspěvkové organizace nebo organizační složky.;norms;"<a data-odkaz-id=""12225835"" href=""#""  class=""int_odkaz""><sup>4</sup>)</a>";4);12225835;int_odkaz;NA;NA;NA;NA;esel-esb:právní-akt-odkaz/12225835;<sup>4</sup>);POZNAMKA;37827;esel-esb:eli/cz/sb/2001/257/0000-00-00/dokument/poznamkypodcarou/ppc_4;37827;esel-esb:eli/cz/sb/2001/257/0000-00-00/dokument/norma/par_5/odst_5;37827;2001/257;2001/257;2001/257;257/2001 Sb.
esel-esb:eli/cz/sb/2001/257/2022-02-01/dokument/norma/par_5/odst_5;11615103;esel-esb:eli/cz/sb/2001/257/2022-02-01/dokument/norma/par_5;§ 5 odst. 5;NA;5;NA;/2/6/5/;esel-esb:právní-akt-fragment/4961527;4961527;4961527;Odstavec_Dc;(5) Je-li provozovatelem knihovny právnická osoba, která se zapisuje do veřejného seznamu podle zvláštního právního předpisu,4) je provozovatel povinen k žádosti přiložit rovněž výpis z tohoto veřejného seznamu, který nesmí být starší 60 dnů. Je-li provozovatelem knihovny příspěvková organizace,5) nebo provozuje-li stát nebo územní samosprávný celek knihovnu prostřednictvím své organizační složky, je provozovatel povinen k žádosti přiložit zřizovací listinu, popřípadě statut příspěvkové organizace nebo organizační složky.;norms;"<a data-odkaz-id=""12225857"" href=""#""  class=""int_odkaz""><sup>5</sup>)</a>";5);12225857;int_odkaz;NA;NA;NA;NA;esel-esb:právní-akt-odkaz/12225857;<sup>5</sup>);POZNAMKA;37827;esel-esb:eli/cz/sb/2001/257/0000-00-00/dokument/poznamkypodcarou/ppc_5;37827;esel-esb:eli/cz/sb/2001/257/0000-00-00/dokument/norma/par_5/odst_5;37827;2001/257;2001/257;2001/257;257/2001 Sb.
esel-esb:eli/cz/sb/2001/257/2022-02-01/dokument/norma/par_8/odst_1;11615112;esel-esb:eli/cz/sb/2001/257/2022-02-01/dokument/norma/par_8;§ 8 odst. 1;NA;1;NA;/2/9/1/;esel-esb:právní-akt-fragment/4961545;4961545;4961545;Odstavec_Dc;(1) Ministerstvo z vlastního nebo jiného podnětu rozhodnutím zruší zápis v evidenci knihoven, pokud knihovna přestane splňovat znaky knihovny podle § 2 písm. a).;norms;"<a data-odkaz-id=""12225879"" href=""#""  class=""int_odkaz"">§ 2 písm. a)</a>";§ 2 písm. a);12225879;int_odkaz;NA;NA;NA;NA;esel-esb:právní-akt-odkaz/12225879;§ 2 písm. a);INTUSTAN;37827;esel-esb:eli/cz/sb/2001/257/0000-00-00/dokument/norma/par_2/pism_a;37827;esel-esb:eli/cz/sb/2001/257/0000-00-00/dokument/norma/par_8/odst_1;37827;2001/257;2001/257;2001/257;257/2001 Sb.
esel-esb:eli/cz/sb/2001/257/2022-02-01/dokument/norma/par_8/odst_3;11615114;esel-esb:eli/cz/sb/2001/257/2022-02-01/dokument/norma/par_8;§ 8 odst. 3;NA;3;NA;/2/9/3/;esel-esb:právní-akt-fragment/4961549;4961549;4961549;Odstavec_Dc;(3) V rozhodnutí podle odstavců 1 a 2 ministerstvo stanoví datum, k němuž se zápis do evidence knihoven ruší.;norms;"<a data-odkaz-id=""12225901"" href=""#""  class=""int_odkaz"">odstavců 1</a>";odstavců 1;12225901;int_odkaz;NA;NA;NA;NA;esel-esb:právní-akt-odkaz/12225901;odstavců 1;INTUSTAN;37827;esel-esb:eli/cz/sb/2001/257/0000-00-00/dokument/norma/par_8/odst_1;37827;esel-esb:eli/cz/sb/2001/257/0000-00-00/dokument/norma/par_8/odst_3;37827;2001/257;2001/257;2001/257;257/2001 Sb.
esel-esb:eli/cz/sb/2001/257/2022-02-01/dokument/norma/par_8/odst_3;11615114;esel-esb:eli/cz/sb/2001/257/2022-02-01/dokument/norma/par_8;§ 8 odst. 3;NA;3;NA;/2/9/3/;esel-esb:právní-akt-fragment/4961549;4961549;4961549;Odstavec_Dc;(3) V rozhodnutí podle odstavců 1 a 2 ministerstvo stanoví datum, k němuž se zápis do evidence knihoven ruší.;norms;"<a data-odkaz-id=""12225923"" href=""#""  class=""int_odkaz"">2</a>";2;12225923;int_odkaz;NA;NA;NA;NA;esel-esb:právní-akt-odkaz/12225923;2;INTUSTAN;37827;esel-esb:eli/cz/sb/2001/257/0000-00-00/dokument/norma/par_8/odst_2;37827;esel-esb:eli/cz/sb/2001/257/0000-00-00/dokument/norma/par_8/odst_3;37827;2001/257;2001/257;2001/257;257/2001 Sb.
esel-esb:eli/cz/sb/2001/257/2022-02-01/dokument/norma/par_9/odst_2/pism_e;11615124;esel-esb:eli/cz/sb/2001/257/2022-02-01/dokument/norma/par_9/odst_2;§ 9 odst. 2 písm. e);NA;e;NA;/2/11/3/5/;esel-esb:právní-akt-fragment/4961569;4961569;4961569;Pismeno_Lb;e) plní funkci národního centra mezinárodní výměny oficiálních publikací,6);norms;"<a data-odkaz-id=""12225945"" href=""#""  class=""int_odkaz""><sup>6</sup>)</a>";6);12225945;int_odkaz;NA;NA;NA;NA;esel-esb:právní-akt-odkaz/12225945;<sup>6</sup>);POZNAMKA;37827;esel-esb:eli/cz/sb/2001/257/0000-00-00/dokument/poznamkypodcarou/ppc_6;37827;esel-esb:eli/cz/sb/2001/257/0000-00-00/dokument/norma/par_9/odst_2/pism_e;37827;2001/257;2001/257;2001/257;257/2001 Sb.
esel-esb:eli/cz/sb/2001/257/2022-02-01/dokument/norma/par_9/odst_2/pism_f;11615125;esel-esb:eli/cz/sb/2001/257/2022-02-01/dokument/norma/par_9/odst_2;§ 9 odst. 2 písm. f);NA;f;NA;/2/11/3/6/;esel-esb:právní-akt-fragment/4961575;4961575;4961571;Pismeno_Lb;f) zastupuje knihovny systému knihoven při jednání s kolektivními správci autorských práv ve věci úhrady odměn za užití předmětů ochrany podle zvláštního právního předpisu7) a provádí úhradu odměn za jejich půjčování,;norms;"<a data-odkaz-id=""12225975"" href=""#""  class=""int_odkaz""><sup>7</sup>)</a>";7);12225975;int_odkaz;NA;NA;NA;NA;esel-esb:právní-akt-odkaz/12225975;<sup>7</sup>);POZNAMKA;114613;esel-esb:eli/cz/sb/2001/257/2006-05-22/dokument/poznamkypodcarou/ppc_7;114613;esel-esb:eli/cz/sb/2001/257/2006-05-22/dokument/norma/par_9/odst_2/pism_f;114613;2001/257;2001/257;2001/257;257/2001 Sb.
esel-esb:eli/cz/sb/2001/257/2022-02-01/dokument/norma/par_15/odst_1;11615163;esel-esb:eli/cz/sb/2001/257/2022-02-01/dokument/norma/par_15;§ 15 odst. 1;NA;1;NA;/2/17/2/;esel-esb:právní-akt-fragment/4961653;4961653;4961653;Odstavec_Dc;(1) Provozovateli knihovny mohou být z peněžních prostředků státního rozpočtu, státních finančních aktiv nebo Národního fondu poskytnuty podle zvláštního zákona8) účelově určené dotace zejména na;norms;"<a data-odkaz-id=""12225989"" href=""#""  class=""int_odkaz""><sup>8</sup>)</a>";8);12225989;int_odkaz;NA;NA;NA;NA;esel-esb:právní-akt-odkaz/12225989;<sup>8</sup>);POZNAMKA;37827;esel-esb:eli/cz/sb/2001/257/0000-00-00/dokument/poznamkypodcarou/ppc_8;37827;esel-esb:eli/cz/sb/2001/257/0000-00-00/dokument/norma/par_15/odst_1;37827;2001/257;2001/257;2001/257;257/2001 Sb.
esel-esb:eli/cz/sb/2001/257/2022-02-01/dokument/norma/par_15/odst_3;11615177;esel-esb:eli/cz/sb/2001/257/2022-02-01/dokument/norma/par_15;§ 15 odst. 3;NA;3;NA;/2/17/4/;esel-esb:právní-akt-fragment/4961681;4961681;4961681;Odstavec_Dc;(3) Vláda nařízením stanoví pravidla poskytování dotací podle odstavce 1, zejména za jakých podmínek, v jaké výši a v jakých lhůtách jsou dotace poskytovány.;norms;"<a data-odkaz-id=""12226011"" href=""#""  class=""int_odkaz"">odstavce 1</a>";odstavce 1;12226011;int_odkaz;NA;NA;NA;NA;esel-esb:právní-akt-odkaz/12226011;odstavce 1;INTUSTAN;37827;esel-esb:eli/cz/sb/2001/257/0000-00-00/dokument/norma/par_15/odst_1;37827;esel-esb:eli/cz/sb/2001/257/0000-00-00/dokument/norma/par_15/odst_3;37827;2001/257;2001/257;2001/257;257/2001 Sb.
esel-esb:eli/cz/sb/2001/257/2022-02-01/dokument/norma/par_16/odst_6;11615188;esel-esb:eli/cz/sb/2001/257/2022-02-01/dokument/norma/par_16;§ 16 odst. 6;NA;6;NA;/2/18/7/;esel-esb:právní-akt-fragment/4961703;4961703;4961703;Odstavec_Dc;(6) Na postup při revizi knihovního fondu podle tohoto zákona se nevztahuje zvláštní právní předpis.9);norms;"<a data-odkaz-id=""12226033"" href=""#""  class=""int_odkaz""><sup>9</sup>)</a>";9);12226033;int_odkaz;NA;NA;NA;NA;esel-esb:právní-akt-odkaz/12226033;<sup>9</sup>);POZNAMKA;37827;esel-esb:eli/cz/sb/2001/257/0000-00-00/dokument/poznamkypodcarou/ppc_9;37827;esel-esb:eli/cz/sb/2001/257/0000-00-00/dokument/norma/par_16/odst_6;37827;2001/257;2001/257;2001/257;257/2001 Sb.
esel-esb:eli/cz/sb/2001/257/2022-02-01/dokument/norma/par_17/odst_3/pism_a;11615198;esel-esb:eli/cz/sb/2001/257/2022-02-01/dokument/norma/par_17/odst_3;§ 17 odst. 3 písm. a);NA;a;NA;/2/19/4/1/;esel-esb:právní-akt-fragment/4961723;4961723;4961723;Pismeno_Lb;a) odstavce 1 písm. a) a b) provozovateli jiné knihovny téhož druhu, a pokud takový provozovatel odmítne, provozovateli knihovny, která je součástí školy,10);norms;"<a data-odkaz-id=""12226055"" href=""#""  class=""int_odkaz"">odstavce 1 písm. a)</a>";odstavce 1 písm. a);12226055;int_odkaz;NA;NA;NA;NA;esel-esb:právní-akt-odkaz/12226055;odstavce 1 písm. a);INTUSTAN;37827;esel-esb:eli/cz/sb/2001/257/0000-00-00/dokument/norma/par_17/odst_1/pism_a;37827;esel-esb:eli/cz/sb/2001/257/0000-00-00/dokument/norma/par_17/odst_3/pism_a;37827;2001/257;2001/257;2001/257;257/2001 Sb.
esel-esb:eli/cz/sb/2001/257/2022-02-01/dokument/norma/par_17/odst_3/pism_a;11615198;esel-esb:eli/cz/sb/2001/257/2022-02-01/dokument/norma/par_17/odst_3;§ 17 odst. 3 písm. a);NA;a;NA;/2/19/4/1/;esel-esb:právní-akt-fragment/4961723;4961723;4961723;Pismeno_Lb;a) odstavce 1 písm. a) a b) provozovateli jiné knihovny téhož druhu, a pokud takový provozovatel odmítne, provozovateli knihovny, která je součástí školy,10);norms;"<a data-odkaz-id=""12226077"" href=""#""  class=""int_odkaz"">b)</a>";b);12226077;int_odkaz;NA;NA;NA;NA;esel-esb:právní-akt-odkaz/12226077;b);INTUSTAN;37827;esel-esb:eli/cz/sb/2001/257/0000-00-00/dokument/norma/par_17/odst_1/pism_b;37827;esel-esb:eli/cz/sb/2001/257/0000-00-00/dokument/norma/par_17/odst_3/pism_a;37827;2001/257;2001/257;2001/257;257/2001 Sb.
esel-esb:eli/cz/sb/2001/257/2022-02-01/dokument/norma/par_17/odst_3/pism_a;11615198;esel-esb:eli/cz/sb/2001/257/2022-02-01/dokument/norma/par_17/odst_3;§ 17 odst. 3 písm. a);NA;a;NA;/2/19/4/1/;esel-esb:právní-akt-fragment/4961723;4961723;4961723;Pismeno_Lb;a) odstavce 1 písm. a) a b) provozovateli jiné knihovny téhož druhu, a pokud takový provozovatel odmítne, provozovateli knihovny, která je součástí školy,10);norms;"<a data-odkaz-id=""12226099"" href=""#""  class=""int_odkaz""><sup>10</sup>)</a>";10);12226099;int_odkaz;NA;NA;NA;NA;esel-esb:právní-akt-odkaz/12226099;<sup>10</sup>);POZNAMKA;37827;esel-esb:eli/cz/sb/2001/257/0000-00-00/dokument/poznamkypodcarou/ppc_10;37827;esel-esb:eli/cz/sb/2001/257/0000-00-00/dokument/norma/par_17/odst_3/pism_a;37827;2001/257;2001/257;2001/257;257/2001 Sb.
esel-esb:eli/cz/sb/2001/257/2022-02-01/dokument/norma/par_17/odst_3/pism_b;11615199;esel-esb:eli/cz/sb/2001/257/2022-02-01/dokument/norma/par_17/odst_3;§ 17 odst. 3 písm. b);NA;b;NA;/2/19/4/2/;esel-esb:právní-akt-fragment/4961725;4961725;4961725;Pismeno_Lb;b) odstavce 2 Národní knihovně.;norms;"<a data-odkaz-id=""12226121"" href=""#""  class=""int_odkaz"">odstavce 2</a>";odstavce 2;12226121;int_odkaz;NA;NA;NA;NA;esel-esb:právní-akt-odkaz/12226121;odstavce 2;INTUSTAN;37827;esel-esb:eli/cz/sb/2001/257/0000-00-00/dokument/norma/par_17/odst_2;37827;esel-esb:eli/cz/sb/2001/257/0000-00-00/dokument/norma/par_17/odst_3/pism_b;37827;2001/257;2001/257;2001/257;257/2001 Sb.
esel-esb:eli/cz/sb/2001/257/2022-02-01/dokument/norma/par_17/odst_4;11615201;esel-esb:eli/cz/sb/2001/257/2022-02-01/dokument/norma/par_17;§ 17 odst. 4;NA;4;NA;/2/19/5/;esel-esb:právní-akt-fragment/4961729;4961729;4961729;Odstavec_Dc;(4) Podle odstavců 1 až 3 se nepostupuje při vyřazování knihovních dokumentů chráněných podle zvláštního právního předpisu.11);norms;"<a data-odkaz-id=""12226143"" href=""#""  class=""int_odkaz"">odstavců 1 až 3</a>";odstavců 1 až 3;12226143;int_odkaz;NA;NA;NA;NA;esel-esb:právní-akt-odkaz/12226143;odstavců 1 až 3;INTUSTAN;37827;esel-esb:eli/cz/sb/2001/257/0000-00-00/dokument/norma/par_17/odst_1;37827;esel-esb:eli/cz/sb/2001/257/0000-00-00/dokument/norma/par_17/odst_4;37827;2001/257;2001/257;2001/257;257/2001 Sb.
esel-esb:eli/cz/sb/2001/257/2022-02-01/dokument/norma/par_17/odst_4;11615201;esel-esb:eli/cz/sb/2001/257/2022-02-01/dokument/norma/par_17;§ 17 odst. 4;NA;4;NA;/2/19/5/;esel-esb:právní-akt-fragment/4961729;4961729;4961729;Odstavec_Dc;(4) Podle odstavců 1 až 3 se nepostupuje při vyřazování knihovních dokumentů chráněných podle zvláštního právního předpisu.11);norms;"<a data-odkaz-id=""12226165"" href=""#""  class=""int_odkaz""><sup>11</sup>)</a>";11);12226165;int_odkaz;NA;NA;NA;NA;esel-esb:právní-akt-odkaz/12226165;<sup>11</sup>);POZNAMKA;37827;esel-esb:eli/cz/sb/2001/257/0000-00-00/dokument/poznamkypodcarou/ppc_11;37827;esel-esb:eli/cz/sb/2001/257/0000-00-00/dokument/norma/par_17/odst_4;37827;2001/257;2001/257;2001/257;257/2001 Sb.
esel-esb:eli/cz/sb/2001/257/2022-02-01/dokument/norma/par_17/odst_5;11615202;esel-esb:eli/cz/sb/2001/257/2022-02-01/dokument/norma/par_17;§ 17 odst. 5;NA;5;NA;/2/19/6/;esel-esb:právní-akt-fragment/4961731;4961731;4961731;Odstavec_Dc;(5) Při rušení knihovny je její provozovatel povinen postupovat podle odstavců 2 až 4.;norms;"<a data-odkaz-id=""12226187"" href=""#""  class=""int_odkaz"">odstavců 2 až 4.</a>";odstavců 2 až 4.;12226187;int_odkaz;NA;NA;NA;NA;esel-esb:právní-akt-odkaz/12226187;odstavců 2 až 4.;INTUSTAN;37827;esel-esb:eli/cz/sb/2001/257/0000-00-00/dokument/norma/par_17/odst_2;37827;esel-esb:eli/cz/sb/2001/257/0000-00-00/dokument/norma/par_17/odst_5;37827;2001/257;2001/257;2001/257;257/2001 Sb.
esel-esb:eli/cz/sb/2001/257/2022-02-01/dokument/norma/par_19/frag_4961913;11615211;esel-esb:eli/cz/sb/2001/257/2022-02-01/dokument/norma/par_19;NA;NA;NA;NA;/2/21/2/;esel-esb:právní-akt-fragment/4961913;4961913;4961749;Odstavec_Dc;Zjistí-li ministerstvo, že provozovatel knihovny porušil povinnost podle § 7 odst. 1, § 14 odst. 5, § 16 odst. 1 až 4 nebo některou z povinností podle § 18, uloží mu, aby zjištěné nedostatky odstranil a stanoví mu k tomu přiměřenou lhůtu.;norms;"<a data-odkaz-id=""12076413"" href=""#""  class=""int_odkaz"">§ 7 odst. 1</a>";§ 7 odst. 1;12076413;int_odkaz;NA;NA;NA;NA;esel-esb:právní-akt-odkaz/12076413;§ 7 odst. 1;INTUSTAN;114623;esel-esb:eli/cz/sb/2001/257/2017-07-01/dokument/norma/par_7/odst_1;114623;esel-esb:eli/cz/sb/2001/257/2017-07-01/dokument/norma/par_19/frag_4961913;114623;2001/257;2001/257;2001/257;257/2001 Sb.
esel-esb:eli/cz/sb/2001/257/2022-02-01/dokument/norma/par_19/frag_4961913;11615211;esel-esb:eli/cz/sb/2001/257/2022-02-01/dokument/norma/par_19;NA;NA;NA;NA;/2/21/2/;esel-esb:právní-akt-fragment/4961913;4961913;4961749;Odstavec_Dc;Zjistí-li ministerstvo, že provozovatel knihovny porušil povinnost podle § 7 odst. 1, § 14 odst. 5, § 16 odst. 1 až 4 nebo některou z povinností podle § 18, uloží mu, aby zjištěné nedostatky odstranil a stanoví mu k tomu přiměřenou lhůtu.;norms;"<a data-odkaz-id=""12076417"" href=""#""  class=""int_odkaz"">§ 14 odst. 5</a>";§ 14 odst. 5;12076417;int_odkaz;NA;NA;NA;NA;esel-esb:právní-akt-odkaz/12076417;§ 14 odst. 5;INTUSTAN;114623;esel-esb:eli/cz/sb/2001/257/2017-07-01/dokument/norma/par_14/odst_5;114623;esel-esb:eli/cz/sb/2001/257/2017-07-01/dokument/norma/par_19/frag_4961913;114623;2001/257;2001/257;2001/257;257/2001 Sb.
esel-esb:eli/cz/sb/2001/257/2022-02-01/dokument/norma/par_19/frag_4961913;11615211;esel-esb:eli/cz/sb/2001/257/2022-02-01/dokument/norma/par_19;NA;NA;NA;NA;/2/21/2/;esel-esb:právní-akt-fragment/4961913;4961913;4961749;Odstavec_Dc;Zjistí-li ministerstvo, že provozovatel knihovny porušil povinnost podle § 7 odst. 1, § 14 odst. 5, § 16 odst. 1 až 4 nebo některou z povinností podle § 18, uloží mu, aby zjištěné nedostatky odstranil a stanoví mu k tomu přiměřenou lhůtu.;norms;"<a data-odkaz-id=""12076421"" href=""#""  class=""int_odkaz"">§ 16 odst. 1 až 4</a>";§ 16 odst. 1 až 4;12076421;int_odkaz;NA;NA;NA;NA;esel-esb:právní-akt-odkaz/12076421;§ 16 odst. 1 až 4;INTUSTAN;114623;esel-esb:eli/cz/sb/2001/257/2017-07-01/dokument/norma/par_16/odst_1;114623;esel-esb:eli/cz/sb/2001/257/2017-07-01/dokument/norma/par_19/frag_4961913;114623;2001/257;2001/257;2001/257;257/2001 Sb.
esel-esb:eli/cz/sb/2001/257/2022-02-01/dokument/norma/par_19/frag_4961913;11615211;esel-esb:eli/cz/sb/2001/257/2022-02-01/dokument/norma/par_19;NA;NA;NA;NA;/2/21/2/;esel-esb:právní-akt-fragment/4961913;4961913;4961749;Odstavec_Dc;Zjistí-li ministerstvo, že provozovatel knihovny porušil povinnost podle § 7 odst. 1, § 14 odst. 5, § 16 odst. 1 až 4 nebo některou z povinností podle § 18, uloží mu, aby zjištěné nedostatky odstranil a stanoví mu k tomu přiměřenou lhůtu.;norms;"<a data-odkaz-id=""12076425"" href=""#""  class=""int_odkaz"">§ 18</a>";§ 18;12076425;int_odkaz;NA;NA;NA;NA;esel-esb:právní-akt-odkaz/12076425;§ 18;INTUSTAN;114623;esel-esb:eli/cz/sb/2001/257/2017-07-01/dokument/norma/par_18;114623;esel-esb:eli/cz/sb/2001/257/2017-07-01/dokument/norma/par_19/frag_4961913;114623;2001/257;2001/257;2001/257;257/2001 Sb.
esel-esb:eli/cz/sb/2001/257/2022-02-01/dokument/norma/par_20/odst_1/pism_a;11615215;esel-esb:eli/cz/sb/2001/257/2022-02-01/dokument/norma/par_20/odst_1;§ 20 odst. 1 písm. a);NA;a;NA;/2/22/2/1/;esel-esb:právní-akt-fragment/4961921;4961921;4961921;Pismeno_Lb;a) poruší povinnost podle § 14 odst. 2 nebo 3,;norms;"<a data-odkaz-id=""12076429"" href=""#""  class=""int_odkaz"">§ 14 odst. 2</a>";§ 14 odst. 2;12076429;int_odkaz;NA;NA;NA;NA;esel-esb:právní-akt-odkaz/12076429;§ 14 odst. 2;INTUSTAN;114623;esel-esb:eli/cz/sb/2001/257/2017-07-01/dokument/norma/par_14/odst_2;114623;esel-esb:eli/cz/sb/2001/257/2017-07-01/dokument/norma/par_20/odst_1/pism_a;114623;2001/257;2001/257;2001/257;257/2001 Sb.
esel-esb:eli/cz/sb/2001/257/2022-02-01/dokument/norma/par_20/odst_1/pism_a;11615215;esel-esb:eli/cz/sb/2001/257/2022-02-01/dokument/norma/par_20/odst_1;§ 20 odst. 1 písm. a);NA;a;NA;/2/22/2/1/;esel-esb:právní-akt-fragment/4961921;4961921;4961921;Pismeno_Lb;a) poruší povinnost podle § 14 odst. 2 nebo 3,;norms;"<a data-odkaz-id=""12076433"" href=""#""  class=""int_odkaz"">3</a>";3;12076433;int_odkaz;NA;NA;NA;NA;esel-esb:právní-akt-odkaz/12076433;3;INTUSTAN;114623;esel-esb:eli/cz/sb/2001/257/2017-07-01/dokument/norma/par_14/odst_3;114623;esel-esb:eli/cz/sb/2001/257/2017-07-01/dokument/norma/par_20/odst_1/pism_a;114623;2001/257;2001/257;2001/257;257/2001 Sb.
esel-esb:eli/cz/sb/2001/257/2022-02-01/dokument/norma/par_20/odst_1/pism_b;11615216;esel-esb:eli/cz/sb/2001/257/2022-02-01/dokument/norma/par_20/odst_1;§ 20 odst. 1 písm. b);NA;b;NA;/2/22/2/2/;esel-esb:právní-akt-fragment/4961923;4961923;4961923;Pismeno_Lb;b) nedodrží postup při vyřazování knihovních dokumentů podle § 17 odst. 2 nebo 3,;norms;"<a data-odkaz-id=""12076437"" href=""#""  class=""int_odkaz"">§ 17 odst. 2</a>";§ 17 odst. 2;12076437;int_odkaz;NA;NA;NA;NA;esel-esb:právní-akt-odkaz/12076437;§ 17 odst. 2;INTUSTAN;114623;esel-esb:eli/cz/sb/2001/257/2017-07-01/dokument/norma/par_17/odst_2;114623;esel-esb:eli/cz/sb/2001/257/2017-07-01/dokument/norma/par_20/odst_1/pism_b;114623;2001/257;2001/257;2001/257;257/2001 Sb.
esel-esb:eli/cz/sb/2001/257/2022-02-01/dokument/norma/par_20/odst_1/pism_b;11615216;esel-esb:eli/cz/sb/2001/257/2022-02-01/dokument/norma/par_20/odst_1;§ 20 odst. 1 písm. b);NA;b;NA;/2/22/2/2/;esel-esb:právní-akt-fragment/4961923;4961923;4961923;Pismeno_Lb;b) nedodrží postup při vyřazování knihovních dokumentů podle § 17 odst. 2 nebo 3,;norms;"<a data-odkaz-id=""12076441"" href=""#""  class=""int_odkaz"">3</a>";3;12076441;int_odkaz;NA;NA;NA;NA;esel-esb:právní-akt-odkaz/12076441;3;INTUSTAN;114623;esel-esb:eli/cz/sb/2001/257/2017-07-01/dokument/norma/par_17/odst_3;114623;esel-esb:eli/cz/sb/2001/257/2017-07-01/dokument/norma/par_20/odst_1/pism_b;114623;2001/257;2001/257;2001/257;257/2001 Sb.
esel-esb:eli/cz/sb/2001/257/2022-02-01/dokument/norma/par_20/odst_1/pism_c;11615217;esel-esb:eli/cz/sb/2001/257/2022-02-01/dokument/norma/par_20/odst_1;§ 20 odst. 1 písm. c);NA;c;NA;/2/22/2/3/;esel-esb:právní-akt-fragment/4961925;4961925;4961925;Pismeno_Lb;c) poruší povinnost podle § 17 odst. 5, nebo;norms;"<a data-odkaz-id=""12076445"" href=""#""  class=""int_odkaz"">§ 17 odst. 5</a>";§ 17 odst. 5;12076445;int_odkaz;NA;NA;NA;NA;esel-esb:právní-akt-odkaz/12076445;§ 17 odst. 5;INTUSTAN;114623;esel-esb:eli/cz/sb/2001/257/2017-07-01/dokument/norma/par_17/odst_5;114623;esel-esb:eli/cz/sb/2001/257/2017-07-01/dokument/norma/par_20/odst_1/pism_c;114623;2001/257;2001/257;2001/257;257/2001 Sb.
esel-esb:eli/cz/sb/2001/257/2022-02-01/dokument/norma/par_20/odst_1/pism_d;11615218;esel-esb:eli/cz/sb/2001/257/2022-02-01/dokument/norma/par_20/odst_1;§ 20 odst. 1 písm. d);NA;d;NA;/2/22/2/4/;esel-esb:právní-akt-fragment/4961927;4961927;4961927;Pismeno_Lb;d) neodstraní zjištěné nedostatky ve stanovené lhůtě podle § 19.;norms;"<a data-odkaz-id=""12076449"" href=""#""  class=""int_odkaz"">§ 19</a>";§ 19;12076449;int_odkaz;NA;NA;NA;NA;esel-esb:právní-akt-odkaz/12076449;§ 19;INTUSTAN;114623;esel-esb:eli/cz/sb/2001/257/2017-07-01/dokument/norma/par_19;114623;esel-esb:eli/cz/sb/2001/257/2017-07-01/dokument/norma/par_20/odst_1/pism_d;114623;2001/257;2001/257;2001/257;257/2001 Sb.
esel-esb:eli/cz/sb/2001/257/2022-02-01/dokument/norma/par_20/odst_2/pism_a;11615220;esel-esb:eli/cz/sb/2001/257/2022-02-01/dokument/norma/par_20/odst_2;§ 20 odst. 2 písm. a);NA;a;NA;/2/22/3/1/;esel-esb:právní-akt-fragment/4961931;4961931;4961931;Pismeno_Lb;a) od 5 000 Kč do 200 000 Kč, jde-li o přestupek podle odstavce 1 písm. d), nebo;norms;"<a data-odkaz-id=""12076453"" href=""#""  class=""int_odkaz"">odstavce 1 písm. d)</a>";odstavce 1 písm. d);12076453;int_odkaz;NA;NA;NA;NA;esel-esb:právní-akt-odkaz/12076453;odstavce 1 písm. d);INTUSTAN;114623;esel-esb:eli/cz/sb/2001/257/2017-07-01/dokument/norma/par_20/odst_1/pism_d;114623;esel-esb:eli/cz/sb/2001/257/2017-07-01/dokument/norma/par_20/odst_2/pism_a;114623;2001/257;2001/257;2001/257;257/2001 Sb.
esel-esb:eli/cz/sb/2001/257/2022-02-01/dokument/norma/par_20/odst_2/pism_b;11615221;esel-esb:eli/cz/sb/2001/257/2022-02-01/dokument/norma/par_20/odst_2;§ 20 odst. 2 písm. b);NA;b;NA;/2/22/3/2/;esel-esb:právní-akt-fragment/4961933;4961933;4961933;Pismeno_Lb;b) od 25 000 Kč do 500 000 Kč, jde-li o přestupek podle odstavce 1 písm. a) až c).;norms;"<a data-odkaz-id=""12076457"" href=""#""  class=""int_odkaz"">odstavce 1 písm. a) až c)</a>";odstavce 1 písm. a) až c);12076457;int_odkaz;NA;NA;NA;NA;esel-esb:právní-akt-odkaz/12076457;odstavce 1 písm. a) až c);INTUSTAN;114623;esel-esb:eli/cz/sb/2001/257/2017-07-01/dokument/norma/par_20/odst_1/pism_a;114623;esel-esb:eli/cz/sb/2001/257/2017-07-01/dokument/norma/par_20/odst_2/pism_b;114623;2001/257;2001/257;2001/257;257/2001 Sb.
esel-esb:eli/cz/sb/2001/257/2022-02-01/dokument/zaver/par_23/frag_4961785;11615229;esel-esb:eli/cz/sb/2001/257/2022-02-01/dokument/zaver/par_23;NA;NA;NA;NA;/3/2/1/;esel-esb:právní-akt-fragment/4961785;4961785;4961785;Odstavec_Dc;Na rozhodování a vydávání osvědčení podle tohoto zákona se vztahuje správní řád, nestanoví-li tento zákon jinak.;closing;"<a data-odkaz-id=""12075773"" href=""#""  class=""ext_odkaz"">správní řád</a>";správní řád;12075773;ext_odkaz;NA;NA;NA;NA;esel-esb:právní-akt-odkaz/12075773;správní řád;JINYPRED;76205;esel-esb:eli/cz/sb/1967/71/2000-10-01/dokument;37827;esel-esb:eli/cz/sb/2001/257/0000-00-00/dokument/norma/par_23/frag_4961785;37827;2001/257;1967/71;2001/257;257/2001 Sb.
esel-esb:eli/cz/sb/2001/257/2022-02-01/dokument/poznamkypodcarou/ppc_1;11615244;esel-esb:eli/cz/sb/2001/257/2022-02-01/dokument/poznamkypodcarou;pozn. 1;NA;1;NA;/5/1/;esel-esb:právní-akt-fragment/4961815;4961815;4961815;PPC;1) Zákon č. 37/1995 Sb., o neperiodických publikacích. Zákon č. 46/2000 Sb., o právech a povinnostech při vydávání periodického tisku a o změně některých dalších zákonů (tiskový zákon), ve znění zákona č. 302/2000 Sb.;notes;"<a data-odkaz-id=""12075883"" href=""#""  class=""ext_odkaz"">Zákon č. 37/1995 Sb., o neperiodických publikacích</a>";Zákon č. 37/1995 Sb., o neperiodických publikacích;12075883;ext_odkaz;NA;NA;NA;NA;esel-esb:právní-akt-odkaz/12075883;Zákon č. 37/1995 Sb.;JINYPRED;100601;esel-esb:eli/cz/sb/1995/37/1996-01-01/dokument;37827;esel-esb:eli/cz/sb/2001/257/0000-00-00/dokument/poznamkypodcarou/ppc_1;37827;2001/257;1995/37;2001/257;257/2001 Sb.
esel-esb:eli/cz/sb/2001/257/2022-02-01/dokument/poznamkypodcarou/ppc_1;11615244;esel-esb:eli/cz/sb/2001/257/2022-02-01/dokument/poznamkypodcarou;pozn. 1;NA;1;NA;/5/1/;esel-esb:právní-akt-fragment/4961815;4961815;4961815;PPC;1) Zákon č. 37/1995 Sb., o neperiodických publikacích. Zákon č. 46/2000 Sb., o právech a povinnostech při vydávání periodického tisku a o změně některých dalších zákonů (tiskový zákon), ve znění zákona č. 302/2000 Sb.;notes;"<a data-odkaz-id=""12075905"" href=""#""  class=""ext_odkaz"" data-version=""20000907"">Zákon č. 46/2000 Sb., o právech a povinnostech při vydávání periodického tisku a o změně některých dalších zákonů</a>";Zákon č. 46/2000 Sb., o právech a povinnostech při vydávání periodického tisku a o změně některých dalších zákonů;12075905;ext_odkaz;NA;NA;NA;NA;esel-esb:právní-akt-odkaz/12075905;Zákon č. 46/2000 Sb.;JINYPRED;108959;esel-esb:eli/cz/sb/2000/46/2000-09-07/dokument;37827;esel-esb:eli/cz/sb/2001/257/0000-00-00/dokument/poznamkypodcarou/ppc_1;37827;2001/257;2000/46;2001/257;257/2001 Sb.
esel-esb:eli/cz/sb/2001/257/2022-02-01/dokument/poznamkypodcarou/ppc_1;11615244;esel-esb:eli/cz/sb/2001/257/2022-02-01/dokument/poznamkypodcarou;pozn. 1;NA;1;NA;/5/1/;esel-esb:právní-akt-fragment/4961815;4961815;4961815;PPC;1) Zákon č. 37/1995 Sb., o neperiodických publikacích. Zákon č. 46/2000 Sb., o právech a povinnostech při vydávání periodického tisku a o změně některých dalších zákonů (tiskový zákon), ve znění zákona č. 302/2000 Sb.;notes;"<a data-odkaz-id=""12075927"" href=""#""  class=""ext_odkaz"">zákona č. 302/2000 Sb.</a>";zákona č. 302/2000 Sb.;12075927;ext_odkaz;NA;NA;NA;NA;esel-esb:právní-akt-odkaz/12075927;zákona č. 302/2000 Sb.;JINYPRED;111663;esel-esb:eli/cz/sb/2000/302/2000-09-07/dokument;37827;esel-esb:eli/cz/sb/2001/257/0000-00-00/dokument/poznamkypodcarou/ppc_1;37827;2001/257;2000/302;2001/257;257/2001 Sb.
esel-esb:eli/cz/sb/2001/257/2022-02-01/dokument/poznamkypodcarou/ppc_3;11615245;esel-esb:eli/cz/sb/2001/257/2022-02-01/dokument/poznamkypodcarou;pozn. 3;NA;3;NA;/5/2/;esel-esb:právní-akt-fragment/4961819;4961819;4961819;PPC;3) § 38 zákona č. 121/2000 Sb., o právu autorském, o právech souvisejících s právem autorským a o změně některých zákonů (autorský zákon).;notes;"<a data-odkaz-id=""12075969"" href=""#""  class=""ext_odkaz"">§ 38</a>";§ 38;12075969;ext_odkaz;NA;NA;NA;NA;esel-esb:právní-akt-odkaz/12075969;§ 38;JINEUSTAN;109455;esel-esb:eli/cz/sb/2000/121/2000-12-01/dokument/norma/cast_1/hlava_1/dil_4/oddil_3/par_38;37827;esel-esb:eli/cz/sb/2001/257/0000-00-00/dokument/poznamkypodcarou/ppc_3;37827;2001/257;2000/121;2001/257;257/2001 Sb.
esel-esb:eli/cz/sb/2001/257/2022-02-01/dokument/poznamkypodcarou/ppc_3;11615245;esel-esb:eli/cz/sb/2001/257/2022-02-01/dokument/poznamkypodcarou;pozn. 3;NA;3;NA;/5/2/;esel-esb:právní-akt-fragment/4961819;4961819;4961819;PPC;3) § 38 zákona č. 121/2000 Sb., o právu autorském, o právech souvisejících s právem autorským a o změně některých zákonů (autorský zákon).;notes;"<a data-odkaz-id=""12075991"" href=""#""  class=""ext_odkaz"">zákona č. 121/2000 Sb., o právu autorském, o právech souvisejících s právem autorským a o změně některých zákonů</a>";zákona č. 121/2000 Sb., o právu autorském, o právech souvisejících s právem autorským a o změně některých zákonů;12075991;ext_odkaz;NA;NA;NA;NA;esel-esb:právní-akt-odkaz/12075991;zákona č. 121/2000 Sb.;JINYPRED;109455;esel-esb:eli/cz/sb/2000/121/2000-12-01/dokument;37827;esel-esb:eli/cz/sb/2001/257/0000-00-00/dokument/poznamkypodcarou/ppc_3;37827;2001/257;2000/121;2001/257;257/2001 Sb.
esel-esb:eli/cz/sb/2001/257/2022-02-01/dokument/poznamkypodcarou/ppc_4;11615246;esel-esb:eli/cz/sb/2001/257/2022-02-01/dokument/poznamkypodcarou;pozn. 4;NA;4;NA;/5/3/;esel-esb:právní-akt-fragment/4961821;4961821;4961821;PPC;4) Například § 27 a násl. obchodního zákoníku, ve znění pozdějších předpisů, § 5 zákona č. 248/1995 Sb., o obecně prospěšných společnostech a o změně a doplnění některých zákonů, § 5 zákona č. 227/1997 Sb., o nadacích a nadačních fondech a o změně a doplnění některých souvisejících zákonů (zákon o nadacích a nadačních fondech).;notes;"<a data-odkaz-id=""12076013"" href=""#""  class=""ext_odkaz"">§ 27 a násl.</a>";§ 27 a násl.;12076013;ext_odkaz;NA;NA;NA;NA;esel-esb:právní-akt-odkaz/12076013;§ 27 a násl.;JINEUSTAN;91807;esel-esb:eli/cz/sb/1991/513/2000-10-25/dokument/norma/cast_1/hlava_3/par_27;37827;esel-esb:eli/cz/sb/2001/257/0000-00-00/dokument/poznamkypodcarou/ppc_4;37827;2001/257;1991/513;2001/257;257/2001 Sb.
esel-esb:eli/cz/sb/2001/257/2022-02-01/dokument/poznamkypodcarou/ppc_4;11615246;esel-esb:eli/cz/sb/2001/257/2022-02-01/dokument/poznamkypodcarou;pozn. 4;NA;4;NA;/5/3/;esel-esb:právní-akt-fragment/4961821;4961821;4961821;PPC;4) Například § 27 a násl. obchodního zákoníku, ve znění pozdějších předpisů, § 5 zákona č. 248/1995 Sb., o obecně prospěšných společnostech a o změně a doplnění některých zákonů, § 5 zákona č. 227/1997 Sb., o nadacích a nadačních fondech a o změně a doplnění některých souvisejících zákonů (zákon o nadacích a nadačních fondech).;notes;"<a data-odkaz-id=""12076035"" href=""#""  class=""ext_odkaz"">obchodního zákoníku</a>";obchodního zákoníku;12076035;ext_odkaz;NA;NA;NA;NA;esel-esb:právní-akt-odkaz/12076035;obchodního zákoníku;JINYPRED;91813;esel-esb:eli/cz/sb/1991/513/2001-05-01/dokument;37827;esel-esb:eli/cz/sb/2001/257/0000-00-00/dokument/poznamkypodcarou/ppc_4;37827;2001/257;1991/513;2001/257;257/2001 Sb.
esel-esb:eli/cz/sb/2001/257/2022-02-01/dokument/poznamkypodcarou/ppc_4;11615246;esel-esb:eli/cz/sb/2001/257/2022-02-01/dokument/poznamkypodcarou;pozn. 4;NA;4;NA;/5/3/;esel-esb:právní-akt-fragment/4961821;4961821;4961821;PPC;4) Například § 27 a násl. obchodního zákoníku, ve znění pozdějších předpisů, § 5 zákona č. 248/1995 Sb., o obecně prospěšných společnostech a o změně a doplnění některých zákonů, § 5 zákona č. 227/1997 Sb., o nadacích a nadačních fondech a o změně a doplnění některých souvisejících zákonů (zákon o nadacích a nadačních fondech).;notes;"<a data-odkaz-id=""12076057"" href=""#""  class=""ext_odkaz"">§ 5</a>";§ 5;12076057;ext_odkaz;NA;NA;NA;NA;esel-esb:právní-akt-odkaz/12076057;§ 5;JINEUSTAN;102167;esel-esb:eli/cz/sb/1995/248/1996-01-01/dokument/norma/cast_1/hlava_2/par_5;37827;esel-esb:eli/cz/sb/2001/257/0000-00-00/dokument/poznamkypodcarou/ppc_4;37827;2001/257;1995/248;2001/257;257/2001 Sb.
esel-esb:eli/cz/sb/2001/257/2022-02-01/dokument/poznamkypodcarou/ppc_4;11615246;esel-esb:eli/cz/sb/2001/257/2022-02-01/dokument/poznamkypodcarou;pozn. 4;NA;4;NA;/5/3/;esel-esb:právní-akt-fragment/4961821;4961821;4961821;PPC;4) Například § 27 a násl. obchodního zákoníku, ve znění pozdějších předpisů, § 5 zákona č. 248/1995 Sb., o obecně prospěšných společnostech a o změně a doplnění některých zákonů, § 5 zákona č. 227/1997 Sb., o nadacích a nadačních fondech a o změně a doplnění některých souvisejících zákonů (zákon o nadacích a nadačních fondech).;notes;"<a data-odkaz-id=""12076079"" href=""#""  class=""ext_odkaz"">zákona č. 248/1995 Sb., o obecně prospěšných společnostech a o změně a doplnění některých zákonů</a>";zákona č. 248/1995 Sb., o obecně prospěšných společnostech a o změně a doplnění některých zákonů;12076079;ext_odkaz;NA;NA;NA;NA;esel-esb:právní-akt-odkaz/12076079;zákona č. 248/1995 Sb.;JINYPRED;102167;esel-esb:eli/cz/sb/1995/248/1996-01-01/dokument;37827;esel-esb:eli/cz/sb/2001/257/0000-00-00/dokument/poznamkypodcarou/ppc_4;37827;2001/257;1995/248;2001/257;257/2001 Sb.
esel-esb:eli/cz/sb/2001/257/2022-02-01/dokument/poznamkypodcarou/ppc_4;11615246;esel-esb:eli/cz/sb/2001/257/2022-02-01/dokument/poznamkypodcarou;pozn. 4;NA;4;NA;/5/3/;esel-esb:právní-akt-fragment/4961821;4961821;4961821;PPC;4) Například § 27 a násl. obchodního zákoníku, ve znění pozdějších předpisů, § 5 zákona č. 248/1995 Sb., o obecně prospěšných společnostech a o změně a doplnění některých zákonů, § 5 zákona č. 227/1997 Sb., o nadacích a nadačních fondech a o změně a doplnění některých souvisejících zákonů (zákon o nadacích a nadačních fondech).;notes;"<a data-odkaz-id=""12076101"" href=""#""  class=""ext_odkaz"">§ 5</a>";§ 5;12076101;ext_odkaz;NA;NA;NA;NA;esel-esb:právní-akt-odkaz/12076101;§ 5;JINEUSTAN;104765;esel-esb:eli/cz/sb/1997/227/1998-01-01/dokument/norma/cast_1/hlava_2/par_5;37827;esel-esb:eli/cz/sb/2001/257/0000-00-00/dokument/poznamkypodcarou/ppc_4;37827;2001/257;1997/227;2001/257;257/2001 Sb.
esel-esb:eli/cz/sb/2001/257/2022-02-01/dokument/poznamkypodcarou/ppc_4;11615246;esel-esb:eli/cz/sb/2001/257/2022-02-01/dokument/poznamkypodcarou;pozn. 4;NA;4;NA;/5/3/;esel-esb:právní-akt-fragment/4961821;4961821;4961821;PPC;4) Například § 27 a násl. obchodního zákoníku, ve znění pozdějších předpisů, § 5 zákona č. 248/1995 Sb., o obecně prospěšných společnostech a o změně a doplnění některých zákonů, § 5 zákona č. 227/1997 Sb., o nadacích a nadačních fondech a o změně a doplnění některých souvisejících zákonů (zákon o nadacích a nadačních fondech).;notes;"<a data-odkaz-id=""12076123"" href=""#""  class=""ext_odkaz"">zákona č. 227/1997 Sb., o nadacích a nadačních fondech a o změně a doplnění některých souvisejících zákonů</a>";zákona č. 227/1997 Sb., o nadacích a nadačních fondech a o změně a doplnění některých souvisejících zákonů;12076123;ext_odkaz;NA;NA;NA;NA;esel-esb:právní-akt-odkaz/12076123;zákona č. 227/1997 Sb.;JINYPRED;104765;esel-esb:eli/cz/sb/1997/227/1998-01-01/dokument;37827;esel-esb:eli/cz/sb/2001/257/0000-00-00/dokument/poznamkypodcarou/ppc_4;37827;2001/257;1997/227;2001/257;257/2001 Sb.
esel-esb:eli/cz/sb/2001/257/2022-02-01/dokument/poznamkypodcarou/ppc_5;11615247;esel-esb:eli/cz/sb/2001/257/2022-02-01/dokument/poznamkypodcarou;pozn. 5;NA;5;NA;/5/4/;esel-esb:právní-akt-fragment/4961823;4961823;4961823;PPC;5) § 54 zákona č. 219/2000 Sb., o majetku České republiky a jejím vystupování v právních vztazích.;notes;"<a data-odkaz-id=""12076145"" href=""#""  class=""ext_odkaz"">§ 54</a>";§ 54;12076145;ext_odkaz;NA;NA;NA;NA;esel-esb:právní-akt-odkaz/12076145;§ 54;JINEUSTAN;110625;esel-esb:eli/cz/sb/2000/219/2001-06-30/dokument/norma/cast_5/par_54;37827;esel-esb:eli/cz/sb/2001/257/0000-00-00/dokument/poznamkypodcarou/ppc_5;37827;2001/257;2000/219;2001/257;257/2001 Sb.
esel-esb:eli/cz/sb/2001/257/2022-02-01/dokument/poznamkypodcarou/ppc_5;11615247;esel-esb:eli/cz/sb/2001/257/2022-02-01/dokument/poznamkypodcarou;pozn. 5;NA;5;NA;/5/4/;esel-esb:právní-akt-fragment/4961823;4961823;4961823;PPC;5) § 54 zákona č. 219/2000 Sb., o majetku České republiky a jejím vystupování v právních vztazích.;notes;"<a data-odkaz-id=""12076167"" href=""#""  class=""ext_odkaz"">zákona č. 219/2000 Sb., o majetku České republiky a jejím vystupování v právních vztazích</a>";zákona č. 219/2000 Sb., o majetku České republiky a jejím vystupování v právních vztazích;12076167;ext_odkaz;NA;NA;NA;NA;esel-esb:právní-akt-odkaz/12076167;zákona č. 219/2000 Sb.;JINYPRED;110625;esel-esb:eli/cz/sb/2000/219/2001-06-30/dokument;37827;esel-esb:eli/cz/sb/2001/257/0000-00-00/dokument/poznamkypodcarou/ppc_5;37827;2001/257;2000/219;2001/257;257/2001 Sb.
esel-esb:eli/cz/sb/2001/257/2022-02-01/dokument/poznamkypodcarou/ppc_6;11615248;esel-esb:eli/cz/sb/2001/257/2022-02-01/dokument/poznamkypodcarou;pozn. 6;NA;6;NA;/5/5/;esel-esb:právní-akt-fragment/4961825;4961825;4961825;PPC;6) Vyhláška č. 12/1965 Sb., o Úmluvě o výměně oficiálních publikací a vládních dokumentů mezi státy a Úmluvě o mezinárodní výměně publikací.;notes;"<a data-odkaz-id=""12076189"" href=""#""  class=""ext_odkaz"">Vyhláška č. 12/1965 Sb., o Úmluvě o výměně oficiálních publikací a vládních dokumentů mezi státy a Úmluvě o mezinárodní výměně publikací</a>";Vyhláška č. 12/1965 Sb., o Úmluvě o výměně oficiálních publikací a vládních dokumentů mezi státy a Úmluvě o mezinárodní výměně publikací;12076189;ext_odkaz;NA;NA;NA;NA;esel-esb:právní-akt-odkaz/12076189;Vyhláška č. 12/1965 Sb., o Úmluvě o výměně oficiálních publikací a vládních dokumentů mezi státy a Úmluvě o mezinárodní výměně publikací;JINYPRED;7881;esel-esb:eli/cz/sb/1965/12/0000-00-00/dokument;37827;esel-esb:eli/cz/sb/2001/257/0000-00-00/dokument/poznamkypodcarou/ppc_6;37827;2001/257;1965/12;2001/257;257/2001 Sb.
esel-esb:eli/cz/sb/2001/257/2022-02-01/dokument/poznamkypodcarou/ppc_7;11615249;esel-esb:eli/cz/sb/2001/257/2022-02-01/dokument/poznamkypodcarou;pozn. 7;NA;7;NA;/5/6/;esel-esb:právní-akt-fragment/4961829;4961829;4961827;PPC;7) Zákon č. 121/2000 Sb., ve znění pozdějších předpisů.;notes;"<a data-odkaz-id=""12076219"" href=""#""  class=""ext_odkaz"">Zákon č. 121/2000 Sb.</a>";Zákon č. 121/2000 Sb.;12076219;ext_odkaz;NA;NA;NA;NA;esel-esb:právní-akt-odkaz/12076219;Zákon č. 121/2000 Sb.;JINYPRED;109461;esel-esb:eli/cz/sb/2000/121/2006-05-22/dokument;114613;esel-esb:eli/cz/sb/2001/257/2006-05-22/dokument/poznamkypodcarou/ppc_7;114613;2001/257;2000/121;2001/257;257/2001 Sb.
esel-esb:eli/cz/sb/2001/257/2022-02-01/dokument/poznamkypodcarou/ppc_8;11615250;esel-esb:eli/cz/sb/2001/257/2022-02-01/dokument/poznamkypodcarou;pozn. 8;NA;8;NA;/5/7/;esel-esb:právní-akt-fragment/4961831;4961831;4961831;PPC;8) Zákon č. 218/2000 Sb., o rozpočtových pravidlech a o změně některých souvisejících zákonů (rozpočtová pravidla), ve znění pozdějších předpisů.;notes;"<a data-odkaz-id=""12076233"" href=""#""  class=""ext_odkaz"">Zákon č. 218/2000 Sb., o rozpočtových pravidlech a o změně některých souvisejících zákonů</a>";Zákon č. 218/2000 Sb., o rozpočtových pravidlech a o změně některých souvisejících zákonů;12076233;ext_odkaz;NA;NA;NA;NA;esel-esb:právní-akt-odkaz/12076233;Zákon č. 218/2000 Sb.;JINYPRED;110505;esel-esb:eli/cz/sb/2000/218/2001-06-14/dokument;37827;esel-esb:eli/cz/sb/2001/257/0000-00-00/dokument/poznamkypodcarou/ppc_8;37827;2001/257;2000/218;2001/257;257/2001 Sb.
esel-esb:eli/cz/sb/2001/257/2022-02-01/dokument/poznamkypodcarou/ppc_9;11615251;esel-esb:eli/cz/sb/2001/257/2022-02-01/dokument/poznamkypodcarou;pozn. 9;NA;9;NA;/5/8/;esel-esb:právní-akt-fragment/4961833;4961833;4961833;PPC;9) Zákon č. 563/1991 Sb., o účetnictví, ve znění pozdějších předpisů.;notes;"<a data-odkaz-id=""12076255"" href=""#""  class=""ext_odkaz"">Zákon č. 563/1991 Sb., o účetnictví</a>";Zákon č. 563/1991 Sb., o účetnictví;12076255;ext_odkaz;NA;NA;NA;NA;esel-esb:právní-akt-odkaz/12076255;Zákon č. 563/1991 Sb.;JINYPRED;92203;esel-esb:eli/cz/sb/1991/563/2001-01-01/dokument;37827;esel-esb:eli/cz/sb/2001/257/0000-00-00/dokument/poznamkypodcarou/ppc_9;37827;2001/257;1991/563;2001/257;257/2001 Sb.
esel-esb:eli/cz/sb/2001/257/2022-02-01/dokument/poznamkypodcarou/ppc_10;11615252;esel-esb:eli/cz/sb/2001/257/2022-02-01/dokument/poznamkypodcarou;pozn. 10;NA;10;NA;/5/9/;esel-esb:právní-akt-fragment/4961835;4961835;4961835;PPC;10) § 45 zákona č. 29/1984 Sb., o soustavě základních škol, středních škol a vyšších odborných škol (školský zákon), ve znění zákona č. 138/1995 Sb.;notes;"<a data-odkaz-id=""12076277"" href=""#""  class=""ext_odkaz"" data-version=""19960901"">§ 45</a>";§ 45;12076277;ext_odkaz;NA;NA;NA;NA;esel-esb:právní-akt-odkaz/12076277;§ 45;JINEUSTAN;84377;esel-esb:eli/cz/sb/1984/29/1996-09-01/dokument/norma/cast_6/par_45;37827;esel-esb:eli/cz/sb/2001/257/0000-00-00/dokument/poznamkypodcarou/ppc_10;37827;2001/257;1984/29;2001/257;257/2001 Sb.
esel-esb:eli/cz/sb/2001/257/2022-02-01/dokument/poznamkypodcarou/ppc_10;11615252;esel-esb:eli/cz/sb/2001/257/2022-02-01/dokument/poznamkypodcarou;pozn. 10;NA;10;NA;/5/9/;esel-esb:právní-akt-fragment/4961835;4961835;4961835;PPC;10) § 45 zákona č. 29/1984 Sb., o soustavě základních škol, středních škol a vyšších odborných škol (školský zákon), ve znění zákona č. 138/1995 Sb.;notes;"<a data-odkaz-id=""12076299"" href=""#""  class=""ext_odkaz"" data-version=""19960901"">zákona č. 29/1984 Sb.</a>";zákona č. 29/1984 Sb.;12076299;ext_odkaz;NA;NA;NA;NA;esel-esb:právní-akt-odkaz/12076299;zákona č. 29/1984 Sb.;JINYPRED;84377;esel-esb:eli/cz/sb/1984/29/1996-09-01/dokument;37827;esel-esb:eli/cz/sb/2001/257/0000-00-00/dokument/poznamkypodcarou/ppc_10;37827;2001/257;1984/29;2001/257;257/2001 Sb.
esel-esb:eli/cz/sb/2001/257/2022-02-01/dokument/poznamkypodcarou/ppc_10;11615252;esel-esb:eli/cz/sb/2001/257/2022-02-01/dokument/poznamkypodcarou;pozn. 10;NA;10;NA;/5/9/;esel-esb:právní-akt-fragment/4961835;4961835;4961835;PPC;10) § 45 zákona č. 29/1984 Sb., o soustavě základních škol, středních škol a vyšších odborných škol (školský zákon), ve znění zákona č. 138/1995 Sb.;notes;"<a data-odkaz-id=""12076321"" href=""#""  class=""ext_odkaz"">zákona č. 138/1995 Sb.</a>";zákona č. 138/1995 Sb.;12076321;ext_odkaz;NA;NA;NA;NA;esel-esb:právní-akt-odkaz/12076321;zákona č. 138/1995 Sb.;JINYPRED;101433;esel-esb:eli/cz/sb/1995/138/1996-09-01/dokument;37827;esel-esb:eli/cz/sb/2001/257/0000-00-00/dokument/poznamkypodcarou/ppc_10;37827;2001/257;1995/138;2001/257;257/2001 Sb.
esel-esb:eli/cz/sb/2001/257/2022-02-01/dokument/poznamkypodcarou/ppc_11;11615253;esel-esb:eli/cz/sb/2001/257/2022-02-01/dokument/poznamkypodcarou;pozn. 11;NA;11;NA;/5/10/;esel-esb:právní-akt-fragment/4961837;4961837;4961837;PPC;11) Například zákon č. 97/1974 Sb., o archivnictví, ve znění zákona č. 343/1992 Sb., a zákon č. 122/2000 Sb., o ochraně sbírek muzejní povahy a o změně některých dalších zákonů.;notes;"<a data-odkaz-id=""12076343"" href=""#""  class=""ext_odkaz"" data-version=""19920901"">zákon č. 97/1974 Sb., o archivnictví</a>";zákon č. 97/1974 Sb., o archivnictví;12076343;ext_odkaz;NA;NA;NA;NA;esel-esb:právní-akt-odkaz/12076343;zákon č. 97/1974 Sb.;JINYPRED;79989;esel-esb:eli/cz/sb/1974/97/1992-09-01/dokument;37827;esel-esb:eli/cz/sb/2001/257/0000-00-00/dokument/poznamkypodcarou/ppc_11;37827;2001/257;1974/97;2001/257;257/2001 Sb.
esel-esb:eli/cz/sb/2001/257/2022-02-01/dokument/poznamkypodcarou/ppc_11;11615253;esel-esb:eli/cz/sb/2001/257/2022-02-01/dokument/poznamkypodcarou;pozn. 11;NA;11;NA;/5/10/;esel-esb:právní-akt-fragment/4961837;4961837;4961837;PPC;11) Například zákon č. 97/1974 Sb., o archivnictví, ve znění zákona č. 343/1992 Sb., a zákon č. 122/2000 Sb., o ochraně sbírek muzejní povahy a o změně některých dalších zákonů.;notes;"<a data-odkaz-id=""12076365"" href=""#""  class=""ext_odkaz"">zákona č. 343/1992 Sb.</a>";zákona č. 343/1992 Sb.;12076365;ext_odkaz;NA;NA;NA;NA;esel-esb:právní-akt-odkaz/12076365;zákona č. 343/1992 Sb.;JINYPRED;94909;esel-esb:eli/cz/sb/1992/343/1992-09-01/dokument;37827;esel-esb:eli/cz/sb/2001/257/0000-00-00/dokument/poznamkypodcarou/ppc_11;37827;2001/257;1992/343;2001/257;257/2001 Sb.
esel-esb:eli/cz/sb/2001/257/2022-02-01/dokument/poznamkypodcarou/ppc_11;11615253;esel-esb:eli/cz/sb/2001/257/2022-02-01/dokument/poznamkypodcarou;pozn. 11;NA;11;NA;/5/10/;esel-esb:právní-akt-fragment/4961837;4961837;4961837;PPC;11) Například zákon č. 97/1974 Sb., o archivnictví, ve znění zákona č. 343/1992 Sb., a zákon č. 122/2000 Sb., o ochraně sbírek muzejní povahy a o změně některých dalších zákonů.;notes;"<a data-odkaz-id=""12076387"" href=""#""  class=""ext_odkaz"">zákon č. 122/2000 Sb., o ochraně sbírek muzejní povahy a o změně některých dalších zákonů</a>";zákon č. 122/2000 Sb., o ochraně sbírek muzejní povahy a o změně některých dalších zákonů;12076387;ext_odkaz;NA;NA;NA;NA;esel-esb:právní-akt-odkaz/12076387;zákon č. 122/2000 Sb.;JINYPRED;109503;esel-esb:eli/cz/sb/2000/122/2000-05-12/dokument;37827;esel-esb:eli/cz/sb/2001/257/0000-00-00/dokument/poznamkypodcarou/ppc_11;37827;2001/257;2000/122;2001/257;257/2001 Sb.
