fragment.iri;fragment.id;fragment.předek.iri;fragment.citace;fragment.citace.text;fragment.označení.uzlu;fragment.označení.uzlu.text;fragment.hierarchie;akt.fragment.iri;akt.fragment.id;fragment.base.id;typ.fragmentu;fragment.text_clean;source;tag;tag_clean;odkaz.id;class;data_eurlex;data_celexid;data_cellarid;data_orig_href;odkaz.iri;odkaz.citace.cíl;typ.vazba.odkazu;cíl.dokument.id;fragment.cíl.iri;fragment.cíl.dokument.id;fragment.zdroj.iri;fragment.zdroj.dokument.id;iri_z;iri_c;iri_v;akt.citace
esel-esb:eli/cz/sb/2017/262/2017-09-01/dokument/norma/cast_1/hlava_1/par_1/frag_10084945;22615404;esel-esb:eli/cz/sb/2017/262/2017-09-01/dokument/norma/cast_1/hlava_1/par_1;NA;NA;NA;NA;/2/1/2/2/2/;esel-esb:právní-akt-fragment/10084945;10084945;10084945;Odstavec_Dc;Tento zákon zapracovává příslušný předpis Evropské unie1) a upravuje některé otázky spojené s povinností nahradit škodu způsobenou porušením pravidel o hospodářské soutěži stanovených zákonem upravujícím ochranu hospodářské soutěže, právními předpisy jiného členského státu Evropské unie upravujícími ochranu hospodářské soutěže nebo předpisy Evropské unie, a to dohodou soutěžitelů nebo zneužitím dominantního postavení soutěžitelů (dále jen „omezování hospodářské soutěže“) a uplatňováním práva na náhradu škody z omezování hospodářské soutěže v těchto případech.;norms;"<a data-odkaz-id=""21484397"" href=""#""  class=""int_odkaz""><sup>1</sup>)</a>";1);21484397;int_odkaz;NA;NA;NA;NA;esel-esb:právní-akt-odkaz/21484397;<sup>1</sup>);POZNAMKA;57545;esel-esb:eli/cz/sb/2017/262/0000-00-00/dokument/poznamkypodcarou/ppc_1;57545;esel-esb:eli/cz/sb/2017/262/0000-00-00/dokument/norma/cast_1/hlava_1/par_1/frag_10084945;57545;2017/262;2017/262;2017/262;262/2017 Sb.
esel-esb:eli/cz/sb/2017/262/2017-09-01/dokument/norma/cast_1/hlava_1/par_1/frag_10084945;22615404;esel-esb:eli/cz/sb/2017/262/2017-09-01/dokument/norma/cast_1/hlava_1/par_1;NA;NA;NA;NA;/2/1/2/2/2/;esel-esb:právní-akt-fragment/10084945;10084945;10084945;Odstavec_Dc;Tento zákon zapracovává příslušný předpis Evropské unie1) a upravuje některé otázky spojené s povinností nahradit škodu způsobenou porušením pravidel o hospodářské soutěži stanovených zákonem upravujícím ochranu hospodářské soutěže, právními předpisy jiného členského státu Evropské unie upravujícími ochranu hospodářské soutěže nebo předpisy Evropské unie, a to dohodou soutěžitelů nebo zneužitím dominantního postavení soutěžitelů (dále jen „omezování hospodářské soutěže“) a uplatňováním práva na náhradu škody z omezování hospodářské soutěže v těchto případech.;norms;"<a data-odkaz-id=""21484403"" href=""#""  class=""ext_odkaz"">zákonem upravujícím ochranu hospodářské soutěže</a>";zákonem upravujícím ochranu hospodářské soutěže;21484403;ext_odkaz;NA;NA;NA;NA;esel-esb:právní-akt-odkaz/21484403;zákonem upravujícím ochranu hospodářské soutěže;JINYPRED;113773;esel-esb:eli/cz/sb/2001/143/2017-07-01/dokument;57545;esel-esb:eli/cz/sb/2017/262/0000-00-00/dokument/norma/cast_1/hlava_1/par_1/frag_10084945;57545;2017/262;2001/143;2017/262;262/2017 Sb.
esel-esb:eli/cz/sb/2017/262/2017-09-01/dokument/norma/cast_1/hlava_1/par_2/odst_1/pism_d/bod_2;22615413;esel-esb:eli/cz/sb/2017/262/2017-09-01/dokument/norma/cast_1/hlava_1/par_2/odst_1/pism_d;§ 2 odst. 1 písm. d) bod 2;NA;2;NA;/2/1/2/3/2/4/2/;esel-esb:právní-akt-fragment/10084963;10084963;10084963;Bod_Dd;2. Úřad pro ochranu hospodářské soutěže nebo jiný orgán určený podle přímo použitelného předpisu Evropské unie k uplatňování článků 101 a 102 Smlouvy o fungování Evropské unie2) a;norms;"<a data-odkaz-id=""21484409"" href=""#""  class=""int_odkaz""><sup>2</sup>)</a>";2);21484409;int_odkaz;NA;NA;NA;NA;esel-esb:právní-akt-odkaz/21484409;<sup>2</sup>);POZNAMKA;57545;esel-esb:eli/cz/sb/2017/262/0000-00-00/dokument/poznamkypodcarou/ppc_2;57545;esel-esb:eli/cz/sb/2017/262/0000-00-00/dokument/norma/cast_1/hlava_1/par_2/odst_1/pism_d/bod_2;57545;2017/262;2017/262;2017/262;262/2017 Sb.
esel-esb:eli/cz/sb/2017/262/2017-09-01/dokument/norma/cast_1/hlava_1/par_2/odst_1/pism_d/bod_3;22615414;esel-esb:eli/cz/sb/2017/262/2017-09-01/dokument/norma/cast_1/hlava_1/par_2/odst_1/pism_d;§ 2 odst. 1 písm. d) bod 3;NA;3;NA;/2/1/2/3/2/4/3/;esel-esb:právní-akt-fragment/10084965;10084965;10084965;Bod_Dd;3. orgán určený jiným členským státem podle přímo použitelného předpisu Evropské unie uvedeného v bodě 2,;norms;"<a data-odkaz-id=""21484415"" href=""#""  class=""int_odkaz"">bodě 2</a>";bodě 2;21484415;int_odkaz;NA;NA;NA;NA;esel-esb:právní-akt-odkaz/21484415;bodě 2;INTUSTAN;57545;esel-esb:eli/cz/sb/2017/262/0000-00-00/dokument/norma/cast_1/hlava_1/par_2/odst_1/pism_d/bod_2;57545;esel-esb:eli/cz/sb/2017/262/0000-00-00/dokument/norma/cast_1/hlava_1/par_2/odst_1/pism_d/bod_3;57545;2017/262;2017/262;2017/262;262/2017 Sb.
esel-esb:eli/cz/sb/2017/262/2017-09-01/dokument/norma/cast_1/hlava_1/par_2/odst_1/pism_f;22615416;esel-esb:eli/cz/sb/2017/262/2017-09-01/dokument/norma/cast_1/hlava_1/par_2/odst_1;§ 2 odst. 1 písm. f);NA;f;NA;/2/1/2/3/2/6/;esel-esb:právní-akt-fragment/10084969;10084969;10084969;Pismeno_Lb;f) programem shovívavosti program týkající se uplatňování článku 101 Smlouvy o fungování Evropské unie podle zákona upravujícího ochranu hospodářské soutěže3), podle příslušného ustanovení vnitrostátního práva členských států nebo podle předpisů Evropské unie, na jehož základě účastník tajného kartelu spolupracuje nezávisle na ostatních účastnících tohoto kartelu při šetření orgánu ochrany hospodářské soutěže tím, že dobrovolně poskytne informace o kartelu a o své úloze v něm, za což je u tohoto účastníka na základě rozhodnutí orgánu hospodářské soutěže upuštěno od uložení pokuty, která by mu jinak byla za jeho účast na kartelu uložena, nebo je mu pokuta snížena,;norms;"<a data-odkaz-id=""21484421"" href=""#""  class=""ext_odkaz"">zákona upravujícího ochranu hospodářské soutěže</a>";zákona upravujícího ochranu hospodářské soutěže;21484421;ext_odkaz;NA;NA;NA;NA;esel-esb:právní-akt-odkaz/21484421;zákona upravujícího ochranu hospodářské soutěže;JINYPRED;113773;esel-esb:eli/cz/sb/2001/143/2017-07-01/dokument;57545;esel-esb:eli/cz/sb/2017/262/0000-00-00/dokument/norma/cast_1/hlava_1/par_2/odst_1/pism_f;57545;2017/262;2001/143;2017/262;262/2017 Sb.
esel-esb:eli/cz/sb/2017/262/2017-09-01/dokument/norma/cast_1/hlava_1/par_2/odst_1/pism_f;22615416;esel-esb:eli/cz/sb/2017/262/2017-09-01/dokument/norma/cast_1/hlava_1/par_2/odst_1;§ 2 odst. 1 písm. f);NA;f;NA;/2/1/2/3/2/6/;esel-esb:právní-akt-fragment/10084969;10084969;10084969;Pismeno_Lb;f) programem shovívavosti program týkající se uplatňování článku 101 Smlouvy o fungování Evropské unie podle zákona upravujícího ochranu hospodářské soutěže3), podle příslušného ustanovení vnitrostátního práva členských států nebo podle předpisů Evropské unie, na jehož základě účastník tajného kartelu spolupracuje nezávisle na ostatních účastnících tohoto kartelu při šetření orgánu ochrany hospodářské soutěže tím, že dobrovolně poskytne informace o kartelu a o své úloze v něm, za což je u tohoto účastníka na základě rozhodnutí orgánu hospodářské soutěže upuštěno od uložení pokuty, která by mu jinak byla za jeho účast na kartelu uložena, nebo je mu pokuta snížena,;norms;"<a data-odkaz-id=""21484427"" href=""#""  class=""int_odkaz""><sup>3</sup>)</a>";3);21484427;int_odkaz;NA;NA;NA;NA;esel-esb:právní-akt-odkaz/21484427;<sup>3</sup>);POZNAMKA;57545;esel-esb:eli/cz/sb/2017/262/0000-00-00/dokument/poznamkypodcarou/ppc_3;57545;esel-esb:eli/cz/sb/2017/262/0000-00-00/dokument/norma/cast_1/hlava_1/par_2/odst_1/pism_f;57545;2017/262;2017/262;2017/262;262/2017 Sb.
esel-esb:eli/cz/sb/2017/262/2017-09-01/dokument/norma/cast_1/hlava_1/par_2/odst_1/pism_h;22615418;esel-esb:eli/cz/sb/2017/262/2017-09-01/dokument/norma/cast_1/hlava_1/par_2/odst_1;§ 2 odst. 1 písm. h);NA;h;NA;/2/1/2/3/2/8/;esel-esb:právní-akt-fragment/10084973;10084973;10084973;Pismeno_Lb;h) smírným vyrovnáním konečné uspořádání práv a povinností, které je výsledkem jakéhokoliv postupu umožňujícího dosáhnout smírného vyřešení sporu týkajícího se nároku na náhradu škody, zejména uzavření mimosoudní dohody, dohody o narovnání podle občanského zákoníku nebo uzavření a schválení soudního smíru podle občanského soudního řádu.;norms;"<a data-odkaz-id=""21484433"" href=""#""  class=""ext_odkaz"">občanského zákoníku</a>";občanského zákoníku;21484433;ext_odkaz;NA;NA;NA;NA;esel-esb:právní-akt-odkaz/21484433;občanského zákoníku;JINYPRED;141781;esel-esb:eli/cz/sb/2012/89/2017-02-28/dokument;57545;esel-esb:eli/cz/sb/2017/262/0000-00-00/dokument/norma/cast_1/hlava_1/par_2/odst_1/pism_h;57545;2017/262;2012/89;2017/262;262/2017 Sb.
esel-esb:eli/cz/sb/2017/262/2017-09-01/dokument/norma/cast_1/hlava_1/par_2/odst_1/pism_h;22615418;esel-esb:eli/cz/sb/2017/262/2017-09-01/dokument/norma/cast_1/hlava_1/par_2/odst_1;§ 2 odst. 1 písm. h);NA;h;NA;/2/1/2/3/2/8/;esel-esb:právní-akt-fragment/10084973;10084973;10084973;Pismeno_Lb;h) smírným vyrovnáním konečné uspořádání práv a povinností, které je výsledkem jakéhokoliv postupu umožňujícího dosáhnout smírného vyřešení sporu týkajícího se nároku na náhradu škody, zejména uzavření mimosoudní dohody, dohody o narovnání podle občanského zákoníku nebo uzavření a schválení soudního smíru podle občanského soudního řádu.;norms;"<a data-odkaz-id=""21484439"" href=""#""  class=""ext_odkaz"">občanského soudního řádu</a>";občanského soudního řádu;21484439;ext_odkaz;NA;NA;NA;NA;esel-esb:právní-akt-odkaz/21484439;občanského soudního řádu;JINYPRED;73455;esel-esb:eli/cz/sb/1963/99/2017-08-15/dokument;57545;esel-esb:eli/cz/sb/2017/262/0000-00-00/dokument/norma/cast_1/hlava_1/par_2/odst_1/pism_h;57545;2017/262;1963/99;2017/262;262/2017 Sb.
esel-esb:eli/cz/sb/2017/262/2017-09-01/dokument/norma/cast_1/hlava_1/par_2/odst_2/pism_c;22615422;esel-esb:eli/cz/sb/2017/262/2017-09-01/dokument/norma/cast_1/hlava_1/par_2/odst_2;§ 2 odst. 2 písm. c);NA;c;NA;/2/1/2/3/3/3/;esel-esb:právní-akt-fragment/10084981;10084981;10084981;Pismeno_Lb;c) podklady a informace, které byly předloženy výslovně pro účely správního řízení nebo výkonu dozoru orgánem ochrany hospodářské soutěže, podklady a informace za takovým účelem vypracované tímto orgánem a prohlášení podle písmene b), která byla vzata zpět.;norms;"<a data-odkaz-id=""21484445"" href=""#""  class=""int_odkaz"">písmene b)</a>";písmene b);21484445;int_odkaz;NA;NA;NA;NA;esel-esb:právní-akt-odkaz/21484445;písmene b);INTUSTAN;57545;esel-esb:eli/cz/sb/2017/262/0000-00-00/dokument/norma/cast_1/hlava_1/par_2/odst_2/pism_b;57545;esel-esb:eli/cz/sb/2017/262/0000-00-00/dokument/norma/cast_1/hlava_1/par_2/odst_2/pism_c;57545;2017/262;2017/262;2017/262;262/2017 Sb.
esel-esb:eli/cz/sb/2017/262/2017-09-01/dokument/norma/cast_1/hlava_2/par_4/odst_1;22615430;esel-esb:eli/cz/sb/2017/262/2017-09-01/dokument/norma/cast_1/hlava_2/par_4;§ 4 odst. 1;NA;1;NA;/2/1/3/3/2/;esel-esb:právní-akt-fragment/10084997;10084997;10084997;Odstavec_Dc;"(1) Škoda se nahrazuje v plné výši; ustanovení § 2953 občanského zákoníku se nepoužije. Škoda je nahrazena v plné výši, jestliže je poškozenému nahrazeno také znehodnocení peněz, ke kterému došlo s ohledem na plynutí času od vzniku škody. Náhrada škody nesmí vést k nadměrnému odškodnění.";norms;"<a data-odkaz-id=""21484451"" href=""#""  class=""ext_odkaz"">§ 2953</a>";§ 2953;21484451;ext_odkaz;NA;NA;NA;NA;esel-esb:právní-akt-odkaz/21484451;§ 2953;JINEUSTAN;141781;esel-esb:eli/cz/sb/2012/89/2017-02-28/dokument/norma/cast_4/hlava_3/dil_1/oddil_3/pododdil_1/par_2953;57545;esel-esb:eli/cz/sb/2017/262/0000-00-00/dokument/norma/cast_1/hlava_2/par_4/odst_1;57545;2017/262;2012/89;2017/262;262/2017 Sb.
esel-esb:eli/cz/sb/2017/262/2017-09-01/dokument/norma/cast_1/hlava_2/par_4/odst_1;22615430;esel-esb:eli/cz/sb/2017/262/2017-09-01/dokument/norma/cast_1/hlava_2/par_4;§ 4 odst. 1;NA;1;NA;/2/1/3/3/2/;esel-esb:právní-akt-fragment/10084997;10084997;10084997;Odstavec_Dc;"(1) Škoda se nahrazuje v plné výši; ustanovení § 2953 občanského zákoníku se nepoužije. Škoda je nahrazena v plné výši, jestliže je poškozenému nahrazeno také znehodnocení peněz, ke kterému došlo s ohledem na plynutí času od vzniku škody. Náhrada škody nesmí vést k nadměrnému odškodnění.";norms;"<a data-odkaz-id=""21484457"" href=""#""  class=""ext_odkaz"">občanského zákoníku</a>";občanského zákoníku;21484457;ext_odkaz;NA;NA;NA;NA;esel-esb:právní-akt-odkaz/21484457;občanského zákoníku;JINYPRED;141781;esel-esb:eli/cz/sb/2012/89/2017-02-28/dokument;57545;esel-esb:eli/cz/sb/2017/262/0000-00-00/dokument/norma/cast_1/hlava_2/par_4/odst_1;57545;2017/262;2012/89;2017/262;262/2017 Sb.
esel-esb:eli/cz/sb/2017/262/2017-09-01/dokument/norma/cast_1/hlava_2/par_7/odst_1;22615443;esel-esb:eli/cz/sb/2017/262/2017-09-01/dokument/norma/cast_1/hlava_2/par_7;§ 7 odst. 1;NA;1;NA;/2/1/3/7/1/;esel-esb:právní-akt-fragment/10085023;10085023;10085023;Odstavec_Dc;(1) V případě škody způsobené několika škůdci nahradí škůdce, který je malým a středním podnikatelem4), škodu způsobenou omezováním hospodářské soutěže pouze svým přímým nebo nepřímým odběratelům nebo dodavatelům, pokud;norms;"<a data-odkaz-id=""21484463"" href=""#""  class=""int_odkaz""><sup>4</sup>)</a>";4);21484463;int_odkaz;NA;NA;NA;NA;esel-esb:právní-akt-odkaz/21484463;<sup>4</sup>);POZNAMKA;57545;esel-esb:eli/cz/sb/2017/262/0000-00-00/dokument/poznamkypodcarou/ppc_4;57545;esel-esb:eli/cz/sb/2017/262/0000-00-00/dokument/norma/cast_1/hlava_2/par_7/odst_1;57545;2017/262;2017/262;2017/262;262/2017 Sb.
esel-esb:eli/cz/sb/2017/262/2017-09-01/dokument/norma/cast_1/hlava_2/par_7/odst_2;22615446;esel-esb:eli/cz/sb/2017/262/2017-09-01/dokument/norma/cast_1/hlava_2/par_7;§ 7 odst. 2;NA;2;NA;/2/1/3/7/2/;esel-esb:právní-akt-fragment/10085029;10085029;10085029;Odstavec_Dc;(2) Škůdce, který je malým a středním podnikatelem, splňující podmínky podle odstavce 1 nahradí škodu také jiným poškozeným než svým přímým nebo nepřímým odběratelům a dodavatelům, pokud;norms;"<a data-odkaz-id=""21484469"" href=""#""  class=""int_odkaz"">odstavce 1</a>";odstavce 1;21484469;int_odkaz;NA;NA;NA;NA;esel-esb:právní-akt-odkaz/21484469;odstavce 1;INTUSTAN;57545;esel-esb:eli/cz/sb/2017/262/0000-00-00/dokument/norma/cast_1/hlava_2/par_7/odst_1;57545;esel-esb:eli/cz/sb/2017/262/0000-00-00/dokument/norma/cast_1/hlava_2/par_7/odst_2;57545;2017/262;2017/262;2017/262;262/2017 Sb.
esel-esb:eli/cz/sb/2017/262/2017-09-01/dokument/norma/cast_1/hlava_2/par_7/odst_3;22615450;esel-esb:eli/cz/sb/2017/262/2017-09-01/dokument/norma/cast_1/hlava_2/par_7;§ 7 odst. 3;NA;3;NA;/2/1/3/7/3/;esel-esb:právní-akt-fragment/10085037;10085037;10085037;Odstavec_Dc;(3) Škůdce, který je malým a středním podnikatelem, splňující podmínky podle odstavce 1 není povinen k náhradě škody jiným poškozeným než svým přímým nebo nepřímým odběratelům nebo dodavatelům, jsou-li pohledávky na náhradu škody jiných poškozených vůči dalším škůdcům promlčeny.;norms;"<a data-odkaz-id=""21484475"" href=""#""  class=""int_odkaz"">odstavce 1</a>";odstavce 1;21484475;int_odkaz;NA;NA;NA;NA;esel-esb:právní-akt-odkaz/21484475;odstavce 1;INTUSTAN;57545;esel-esb:eli/cz/sb/2017/262/0000-00-00/dokument/norma/cast_1/hlava_2/par_7/odst_1;57545;esel-esb:eli/cz/sb/2017/262/0000-00-00/dokument/norma/cast_1/hlava_2/par_7/odst_3;57545;2017/262;2017/262;2017/262;262/2017 Sb.
esel-esb:eli/cz/sb/2017/262/2017-09-01/dokument/norma/cast_1/hlava_2/par_8/odst_2;22615453;esel-esb:eli/cz/sb/2017/262/2017-09-01/dokument/norma/cast_1/hlava_2/par_8;§ 8 odst. 2;NA;2;NA;/2/1/3/8/2/;esel-esb:právní-akt-fragment/10085043;10085043;10085043;Odstavec_Dc;(2) Škůdce zúčastněný na smírném vyrovnání není povinen nahradit zbývající část náhrady škody podle odstavce 1, jsou-li pohledávky na náhradu škody vůči dalším škůdcům promlčeny.;norms;"<a data-odkaz-id=""21484481"" href=""#""  class=""int_odkaz"">odstavce 1</a>";odstavce 1;21484481;int_odkaz;NA;NA;NA;NA;esel-esb:právní-akt-odkaz/21484481;odstavce 1;INTUSTAN;57545;esel-esb:eli/cz/sb/2017/262/0000-00-00/dokument/norma/cast_1/hlava_2/par_8/odst_1;57545;esel-esb:eli/cz/sb/2017/262/0000-00-00/dokument/norma/cast_1/hlava_2/par_8/odst_2;57545;2017/262;2017/262;2017/262;262/2017 Sb.
esel-esb:eli/cz/sb/2017/262/2017-09-01/dokument/norma/cast_1/hlava_2/par_9/odst_1;22615458;esel-esb:eli/cz/sb/2017/262/2017-09-01/dokument/norma/cast_1/hlava_2/par_9;§ 9 odst. 1;NA;1;NA;/2/1/3/9/2/;esel-esb:právní-akt-fragment/10085053;10085053;10085053;Odstavec_Dc;"(1) Promlčecí lhůta pro uplatnění práva na náhradu škody podle tohoto zákona trvá 5 let; ustanovení § 629 a 636 občanského zákoníku se nepoužijí.";norms;"<a data-odkaz-id=""21484487"" href=""#""  class=""ext_odkaz"">§ 629</a>";§ 629;21484487;ext_odkaz;NA;NA;NA;NA;esel-esb:právní-akt-odkaz/21484487;§ 629;JINEUSTAN;141781;esel-esb:eli/cz/sb/2012/89/2017-02-28/dokument/norma/cast_1/hlava_5/dil_3/oddil_1/pododdil_2/par_629;57545;esel-esb:eli/cz/sb/2017/262/0000-00-00/dokument/norma/cast_1/hlava_2/par_9/odst_1;57545;2017/262;2012/89;2017/262;262/2017 Sb.
esel-esb:eli/cz/sb/2017/262/2017-09-01/dokument/norma/cast_1/hlava_2/par_9/odst_1;22615458;esel-esb:eli/cz/sb/2017/262/2017-09-01/dokument/norma/cast_1/hlava_2/par_9;§ 9 odst. 1;NA;1;NA;/2/1/3/9/2/;esel-esb:právní-akt-fragment/10085053;10085053;10085053;Odstavec_Dc;"(1) Promlčecí lhůta pro uplatnění práva na náhradu škody podle tohoto zákona trvá 5 let; ustanovení § 629 a 636 občanského zákoníku se nepoužijí.";norms;"<a data-odkaz-id=""21484493"" href=""#""  class=""ext_odkaz"">636</a>";636;21484493;ext_odkaz;NA;NA;NA;NA;esel-esb:právní-akt-odkaz/21484493;636;JINEUSTAN;141781;esel-esb:eli/cz/sb/2012/89/2017-02-28/dokument/norma/cast_1/hlava_5/dil_3/oddil_1/pododdil_2/par_636;57545;esel-esb:eli/cz/sb/2017/262/0000-00-00/dokument/norma/cast_1/hlava_2/par_9/odst_1;57545;2017/262;2012/89;2017/262;262/2017 Sb.
esel-esb:eli/cz/sb/2017/262/2017-09-01/dokument/norma/cast_1/hlava_2/par_9/odst_1;22615458;esel-esb:eli/cz/sb/2017/262/2017-09-01/dokument/norma/cast_1/hlava_2/par_9;§ 9 odst. 1;NA;1;NA;/2/1/3/9/2/;esel-esb:právní-akt-fragment/10085053;10085053;10085053;Odstavec_Dc;"(1) Promlčecí lhůta pro uplatnění práva na náhradu škody podle tohoto zákona trvá 5 let; ustanovení § 629 a 636 občanského zákoníku se nepoužijí.";norms;"<a data-odkaz-id=""21484499"" href=""#""  class=""ext_odkaz"">občanského zákoníku</a>";občanského zákoníku;21484499;ext_odkaz;NA;NA;NA;NA;esel-esb:právní-akt-odkaz/21484499;občanského zákoníku;JINYPRED;141781;esel-esb:eli/cz/sb/2012/89/2017-02-28/dokument;57545;esel-esb:eli/cz/sb/2017/262/0000-00-00/dokument/norma/cast_1/hlava_2/par_9/odst_1;57545;2017/262;2012/89;2017/262;262/2017 Sb.
esel-esb:eli/cz/sb/2017/262/2017-09-01/dokument/norma/cast_1/hlava_3/dil_1/par_10/odst_3;22615477;esel-esb:eli/cz/sb/2017/262/2017-09-01/dokument/norma/cast_1/hlava_3/dil_1/par_10;§ 10 odst. 3;NA;3;NA;/2/1/4/2/2/3/;esel-esb:právní-akt-fragment/10085091;10085091;10085091;Odstavec_Dc;(3) Návrh na zpřístupnění dokumentů nebo sdělení, kde se nacházejí, podle odstavce 1 (dále jen „návrh na zpřístupnění dokumentů“) musí kromě náležitostí podle § 42 odst. 4 a § 79 odst. 1 občanského soudního řádu obsahovat co nejpřesnější označení dokumentů, jak to odpovídá dostupným skutečnostem.;norms;"<a data-odkaz-id=""21484763"" href=""#""  class=""int_odkaz"">odstavce 1</a>";odstavce 1;21484763;int_odkaz;NA;NA;NA;NA;esel-esb:právní-akt-odkaz/21484763;odstavce 1;INTUSTAN;57545;esel-esb:eli/cz/sb/2017/262/0000-00-00/dokument/norma/cast_1/hlava_3/dil_1/par_10/odst_1;57545;esel-esb:eli/cz/sb/2017/262/0000-00-00/dokument/norma/cast_1/hlava_3/dil_1/par_10/odst_3;57545;2017/262;2017/262;2017/262;262/2017 Sb.
esel-esb:eli/cz/sb/2017/262/2017-09-01/dokument/norma/cast_1/hlava_3/dil_1/par_10/odst_3;22615477;esel-esb:eli/cz/sb/2017/262/2017-09-01/dokument/norma/cast_1/hlava_3/dil_1/par_10;§ 10 odst. 3;NA;3;NA;/2/1/4/2/2/3/;esel-esb:právní-akt-fragment/10085091;10085091;10085091;Odstavec_Dc;(3) Návrh na zpřístupnění dokumentů nebo sdělení, kde se nacházejí, podle odstavce 1 (dále jen „návrh na zpřístupnění dokumentů“) musí kromě náležitostí podle § 42 odst. 4 a § 79 odst. 1 občanského soudního řádu obsahovat co nejpřesnější označení dokumentů, jak to odpovídá dostupným skutečnostem.;norms;"<a data-odkaz-id=""21484769"" href=""#""  class=""ext_odkaz"">§ 42 odst. 4</a>";§ 42 odst. 4;21484769;ext_odkaz;NA;NA;NA;NA;esel-esb:právní-akt-odkaz/21484769;§ 42 odst. 4;JINEUSTAN;73253;esel-esb:eli/cz/sb/1963/99/1993-01-01/dokument/norma/cast_1/hlava_4/par_42/odst_3;57545;esel-esb:eli/cz/sb/2017/262/0000-00-00/dokument/norma/cast_1/hlava_3/dil_1/par_10/odst_3;57545;2017/262;1963/99;2017/262;262/2017 Sb.
esel-esb:eli/cz/sb/2017/262/2017-09-01/dokument/norma/cast_1/hlava_3/dil_1/par_10/odst_3;22615477;esel-esb:eli/cz/sb/2017/262/2017-09-01/dokument/norma/cast_1/hlava_3/dil_1/par_10;§ 10 odst. 3;NA;3;NA;/2/1/4/2/2/3/;esel-esb:právní-akt-fragment/10085091;10085091;10085091;Odstavec_Dc;(3) Návrh na zpřístupnění dokumentů nebo sdělení, kde se nacházejí, podle odstavce 1 (dále jen „návrh na zpřístupnění dokumentů“) musí kromě náležitostí podle § 42 odst. 4 a § 79 odst. 1 občanského soudního řádu obsahovat co nejpřesnější označení dokumentů, jak to odpovídá dostupným skutečnostem.;norms;"<a data-odkaz-id=""21484775"" href=""#""  class=""ext_odkaz"">§ 79 odst. 1</a>";§ 79 odst. 1;21484775;ext_odkaz;NA;NA;NA;NA;esel-esb:právní-akt-odkaz/21484775;§ 79 odst. 1;JINEUSTAN;73249;esel-esb:eli/cz/sb/1963/99/1991-10-01/dokument/norma/cast_3/hlava_1/par_79/odst_1;57545;esel-esb:eli/cz/sb/2017/262/0000-00-00/dokument/norma/cast_1/hlava_3/dil_1/par_10/odst_3;57545;2017/262;1963/99;2017/262;262/2017 Sb.
esel-esb:eli/cz/sb/2017/262/2017-09-01/dokument/norma/cast_1/hlava_3/dil_1/par_10/odst_3;22615477;esel-esb:eli/cz/sb/2017/262/2017-09-01/dokument/norma/cast_1/hlava_3/dil_1/par_10;§ 10 odst. 3;NA;3;NA;/2/1/4/2/2/3/;esel-esb:právní-akt-fragment/10085091;10085091;10085091;Odstavec_Dc;(3) Návrh na zpřístupnění dokumentů nebo sdělení, kde se nacházejí, podle odstavce 1 (dále jen „návrh na zpřístupnění dokumentů“) musí kromě náležitostí podle § 42 odst. 4 a § 79 odst. 1 občanského soudního řádu obsahovat co nejpřesnější označení dokumentů, jak to odpovídá dostupným skutečnostem.;norms;"<a data-odkaz-id=""21484781"" href=""#""  class=""ext_odkaz"">občanského soudního řádu</a>";občanského soudního řádu;21484781;ext_odkaz;NA;NA;NA;NA;esel-esb:právní-akt-odkaz/21484781;občanského soudního řádu;JINYPRED;73455;esel-esb:eli/cz/sb/1963/99/2017-08-15/dokument;57545;esel-esb:eli/cz/sb/2017/262/0000-00-00/dokument/norma/cast_1/hlava_3/dil_1/par_10/odst_3;57545;2017/262;1963/99;2017/262;262/2017 Sb.
esel-esb:eli/cz/sb/2017/262/2017-09-01/dokument/norma/cast_1/hlava_3/dil_1/par_15/odst_1;22615502;esel-esb:eli/cz/sb/2017/262/2017-09-01/dokument/norma/cast_1/hlava_3/dil_1/par_15;§ 15 odst. 1;NA;1;NA;/2/1/4/2/7/1/;esel-esb:právní-akt-fragment/10085141;10085141;10085141;Odstavec_Dc;(1) Nelze zpřístupnit důvěrné informace podle § 2 odst. 2 písm. a) nebo b). Navrhovatel může kdykoli za řízení v odůvodněných případech požadovat, aby byly soudu dokumenty předloženy za účelem ověření, že obsahují tyto informace. Nepodá-li navrhovatel žádost a má-li předseda senátu za to, že dokumenty mohou obsahovat důvěrné informace podle § 2 odst. 2 písm. a) nebo b), vyzve předseda senátu navrhovatele k podání žádosti v určené lhůtě.;norms;"<a data-odkaz-id=""21484787"" href=""#""  class=""int_odkaz"">§ 2 odst. 2 písm. a)</a>";§ 2 odst. 2 písm. a);21484787;int_odkaz;NA;NA;NA;NA;esel-esb:právní-akt-odkaz/21484787;§ 2 odst. 2 písm. a);INTUSTAN;57545;esel-esb:eli/cz/sb/2017/262/0000-00-00/dokument/norma/cast_1/hlava_1/par_2/odst_2/pism_a;57545;esel-esb:eli/cz/sb/2017/262/0000-00-00/dokument/norma/cast_1/hlava_3/dil_1/par_15/odst_1;57545;2017/262;2017/262;2017/262;262/2017 Sb.
esel-esb:eli/cz/sb/2017/262/2017-09-01/dokument/norma/cast_1/hlava_3/dil_1/par_15/odst_1;22615502;esel-esb:eli/cz/sb/2017/262/2017-09-01/dokument/norma/cast_1/hlava_3/dil_1/par_15;§ 15 odst. 1;NA;1;NA;/2/1/4/2/7/1/;esel-esb:právní-akt-fragment/10085141;10085141;10085141;Odstavec_Dc;(1) Nelze zpřístupnit důvěrné informace podle § 2 odst. 2 písm. a) nebo b). Navrhovatel může kdykoli za řízení v odůvodněných případech požadovat, aby byly soudu dokumenty předloženy za účelem ověření, že obsahují tyto informace. Nepodá-li navrhovatel žádost a má-li předseda senátu za to, že dokumenty mohou obsahovat důvěrné informace podle § 2 odst. 2 písm. a) nebo b), vyzve předseda senátu navrhovatele k podání žádosti v určené lhůtě.;norms;"<a data-odkaz-id=""21484793"" href=""#""  class=""int_odkaz"">b)</a>";b);21484793;int_odkaz;NA;NA;NA;NA;esel-esb:právní-akt-odkaz/21484793;b);INTUSTAN;57545;esel-esb:eli/cz/sb/2017/262/0000-00-00/dokument/norma/cast_1/hlava_1/par_2/odst_2/pism_b;57545;esel-esb:eli/cz/sb/2017/262/0000-00-00/dokument/norma/cast_1/hlava_3/dil_1/par_15/odst_1;57545;2017/262;2017/262;2017/262;262/2017 Sb.
esel-esb:eli/cz/sb/2017/262/2017-09-01/dokument/norma/cast_1/hlava_3/dil_1/par_15/odst_1;22615502;esel-esb:eli/cz/sb/2017/262/2017-09-01/dokument/norma/cast_1/hlava_3/dil_1/par_15;§ 15 odst. 1;NA;1;NA;/2/1/4/2/7/1/;esel-esb:právní-akt-fragment/10085141;10085141;10085141;Odstavec_Dc;(1) Nelze zpřístupnit důvěrné informace podle § 2 odst. 2 písm. a) nebo b). Navrhovatel může kdykoli za řízení v odůvodněných případech požadovat, aby byly soudu dokumenty předloženy za účelem ověření, že obsahují tyto informace. Nepodá-li navrhovatel žádost a má-li předseda senátu za to, že dokumenty mohou obsahovat důvěrné informace podle § 2 odst. 2 písm. a) nebo b), vyzve předseda senátu navrhovatele k podání žádosti v určené lhůtě.;norms;"<a data-odkaz-id=""21484799"" href=""#""  class=""int_odkaz"">§ 2 odst. 2 písm. a)</a>";§ 2 odst. 2 písm. a);21484799;int_odkaz;NA;NA;NA;NA;esel-esb:právní-akt-odkaz/21484799;§ 2 odst. 2 písm. a);INTUSTAN;57545;esel-esb:eli/cz/sb/2017/262/0000-00-00/dokument/norma/cast_1/hlava_1/par_2/odst_2/pism_a;57545;esel-esb:eli/cz/sb/2017/262/0000-00-00/dokument/norma/cast_1/hlava_3/dil_1/par_15/odst_1;57545;2017/262;2017/262;2017/262;262/2017 Sb.
esel-esb:eli/cz/sb/2017/262/2017-09-01/dokument/norma/cast_1/hlava_3/dil_1/par_15/odst_1;22615502;esel-esb:eli/cz/sb/2017/262/2017-09-01/dokument/norma/cast_1/hlava_3/dil_1/par_15;§ 15 odst. 1;NA;1;NA;/2/1/4/2/7/1/;esel-esb:právní-akt-fragment/10085141;10085141;10085141;Odstavec_Dc;(1) Nelze zpřístupnit důvěrné informace podle § 2 odst. 2 písm. a) nebo b). Navrhovatel může kdykoli za řízení v odůvodněných případech požadovat, aby byly soudu dokumenty předloženy za účelem ověření, že obsahují tyto informace. Nepodá-li navrhovatel žádost a má-li předseda senátu za to, že dokumenty mohou obsahovat důvěrné informace podle § 2 odst. 2 písm. a) nebo b), vyzve předseda senátu navrhovatele k podání žádosti v určené lhůtě.;norms;"<a data-odkaz-id=""21484805"" href=""#""  class=""int_odkaz"">b)</a>";b);21484805;int_odkaz;NA;NA;NA;NA;esel-esb:právní-akt-odkaz/21484805;b);INTUSTAN;57545;esel-esb:eli/cz/sb/2017/262/0000-00-00/dokument/norma/cast_1/hlava_1/par_2/odst_2/pism_b;57545;esel-esb:eli/cz/sb/2017/262/0000-00-00/dokument/norma/cast_1/hlava_3/dil_1/par_15/odst_1;57545;2017/262;2017/262;2017/262;262/2017 Sb.
esel-esb:eli/cz/sb/2017/262/2017-09-01/dokument/norma/cast_1/hlava_3/dil_1/par_15/odst_2;22615503;esel-esb:eli/cz/sb/2017/262/2017-09-01/dokument/norma/cast_1/hlava_3/dil_1/par_15;§ 15 odst. 2;NA;2;NA;/2/1/4/2/7/2/;esel-esb:právní-akt-fragment/10085143;10085143;10085143;Odstavec_Dc;(2) Neprovede-li předseda senátu k žádosti navrhovatele ověření podle odstavce 1, vypořádá se s důvody svého postupu v odůvodnění rozhodnutí o návrhu na zpřístupnění dokumentů.;norms;"<a data-odkaz-id=""21484811"" href=""#""  class=""int_odkaz"">odstavce 1</a>";odstavce 1;21484811;int_odkaz;NA;NA;NA;NA;esel-esb:právní-akt-odkaz/21484811;odstavce 1;INTUSTAN;57545;esel-esb:eli/cz/sb/2017/262/0000-00-00/dokument/norma/cast_1/hlava_3/dil_1/par_15/odst_1;57545;esel-esb:eli/cz/sb/2017/262/0000-00-00/dokument/norma/cast_1/hlava_3/dil_1/par_15/odst_2;57545;2017/262;2017/262;2017/262;262/2017 Sb.
esel-esb:eli/cz/sb/2017/262/2017-09-01/dokument/norma/cast_1/hlava_3/dil_1/par_15/odst_3;22615504;esel-esb:eli/cz/sb/2017/262/2017-09-01/dokument/norma/cast_1/hlava_3/dil_1/par_15;§ 15 odst. 3;NA;3;NA;/2/1/4/2/7/3/;esel-esb:právní-akt-fragment/10085145;10085145;10085145;Odstavec_Dc;(3) Provede-li předseda senátu k žádosti navrhovatele ověření podle odstavce 1, vyhotoví o průběhu ověření protokol obsahující rovněž závěr ověření. Při nahlížení do spisu nelze nahlížet do protokolu o ověření. Ověření se provede mimo jednání bez přítomnosti účastníků. O součinnost při ověřování může soud požádat pouze příslušný orgán ochrany hospodářské soutěže. Dokumenty se po ověření vrátí tomu, kdo je předložil.;norms;"<a data-odkaz-id=""21484817"" href=""#""  class=""int_odkaz"">odstavce 1</a>";odstavce 1;21484817;int_odkaz;NA;NA;NA;NA;esel-esb:právní-akt-odkaz/21484817;odstavce 1;INTUSTAN;57545;esel-esb:eli/cz/sb/2017/262/0000-00-00/dokument/norma/cast_1/hlava_3/dil_1/par_15/odst_1;57545;esel-esb:eli/cz/sb/2017/262/0000-00-00/dokument/norma/cast_1/hlava_3/dil_1/par_15/odst_3;57545;2017/262;2017/262;2017/262;262/2017 Sb.
esel-esb:eli/cz/sb/2017/262/2017-09-01/dokument/norma/cast_1/hlava_3/dil_1/par_15/odst_4;22615505;esel-esb:eli/cz/sb/2017/262/2017-09-01/dokument/norma/cast_1/hlava_3/dil_1/par_15;§ 15 odst. 4;NA;4;NA;/2/1/4/2/7/4/;esel-esb:právní-akt-fragment/10085147;10085147;10085147;Odstavec_Dc;(4) Uložit povinnost zpřístupnit důvěrné informace podle § 2 odst. 2 písm. c) lze nejdříve po právní moci rozhodnutí orgánu ochrany hospodářské soutěže o ukončení správního řízení.;norms;"<a data-odkaz-id=""21484823"" href=""#""  class=""int_odkaz"">§ 2 odst. 2 písm. c)</a>";§ 2 odst. 2 písm. c);21484823;int_odkaz;NA;NA;NA;NA;esel-esb:právní-akt-odkaz/21484823;§ 2 odst. 2 písm. c);INTUSTAN;57545;esel-esb:eli/cz/sb/2017/262/0000-00-00/dokument/norma/cast_1/hlava_1/par_2/odst_2/pism_c;57545;esel-esb:eli/cz/sb/2017/262/0000-00-00/dokument/norma/cast_1/hlava_3/dil_1/par_15/odst_4;57545;2017/262;2017/262;2017/262;262/2017 Sb.
esel-esb:eli/cz/sb/2017/262/2017-09-01/dokument/norma/cast_1/hlava_3/dil_1/par_16/odst_1/pism_a;22615509;esel-esb:eli/cz/sb/2017/262/2017-09-01/dokument/norma/cast_1/hlava_3/dil_1/par_16/odst_1;§ 16 odst. 1 písm. a);NA;a;NA;/2/1/4/2/8/1/1/;esel-esb:právní-akt-fragment/10085155;10085155;10085155;Pismeno_Lb;a) jde o dokumenty obsahující důvěrné informace podle § 2 odst. 2 písm. c),;norms;"<a data-odkaz-id=""21484829"" href=""#""  class=""int_odkaz"">§ 2 odst. 2 písm. c)</a>";§ 2 odst. 2 písm. c);21484829;int_odkaz;NA;NA;NA;NA;esel-esb:právní-akt-odkaz/21484829;§ 2 odst. 2 písm. c);INTUSTAN;57545;esel-esb:eli/cz/sb/2017/262/0000-00-00/dokument/norma/cast_1/hlava_1/par_2/odst_2/pism_c;57545;esel-esb:eli/cz/sb/2017/262/0000-00-00/dokument/norma/cast_1/hlava_3/dil_1/par_16/odst_1/pism_a;57545;2017/262;2017/262;2017/262;262/2017 Sb.
esel-esb:eli/cz/sb/2017/262/2017-09-01/dokument/norma/cast_1/hlava_3/dil_1/par_16/odst_3;22615513;esel-esb:eli/cz/sb/2017/262/2017-09-01/dokument/norma/cast_1/hlava_3/dil_1/par_16;§ 16 odst. 3;NA;3;NA;/2/1/4/2/8/3/;esel-esb:právní-akt-fragment/10085163;10085163;10085163;Odstavec_Dc;(3) Dokumenty obsahující důvěrné informace podle § 2 odst. 2 písm. c) lze za podmínek podle odstavců 1 a 2 zpřístupnit až po ukončení šetření nebo právní moci rozhodnutí orgánu ochrany hospodářské soutěže o ukončení správního řízení.;norms;"<a data-odkaz-id=""21484835"" href=""#""  class=""int_odkaz"">§ 2 odst. 2 písm. c)</a>";§ 2 odst. 2 písm. c);21484835;int_odkaz;NA;NA;NA;NA;esel-esb:právní-akt-odkaz/21484835;§ 2 odst. 2 písm. c);INTUSTAN;57545;esel-esb:eli/cz/sb/2017/262/0000-00-00/dokument/norma/cast_1/hlava_1/par_2/odst_2/pism_c;57545;esel-esb:eli/cz/sb/2017/262/0000-00-00/dokument/norma/cast_1/hlava_3/dil_1/par_16/odst_3;57545;2017/262;2017/262;2017/262;262/2017 Sb.
esel-esb:eli/cz/sb/2017/262/2017-09-01/dokument/norma/cast_1/hlava_3/dil_1/par_16/odst_3;22615513;esel-esb:eli/cz/sb/2017/262/2017-09-01/dokument/norma/cast_1/hlava_3/dil_1/par_16;§ 16 odst. 3;NA;3;NA;/2/1/4/2/8/3/;esel-esb:právní-akt-fragment/10085163;10085163;10085163;Odstavec_Dc;(3) Dokumenty obsahující důvěrné informace podle § 2 odst. 2 písm. c) lze za podmínek podle odstavců 1 a 2 zpřístupnit až po ukončení šetření nebo právní moci rozhodnutí orgánu ochrany hospodářské soutěže o ukončení správního řízení.;norms;"<a data-odkaz-id=""21484841"" href=""#""  class=""int_odkaz"">odstavců 1</a>";odstavců 1;21484841;int_odkaz;NA;NA;NA;NA;esel-esb:právní-akt-odkaz/21484841;odstavců 1;INTUSTAN;57545;esel-esb:eli/cz/sb/2017/262/0000-00-00/dokument/norma/cast_1/hlava_3/dil_1/par_16/odst_1;57545;esel-esb:eli/cz/sb/2017/262/0000-00-00/dokument/norma/cast_1/hlava_3/dil_1/par_16/odst_3;57545;2017/262;2017/262;2017/262;262/2017 Sb.
esel-esb:eli/cz/sb/2017/262/2017-09-01/dokument/norma/cast_1/hlava_3/dil_1/par_16/odst_3;22615513;esel-esb:eli/cz/sb/2017/262/2017-09-01/dokument/norma/cast_1/hlava_3/dil_1/par_16;§ 16 odst. 3;NA;3;NA;/2/1/4/2/8/3/;esel-esb:právní-akt-fragment/10085163;10085163;10085163;Odstavec_Dc;(3) Dokumenty obsahující důvěrné informace podle § 2 odst. 2 písm. c) lze za podmínek podle odstavců 1 a 2 zpřístupnit až po ukončení šetření nebo právní moci rozhodnutí orgánu ochrany hospodářské soutěže o ukončení správního řízení.;norms;"<a data-odkaz-id=""21484847"" href=""#""  class=""int_odkaz"">2</a>";2;21484847;int_odkaz;NA;NA;NA;NA;esel-esb:právní-akt-odkaz/21484847;2;INTUSTAN;57545;esel-esb:eli/cz/sb/2017/262/0000-00-00/dokument/norma/cast_1/hlava_3/dil_1/par_16/odst_2;57545;esel-esb:eli/cz/sb/2017/262/0000-00-00/dokument/norma/cast_1/hlava_3/dil_1/par_16/odst_3;57545;2017/262;2017/262;2017/262;262/2017 Sb.
esel-esb:eli/cz/sb/2017/262/2017-09-01/dokument/norma/cast_1/hlava_3/dil_1/par_16/odst_4;22615514;esel-esb:eli/cz/sb/2017/262/2017-09-01/dokument/norma/cast_1/hlava_3/dil_1/par_16;§ 16 odst. 4;NA;4;NA;/2/1/4/2/8/4/;esel-esb:právní-akt-fragment/10085165;10085165;10085165;Odstavec_Dc;(4) Dokumenty obsažené ve spisu orgánu ochrany hospodářské soutěže lze za podmínek podle odstavců 1 a 2 zpřístupnit, pokud je lze opatřit jinak pouze za vynaložení úsilí, které nelze spravedlivě požadovat.;norms;"<a data-odkaz-id=""21504779"" href=""#""  class=""int_odkaz"">odstavců 1</a>";odstavců 1;21504779;int_odkaz;NA;NA;NA;NA;esel-esb:právní-akt-odkaz/21504779;odstavců 1;INTUSTAN;57545;esel-esb:eli/cz/sb/2017/262/0000-00-00/dokument/norma/cast_1/hlava_3/dil_1/par_16/odst_1;57545;esel-esb:eli/cz/sb/2017/262/0000-00-00/dokument/norma/cast_1/hlava_3/dil_1/par_16/odst_4;57545;2017/262;2017/262;2017/262;262/2017 Sb.
esel-esb:eli/cz/sb/2017/262/2017-09-01/dokument/norma/cast_1/hlava_3/dil_1/par_16/odst_4;22615514;esel-esb:eli/cz/sb/2017/262/2017-09-01/dokument/norma/cast_1/hlava_3/dil_1/par_16;§ 16 odst. 4;NA;4;NA;/2/1/4/2/8/4/;esel-esb:právní-akt-fragment/10085165;10085165;10085165;Odstavec_Dc;(4) Dokumenty obsažené ve spisu orgánu ochrany hospodářské soutěže lze za podmínek podle odstavců 1 a 2 zpřístupnit, pokud je lze opatřit jinak pouze za vynaložení úsilí, které nelze spravedlivě požadovat.;norms;"<a data-odkaz-id=""21504785"" href=""#""  class=""int_odkaz"">2</a>";2;21504785;int_odkaz;NA;NA;NA;NA;esel-esb:právní-akt-odkaz/21504785;2;INTUSTAN;57545;esel-esb:eli/cz/sb/2017/262/0000-00-00/dokument/norma/cast_1/hlava_3/dil_1/par_16/odst_2;57545;esel-esb:eli/cz/sb/2017/262/0000-00-00/dokument/norma/cast_1/hlava_3/dil_1/par_16/odst_4;57545;2017/262;2017/262;2017/262;262/2017 Sb.
esel-esb:eli/cz/sb/2017/262/2017-09-01/dokument/norma/cast_1/hlava_3/dil_1/par_17/odst_2;22615521;esel-esb:eli/cz/sb/2017/262/2017-09-01/dokument/norma/cast_1/hlava_3/dil_1/par_17;§ 17 odst. 2;NA;2;NA;/2/1/4/2/9/2/;esel-esb:právní-akt-fragment/10085179;10085179;10085179;Odstavec_Dc;(2) Určit osobu podle odstavce 1 písm. a) a b) nelze bez jejího souhlasu.;norms;"<a data-odkaz-id=""21504791"" href=""#""  class=""int_odkaz"">odstavce 1 písm. a)</a>";odstavce 1 písm. a);21504791;int_odkaz;NA;NA;NA;NA;esel-esb:právní-akt-odkaz/21504791;odstavce 1 písm. a);INTUSTAN;57545;esel-esb:eli/cz/sb/2017/262/0000-00-00/dokument/norma/cast_1/hlava_3/dil_1/par_17/odst_1/pism_a;57545;esel-esb:eli/cz/sb/2017/262/0000-00-00/dokument/norma/cast_1/hlava_3/dil_1/par_17/odst_2;57545;2017/262;2017/262;2017/262;262/2017 Sb.
esel-esb:eli/cz/sb/2017/262/2017-09-01/dokument/norma/cast_1/hlava_3/dil_1/par_17/odst_2;22615521;esel-esb:eli/cz/sb/2017/262/2017-09-01/dokument/norma/cast_1/hlava_3/dil_1/par_17;§ 17 odst. 2;NA;2;NA;/2/1/4/2/9/2/;esel-esb:právní-akt-fragment/10085179;10085179;10085179;Odstavec_Dc;(2) Určit osobu podle odstavce 1 písm. a) a b) nelze bez jejího souhlasu.;norms;"<a data-odkaz-id=""21504797"" href=""#""  class=""int_odkaz"">b)</a>";b);21504797;int_odkaz;NA;NA;NA;NA;esel-esb:právní-akt-odkaz/21504797;b);INTUSTAN;57545;esel-esb:eli/cz/sb/2017/262/0000-00-00/dokument/norma/cast_1/hlava_3/dil_1/par_17/odst_1/pism_b;57545;esel-esb:eli/cz/sb/2017/262/0000-00-00/dokument/norma/cast_1/hlava_3/dil_1/par_17/odst_2;57545;2017/262;2017/262;2017/262;262/2017 Sb.
esel-esb:eli/cz/sb/2017/262/2017-09-01/dokument/norma/cast_1/hlava_3/dil_1/par_17/odst_3/pism_a;22615523;esel-esb:eli/cz/sb/2017/262/2017-09-01/dokument/norma/cast_1/hlava_3/dil_1/par_17/odst_3;§ 17 odst. 3 písm. a);NA;a;NA;/2/1/4/2/9/3/1/;esel-esb:právní-akt-fragment/10085183;10085183;10085183;Pismeno_Lb;"a) zaplatil odměnu osobám podle odstavce 1 písm. b) určeným v rozhodnutí; výši odměny nebo způsob jejího výpočtu, její splatnost, popřípadě další podmínky odměňování, určuje předseda senátu v rozhodnutí, a";norms;"<a data-odkaz-id=""21504803"" href=""#""  class=""int_odkaz"">odstavce 1 písm. b)</a>";odstavce 1 písm. b);21504803;int_odkaz;NA;NA;NA;NA;esel-esb:právní-akt-odkaz/21504803;odstavce 1 písm. b);INTUSTAN;57545;esel-esb:eli/cz/sb/2017/262/0000-00-00/dokument/norma/cast_1/hlava_3/dil_1/par_17/odst_1/pism_b;57545;esel-esb:eli/cz/sb/2017/262/0000-00-00/dokument/norma/cast_1/hlava_3/dil_1/par_17/odst_3/pism_a;57545;2017/262;2017/262;2017/262;262/2017 Sb.
esel-esb:eli/cz/sb/2017/262/2017-09-01/dokument/norma/cast_1/hlava_3/dil_1/par_17/odst_3/pism_b;22615524;esel-esb:eli/cz/sb/2017/262/2017-09-01/dokument/norma/cast_1/hlava_3/dil_1/par_17/odst_3;§ 17 odst. 3 písm. b);NA;b;NA;/2/1/4/2/9/3/2/;esel-esb:právní-akt-fragment/10085185;10085185;10085185;Pismeno_Lb;"b) nahradil účelně vynaložené náklady opatření podle odstavce 1 písm. c) nařízených v rozhodnutí; výši nákladů a podmínky jejich nahrazení určí předseda senátu v rozhodnutí.";norms;"<a data-odkaz-id=""21504809"" href=""#""  class=""int_odkaz"">odstavce 1 písm. c)</a>";odstavce 1 písm. c);21504809;int_odkaz;NA;NA;NA;NA;esel-esb:právní-akt-odkaz/21504809;odstavce 1 písm. c);INTUSTAN;57545;esel-esb:eli/cz/sb/2017/262/0000-00-00/dokument/norma/cast_1/hlava_3/dil_1/par_17/odst_1/pism_c;57545;esel-esb:eli/cz/sb/2017/262/0000-00-00/dokument/norma/cast_1/hlava_3/dil_1/par_17/odst_3/pism_b;57545;2017/262;2017/262;2017/262;262/2017 Sb.
esel-esb:eli/cz/sb/2017/262/2017-09-01/dokument/norma/cast_1/hlava_3/dil_1/par_17/odst_4;22615525;esel-esb:eli/cz/sb/2017/262/2017-09-01/dokument/norma/cast_1/hlava_3/dil_1/par_17;§ 17 odst. 4;NA;4;NA;/2/1/4/2/9/4/;esel-esb:právní-akt-fragment/10085187;10085187;10085187;Odstavec_Dc;(4) Navrhovatel a osoby podle odstavce 1 jsou povinni o dokumentech zachovávat mlčenlivost.;norms;"<a data-odkaz-id=""21504815"" href=""#""  class=""int_odkaz"">odstavce 1</a>";odstavce 1;21504815;int_odkaz;NA;NA;NA;NA;esel-esb:právní-akt-odkaz/21504815;odstavce 1;INTUSTAN;57545;esel-esb:eli/cz/sb/2017/262/0000-00-00/dokument/norma/cast_1/hlava_3/dil_1/par_17/odst_1;57545;esel-esb:eli/cz/sb/2017/262/0000-00-00/dokument/norma/cast_1/hlava_3/dil_1/par_17/odst_4;57545;2017/262;2017/262;2017/262;262/2017 Sb.
esel-esb:eli/cz/sb/2017/262/2017-09-01/dokument/norma/cast_1/hlava_3/dil_1/par_20/odst_1/pism_b;22615540;esel-esb:eli/cz/sb/2017/262/2017-09-01/dokument/norma/cast_1/hlava_3/dil_1/par_20/odst_1;§ 20 odst. 1 písm. b);NA;b;NA;/2/1/4/2/13/1/2/;esel-esb:právní-akt-fragment/10085217;10085217;10085217;Pismeno_Lb;b) splnění povinností podle písmene a) znemožnil nebo podstatně ztížil,;norms;"<a data-odkaz-id=""21504821"" href=""#""  class=""int_odkaz"">písmene a)</a>";písmene a);21504821;int_odkaz;NA;NA;NA;NA;esel-esb:právní-akt-odkaz/21504821;písmene a);INTUSTAN;57545;esel-esb:eli/cz/sb/2017/262/0000-00-00/dokument/norma/cast_1/hlava_3/dil_1/par_20/odst_1/pism_a;57545;esel-esb:eli/cz/sb/2017/262/0000-00-00/dokument/norma/cast_1/hlava_3/dil_1/par_20/odst_1/pism_b;57545;2017/262;2017/262;2017/262;262/2017 Sb.
esel-esb:eli/cz/sb/2017/262/2017-09-01/dokument/norma/cast_1/hlava_3/dil_1/par_20/odst_2;22615542;esel-esb:eli/cz/sb/2017/262/2017-09-01/dokument/norma/cast_1/hlava_3/dil_1/par_20;§ 20 odst. 2;NA;2;NA;/2/1/4/2/13/2/;esel-esb:právní-akt-fragment/10085221;10085221;10085221;Odstavec_Dc;(2) Je-li ten, kdo se protiprávního činu dopustil, součástí soutěžitele5), vyměřuje se procentuálně stanovená pokuta z čistého obratu dosaženého za poslední ukončené účetní období soutěžitelem.;norms;"<a data-odkaz-id=""21504827"" href=""#""  class=""int_odkaz""><sup>5</sup>)</a>";5);21504827;int_odkaz;NA;NA;NA;NA;esel-esb:právní-akt-odkaz/21504827;<sup>5</sup>);POZNAMKA;57545;esel-esb:eli/cz/sb/2017/262/0000-00-00/dokument/poznamkypodcarou/ppc_5;57545;esel-esb:eli/cz/sb/2017/262/0000-00-00/dokument/norma/cast_1/hlava_3/dil_1/par_20/odst_2;57545;2017/262;2017/262;2017/262;262/2017 Sb.
esel-esb:eli/cz/sb/2017/262/2017-09-01/dokument/norma/cast_1/hlava_3/dil_1/par_23/odst_2;22615554;esel-esb:eli/cz/sb/2017/262/2017-09-01/dokument/norma/cast_1/hlava_3/dil_1/par_23;§ 23 odst. 2;NA;2;NA;/2/1/4/2/16/2/;esel-esb:právní-akt-fragment/10085245;10085245;10085245;Odstavec_Dc;(2) Není-li povinnost splněna ani poté, kdy byla uložena pokuta, předseda senátu v řízení uloží za podmínek podle § 20 až 22 další pokutu nebo řízení usnesením zastaví.;norms;"<a data-odkaz-id=""21504833"" href=""#""  class=""int_odkaz"">§ 20 až 22</a>";§ 20 až 22;21504833;int_odkaz;NA;NA;NA;NA;esel-esb:právní-akt-odkaz/21504833;§ 20 až 22;INTUSTAN;57545;esel-esb:eli/cz/sb/2017/262/0000-00-00/dokument/norma/cast_1/hlava_3/dil_1/par_20;57545;esel-esb:eli/cz/sb/2017/262/0000-00-00/dokument/norma/cast_1/hlava_3/dil_1/par_23/odst_2;57545;2017/262;2017/262;2017/262;262/2017 Sb.
esel-esb:eli/cz/sb/2017/262/2017-09-01/dokument/norma/cast_1/hlava_3/dil_2/oddil_1/par_30/odst_2;22615584;esel-esb:eli/cz/sb/2017/262/2017-09-01/dokument/norma/cast_1/hlava_3/dil_2/oddil_1/par_30;§ 30 odst. 2;NA;2;NA;/2/1/4/3/2/7/3/;esel-esb:právní-akt-fragment/10085305;10085305;10085305;Odstavec_Dc;(2) Odstavec 1 se nepoužije, jestliže žalovaný osvědčí, že k přenesení navýšení ceny zcela nebo částečně nedošlo.;norms;"<a data-odkaz-id=""21504839"" href=""#""  class=""int_odkaz"">Odstavec 1</a>";Odstavec 1;21504839;int_odkaz;NA;NA;NA;NA;esel-esb:právní-akt-odkaz/21504839;Odstavec 1;INTUSTAN;57545;esel-esb:eli/cz/sb/2017/262/0000-00-00/dokument/norma/cast_1/hlava_3/dil_2/oddil_1/par_30/odst_1;57545;esel-esb:eli/cz/sb/2017/262/0000-00-00/dokument/norma/cast_1/hlava_3/dil_2/oddil_1/par_30/odst_2;57545;2017/262;2017/262;2017/262;262/2017 Sb.
esel-esb:eli/cz/sb/2017/262/2017-09-01/dokument/norma/cast_1/hlava_3/dil_2/oddil_1/par_31/odst_1;22615586;esel-esb:eli/cz/sb/2017/262/2017-09-01/dokument/norma/cast_1/hlava_3/dil_2/oddil_1/par_31;§ 31 odst. 1;NA;1;NA;/2/1/4/3/2/8/1/;esel-esb:právní-akt-fragment/10085309;10085309;10085309;Odstavec_Dc;(1) Není přípustné provedení důkazu dokumenty, které obsahují důvěrné informace podle § 2 odst. 2 písm. a) nebo b) a které byly získány výhradně v rámci výkonu práva nahlížet do spisu.;norms;"<a data-odkaz-id=""21504845"" href=""#""  class=""int_odkaz"">§ 2 odst. 2 písm. a)</a>";§ 2 odst. 2 písm. a);21504845;int_odkaz;NA;NA;NA;NA;esel-esb:právní-akt-odkaz/21504845;§ 2 odst. 2 písm. a);INTUSTAN;57545;esel-esb:eli/cz/sb/2017/262/0000-00-00/dokument/norma/cast_1/hlava_1/par_2/odst_2/pism_a;57545;esel-esb:eli/cz/sb/2017/262/0000-00-00/dokument/norma/cast_1/hlava_3/dil_2/oddil_1/par_31/odst_1;57545;2017/262;2017/262;2017/262;262/2017 Sb.
esel-esb:eli/cz/sb/2017/262/2017-09-01/dokument/norma/cast_1/hlava_3/dil_2/oddil_1/par_31/odst_1;22615586;esel-esb:eli/cz/sb/2017/262/2017-09-01/dokument/norma/cast_1/hlava_3/dil_2/oddil_1/par_31;§ 31 odst. 1;NA;1;NA;/2/1/4/3/2/8/1/;esel-esb:právní-akt-fragment/10085309;10085309;10085309;Odstavec_Dc;(1) Není přípustné provedení důkazu dokumenty, které obsahují důvěrné informace podle § 2 odst. 2 písm. a) nebo b) a které byly získány výhradně v rámci výkonu práva nahlížet do spisu.;norms;"<a data-odkaz-id=""21504851"" href=""#""  class=""int_odkaz"">b)</a>";b);21504851;int_odkaz;NA;NA;NA;NA;esel-esb:právní-akt-odkaz/21504851;b);INTUSTAN;57545;esel-esb:eli/cz/sb/2017/262/0000-00-00/dokument/norma/cast_1/hlava_1/par_2/odst_2/pism_b;57545;esel-esb:eli/cz/sb/2017/262/0000-00-00/dokument/norma/cast_1/hlava_3/dil_2/oddil_1/par_31/odst_1;57545;2017/262;2017/262;2017/262;262/2017 Sb.
esel-esb:eli/cz/sb/2017/262/2017-09-01/dokument/norma/cast_1/hlava_3/dil_2/oddil_1/par_31/odst_2;22615587;esel-esb:eli/cz/sb/2017/262/2017-09-01/dokument/norma/cast_1/hlava_3/dil_2/oddil_1/par_31;§ 31 odst. 2;NA;2;NA;/2/1/4/3/2/8/2/;esel-esb:právní-akt-fragment/10085311;10085311;10085311;Odstavec_Dc;(2) Není přípustné provedení důkazu dokumenty, které obsahují důvěrné informace podle § 2 odst. 2 písm. c) a které byly získány výhradně v rámci výkonu práva nahlížet do spisu, a to do ukončení šetření nebo právní moci rozhodnutí orgánu ochrany hospodářské soutěže o ukončení správního řízení.;norms;"<a data-odkaz-id=""21504857"" href=""#""  class=""int_odkaz"">§ 2 odst. 2 písm. c)</a>";§ 2 odst. 2 písm. c);21504857;int_odkaz;NA;NA;NA;NA;esel-esb:právní-akt-odkaz/21504857;§ 2 odst. 2 písm. c);INTUSTAN;57545;esel-esb:eli/cz/sb/2017/262/0000-00-00/dokument/norma/cast_1/hlava_1/par_2/odst_2/pism_c;57545;esel-esb:eli/cz/sb/2017/262/0000-00-00/dokument/norma/cast_1/hlava_3/dil_2/oddil_1/par_31/odst_2;57545;2017/262;2017/262;2017/262;262/2017 Sb.
esel-esb:eli/cz/sb/2017/262/2017-09-01/dokument/norma/cast_1/hlava_3/dil_2/oddil_1/par_31/odst_3;22615588;esel-esb:eli/cz/sb/2017/262/2017-09-01/dokument/norma/cast_1/hlava_3/dil_2/oddil_1/par_31;§ 31 odst. 3;NA;3;NA;/2/1/4/3/2/8/3/;esel-esb:právní-akt-fragment/10085313;10085313;10085313;Odstavec_Dc;(3) Není přípustné provedení důkazu ani jinými dokumenty, které byly získány výhradně v rámci výkonu práva nahlížet do spisu, neuvedenými v odstavcích 1 a 2, ledaže se jich dovolává ten, kdo je takto získal, nebo jeho právní nástupce.;norms;"<a data-odkaz-id=""21504863"" href=""#""  class=""int_odkaz"">odstavcích 1</a>";odstavcích 1;21504863;int_odkaz;NA;NA;NA;NA;esel-esb:právní-akt-odkaz/21504863;odstavcích 1;INTUSTAN;57545;esel-esb:eli/cz/sb/2017/262/0000-00-00/dokument/norma/cast_1/hlava_3/dil_2/oddil_1/par_31/odst_1;57545;esel-esb:eli/cz/sb/2017/262/0000-00-00/dokument/norma/cast_1/hlava_3/dil_2/oddil_1/par_31/odst_3;57545;2017/262;2017/262;2017/262;262/2017 Sb.
esel-esb:eli/cz/sb/2017/262/2017-09-01/dokument/norma/cast_1/hlava_3/dil_2/oddil_1/par_31/odst_3;22615588;esel-esb:eli/cz/sb/2017/262/2017-09-01/dokument/norma/cast_1/hlava_3/dil_2/oddil_1/par_31;§ 31 odst. 3;NA;3;NA;/2/1/4/3/2/8/3/;esel-esb:právní-akt-fragment/10085313;10085313;10085313;Odstavec_Dc;(3) Není přípustné provedení důkazu ani jinými dokumenty, které byly získány výhradně v rámci výkonu práva nahlížet do spisu, neuvedenými v odstavcích 1 a 2, ledaže se jich dovolává ten, kdo je takto získal, nebo jeho právní nástupce.;norms;"<a data-odkaz-id=""21504869"" href=""#""  class=""int_odkaz"">2</a>";2;21504869;int_odkaz;NA;NA;NA;NA;esel-esb:právní-akt-odkaz/21504869;2;INTUSTAN;57545;esel-esb:eli/cz/sb/2017/262/0000-00-00/dokument/norma/cast_1/hlava_3/dil_2/oddil_1/par_31/odst_2;57545;esel-esb:eli/cz/sb/2017/262/0000-00-00/dokument/norma/cast_1/hlava_3/dil_2/oddil_1/par_31/odst_3;57545;2017/262;2017/262;2017/262;262/2017 Sb.
esel-esb:eli/cz/sb/2017/262/2017-09-01/dokument/norma/cast_1/hlava_3/dil_2/oddil_1/par_31/odst_4;22615589;esel-esb:eli/cz/sb/2017/262/2017-09-01/dokument/norma/cast_1/hlava_3/dil_2/oddil_1/par_31;§ 31 odst. 4;NA;4;NA;/2/1/4/3/2/8/4/;esel-esb:právní-akt-fragment/10085315;10085315;10085315;Odstavec_Dc;(4) Soud řízení na návrh přeruší do doby, než bude provedení důkazu podle odstavce 2 přípustné, jestliže se to nepříčí účelu řízení.;norms;"<a data-odkaz-id=""21504875"" href=""#""  class=""int_odkaz"">odstavce 2</a>";odstavce 2;21504875;int_odkaz;NA;NA;NA;NA;esel-esb:právní-akt-odkaz/21504875;odstavce 2;INTUSTAN;57545;esel-esb:eli/cz/sb/2017/262/0000-00-00/dokument/norma/cast_1/hlava_3/dil_2/oddil_1/par_31/odst_2;57545;esel-esb:eli/cz/sb/2017/262/0000-00-00/dokument/norma/cast_1/hlava_3/dil_2/oddil_1/par_31/odst_4;57545;2017/262;2017/262;2017/262;262/2017 Sb.
esel-esb:eli/cz/sb/2017/262/2017-09-01/dokument/norma/cast_1/hlava_3/dil_2/oddil_2/par_33/frag_10085329;22615596;esel-esb:eli/cz/sb/2017/262/2017-09-01/dokument/norma/cast_1/hlava_3/dil_2/oddil_2/par_33;NA;NA;NA;NA;/2/1/4/3/3/2/1/;esel-esb:právní-akt-fragment/10085329;10085329;10085329;Odstavec_Dc;"K řízení o nárocích škůdců na vypořádání podle tohoto zákona, kteří jsou zavázáni k náhradě škody společně a nerozdílně, je příslušný soud, který je příslušný k řízení o náhradě škody způsobené omezováním hospodářské soutěže; soud je v řízení vázán rozhodnutím jiných orgánů v rozsahu podle občanského soudního řádu.";norms;"<a data-odkaz-id=""21504881"" href=""#""  class=""ext_odkaz"">občanského soudního řádu</a>";občanského soudního řádu;21504881;ext_odkaz;NA;NA;NA;NA;esel-esb:právní-akt-odkaz/21504881;občanského soudního řádu;JINYPRED;73455;esel-esb:eli/cz/sb/1963/99/2017-08-15/dokument;57545;esel-esb:eli/cz/sb/2017/262/0000-00-00/dokument/norma/cast_1/hlava_3/dil_2/oddil_2/par_33/frag_10085329;57545;2017/262;1963/99;2017/262;262/2017 Sb.
esel-esb:eli/cz/sb/2017/262/2017-09-01/dokument/norma/cast_1/hlava_4/par_34/odst_1;22615601;esel-esb:eli/cz/sb/2017/262/2017-09-01/dokument/norma/cast_1/hlava_4/par_34;§ 34 odst. 1;NA;1;NA;/2/1/5/3/1/;esel-esb:právní-akt-fragment/10085339;10085339;10085339;Odstavec_Dc;(1) Nestanoví-li tento zákon jinak, postupuje se v řízení o návrhu na zpřístupnění dokumentů přiměřeně podle občanského soudního řádu, a není-li to při rozhodování o uložení pokuty možné, podle zákona o zvláštních řízeních soudních.;norms;"<a data-odkaz-id=""21504887"" href=""#""  class=""ext_odkaz"">občanského soudního řádu</a>";občanského soudního řádu;21504887;ext_odkaz;NA;NA;NA;NA;esel-esb:právní-akt-odkaz/21504887;občanského soudního řádu;JINYPRED;73455;esel-esb:eli/cz/sb/1963/99/2017-08-15/dokument;57545;esel-esb:eli/cz/sb/2017/262/0000-00-00/dokument/norma/cast_1/hlava_4/par_34/odst_1;57545;2017/262;1963/99;2017/262;262/2017 Sb.
esel-esb:eli/cz/sb/2017/262/2017-09-01/dokument/norma/cast_1/hlava_4/par_34/odst_1;22615601;esel-esb:eli/cz/sb/2017/262/2017-09-01/dokument/norma/cast_1/hlava_4/par_34;§ 34 odst. 1;NA;1;NA;/2/1/5/3/1/;esel-esb:právní-akt-fragment/10085339;10085339;10085339;Odstavec_Dc;(1) Nestanoví-li tento zákon jinak, postupuje se v řízení o návrhu na zpřístupnění dokumentů přiměřeně podle občanského soudního řádu, a není-li to při rozhodování o uložení pokuty možné, podle zákona o zvláštních řízeních soudních.;norms;"<a data-odkaz-id=""21504893"" href=""#""  class=""ext_odkaz"">o zvláštních řízeních soudních</a>";o zvláštních řízeních soudních;21504893;ext_odkaz;NA;NA;NA;NA;esel-esb:právní-akt-odkaz/21504893;o zvláštních řízeních soudních;JINYPRED;144695;esel-esb:eli/cz/sb/2013/292/2017-02-28/dokument;57545;esel-esb:eli/cz/sb/2017/262/0000-00-00/dokument/norma/cast_1/hlava_4/par_34/odst_1;57545;2017/262;2013/292;2017/262;262/2017 Sb.
esel-esb:eli/cz/sb/2017/262/2017-09-01/dokument/norma/cast_1/hlava_4/par_34/odst_2;22615602;esel-esb:eli/cz/sb/2017/262/2017-09-01/dokument/norma/cast_1/hlava_4/par_34;§ 34 odst. 2;NA;2;NA;/2/1/5/3/2/;esel-esb:právní-akt-fragment/10085341;10085341;10085341;Odstavec_Dc;(2) Nestanoví-li tento zákon jinak, postupuje se v řízení o náhradě škody způsobené omezováním hospodářské soutěže a v řízení o nárocích škůdců na vypořádání, kteří jsou zavázáni k náhradě škody společně a nerozdílně, podle občanského soudního řádu.;norms;"<a data-odkaz-id=""21504899"" href=""#""  class=""ext_odkaz"">občanského soudního řádu</a>";občanského soudního řádu;21504899;ext_odkaz;NA;NA;NA;NA;esel-esb:právní-akt-odkaz/21504899;občanského soudního řádu;JINYPRED;73455;esel-esb:eli/cz/sb/1963/99/2017-08-15/dokument;57545;esel-esb:eli/cz/sb/2017/262/0000-00-00/dokument/norma/cast_1/hlava_4/par_34/odst_2;57545;2017/262;1963/99;2017/262;262/2017 Sb.
esel-esb:eli/cz/sb/2017/262/2017-09-01/dokument/poznamkypodcarou/ppc_1;22615632;esel-esb:eli/cz/sb/2017/262/2017-09-01/dokument/poznamkypodcarou;pozn. 1;NA;1;NA;/5/1/;esel-esb:právní-akt-fragment/10085399;10085399;10085399;PPC;1) Směrnice Evropského parlamentu a Rady 2014/104/EU ze dne 26. listopadu 2014 o určitých pravidlech upravujících žaloby o náhradu škody podle vnitrostátního práva v případě porušení právních předpisů členských států a Evropské unie o hospodářské soutěži.;notes;"<a data-odkaz-id=""23512015"" href=""#""  class=""ext_odkaz"" data-eurlex=""true"" data-celexid=""32014L0104"" data-cellarid=""19f5fc12-7c4b-11e4-97c9-01aa75ed71a1"" data-orig-href=""http://eur-lex.europa.eu/legal-content/CS/AUTO/?uri=cellar:19f5fc12-7c4b-11e4-97c9-01aa75ed71a1"">2014/104/EU</a>";2014/104/EU;23512015;ext_odkaz;true;32014L0104;19f5fc12-7c4b-11e4-97c9-01aa75ed71a1;http://eur-lex.europa.eu/legal-content/CS/AUTO/?uri=cellar:19f5fc12-7c4b-11e4-97c9-01aa75ed71a1;esel-esb:právní-akt-odkaz/23512015;2014/104/EU;PREDPEU;366049;NA;NA;esel-esb:eli/cz/sb/2017/262/0000-00-00/dokument/poznamkypodcarou/ppc_1;57545;2017/262;NA;2017/262;262/2017 Sb.
esel-esb:eli/cz/sb/2017/262/2017-09-01/dokument/poznamkypodcarou/ppc_3;22615634;esel-esb:eli/cz/sb/2017/262/2017-09-01/dokument/poznamkypodcarou;pozn. 3;NA;3;NA;/5/3/;esel-esb:právní-akt-fragment/10085403;10085403;10085403;PPC;3) § 22ba zákona č. 143/2001 Sb., o ochraně hospodářské soutěže a o změně některých zákonů (zákon o ochraně hospodářské soutěže), ve znění pozdějších předpisů.;notes;"<a data-odkaz-id=""21504983"" href=""#""  class=""ext_odkaz"">§ 22ba</a>";§ 22ba;21504983;ext_odkaz;NA;NA;NA;NA;esel-esb:právní-akt-odkaz/21504983;§ 22ba;JINEUSTAN;113773;esel-esb:eli/cz/sb/2001/143/2017-07-01/dokument/norma/cast_1/hlava_7/par_22ba;57545;esel-esb:eli/cz/sb/2017/262/0000-00-00/dokument/poznamkypodcarou/ppc_3;57545;2017/262;2001/143;2017/262;262/2017 Sb.
esel-esb:eli/cz/sb/2017/262/2017-09-01/dokument/poznamkypodcarou/ppc_3;22615634;esel-esb:eli/cz/sb/2017/262/2017-09-01/dokument/poznamkypodcarou;pozn. 3;NA;3;NA;/5/3/;esel-esb:právní-akt-fragment/10085403;10085403;10085403;PPC;3) § 22ba zákona č. 143/2001 Sb., o ochraně hospodářské soutěže a o změně některých zákonů (zákon o ochraně hospodářské soutěže), ve znění pozdějších předpisů.;notes;"<a data-odkaz-id=""21504989"" href=""#""  class=""ext_odkaz"">zákona č. 143/2001 Sb., o ochraně hospodářské soutěže a o změně některých zákonů</a>";zákona č. 143/2001 Sb., o ochraně hospodářské soutěže a o změně některých zákonů;21504989;ext_odkaz;NA;NA;NA;NA;esel-esb:právní-akt-odkaz/21504989;zákona č. 143/2001 Sb.;JINYPRED;113773;esel-esb:eli/cz/sb/2001/143/2017-07-01/dokument;57545;esel-esb:eli/cz/sb/2017/262/0000-00-00/dokument/poznamkypodcarou/ppc_3;57545;2017/262;2001/143;2017/262;262/2017 Sb.
esel-esb:eli/cz/sb/2017/262/2017-09-01/dokument/poznamkypodcarou/ppc_3;22615634;esel-esb:eli/cz/sb/2017/262/2017-09-01/dokument/poznamkypodcarou;pozn. 3;NA;3;NA;/5/3/;esel-esb:právní-akt-fragment/10085403;10085403;10085403;PPC;3) § 22ba zákona č. 143/2001 Sb., o ochraně hospodářské soutěže a o změně některých zákonů (zákon o ochraně hospodářské soutěže), ve znění pozdějších předpisů.;notes;"<a data-odkaz-id=""21504995"" href=""#""  class=""ext_odkaz"">o ochraně hospodářské soutěže</a>";o ochraně hospodářské soutěže;21504995;ext_odkaz;NA;NA;NA;NA;esel-esb:právní-akt-odkaz/21504995;o ochraně hospodářské soutěže;JINYPRED;113773;esel-esb:eli/cz/sb/2001/143/2017-07-01/dokument;57545;esel-esb:eli/cz/sb/2017/262/0000-00-00/dokument/poznamkypodcarou/ppc_3;57545;2017/262;2001/143;2017/262;262/2017 Sb.
esel-esb:eli/cz/sb/2017/262/2017-09-01/dokument/poznamkypodcarou/ppc_4;22615635;esel-esb:eli/cz/sb/2017/262/2017-09-01/dokument/poznamkypodcarou;pozn. 4;NA;4;NA;/5/4/;esel-esb:právní-akt-fragment/10085405;10085405;10085405;PPC;4) Zákon č. 47/2002 Sb., o podpoře malého a středního podnikání a o změně zákona č. 2/1969 Sb., o zřízení ministerstev a jiných ústředních orgánů státní správy České republiky, ve znění pozdějších předpisů, ve znění pozdějších předpisů.;notes;"<a data-odkaz-id=""21505001"" href=""#""  class=""ext_odkaz"">Zákon č. 47/2002 Sb., o podpoře malého a středního podnikání a o změně zákona č. 2/1969 Sb., o zřízení ministerstev a jiných ústředních orgánů státní správy České republiky, ve znění pozdějších předpisů</a>";Zákon č. 47/2002 Sb., o podpoře malého a středního podnikání a o změně zákona č. 2/1969 Sb., o zřízení ministerstev a jiných ústředních orgánů státní správy České republiky, ve znění pozdějších předpisů;21505001;ext_odkaz;NA;NA;NA;NA;esel-esb:právní-akt-odkaz/21505001;Zákon č. 47/2002 Sb.;JINYPRED;116229;esel-esb:eli/cz/sb/2002/47/2016-06-01/dokument;57545;esel-esb:eli/cz/sb/2017/262/0000-00-00/dokument/poznamkypodcarou/ppc_4;57545;2017/262;2002/47;2017/262;262/2017 Sb.
esel-esb:eli/cz/sb/2017/262/2017-09-01/dokument/poznamkypodcarou/ppc_5;22615636;esel-esb:eli/cz/sb/2017/262/2017-09-01/dokument/poznamkypodcarou;pozn. 5;NA;5;NA;/5/5/;esel-esb:právní-akt-fragment/10085407;10085407;10085407;PPC;5) § 2 odst. 1 zákona č. 143/2001 Sb.;notes;"<a data-odkaz-id=""21505013"" href=""#""  class=""ext_odkaz"">§ 2 odst. 1</a>";§ 2 odst. 1;21505013;ext_odkaz;NA;NA;NA;NA;esel-esb:právní-akt-odkaz/21505013;§ 2 odst. 1;JINEUSTAN;113773;esel-esb:eli/cz/sb/2001/143/2017-07-01/dokument/norma/cast_1/hlava_1/par_2/odst_1;57545;esel-esb:eli/cz/sb/2017/262/0000-00-00/dokument/poznamkypodcarou/ppc_5;57545;2017/262;2001/143;2017/262;262/2017 Sb.
esel-esb:eli/cz/sb/2017/262/2017-09-01/dokument/poznamkypodcarou/ppc_5;22615636;esel-esb:eli/cz/sb/2017/262/2017-09-01/dokument/poznamkypodcarou;pozn. 5;NA;5;NA;/5/5/;esel-esb:právní-akt-fragment/10085407;10085407;10085407;PPC;5) § 2 odst. 1 zákona č. 143/2001 Sb.;notes;"<a data-odkaz-id=""21505019"" href=""#""  class=""ext_odkaz"">zákona č. 143/2001 Sb.</a>";zákona č. 143/2001 Sb.;21505019;ext_odkaz;NA;NA;NA;NA;esel-esb:právní-akt-odkaz/21505019;zákona č. 143/2001 Sb.;JINYPRED;113773;esel-esb:eli/cz/sb/2001/143/2017-07-01/dokument;57545;esel-esb:eli/cz/sb/2017/262/0000-00-00/dokument/poznamkypodcarou/ppc_5;57545;2017/262;2001/143;2017/262;262/2017 Sb.
