fragment.iri;fragment.id;fragment.předek.iri;fragment.citace;fragment.citace.text;fragment.označení.uzlu;fragment.označení.uzlu.text;fragment.hierarchie;akt.fragment.iri;akt.fragment.id;fragment.base.id;typ.fragmentu;fragment.text_clean;source;tag;tag_clean;odkaz.id;class;data_eurlex;data_celexid;data_cellarid;data_orig_href;odkaz.iri;odkaz.citace.cíl;typ.vazba.odkazu;cíl.dokument.id;fragment.cíl.iri;fragment.cíl.dokument.id;fragment.zdroj.iri;fragment.zdroj.dokument.id;iri_z;iri_c;iri_v;akt.citace
esel-esb:eli/cz/sb/2001/273/2017-07-01/dokument/norma/cast_1/hlava_2/par_4/odst_2;11640313;esel-esb:eli/cz/sb/2001/273/2017-07-01/dokument/norma/cast_1/hlava_2/par_4;§ 4 odst. 2;NA;2;NA;/2/1/3/3/3/;esel-esb:právní-akt-fragment/4971211;4971211;4971211;Odstavec_Dc;(2) Orgány veřejné správy nevedou evidenci příslušníků národnostních menšin. Získávání, zpracovávání a používání osobních údajů ohledně příslušnosti k národnostní menšině se řídí ustanoveními zvláštních právních předpisů.1) Údaje o přihlášení se k národnosti získané těmito orgány při sčítání lidu nebo podle jiného zvláštního zákona, které umožňují určení příslušnosti k národnostní menšině, nesmějí být použity pro jiný účel, než pro který byly shromážděny a uloženy, a po statistickém zpracování musejí být zničeny.;norms;"<a data-odkaz-id=""12111203"" href=""#""  class=""int_odkaz""><sup>1</sup>)</a>";1);12111203;int_odkaz;NA;NA;NA;NA;esel-esb:právní-akt-odkaz/12111203;<sup>1</sup>);POZNAMKA;37863;esel-esb:eli/cz/sb/2001/273/0000-00-00/dokument/poznamkypodcarou/ppc_1;37863;esel-esb:eli/cz/sb/2001/273/0000-00-00/dokument/norma/cast_1/hlava_2/par_4/odst_2;37863;2001/273;2001/273;2001/273;273/2001 Sb.
esel-esb:eli/cz/sb/2001/273/2017-07-01/dokument/norma/cast_1/hlava_2/par_5/frag_4971217;11640316;esel-esb:eli/cz/sb/2001/273/2017-07-01/dokument/norma/cast_1/hlava_2/par_5;NA;NA;NA;NA;/2/1/3/4/2/;esel-esb:právní-akt-fragment/4971217;4971217;4971217;Odstavec_Dc;Příslušníci národnostní menšiny se mohou sdružovat v národnostních sdruženích i v politických stranách a v politických hnutích za podmínek a způsobem stanoveným zvláštními právními předpisy.2);norms;"<a data-odkaz-id=""12111211"" href=""#""  class=""int_odkaz""><sup>2</sup>)</a>";2);12111211;int_odkaz;NA;NA;NA;NA;esel-esb:právní-akt-odkaz/12111211;<sup>2</sup>);POZNAMKA;37863;esel-esb:eli/cz/sb/2001/273/0000-00-00/dokument/poznamkypodcarou/ppc_2;37863;esel-esb:eli/cz/sb/2001/273/0000-00-00/dokument/norma/cast_1/hlava_2/par_5/frag_4971217;37863;2001/273;2001/273;2001/273;273/2001 Sb.
esel-esb:eli/cz/sb/2001/273/2017-07-01/dokument/norma/cast_1/hlava_2/par_6/odst_2;11640320;esel-esb:eli/cz/sb/2001/273/2017-07-01/dokument/norma/cast_1/hlava_2/par_6;§ 6 odst. 2;NA;2;NA;/2/1/3/5/3/;esel-esb:právní-akt-fragment/4971225;4971225;4971225;Odstavec_Dc;(2) Právo podle odstavce 1 vykonávají příslušníci národnostních menšin zejména prostřednictvím výborů pro národnostní menšiny, zřizovaných podle zvláštních právních předpisů,3) a Rady vlády pro národnostní menšiny (dále jen „Rada“).;norms;"<a data-odkaz-id=""12111219"" href=""#""  class=""int_odkaz"">odstavce 1</a>";odstavce 1;12111219;int_odkaz;NA;NA;NA;NA;esel-esb:právní-akt-odkaz/12111219;odstavce 1;INTUSTAN;37863;esel-esb:eli/cz/sb/2001/273/0000-00-00/dokument/norma/cast_1/hlava_2/par_6/odst_1;37863;esel-esb:eli/cz/sb/2001/273/0000-00-00/dokument/norma/cast_1/hlava_2/par_6/odst_2;37863;2001/273;2001/273;2001/273;273/2001 Sb.
esel-esb:eli/cz/sb/2001/273/2017-07-01/dokument/norma/cast_1/hlava_2/par_6/odst_2;11640320;esel-esb:eli/cz/sb/2001/273/2017-07-01/dokument/norma/cast_1/hlava_2/par_6;§ 6 odst. 2;NA;2;NA;/2/1/3/5/3/;esel-esb:právní-akt-fragment/4971225;4971225;4971225;Odstavec_Dc;(2) Právo podle odstavce 1 vykonávají příslušníci národnostních menšin zejména prostřednictvím výborů pro národnostní menšiny, zřizovaných podle zvláštních právních předpisů,3) a Rady vlády pro národnostní menšiny (dále jen „Rada“).;norms;"<a data-odkaz-id=""12111227"" href=""#""  class=""int_odkaz""><sup>3</sup>)</a>";3);12111227;int_odkaz;NA;NA;NA;NA;esel-esb:právní-akt-odkaz/12111227;<sup>3</sup>);POZNAMKA;37863;esel-esb:eli/cz/sb/2001/273/0000-00-00/dokument/poznamkypodcarou/ppc_3;37863;esel-esb:eli/cz/sb/2001/273/0000-00-00/dokument/norma/cast_1/hlava_2/par_6/odst_2;37863;2001/273;2001/273;2001/273;273/2001 Sb.
esel-esb:eli/cz/sb/2001/273/2017-07-01/dokument/norma/cast_1/hlava_2/par_7/frag_4971255;11640335;esel-esb:eli/cz/sb/2001/273/2017-07-01/dokument/norma/cast_1/hlava_2/par_7;NA;NA;NA;NA;/2/1/3/6/2/;esel-esb:právní-akt-fragment/4971255;4971255;4971255;Odstavec_Dc;Příslušníci národnostních menšin mají právo na užívání svého jména a příjmení v jazyce národnostní menšiny za podmínek stanovených zvláštním právním předpisem.4);norms;"<a data-odkaz-id=""12111235"" href=""#""  class=""int_odkaz""><sup>4</sup>)</a>";4);12111235;int_odkaz;NA;NA;NA;NA;esel-esb:právní-akt-odkaz/12111235;<sup>4</sup>);POZNAMKA;37863;esel-esb:eli/cz/sb/2001/273/0000-00-00/dokument/poznamkypodcarou/ppc_4;37863;esel-esb:eli/cz/sb/2001/273/0000-00-00/dokument/norma/cast_1/hlava_2/par_7/frag_4971255;37863;2001/273;2001/273;2001/273;273/2001 Sb.
esel-esb:eli/cz/sb/2001/273/2017-07-01/dokument/norma/cast_1/hlava_2/par_8/odst_2;11640339;esel-esb:eli/cz/sb/2001/273/2017-07-01/dokument/norma/cast_1/hlava_2/par_8;§ 8 odst. 2;NA;2;NA;/2/1/3/7/3/;esel-esb:právní-akt-fragment/4971263;4971263;4971263;Odstavec_Dc;(2) Podmínky pro výkon práva podle odstavce 1 a způsob uvádění vícejazyčných názvů a označení stanoví zvláštní právní předpis.5);norms;"<a data-odkaz-id=""12111243"" href=""#""  class=""int_odkaz"">odstavce 1</a>";odstavce 1;12111243;int_odkaz;NA;NA;NA;NA;esel-esb:právní-akt-odkaz/12111243;odstavce 1;INTUSTAN;37863;esel-esb:eli/cz/sb/2001/273/0000-00-00/dokument/norma/cast_1/hlava_2/par_8/odst_1;37863;esel-esb:eli/cz/sb/2001/273/0000-00-00/dokument/norma/cast_1/hlava_2/par_8/odst_2;37863;2001/273;2001/273;2001/273;273/2001 Sb.
esel-esb:eli/cz/sb/2001/273/2017-07-01/dokument/norma/cast_1/hlava_2/par_8/odst_2;11640339;esel-esb:eli/cz/sb/2001/273/2017-07-01/dokument/norma/cast_1/hlava_2/par_8;§ 8 odst. 2;NA;2;NA;/2/1/3/7/3/;esel-esb:právní-akt-fragment/4971263;4971263;4971263;Odstavec_Dc;(2) Podmínky pro výkon práva podle odstavce 1 a způsob uvádění vícejazyčných názvů a označení stanoví zvláštní právní předpis.5);norms;"<a data-odkaz-id=""12111251"" href=""#""  class=""int_odkaz""><sup>5</sup>)</a>";5);12111251;int_odkaz;NA;NA;NA;NA;esel-esb:právní-akt-odkaz/12111251;<sup>5</sup>);POZNAMKA;37863;esel-esb:eli/cz/sb/2001/273/0000-00-00/dokument/poznamkypodcarou/ppc_5;37863;esel-esb:eli/cz/sb/2001/273/0000-00-00/dokument/norma/cast_1/hlava_2/par_8/odst_2;37863;2001/273;2001/273;2001/273;273/2001 Sb.
esel-esb:eli/cz/sb/2001/273/2017-07-01/dokument/norma/cast_1/hlava_2/par_9/frag_4971269;11640342;esel-esb:eli/cz/sb/2001/273/2017-07-01/dokument/norma/cast_1/hlava_2/par_9;NA;NA;NA;NA;/2/1/3/8/2/;esel-esb:právní-akt-fragment/4971269;4971269;4971269;Odstavec_Dc;Příslušníci národnostních menšin, které tradičně a dlouhodobě žijí na území České republiky, mají právo na užívání jazyka národnostní menšiny v úředním styku a před soudy. Podmínky pro výkon tohoto práva upravují zvláštní právní předpisy.6);norms;"<a data-odkaz-id=""12111259"" href=""#""  class=""int_odkaz""><sup>6</sup>)</a>";6);12111259;int_odkaz;NA;NA;NA;NA;esel-esb:právní-akt-odkaz/12111259;<sup>6</sup>);POZNAMKA;37863;esel-esb:eli/cz/sb/2001/273/0000-00-00/dokument/poznamkypodcarou/ppc_6;37863;esel-esb:eli/cz/sb/2001/273/0000-00-00/dokument/norma/cast_1/hlava_2/par_9/frag_4971269;37863;2001/273;2001/273;2001/273;273/2001 Sb.
esel-esb:eli/cz/sb/2001/273/2017-07-01/dokument/norma/cast_1/hlava_2/par_10/frag_4971275;11640345;esel-esb:eli/cz/sb/2001/273/2017-07-01/dokument/norma/cast_1/hlava_2/par_10;NA;NA;NA;NA;/2/1/3/9/2/;esel-esb:právní-akt-fragment/4971275;4971275;4971275;Odstavec_Dc;Za podmínek stanovených zvláštními právními předpisy7) mají příslušníci národnostních menšin, které tradičně a dlouhodobě žijí na území České republiky, právo na zveřejnění oznámení o době a místě konání voleb a na další informace pro voliče v jazyce národnostních menšin.;norms;"<a data-odkaz-id=""12111267"" href=""#""  class=""int_odkaz""><sup>7</sup>)</a>";7);12111267;int_odkaz;NA;NA;NA;NA;esel-esb:právní-akt-odkaz/12111267;<sup>7</sup>);POZNAMKA;37863;esel-esb:eli/cz/sb/2001/273/0000-00-00/dokument/poznamkypodcarou/ppc_7;37863;esel-esb:eli/cz/sb/2001/273/0000-00-00/dokument/norma/cast_1/hlava_2/par_10/frag_4971275;37863;2001/273;2001/273;2001/273;273/2001 Sb.
esel-esb:eli/cz/sb/2001/273/2017-07-01/dokument/norma/cast_1/hlava_2/par_11/odst_1;11640348;esel-esb:eli/cz/sb/2001/273/2017-07-01/dokument/norma/cast_1/hlava_2/par_11;§ 11 odst. 1;NA;1;NA;/2/1/3/10/2/;esel-esb:právní-akt-fragment/4971281;4971281;4971281;Odstavec_Dc;(1) Příslušníci národnostních menšin, které tradičně a dlouhodobě žijí na území České republiky, mají právo na výchovu a vzdělávání ve svém mateřském jazyce ve školách, předškolních zařízeních a školských zařízeních za podmínek, které stanoví zvláštní právní předpisy.8);norms;"<a data-odkaz-id=""12111275"" href=""#""  class=""int_odkaz""><sup>8</sup>)</a>";8);12111275;int_odkaz;NA;NA;NA;NA;esel-esb:právní-akt-odkaz/12111275;<sup>8</sup>);POZNAMKA;37863;esel-esb:eli/cz/sb/2001/273/0000-00-00/dokument/poznamkypodcarou/ppc_8;37863;esel-esb:eli/cz/sb/2001/273/0000-00-00/dokument/norma/cast_1/hlava_2/par_11/odst_1;37863;2001/273;2001/273;2001/273;273/2001 Sb.
esel-esb:eli/cz/sb/2001/273/2017-07-01/dokument/norma/cast_1/hlava_2/par_11/odst_2;11640349;esel-esb:eli/cz/sb/2001/273/2017-07-01/dokument/norma/cast_1/hlava_2/par_11;§ 11 odst. 2;NA;2;NA;/2/1/3/10/3/;esel-esb:právní-akt-fragment/4971283;4971283;4971283;Odstavec_Dc;(2) Příslušníci národnostních menšin podle odstavce 1 mohou za podmínek stanovených zvláštními právními předpisy8) zřizovat;norms;"<a data-odkaz-id=""12111283"" href=""#""  class=""int_odkaz"">odstavce 1</a>";odstavce 1;12111283;int_odkaz;NA;NA;NA;NA;esel-esb:právní-akt-odkaz/12111283;odstavce 1;INTUSTAN;37863;esel-esb:eli/cz/sb/2001/273/0000-00-00/dokument/norma/cast_1/hlava_2/par_11/odst_1;37863;esel-esb:eli/cz/sb/2001/273/0000-00-00/dokument/norma/cast_1/hlava_2/par_11/odst_2;37863;2001/273;2001/273;2001/273;273/2001 Sb.
esel-esb:eli/cz/sb/2001/273/2017-07-01/dokument/norma/cast_1/hlava_2/par_11/odst_2;11640349;esel-esb:eli/cz/sb/2001/273/2017-07-01/dokument/norma/cast_1/hlava_2/par_11;§ 11 odst. 2;NA;2;NA;/2/1/3/10/3/;esel-esb:právní-akt-fragment/4971283;4971283;4971283;Odstavec_Dc;(2) Příslušníci národnostních menšin podle odstavce 1 mohou za podmínek stanovených zvláštními právními předpisy8) zřizovat;norms;"<a data-odkaz-id=""12111291"" href=""#""  class=""int_odkaz""><sup>8</sup>)</a>";8);12111291;int_odkaz;NA;NA;NA;NA;esel-esb:právní-akt-odkaz/12111291;<sup>8</sup>);POZNAMKA;37863;esel-esb:eli/cz/sb/2001/273/0000-00-00/dokument/poznamkypodcarou/ppc_8;37863;esel-esb:eli/cz/sb/2001/273/0000-00-00/dokument/norma/cast_1/hlava_2/par_11/odst_2;37863;2001/273;2001/273;2001/273;273/2001 Sb.
esel-esb:eli/cz/sb/2001/273/2017-07-01/dokument/norma/cast_1/hlava_2/par_13/odst_3;11640360;esel-esb:eli/cz/sb/2001/273/2017-07-01/dokument/norma/cast_1/hlava_2/par_13;§ 13 odst. 3;NA;3;NA;/2/1/3/12/4/;esel-esb:právní-akt-fragment/4971305;4971305;4971305;Odstavec_Dc;(3) Vytváření a šíření rozhlasových a televizních pořadů ve vztahu k příslušníkům národnostních menšin u provozovatelů ze zákona stanoví zvláštní právní předpisy.9);norms;"<a data-odkaz-id=""12506137"" href=""#""  class=""int_odkaz""><sup>9</sup>)</a>";9);12506137;int_odkaz;NA;NA;NA;NA;esel-esb:právní-akt-odkaz/12506137;<sup>9</sup>);POZNAMKA;37863;esel-esb:eli/cz/sb/2001/273/0000-00-00/dokument/poznamkypodcarou/ppc_9;37863;esel-esb:eli/cz/sb/2001/273/0000-00-00/dokument/norma/cast_1/hlava_2/par_13/odst_3;37863;2001/273;2001/273;2001/273;273/2001 Sb.
esel-esb:eli/cz/sb/2001/273/2017-07-01/dokument/poznamkypodcarou/ppc_1;11640401;esel-esb:eli/cz/sb/2001/273/2017-07-01/dokument/poznamkypodcarou;pozn. 1;NA;1;NA;/5/1/;esel-esb:právní-akt-fragment/4971397;4971397;4971397;PPC;1) Zákon č. 101/2000 Sb., o ochraně osobních údajů a o změně některých zákonů, ve znění pozdějších předpisů.;notes;"<a data-odkaz-id=""12111371"" href=""#""  class=""ext_odkaz"">Zákon č. 101/2000 Sb., o ochraně osobních údajů a o změně některých zákonů</a>";Zákon č. 101/2000 Sb., o ochraně osobních údajů a o změně některých zákonů;12111371;ext_odkaz;NA;NA;NA;NA;esel-esb:právní-akt-odkaz/12111371;Zákon č. 101/2000 Sb.;JINYPRED;109253;esel-esb:eli/cz/sb/2000/101/2001-05-31/dokument;37863;esel-esb:eli/cz/sb/2001/273/0000-00-00/dokument/poznamkypodcarou/ppc_1;37863;2001/273;2000/101;2001/273;273/2001 Sb.
esel-esb:eli/cz/sb/2001/273/2017-07-01/dokument/poznamkypodcarou/ppc_2;11640402;esel-esb:eli/cz/sb/2001/273/2017-07-01/dokument/poznamkypodcarou;pozn. 2;NA;2;NA;/5/2/;esel-esb:právní-akt-fragment/4971399;4971399;4971399;PPC;2) Zákon č. 83/1990 Sb., o sdružování občanů, ve znění pozdějších předpisů. Zákon č. 424/1991 Sb., o sdružování v politických stranách a v politických hnutích, ve znění pozdějších předpisů. Zákon č. 220/1999 Sb., o průběhu základní nebo náhradní služby a vojenských cvičení a o některých právních poměrech vojáků v záloze. Zákon č. 221/1999 Sb., o vojácích z povolání, ve znění zákona č. 155/2000 Sb.;notes;"<a data-odkaz-id=""12111379"" href=""#""  class=""ext_odkaz"">Zákon č. 83/1990 Sb., o sdružování občanů</a>";Zákon č. 83/1990 Sb., o sdružování občanů;12111379;ext_odkaz;NA;NA;NA;NA;esel-esb:právní-akt-odkaz/12111379;Zákon č. 83/1990 Sb.;JINYPRED;87983;esel-esb:eli/cz/sb/1990/83/1993-02-15/dokument;37863;esel-esb:eli/cz/sb/2001/273/0000-00-00/dokument/poznamkypodcarou/ppc_2;37863;2001/273;1990/83;2001/273;273/2001 Sb.
esel-esb:eli/cz/sb/2001/273/2017-07-01/dokument/poznamkypodcarou/ppc_2;11640402;esel-esb:eli/cz/sb/2001/273/2017-07-01/dokument/poznamkypodcarou;pozn. 2;NA;2;NA;/5/2/;esel-esb:právní-akt-fragment/4971399;4971399;4971399;PPC;2) Zákon č. 83/1990 Sb., o sdružování občanů, ve znění pozdějších předpisů. Zákon č. 424/1991 Sb., o sdružování v politických stranách a v politických hnutích, ve znění pozdějších předpisů. Zákon č. 220/1999 Sb., o průběhu základní nebo náhradní služby a vojenských cvičení a o některých právních poměrech vojáků v záloze. Zákon č. 221/1999 Sb., o vojácích z povolání, ve znění zákona č. 155/2000 Sb.;notes;"<a data-odkaz-id=""12111387"" href=""#""  class=""ext_odkaz"">Zákon č. 424/1991 Sb., o sdružování v politických stranách a v politických hnutích</a>";Zákon č. 424/1991 Sb., o sdružování v politických stranách a v politických hnutích;12111387;ext_odkaz;NA;NA;NA;NA;esel-esb:právní-akt-odkaz/12111387;Zákon č. 424/1991 Sb.;JINYPRED;91203;esel-esb:eli/cz/sb/1991/424/2001-05-22/dokument;37863;esel-esb:eli/cz/sb/2001/273/0000-00-00/dokument/poznamkypodcarou/ppc_2;37863;2001/273;1991/424;2001/273;273/2001 Sb.
esel-esb:eli/cz/sb/2001/273/2017-07-01/dokument/poznamkypodcarou/ppc_2;11640402;esel-esb:eli/cz/sb/2001/273/2017-07-01/dokument/poznamkypodcarou;pozn. 2;NA;2;NA;/5/2/;esel-esb:právní-akt-fragment/4971399;4971399;4971399;PPC;2) Zákon č. 83/1990 Sb., o sdružování občanů, ve znění pozdějších předpisů. Zákon č. 424/1991 Sb., o sdružování v politických stranách a v politických hnutích, ve znění pozdějších předpisů. Zákon č. 220/1999 Sb., o průběhu základní nebo náhradní služby a vojenských cvičení a o některých právních poměrech vojáků v záloze. Zákon č. 221/1999 Sb., o vojácích z povolání, ve znění zákona č. 155/2000 Sb.;notes;"<a data-odkaz-id=""12111395"" href=""#""  class=""ext_odkaz"">Zákon č. 220/1999 Sb., o průběhu základní nebo náhradní služby a vojenských cvičení a o některých právních poměrech vojáků v záloze</a>";Zákon č. 220/1999 Sb., o průběhu základní nebo náhradní služby a vojenských cvičení a o některých právních poměrech vojáků v záloze;12111395;ext_odkaz;NA;NA;NA;NA;esel-esb:právní-akt-odkaz/12111395;Zákon č. 220/1999 Sb.;JINYPRED;107435;esel-esb:eli/cz/sb/1999/220/1999-12-01/dokument;37863;esel-esb:eli/cz/sb/2001/273/0000-00-00/dokument/poznamkypodcarou/ppc_2;37863;2001/273;1999/220;2001/273;273/2001 Sb.
esel-esb:eli/cz/sb/2001/273/2017-07-01/dokument/poznamkypodcarou/ppc_2;11640402;esel-esb:eli/cz/sb/2001/273/2017-07-01/dokument/poznamkypodcarou;pozn. 2;NA;2;NA;/5/2/;esel-esb:právní-akt-fragment/4971399;4971399;4971399;PPC;2) Zákon č. 83/1990 Sb., o sdružování občanů, ve znění pozdějších předpisů. Zákon č. 424/1991 Sb., o sdružování v politických stranách a v politických hnutích, ve znění pozdějších předpisů. Zákon č. 220/1999 Sb., o průběhu základní nebo náhradní služby a vojenských cvičení a o některých právních poměrech vojáků v záloze. Zákon č. 221/1999 Sb., o vojácích z povolání, ve znění zákona č. 155/2000 Sb.;notes;"<a data-odkaz-id=""12111403"" href=""#""  class=""ext_odkaz"" data-version=""20010101"">Zákon č. 221/1999 Sb., o vojácích z povolání</a>";Zákon č. 221/1999 Sb., o vojácích z povolání;12111403;ext_odkaz;NA;NA;NA;NA;esel-esb:právní-akt-odkaz/12111403;Zákon č. 221/1999 Sb.;JINYPRED;107455;esel-esb:eli/cz/sb/1999/221/2001-01-01/dokument;37863;esel-esb:eli/cz/sb/2001/273/0000-00-00/dokument/poznamkypodcarou/ppc_2;37863;2001/273;1999/221;2001/273;273/2001 Sb.
esel-esb:eli/cz/sb/2001/273/2017-07-01/dokument/poznamkypodcarou/ppc_2;11640402;esel-esb:eli/cz/sb/2001/273/2017-07-01/dokument/poznamkypodcarou;pozn. 2;NA;2;NA;/5/2/;esel-esb:právní-akt-fragment/4971399;4971399;4971399;PPC;2) Zákon č. 83/1990 Sb., o sdružování občanů, ve znění pozdějších předpisů. Zákon č. 424/1991 Sb., o sdružování v politických stranách a v politických hnutích, ve znění pozdějších předpisů. Zákon č. 220/1999 Sb., o průběhu základní nebo náhradní služby a vojenských cvičení a o některých právních poměrech vojáků v záloze. Zákon č. 221/1999 Sb., o vojácích z povolání, ve znění zákona č. 155/2000 Sb.;notes;"<a data-odkaz-id=""12111411"" href=""#""  class=""ext_odkaz"">zákona č. 155/2000 Sb.</a>";zákona č. 155/2000 Sb.;12111411;ext_odkaz;NA;NA;NA;NA;esel-esb:právní-akt-odkaz/12111411;zákona č. 155/2000 Sb.;JINYPRED;110137;esel-esb:eli/cz/sb/2000/155/2001-01-01/dokument;37863;esel-esb:eli/cz/sb/2001/273/0000-00-00/dokument/poznamkypodcarou/ppc_2;37863;2001/273;2000/155;2001/273;273/2001 Sb.
esel-esb:eli/cz/sb/2001/273/2017-07-01/dokument/poznamkypodcarou/ppc_3;11640403;esel-esb:eli/cz/sb/2001/273/2017-07-01/dokument/poznamkypodcarou;pozn. 3;NA;3;NA;/5/3/;esel-esb:právní-akt-fragment/4971401;4971401;4971401;PPC;3) Zákon č. 128/2000 Sb., o obcích (obecní zřízení), ve znění zákona č. 273/2001 Sb. Zákon č. 129/2000 Sb., o krajích (krajské zřízení), ve znění zákona č. 273/2001 Sb. Zákon č. 131/2000 Sb., o hlavním městě Praze, ve znění pozdějších předpisů.;notes;"<a data-odkaz-id=""12111419"" href=""#""  class=""ext_odkaz"" data-version=""20010802"">Zákon č. 128/2000 Sb., o obcích</a>";Zákon č. 128/2000 Sb., o obcích;12111419;ext_odkaz;NA;NA;NA;NA;esel-esb:právní-akt-odkaz/12111419;Zákon č. 128/2000 Sb.;JINYPRED;109575;esel-esb:eli/cz/sb/2000/128/2001-08-02/dokument;37863;esel-esb:eli/cz/sb/2001/273/0000-00-00/dokument/poznamkypodcarou/ppc_3;37863;2001/273;2000/128;2001/273;273/2001 Sb.
esel-esb:eli/cz/sb/2001/273/2017-07-01/dokument/poznamkypodcarou/ppc_3;11640403;esel-esb:eli/cz/sb/2001/273/2017-07-01/dokument/poznamkypodcarou;pozn. 3;NA;3;NA;/5/3/;esel-esb:právní-akt-fragment/4971401;4971401;4971401;PPC;3) Zákon č. 128/2000 Sb., o obcích (obecní zřízení), ve znění zákona č. 273/2001 Sb. Zákon č. 129/2000 Sb., o krajích (krajské zřízení), ve znění zákona č. 273/2001 Sb. Zákon č. 131/2000 Sb., o hlavním městě Praze, ve znění pozdějších předpisů.;notes;"<a data-odkaz-id=""12111427"" href=""#""  class=""ext_odkaz"" data-version=""20010802"">Zákon č. 129/2000 Sb., o krajích</a>";Zákon č. 129/2000 Sb., o krajích;12111427;ext_odkaz;NA;NA;NA;NA;esel-esb:právní-akt-odkaz/12111427;Zákon č. 129/2000 Sb.;JINYPRED;109667;esel-esb:eli/cz/sb/2000/129/2001-08-02/dokument;37863;esel-esb:eli/cz/sb/2001/273/0000-00-00/dokument/poznamkypodcarou/ppc_3;37863;2001/273;2000/129;2001/273;273/2001 Sb.
esel-esb:eli/cz/sb/2001/273/2017-07-01/dokument/poznamkypodcarou/ppc_3;11640403;esel-esb:eli/cz/sb/2001/273/2017-07-01/dokument/poznamkypodcarou;pozn. 3;NA;3;NA;/5/3/;esel-esb:právní-akt-fragment/4971401;4971401;4971401;PPC;3) Zákon č. 128/2000 Sb., o obcích (obecní zřízení), ve znění zákona č. 273/2001 Sb. Zákon č. 129/2000 Sb., o krajích (krajské zřízení), ve znění zákona č. 273/2001 Sb. Zákon č. 131/2000 Sb., o hlavním městě Praze, ve znění pozdějších předpisů.;notes;"<a data-odkaz-id=""12111435"" href=""#""  class=""ext_odkaz"">Zákon č. 131/2000 Sb., o hlavním městě Praze</a>";Zákon č. 131/2000 Sb., o hlavním městě Praze;12111435;ext_odkaz;NA;NA;NA;NA;esel-esb:právní-akt-odkaz/12111435;Zákon č. 131/2000 Sb.;JINYPRED;109775;esel-esb:eli/cz/sb/2000/131/2001-08-02/dokument;37863;esel-esb:eli/cz/sb/2001/273/0000-00-00/dokument/poznamkypodcarou/ppc_3;37863;2001/273;2000/131;2001/273;273/2001 Sb.
esel-esb:eli/cz/sb/2001/273/2017-07-01/dokument/poznamkypodcarou/ppc_4;11640404;esel-esb:eli/cz/sb/2001/273/2017-07-01/dokument/poznamkypodcarou;pozn. 4;NA;4;NA;/5/4/;esel-esb:právní-akt-fragment/4971403;4971403;4971403;PPC;4) Zákon č. 301/2000 Sb., o matrikách, jménu a příjmení a o změně některých souvisejících zákonů.;notes;"<a data-odkaz-id=""12111443"" href=""#""  class=""ext_odkaz"">Zákon č. 301/2000 Sb., o matrikách, jménu a příjmení a o změně některých souvisejících zákonů</a>";Zákon č. 301/2000 Sb., o matrikách, jménu a příjmení a o změně některých souvisejících zákonů;12111443;ext_odkaz;NA;NA;NA;NA;esel-esb:právní-akt-odkaz/12111443;Zákon č. 301/2000 Sb.;JINYPRED;111609;esel-esb:eli/cz/sb/2000/301/2001-07-01/dokument;37863;esel-esb:eli/cz/sb/2001/273/0000-00-00/dokument/poznamkypodcarou/ppc_4;37863;2001/273;2000/301;2001/273;273/2001 Sb.
esel-esb:eli/cz/sb/2001/273/2017-07-01/dokument/poznamkypodcarou/ppc_5;11640405;esel-esb:eli/cz/sb/2001/273/2017-07-01/dokument/poznamkypodcarou;pozn. 5;NA;5;NA;/5/5/;esel-esb:právní-akt-fragment/4971405;4971405;4971405;PPC;5) Zákon č. 128/2000 Sb., ve znění zákona č. 273/2001 Sb.;notes;"<a data-odkaz-id=""12111451"" href=""#""  class=""ext_odkaz"" data-version=""20010802"">Zákon č. 128/2000 Sb.</a>";Zákon č. 128/2000 Sb.;12111451;ext_odkaz;NA;NA;NA;NA;esel-esb:právní-akt-odkaz/12111451;Zákon č. 128/2000 Sb.;JINYPRED;109575;esel-esb:eli/cz/sb/2000/128/2001-08-02/dokument;37863;esel-esb:eli/cz/sb/2001/273/0000-00-00/dokument/poznamkypodcarou/ppc_5;37863;2001/273;2000/128;2001/273;273/2001 Sb.
esel-esb:eli/cz/sb/2001/273/2017-07-01/dokument/poznamkypodcarou/ppc_6;11640406;esel-esb:eli/cz/sb/2001/273/2017-07-01/dokument/poznamkypodcarou;pozn. 6;NA;6;NA;/5/6/;esel-esb:právní-akt-fragment/4971407;4971407;4971407;PPC;6) § 18 zákona č. 99/1963 Sb., občanský soudní řád, ve znění zákona č. 30/2000 Sb. § 7 zákona č. 335/1991 Sb., o soudech a soudcích. § 2 zákona č. 141/1961 Sb., o trestním řízení soudním (trestní řád), ve znění pozdějších předpisů. § 33 zákona č. 182/1993 Sb., o Ústavním soudu. § 12 zákona č. 563/1991 Sb., o účetnictví. § 46a zákona č. 202/1990 Sb., o loteriích a jiných podobných hrách, ve znění zákona č. 149/1998 Sb. § 3 zákona č. 337/1992 Sb., o správě daní a poplatků, ve znění zákona č. 35/1993 Sb. a zákona č. 255/1994 Sb.;notes;"<a data-odkaz-id=""12111459"" href=""#""  class=""ext_odkaz"" data-version=""20010101"">§ 18</a>";§ 18;12111459;ext_odkaz;NA;NA;NA;NA;esel-esb:právní-akt-odkaz/12111459;§ 18;JINEUSTAN;73303;esel-esb:eli/cz/sb/1963/99/2001-01-01/dokument/norma/cast_1/hlava_3/par_18;37863;esel-esb:eli/cz/sb/2001/273/0000-00-00/dokument/poznamkypodcarou/ppc_6;37863;2001/273;1963/99;2001/273;273/2001 Sb.
esel-esb:eli/cz/sb/2001/273/2017-07-01/dokument/poznamkypodcarou/ppc_6;11640406;esel-esb:eli/cz/sb/2001/273/2017-07-01/dokument/poznamkypodcarou;pozn. 6;NA;6;NA;/5/6/;esel-esb:právní-akt-fragment/4971407;4971407;4971407;PPC;6) § 18 zákona č. 99/1963 Sb., občanský soudní řád, ve znění zákona č. 30/2000 Sb. § 7 zákona č. 335/1991 Sb., o soudech a soudcích. § 2 zákona č. 141/1961 Sb., o trestním řízení soudním (trestní řád), ve znění pozdějších předpisů. § 33 zákona č. 182/1993 Sb., o Ústavním soudu. § 12 zákona č. 563/1991 Sb., o účetnictví. § 46a zákona č. 202/1990 Sb., o loteriích a jiných podobných hrách, ve znění zákona č. 149/1998 Sb. § 3 zákona č. 337/1992 Sb., o správě daní a poplatků, ve znění zákona č. 35/1993 Sb. a zákona č. 255/1994 Sb.;notes;"<a data-odkaz-id=""12111467"" href=""#""  class=""ext_odkaz"" data-version=""20010101"">zákona č. 99/1963 Sb., občanský soudní řád</a>";zákona č. 99/1963 Sb., občanský soudní řád;12111467;ext_odkaz;NA;NA;NA;NA;esel-esb:právní-akt-odkaz/12111467;zákona č. 99/1963 Sb.;JINYPRED;73303;esel-esb:eli/cz/sb/1963/99/2001-01-01/dokument;37863;esel-esb:eli/cz/sb/2001/273/0000-00-00/dokument/poznamkypodcarou/ppc_6;37863;2001/273;1963/99;2001/273;273/2001 Sb.
esel-esb:eli/cz/sb/2001/273/2017-07-01/dokument/poznamkypodcarou/ppc_6;11640406;esel-esb:eli/cz/sb/2001/273/2017-07-01/dokument/poznamkypodcarou;pozn. 6;NA;6;NA;/5/6/;esel-esb:právní-akt-fragment/4971407;4971407;4971407;PPC;6) § 18 zákona č. 99/1963 Sb., občanský soudní řád, ve znění zákona č. 30/2000 Sb. § 7 zákona č. 335/1991 Sb., o soudech a soudcích. § 2 zákona č. 141/1961 Sb., o trestním řízení soudním (trestní řád), ve znění pozdějších předpisů. § 33 zákona č. 182/1993 Sb., o Ústavním soudu. § 12 zákona č. 563/1991 Sb., o účetnictví. § 46a zákona č. 202/1990 Sb., o loteriích a jiných podobných hrách, ve znění zákona č. 149/1998 Sb. § 3 zákona č. 337/1992 Sb., o správě daní a poplatků, ve znění zákona č. 35/1993 Sb. a zákona č. 255/1994 Sb.;notes;"<a data-odkaz-id=""12111475"" href=""#""  class=""ext_odkaz"">zákona č. 30/2000 Sb.</a>";zákona č. 30/2000 Sb.;12111475;ext_odkaz;NA;NA;NA;NA;esel-esb:právní-akt-odkaz/12111475;zákona č. 30/2000 Sb.;JINYPRED;108893;esel-esb:eli/cz/sb/2000/30/2001-01-01/dokument;37863;esel-esb:eli/cz/sb/2001/273/0000-00-00/dokument/poznamkypodcarou/ppc_6;37863;2001/273;2000/30;2001/273;273/2001 Sb.
esel-esb:eli/cz/sb/2001/273/2017-07-01/dokument/poznamkypodcarou/ppc_6;11640406;esel-esb:eli/cz/sb/2001/273/2017-07-01/dokument/poznamkypodcarou;pozn. 6;NA;6;NA;/5/6/;esel-esb:právní-akt-fragment/4971407;4971407;4971407;PPC;6) § 18 zákona č. 99/1963 Sb., občanský soudní řád, ve znění zákona č. 30/2000 Sb. § 7 zákona č. 335/1991 Sb., o soudech a soudcích. § 2 zákona č. 141/1961 Sb., o trestním řízení soudním (trestní řád), ve znění pozdějších předpisů. § 33 zákona č. 182/1993 Sb., o Ústavním soudu. § 12 zákona č. 563/1991 Sb., o účetnictví. § 46a zákona č. 202/1990 Sb., o loteriích a jiných podobných hrách, ve znění zákona č. 149/1998 Sb. § 3 zákona č. 337/1992 Sb., o správě daní a poplatků, ve znění zákona č. 35/1993 Sb. a zákona č. 255/1994 Sb.;notes;"<a data-odkaz-id=""12111483"" href=""#""  class=""ext_odkaz"">§ 7</a>";§ 7;12111483;ext_odkaz;NA;NA;NA;NA;esel-esb:právní-akt-odkaz/12111483;§ 7;JINEUSTAN;91057;esel-esb:eli/cz/sb/1991/335/2001-05-01/dokument/norma/hlava_1/par_7;37863;esel-esb:eli/cz/sb/2001/273/0000-00-00/dokument/poznamkypodcarou/ppc_6;37863;2001/273;1991/335;2001/273;273/2001 Sb.
esel-esb:eli/cz/sb/2001/273/2017-07-01/dokument/poznamkypodcarou/ppc_6;11640406;esel-esb:eli/cz/sb/2001/273/2017-07-01/dokument/poznamkypodcarou;pozn. 6;NA;6;NA;/5/6/;esel-esb:právní-akt-fragment/4971407;4971407;4971407;PPC;6) § 18 zákona č. 99/1963 Sb., občanský soudní řád, ve znění zákona č. 30/2000 Sb. § 7 zákona č. 335/1991 Sb., o soudech a soudcích. § 2 zákona č. 141/1961 Sb., o trestním řízení soudním (trestní řád), ve znění pozdějších předpisů. § 33 zákona č. 182/1993 Sb., o Ústavním soudu. § 12 zákona č. 563/1991 Sb., o účetnictví. § 46a zákona č. 202/1990 Sb., o loteriích a jiných podobných hrách, ve znění zákona č. 149/1998 Sb. § 3 zákona č. 337/1992 Sb., o správě daní a poplatků, ve znění zákona č. 35/1993 Sb. a zákona č. 255/1994 Sb.;notes;"<a data-odkaz-id=""12111491"" href=""#""  class=""ext_odkaz"">zákona č. 335/1991 Sb., o soudech a soudcích</a>";zákona č. 335/1991 Sb., o soudech a soudcích;12111491;ext_odkaz;NA;NA;NA;NA;esel-esb:právní-akt-odkaz/12111491;zákona č. 335/1991 Sb.;JINYPRED;91057;esel-esb:eli/cz/sb/1991/335/2001-05-01/dokument;37863;esel-esb:eli/cz/sb/2001/273/0000-00-00/dokument/poznamkypodcarou/ppc_6;37863;2001/273;1991/335;2001/273;273/2001 Sb.
esel-esb:eli/cz/sb/2001/273/2017-07-01/dokument/poznamkypodcarou/ppc_6;11640406;esel-esb:eli/cz/sb/2001/273/2017-07-01/dokument/poznamkypodcarou;pozn. 6;NA;6;NA;/5/6/;esel-esb:právní-akt-fragment/4971407;4971407;4971407;PPC;6) § 18 zákona č. 99/1963 Sb., občanský soudní řád, ve znění zákona č. 30/2000 Sb. § 7 zákona č. 335/1991 Sb., o soudech a soudcích. § 2 zákona č. 141/1961 Sb., o trestním řízení soudním (trestní řád), ve znění pozdějších předpisů. § 33 zákona č. 182/1993 Sb., o Ústavním soudu. § 12 zákona č. 563/1991 Sb., o účetnictví. § 46a zákona č. 202/1990 Sb., o loteriích a jiných podobných hrách, ve znění zákona č. 149/1998 Sb. § 3 zákona č. 337/1992 Sb., o správě daní a poplatků, ve znění zákona č. 35/1993 Sb. a zákona č. 255/1994 Sb.;notes;"<a data-odkaz-id=""12111499"" href=""#""  class=""ext_odkaz"">§ 2</a>";§ 2;12111499;ext_odkaz;NA;NA;NA;NA;esel-esb:právní-akt-odkaz/12111499;§ 2;JINEUSTAN;72129;esel-esb:eli/cz/sb/1961/141/2001-05-01/dokument/norma/cast_1/hlava_1/par_2;37863;esel-esb:eli/cz/sb/2001/273/0000-00-00/dokument/poznamkypodcarou/ppc_6;37863;2001/273;1961/141;2001/273;273/2001 Sb.
esel-esb:eli/cz/sb/2001/273/2017-07-01/dokument/poznamkypodcarou/ppc_6;11640406;esel-esb:eli/cz/sb/2001/273/2017-07-01/dokument/poznamkypodcarou;pozn. 6;NA;6;NA;/5/6/;esel-esb:právní-akt-fragment/4971407;4971407;4971407;PPC;6) § 18 zákona č. 99/1963 Sb., občanský soudní řád, ve znění zákona č. 30/2000 Sb. § 7 zákona č. 335/1991 Sb., o soudech a soudcích. § 2 zákona č. 141/1961 Sb., o trestním řízení soudním (trestní řád), ve znění pozdějších předpisů. § 33 zákona č. 182/1993 Sb., o Ústavním soudu. § 12 zákona č. 563/1991 Sb., o účetnictví. § 46a zákona č. 202/1990 Sb., o loteriích a jiných podobných hrách, ve znění zákona č. 149/1998 Sb. § 3 zákona č. 337/1992 Sb., o správě daní a poplatků, ve znění zákona č. 35/1993 Sb. a zákona č. 255/1994 Sb.;notes;"<a data-odkaz-id=""12111507"" href=""#""  class=""ext_odkaz"">zákona č. 141/1961 Sb., o trestním řízení soudním</a>";zákona č. 141/1961 Sb., o trestním řízení soudním;12111507;ext_odkaz;NA;NA;NA;NA;esel-esb:právní-akt-odkaz/12111507;zákona č. 141/1961 Sb.;JINYPRED;72129;esel-esb:eli/cz/sb/1961/141/2001-05-01/dokument;37863;esel-esb:eli/cz/sb/2001/273/0000-00-00/dokument/poznamkypodcarou/ppc_6;37863;2001/273;1961/141;2001/273;273/2001 Sb.
esel-esb:eli/cz/sb/2001/273/2017-07-01/dokument/poznamkypodcarou/ppc_6;11640406;esel-esb:eli/cz/sb/2001/273/2017-07-01/dokument/poznamkypodcarou;pozn. 6;NA;6;NA;/5/6/;esel-esb:právní-akt-fragment/4971407;4971407;4971407;PPC;6) § 18 zákona č. 99/1963 Sb., občanský soudní řád, ve znění zákona č. 30/2000 Sb. § 7 zákona č. 335/1991 Sb., o soudech a soudcích. § 2 zákona č. 141/1961 Sb., o trestním řízení soudním (trestní řád), ve znění pozdějších předpisů. § 33 zákona č. 182/1993 Sb., o Ústavním soudu. § 12 zákona č. 563/1991 Sb., o účetnictví. § 46a zákona č. 202/1990 Sb., o loteriích a jiných podobných hrách, ve znění zákona č. 149/1998 Sb. § 3 zákona č. 337/1992 Sb., o správě daní a poplatků, ve znění zákona č. 35/1993 Sb. a zákona č. 255/1994 Sb.;notes;"<a data-odkaz-id=""12111515"" href=""#""  class=""ext_odkaz"">§ 33</a>";§ 33;12111515;ext_odkaz;NA;NA;NA;NA;esel-esb:právní-akt-odkaz/12111515;§ 33;JINEUSTAN;98667;esel-esb:eli/cz/sb/1993/182/2001-01-01/dokument/norma/cast_2/hlava_1/par_33;37863;esel-esb:eli/cz/sb/2001/273/0000-00-00/dokument/poznamkypodcarou/ppc_6;37863;2001/273;1993/182;2001/273;273/2001 Sb.
esel-esb:eli/cz/sb/2001/273/2017-07-01/dokument/poznamkypodcarou/ppc_6;11640406;esel-esb:eli/cz/sb/2001/273/2017-07-01/dokument/poznamkypodcarou;pozn. 6;NA;6;NA;/5/6/;esel-esb:právní-akt-fragment/4971407;4971407;4971407;PPC;6) § 18 zákona č. 99/1963 Sb., občanský soudní řád, ve znění zákona č. 30/2000 Sb. § 7 zákona č. 335/1991 Sb., o soudech a soudcích. § 2 zákona č. 141/1961 Sb., o trestním řízení soudním (trestní řád), ve znění pozdějších předpisů. § 33 zákona č. 182/1993 Sb., o Ústavním soudu. § 12 zákona č. 563/1991 Sb., o účetnictví. § 46a zákona č. 202/1990 Sb., o loteriích a jiných podobných hrách, ve znění zákona č. 149/1998 Sb. § 3 zákona č. 337/1992 Sb., o správě daní a poplatků, ve znění zákona č. 35/1993 Sb. a zákona č. 255/1994 Sb.;notes;"<a data-odkaz-id=""12111523"" href=""#""  class=""ext_odkaz"">zákona č. 182/1993 Sb., o Ústavním soudu</a>";zákona č. 182/1993 Sb., o Ústavním soudu;12111523;ext_odkaz;NA;NA;NA;NA;esel-esb:právní-akt-odkaz/12111523;zákona č. 182/1993 Sb.;JINYPRED;98667;esel-esb:eli/cz/sb/1993/182/2001-01-01/dokument;37863;esel-esb:eli/cz/sb/2001/273/0000-00-00/dokument/poznamkypodcarou/ppc_6;37863;2001/273;1993/182;2001/273;273/2001 Sb.
esel-esb:eli/cz/sb/2001/273/2017-07-01/dokument/poznamkypodcarou/ppc_6;11640406;esel-esb:eli/cz/sb/2001/273/2017-07-01/dokument/poznamkypodcarou;pozn. 6;NA;6;NA;/5/6/;esel-esb:právní-akt-fragment/4971407;4971407;4971407;PPC;6) § 18 zákona č. 99/1963 Sb., občanský soudní řád, ve znění zákona č. 30/2000 Sb. § 7 zákona č. 335/1991 Sb., o soudech a soudcích. § 2 zákona č. 141/1961 Sb., o trestním řízení soudním (trestní řád), ve znění pozdějších předpisů. § 33 zákona č. 182/1993 Sb., o Ústavním soudu. § 12 zákona č. 563/1991 Sb., o účetnictví. § 46a zákona č. 202/1990 Sb., o loteriích a jiných podobných hrách, ve znění zákona č. 149/1998 Sb. § 3 zákona č. 337/1992 Sb., o správě daní a poplatků, ve znění zákona č. 35/1993 Sb. a zákona č. 255/1994 Sb.;notes;"<a data-odkaz-id=""12111531"" href=""#""  class=""ext_odkaz"">§ 12</a>";§ 12;12111531;ext_odkaz;NA;NA;NA;NA;esel-esb:právní-akt-odkaz/12111531;§ 12;JINEUSTAN;92203;esel-esb:eli/cz/sb/1991/563/2001-01-01/dokument/norma/cast_2/par_12;37863;esel-esb:eli/cz/sb/2001/273/0000-00-00/dokument/poznamkypodcarou/ppc_6;37863;2001/273;1991/563;2001/273;273/2001 Sb.
esel-esb:eli/cz/sb/2001/273/2017-07-01/dokument/poznamkypodcarou/ppc_6;11640406;esel-esb:eli/cz/sb/2001/273/2017-07-01/dokument/poznamkypodcarou;pozn. 6;NA;6;NA;/5/6/;esel-esb:právní-akt-fragment/4971407;4971407;4971407;PPC;6) § 18 zákona č. 99/1963 Sb., občanský soudní řád, ve znění zákona č. 30/2000 Sb. § 7 zákona č. 335/1991 Sb., o soudech a soudcích. § 2 zákona č. 141/1961 Sb., o trestním řízení soudním (trestní řád), ve znění pozdějších předpisů. § 33 zákona č. 182/1993 Sb., o Ústavním soudu. § 12 zákona č. 563/1991 Sb., o účetnictví. § 46a zákona č. 202/1990 Sb., o loteriích a jiných podobných hrách, ve znění zákona č. 149/1998 Sb. § 3 zákona č. 337/1992 Sb., o správě daní a poplatků, ve znění zákona č. 35/1993 Sb. a zákona č. 255/1994 Sb.;notes;"<a data-odkaz-id=""12111539"" href=""#""  class=""ext_odkaz"">zákona č. 563/1991 Sb., o účetnictví</a>";zákona č. 563/1991 Sb., o účetnictví;12111539;ext_odkaz;NA;NA;NA;NA;esel-esb:právní-akt-odkaz/12111539;zákona č. 563/1991 Sb.;JINYPRED;92203;esel-esb:eli/cz/sb/1991/563/2001-01-01/dokument;37863;esel-esb:eli/cz/sb/2001/273/0000-00-00/dokument/poznamkypodcarou/ppc_6;37863;2001/273;1991/563;2001/273;273/2001 Sb.
esel-esb:eli/cz/sb/2001/273/2017-07-01/dokument/poznamkypodcarou/ppc_6;11640406;esel-esb:eli/cz/sb/2001/273/2017-07-01/dokument/poznamkypodcarou;pozn. 6;NA;6;NA;/5/6/;esel-esb:právní-akt-fragment/4971407;4971407;4971407;PPC;6) § 18 zákona č. 99/1963 Sb., občanský soudní řád, ve znění zákona č. 30/2000 Sb. § 7 zákona č. 335/1991 Sb., o soudech a soudcích. § 2 zákona č. 141/1961 Sb., o trestním řízení soudním (trestní řád), ve znění pozdějších předpisů. § 33 zákona č. 182/1993 Sb., o Ústavním soudu. § 12 zákona č. 563/1991 Sb., o účetnictví. § 46a zákona č. 202/1990 Sb., o loteriích a jiných podobných hrách, ve znění zákona č. 149/1998 Sb. § 3 zákona č. 337/1992 Sb., o správě daní a poplatků, ve znění zákona č. 35/1993 Sb. a zákona č. 255/1994 Sb.;notes;"<a data-odkaz-id=""12111547"" href=""#""  class=""ext_odkaz"" data-version=""19990101"">§ 46a</a>";§ 46a;12111547;ext_odkaz;NA;NA;NA;NA;esel-esb:právní-akt-odkaz/12111547;§ 46a;JINEUSTAN;88299;esel-esb:eli/cz/sb/1990/202/1999-01-01/dokument/norma/cast_6/par_46a;37863;esel-esb:eli/cz/sb/2001/273/0000-00-00/dokument/poznamkypodcarou/ppc_6;37863;2001/273;1990/202;2001/273;273/2001 Sb.
esel-esb:eli/cz/sb/2001/273/2017-07-01/dokument/poznamkypodcarou/ppc_6;11640406;esel-esb:eli/cz/sb/2001/273/2017-07-01/dokument/poznamkypodcarou;pozn. 6;NA;6;NA;/5/6/;esel-esb:právní-akt-fragment/4971407;4971407;4971407;PPC;6) § 18 zákona č. 99/1963 Sb., občanský soudní řád, ve znění zákona č. 30/2000 Sb. § 7 zákona č. 335/1991 Sb., o soudech a soudcích. § 2 zákona č. 141/1961 Sb., o trestním řízení soudním (trestní řád), ve znění pozdějších předpisů. § 33 zákona č. 182/1993 Sb., o Ústavním soudu. § 12 zákona č. 563/1991 Sb., o účetnictví. § 46a zákona č. 202/1990 Sb., o loteriích a jiných podobných hrách, ve znění zákona č. 149/1998 Sb. § 3 zákona č. 337/1992 Sb., o správě daní a poplatků, ve znění zákona č. 35/1993 Sb. a zákona č. 255/1994 Sb.;notes;"<a data-odkaz-id=""12111555"" href=""#""  class=""ext_odkaz"" data-version=""19990101"">zákona č. 202/1990 Sb., o loteriích a jiných podobných hrách</a>";zákona č. 202/1990 Sb., o loteriích a jiných podobných hrách;12111555;ext_odkaz;NA;NA;NA;NA;esel-esb:právní-akt-odkaz/12111555;zákona č. 202/1990 Sb.;JINYPRED;88299;esel-esb:eli/cz/sb/1990/202/1999-01-01/dokument;37863;esel-esb:eli/cz/sb/2001/273/0000-00-00/dokument/poznamkypodcarou/ppc_6;37863;2001/273;1990/202;2001/273;273/2001 Sb.
esel-esb:eli/cz/sb/2001/273/2017-07-01/dokument/poznamkypodcarou/ppc_6;11640406;esel-esb:eli/cz/sb/2001/273/2017-07-01/dokument/poznamkypodcarou;pozn. 6;NA;6;NA;/5/6/;esel-esb:právní-akt-fragment/4971407;4971407;4971407;PPC;6) § 18 zákona č. 99/1963 Sb., občanský soudní řád, ve znění zákona č. 30/2000 Sb. § 7 zákona č. 335/1991 Sb., o soudech a soudcích. § 2 zákona č. 141/1961 Sb., o trestním řízení soudním (trestní řád), ve znění pozdějších předpisů. § 33 zákona č. 182/1993 Sb., o Ústavním soudu. § 12 zákona č. 563/1991 Sb., o účetnictví. § 46a zákona č. 202/1990 Sb., o loteriích a jiných podobných hrách, ve znění zákona č. 149/1998 Sb. § 3 zákona č. 337/1992 Sb., o správě daní a poplatků, ve znění zákona č. 35/1993 Sb. a zákona č. 255/1994 Sb.;notes;"<a data-odkaz-id=""12111563"" href=""#""  class=""ext_odkaz"">zákona č. 149/1998 Sb.</a>";zákona č. 149/1998 Sb.;12111563;ext_odkaz;NA;NA;NA;NA;esel-esb:právní-akt-odkaz/12111563;zákona č. 149/1998 Sb.;JINYPRED;105967;esel-esb:eli/cz/sb/1998/149/1999-01-01/dokument;37863;esel-esb:eli/cz/sb/2001/273/0000-00-00/dokument/poznamkypodcarou/ppc_6;37863;2001/273;1998/149;2001/273;273/2001 Sb.
esel-esb:eli/cz/sb/2001/273/2017-07-01/dokument/poznamkypodcarou/ppc_6;11640406;esel-esb:eli/cz/sb/2001/273/2017-07-01/dokument/poznamkypodcarou;pozn. 6;NA;6;NA;/5/6/;esel-esb:právní-akt-fragment/4971407;4971407;4971407;PPC;6) § 18 zákona č. 99/1963 Sb., občanský soudní řád, ve znění zákona č. 30/2000 Sb. § 7 zákona č. 335/1991 Sb., o soudech a soudcích. § 2 zákona č. 141/1961 Sb., o trestním řízení soudním (trestní řád), ve znění pozdějších předpisů. § 33 zákona č. 182/1993 Sb., o Ústavním soudu. § 12 zákona č. 563/1991 Sb., o účetnictví. § 46a zákona č. 202/1990 Sb., o loteriích a jiných podobných hrách, ve znění zákona č. 149/1998 Sb. § 3 zákona č. 337/1992 Sb., o správě daní a poplatků, ve znění zákona č. 35/1993 Sb. a zákona č. 255/1994 Sb.;notes;"<a data-odkaz-id=""12111571"" href=""#""  class=""ext_odkaz"" data-version=""19950101"">§ 3</a>";§ 3;12111571;ext_odkaz;NA;NA;NA;NA;esel-esb:právní-akt-odkaz/12111571;§ 3;JINEUSTAN;96639;esel-esb:eli/cz/sb/1992/337/1995-01-01/dokument/norma/cast_1/par_3;37863;esel-esb:eli/cz/sb/2001/273/0000-00-00/dokument/poznamkypodcarou/ppc_6;37863;2001/273;1992/337;2001/273;273/2001 Sb.
esel-esb:eli/cz/sb/2001/273/2017-07-01/dokument/poznamkypodcarou/ppc_6;11640406;esel-esb:eli/cz/sb/2001/273/2017-07-01/dokument/poznamkypodcarou;pozn. 6;NA;6;NA;/5/6/;esel-esb:právní-akt-fragment/4971407;4971407;4971407;PPC;6) § 18 zákona č. 99/1963 Sb., občanský soudní řád, ve znění zákona č. 30/2000 Sb. § 7 zákona č. 335/1991 Sb., o soudech a soudcích. § 2 zákona č. 141/1961 Sb., o trestním řízení soudním (trestní řád), ve znění pozdějších předpisů. § 33 zákona č. 182/1993 Sb., o Ústavním soudu. § 12 zákona č. 563/1991 Sb., o účetnictví. § 46a zákona č. 202/1990 Sb., o loteriích a jiných podobných hrách, ve znění zákona č. 149/1998 Sb. § 3 zákona č. 337/1992 Sb., o správě daní a poplatků, ve znění zákona č. 35/1993 Sb. a zákona č. 255/1994 Sb.;notes;"<a data-odkaz-id=""12111579"" href=""#""  class=""ext_odkaz"" data-version=""19950101"">zákona č. 337/1992 Sb., o správě daní a poplatků</a>";zákona č. 337/1992 Sb., o správě daní a poplatků;12111579;ext_odkaz;NA;NA;NA;NA;esel-esb:právní-akt-odkaz/12111579;zákona č. 337/1992 Sb.;JINYPRED;96639;esel-esb:eli/cz/sb/1992/337/1995-01-01/dokument;37863;esel-esb:eli/cz/sb/2001/273/0000-00-00/dokument/poznamkypodcarou/ppc_6;37863;2001/273;1992/337;2001/273;273/2001 Sb.
esel-esb:eli/cz/sb/2001/273/2017-07-01/dokument/poznamkypodcarou/ppc_6;11640406;esel-esb:eli/cz/sb/2001/273/2017-07-01/dokument/poznamkypodcarou;pozn. 6;NA;6;NA;/5/6/;esel-esb:právní-akt-fragment/4971407;4971407;4971407;PPC;6) § 18 zákona č. 99/1963 Sb., občanský soudní řád, ve znění zákona č. 30/2000 Sb. § 7 zákona č. 335/1991 Sb., o soudech a soudcích. § 2 zákona č. 141/1961 Sb., o trestním řízení soudním (trestní řád), ve znění pozdějších předpisů. § 33 zákona č. 182/1993 Sb., o Ústavním soudu. § 12 zákona č. 563/1991 Sb., o účetnictví. § 46a zákona č. 202/1990 Sb., o loteriích a jiných podobných hrách, ve znění zákona č. 149/1998 Sb. § 3 zákona č. 337/1992 Sb., o správě daní a poplatků, ve znění zákona č. 35/1993 Sb. a zákona č. 255/1994 Sb.;notes;"<a data-odkaz-id=""12111587"" href=""#""  class=""ext_odkaz"">zákona č. 35/1993 Sb.</a>";zákona č. 35/1993 Sb.;12111587;ext_odkaz;NA;NA;NA;NA;esel-esb:právní-akt-odkaz/12111587;zákona č. 35/1993 Sb.;JINYPRED;97977;esel-esb:eli/cz/sb/1993/35/1993-01-01/dokument;37863;esel-esb:eli/cz/sb/2001/273/0000-00-00/dokument/poznamkypodcarou/ppc_6;37863;2001/273;1993/35;2001/273;273/2001 Sb.
esel-esb:eli/cz/sb/2001/273/2017-07-01/dokument/poznamkypodcarou/ppc_6;11640406;esel-esb:eli/cz/sb/2001/273/2017-07-01/dokument/poznamkypodcarou;pozn. 6;NA;6;NA;/5/6/;esel-esb:právní-akt-fragment/4971407;4971407;4971407;PPC;6) § 18 zákona č. 99/1963 Sb., občanský soudní řád, ve znění zákona č. 30/2000 Sb. § 7 zákona č. 335/1991 Sb., o soudech a soudcích. § 2 zákona č. 141/1961 Sb., o trestním řízení soudním (trestní řád), ve znění pozdějších předpisů. § 33 zákona č. 182/1993 Sb., o Ústavním soudu. § 12 zákona č. 563/1991 Sb., o účetnictví. § 46a zákona č. 202/1990 Sb., o loteriích a jiných podobných hrách, ve znění zákona č. 149/1998 Sb. § 3 zákona č. 337/1992 Sb., o správě daní a poplatků, ve znění zákona č. 35/1993 Sb. a zákona č. 255/1994 Sb.;notes;"<a data-odkaz-id=""12111595"" href=""#""  class=""ext_odkaz"">zákona č. 255/1994 Sb.</a>";zákona č. 255/1994 Sb.;12111595;ext_odkaz;NA;NA;NA;NA;esel-esb:právní-akt-odkaz/12111595;zákona č. 255/1994 Sb.;JINYPRED;100325;esel-esb:eli/cz/sb/1994/255/1995-01-01/dokument;37863;esel-esb:eli/cz/sb/2001/273/0000-00-00/dokument/poznamkypodcarou/ppc_6;37863;2001/273;1994/255;2001/273;273/2001 Sb.
esel-esb:eli/cz/sb/2001/273/2017-07-01/dokument/poznamkypodcarou/ppc_7;11640407;esel-esb:eli/cz/sb/2001/273/2017-07-01/dokument/poznamkypodcarou;pozn. 7;NA;7;NA;/5/7/;esel-esb:právní-akt-fragment/4971409;4971409;4971409;PPC;7) Zákon č. 152/1994 Sb., o volbách do zastupitelstev v obcích a o změně a doplnění některých dalších zákonů, ve znění pozdějších předpisů. Zákon č. 130/2000 Sb., o volbách do zastupitelstev krajů a o změně některých zákonů, ve znění zákona č. 273/2001 Sb. Zákon č. 247/1995 Sb., o volbách do Parlamentu České republiky, ve znění pozdějších předpisů.;notes;"<a data-odkaz-id=""12111603"" href=""#""  class=""ext_odkaz"">Zákon č. 152/1994 Sb., o volbách do zastupitelstev v obcích a o změně a doplnění některých dalších zákonů</a>";Zákon č. 152/1994 Sb., o volbách do zastupitelstev v obcích a o změně a doplnění některých dalších zákonů;12111603;ext_odkaz;NA;NA;NA;NA;esel-esb:právní-akt-odkaz/12111603;Zákon č. 152/1994 Sb.;JINYPRED;99881;esel-esb:eli/cz/sb/1994/152/2001-08-02/dokument;37863;esel-esb:eli/cz/sb/2001/273/0000-00-00/dokument/poznamkypodcarou/ppc_7;37863;2001/273;1994/152;2001/273;273/2001 Sb.
esel-esb:eli/cz/sb/2001/273/2017-07-01/dokument/poznamkypodcarou/ppc_7;11640407;esel-esb:eli/cz/sb/2001/273/2017-07-01/dokument/poznamkypodcarou;pozn. 7;NA;7;NA;/5/7/;esel-esb:právní-akt-fragment/4971409;4971409;4971409;PPC;7) Zákon č. 152/1994 Sb., o volbách do zastupitelstev v obcích a o změně a doplnění některých dalších zákonů, ve znění pozdějších předpisů. Zákon č. 130/2000 Sb., o volbách do zastupitelstev krajů a o změně některých zákonů, ve znění zákona č. 273/2001 Sb. Zákon č. 247/1995 Sb., o volbách do Parlamentu České republiky, ve znění pozdějších předpisů.;notes;"<a data-odkaz-id=""12111611"" href=""#""  class=""ext_odkaz"" data-version=""20010802"">Zákon č. 130/2000 Sb., o volbách do zastupitelstev krajů a o změně některých zákonů</a>";Zákon č. 130/2000 Sb., o volbách do zastupitelstev krajů a o změně některých zákonů;12111611;ext_odkaz;NA;NA;NA;NA;esel-esb:právní-akt-odkaz/12111611;Zákon č. 130/2000 Sb.;JINYPRED;109745;esel-esb:eli/cz/sb/2000/130/2001-08-02/dokument;37863;esel-esb:eli/cz/sb/2001/273/0000-00-00/dokument/poznamkypodcarou/ppc_7;37863;2001/273;2000/130;2001/273;273/2001 Sb.
esel-esb:eli/cz/sb/2001/273/2017-07-01/dokument/poznamkypodcarou/ppc_7;11640407;esel-esb:eli/cz/sb/2001/273/2017-07-01/dokument/poznamkypodcarou;pozn. 7;NA;7;NA;/5/7/;esel-esb:právní-akt-fragment/4971409;4971409;4971409;PPC;7) Zákon č. 152/1994 Sb., o volbách do zastupitelstev v obcích a o změně a doplnění některých dalších zákonů, ve znění pozdějších předpisů. Zákon č. 130/2000 Sb., o volbách do zastupitelstev krajů a o změně některých zákonů, ve znění zákona č. 273/2001 Sb. Zákon č. 247/1995 Sb., o volbách do Parlamentu České republiky, ve znění pozdějších předpisů.;notes;"<a data-odkaz-id=""12111619"" href=""#""  class=""ext_odkaz"">Zákon č. 247/1995 Sb.</a>";Zákon č. 247/1995 Sb.;12111619;ext_odkaz;NA;NA;NA;NA;esel-esb:právní-akt-odkaz/12111619;Zákon č. 247/1995 Sb.;JINYPRED;102117;esel-esb:eli/cz/sb/1995/247/2001-02-16/dokument;37863;esel-esb:eli/cz/sb/2001/273/0000-00-00/dokument/poznamkypodcarou/ppc_7;37863;2001/273;1995/247;2001/273;273/2001 Sb.
esel-esb:eli/cz/sb/2001/273/2017-07-01/dokument/poznamkypodcarou/ppc_8;11640408;esel-esb:eli/cz/sb/2001/273/2017-07-01/dokument/poznamkypodcarou;pozn. 8;NA;8;NA;/5/8/;esel-esb:právní-akt-fragment/4971411;4971411;4971411;PPC;8) Zákon č. 76/1978 Sb., o školských zařízeních, ve znění pozdějších předpisů. Zákon č. 29/1984 Sb., o soustavě základních škol, středních škol a vyšších odborných škol (školský zákon), ve znění pozdějších předpisů. Zákon č. 564/1990 Sb., o státní správě a samosprávě ve školství, ve znění pozdějších předpisů.;notes;"<a data-odkaz-id=""12111627"" href=""#""  class=""ext_odkaz"">Zákon č. 76/1978 Sb., o školských zařízeních</a>";Zákon č. 76/1978 Sb., o školských zařízeních;12111627;ext_odkaz;NA;NA;NA;NA;esel-esb:právní-akt-odkaz/12111627;Zákon č. 76/1978 Sb., o školských zařízeních;JINYPRED;81681;esel-esb:eli/cz/sb/1978/76/2001-01-01/dokument;37863;esel-esb:eli/cz/sb/2001/273/0000-00-00/dokument/poznamkypodcarou/ppc_8;37863;2001/273;1978/76;2001/273;273/2001 Sb.
esel-esb:eli/cz/sb/2001/273/2017-07-01/dokument/poznamkypodcarou/ppc_8;11640408;esel-esb:eli/cz/sb/2001/273/2017-07-01/dokument/poznamkypodcarou;pozn. 8;NA;8;NA;/5/8/;esel-esb:právní-akt-fragment/4971411;4971411;4971411;PPC;8) Zákon č. 76/1978 Sb., o školských zařízeních, ve znění pozdějších předpisů. Zákon č. 29/1984 Sb., o soustavě základních škol, středních škol a vyšších odborných škol (školský zákon), ve znění pozdějších předpisů. Zákon č. 564/1990 Sb., o státní správě a samosprávě ve školství, ve znění pozdějších předpisů.;notes;"<a data-odkaz-id=""12111635"" href=""#""  class=""ext_odkaz"">Zákon č. 29/1984 Sb.</a>";Zákon č. 29/1984 Sb.;12111635;ext_odkaz;NA;NA;NA;NA;esel-esb:právní-akt-odkaz/12111635;Zákon č. 29/1984 Sb.;JINYPRED;84383;esel-esb:eli/cz/sb/1984/29/2001-01-01/dokument;37863;esel-esb:eli/cz/sb/2001/273/0000-00-00/dokument/poznamkypodcarou/ppc_8;37863;2001/273;1984/29;2001/273;273/2001 Sb.
esel-esb:eli/cz/sb/2001/273/2017-07-01/dokument/poznamkypodcarou/ppc_8;11640408;esel-esb:eli/cz/sb/2001/273/2017-07-01/dokument/poznamkypodcarou;pozn. 8;NA;8;NA;/5/8/;esel-esb:právní-akt-fragment/4971411;4971411;4971411;PPC;8) Zákon č. 76/1978 Sb., o školských zařízeních, ve znění pozdějších předpisů. Zákon č. 29/1984 Sb., o soustavě základních škol, středních škol a vyšších odborných škol (školský zákon), ve znění pozdějších předpisů. Zákon č. 564/1990 Sb., o státní správě a samosprávě ve školství, ve znění pozdějších předpisů.;notes;"<a data-odkaz-id=""12111643"" href=""#""  class=""ext_odkaz"">Zákon č. 564/1990 Sb., o státní správě a samosprávě ve školství</a>";Zákon č. 564/1990 Sb., o státní správě a samosprávě ve školství;12111643;ext_odkaz;NA;NA;NA;NA;esel-esb:právní-akt-odkaz/12111643;Zákon č. 564/1990 Sb., o státní správě a samosprávě ve školství;JINYPRED;88743;esel-esb:eli/cz/sb/1990/564/2001-01-01/dokument;37863;esel-esb:eli/cz/sb/2001/273/0000-00-00/dokument/poznamkypodcarou/ppc_8;37863;2001/273;1990/564;2001/273;273/2001 Sb.
esel-esb:eli/cz/sb/2001/273/2017-07-01/dokument/poznamkypodcarou/ppc_9;11640409;esel-esb:eli/cz/sb/2001/273/2017-07-01/dokument/poznamkypodcarou;pozn. 9;NA;9;NA;/5/9/;esel-esb:právní-akt-fragment/4971413;4971413;4971413;PPC;9) Zákon č. 483/1991 Sb., o České televizi, ve znění pozdějších předpisů. Zákon č. 484/1991 Sb., o Českém rozhlasu, ve znění pozdějších předpisů.;notes;"<a data-odkaz-id=""12111651"" href=""#""  class=""ext_odkaz"">Zákon č. 483/1991 Sb., o České televizi</a>";Zákon č. 483/1991 Sb., o České televizi;12111651;ext_odkaz;NA;NA;NA;NA;esel-esb:právní-akt-odkaz/12111651;Zákon č. 483/1991 Sb.;JINYPRED;91717;esel-esb:eli/cz/sb/1991/483/2001-07-04/dokument;37863;esel-esb:eli/cz/sb/2001/273/0000-00-00/dokument/poznamkypodcarou/ppc_9;37863;2001/273;1991/483;2001/273;273/2001 Sb.
esel-esb:eli/cz/sb/2001/273/2017-07-01/dokument/poznamkypodcarou/ppc_9;11640409;esel-esb:eli/cz/sb/2001/273/2017-07-01/dokument/poznamkypodcarou;pozn. 9;NA;9;NA;/5/9/;esel-esb:právní-akt-fragment/4971413;4971413;4971413;PPC;9) Zákon č. 483/1991 Sb., o České televizi, ve znění pozdějších předpisů. Zákon č. 484/1991 Sb., o Českém rozhlasu, ve znění pozdějších předpisů.;notes;"<a data-odkaz-id=""12111659"" href=""#""  class=""ext_odkaz"">Zákon č. 484/1991 Sb., o Českém rozhlasu</a>";Zákon č. 484/1991 Sb., o Českém rozhlasu;12111659;ext_odkaz;NA;NA;NA;NA;esel-esb:právní-akt-odkaz/12111659;Zákon č. 484/1991 Sb.;JINYPRED;91749;esel-esb:eli/cz/sb/1991/484/1998-01-01/dokument;37863;esel-esb:eli/cz/sb/2001/273/0000-00-00/dokument/poznamkypodcarou/ppc_9;37863;2001/273;1991/484;2001/273;273/2001 Sb.
esel-esb:eli/cz/sb/2001/273/2017-07-01/dokument/prefix/frag_4971163;11640289;esel-esb:eli/cz/sb/2001/273/2017-07-01/dokument/prefix;NA;NA;NA;NA;/1/11/;esel-esb:právní-akt-fragment/4971163;4971163;4971163;Prefix;chráně práva příslušníků národnostních menšin v souladu s mezinárodními smlouvami o lidských právech a základních svobodách, jimiž je Česká republika vázána, s Ústavou a s Listinou základních práv a svobod,;rest;"<a data-odkaz-id=""12096101"" href=""#""  class=""ext_odkaz"">Ústavou</a>";Ústavou;12096101;ext_odkaz;NA;NA;NA;NA;esel-esb:právní-akt-odkaz/12096101;Ústavou;JINYPRED;97583;esel-esb:eli/cz/sb/1993/1/2000-12-01/dokument;37863;esel-esb:eli/cz/sb/2001/273/0000-00-00/dokument/prefix/frag_4971163;37863;2001/273;1993/1;2001/273;273/2001 Sb.
esel-esb:eli/cz/sb/2001/273/2017-07-01/dokument/prefix/frag_4971163;11640289;esel-esb:eli/cz/sb/2001/273/2017-07-01/dokument/prefix;NA;NA;NA;NA;/1/11/;esel-esb:právní-akt-fragment/4971163;4971163;4971163;Prefix;chráně práva příslušníků národnostních menšin v souladu s mezinárodními smlouvami o lidských právech a základních svobodách, jimiž je Česká republika vázána, s Ústavou a s Listinou základních práv a svobod,;rest;"<a data-odkaz-id=""12096109"" href=""#""  class=""ext_odkaz"">Listinou základních práv a svobod</a>";Listinou základních práv a svobod;12096109;ext_odkaz;NA;NA;NA;NA;esel-esb:právní-akt-odkaz/12096109;Listinou základních práv a svobod;JINYPRED;97601;esel-esb:eli/cz/sb/1993/2/1999-01-01/dokument;37863;esel-esb:eli/cz/sb/2001/273/0000-00-00/dokument/prefix/frag_4971163;37863;2001/273;1993/2;2001/273;273/2001 Sb.
