fragment.iri;fragment.id;fragment.předek.iri;fragment.citace;fragment.citace.text;fragment.označení.uzlu;fragment.označení.uzlu.text;fragment.hierarchie;akt.fragment.iri;akt.fragment.id;fragment.base.id;typ.fragmentu;fragment.text_clean;source;tag;tag_clean;odkaz.id;class;data_eurlex;data_celexid;data_cellarid;data_orig_href;odkaz.iri;odkaz.citace.cíl;typ.vazba.odkazu;cíl.dokument.id;fragment.cíl.iri;fragment.cíl.dokument.id;fragment.zdroj.iri;fragment.zdroj.dokument.id;iri_z;iri_c;iri_v;akt.citace
esel-esb:eli/cz/sb/1993/3/1998-07-28/dokument/norma/par_2/odst_2;6081063;esel-esb:eli/cz/sb/1993/3/1998-07-28/dokument/norma/par_2;§ 2 odst. 2;NA;2;NA;/2/2/3/;esel-esb:právní-akt-fragment/2619391;2619391;2619391;Odstavec_Dc;(2) Vyobrazení velkého státního znaku je přílohou 1 tohoto zákona.;norms;"<a data-odkaz-id=""7909239"" href=""#""  class=""int_odkaz"">přílohou 1</a>";přílohou 1;7909239;int_odkaz;NA;NA;NA;NA;esel-esb:právní-akt-odkaz/7909239;přílohou 1;INTUSTAN;30127;esel-esb:eli/cz/sb/1993/3/0000-00-00/dokument/prilohy/priloha_1;30127;esel-esb:eli/cz/sb/1993/3/0000-00-00/dokument/norma/par_2/odst_2;30127;1993/3;1993/3;1993/3;3/1993 Sb.
esel-esb:eli/cz/sb/1993/3/1998-07-28/dokument/norma/par_2/odst_4;6081065;esel-esb:eli/cz/sb/1993/3/1998-07-28/dokument/norma/par_2;§ 2 odst. 4;NA;4;NA;/2/2/5/;esel-esb:právní-akt-fragment/2619395;2619395;2619395;Odstavec_Dc;(4) Vyobrazení malého státního znaku je přílohou 2 tohoto zákona.;norms;"<a data-odkaz-id=""7909247"" href=""#""  class=""int_odkaz"">přílohou 2</a>";přílohou 2;7909247;int_odkaz;NA;NA;NA;NA;esel-esb:právní-akt-odkaz/7909247;přílohou 2;INTUSTAN;30127;esel-esb:eli/cz/sb/1993/3/0000-00-00/dokument/prilohy/priloha_2;30127;esel-esb:eli/cz/sb/1993/3/0000-00-00/dokument/norma/par_2/odst_4;30127;1993/3;1993/3;1993/3;3/1993 Sb.
esel-esb:eli/cz/sb/1993/3/1998-07-28/dokument/norma/par_4/odst_2;6081072;esel-esb:eli/cz/sb/1993/3/1998-07-28/dokument/norma/par_4;§ 4 odst. 2;NA;2;NA;/2/4/3/;esel-esb:právní-akt-fragment/2619409;2619409;2619409;Odstavec_Dc;(2) Vyobrazení státní vlajky je přílohou 3 tohoto zákona.;norms;"<a data-odkaz-id=""7909255"" href=""#""  class=""int_odkaz"">přílohou 3</a>";přílohou 3;7909255;int_odkaz;NA;NA;NA;NA;esel-esb:právní-akt-odkaz/7909255;přílohou 3;INTUSTAN;30127;esel-esb:eli/cz/sb/1993/3/0000-00-00/dokument/prilohy/priloha_3;30127;esel-esb:eli/cz/sb/1993/3/0000-00-00/dokument/norma/par_4/odst_2;30127;1993/3;1993/3;1993/3;3/1993 Sb.
esel-esb:eli/cz/sb/1993/3/1998-07-28/dokument/norma/par_5/odst_2;6081076;esel-esb:eli/cz/sb/1993/3/1998-07-28/dokument/norma/par_5;§ 5 odst. 2;NA;2;NA;/2/5/3/;esel-esb:právní-akt-fragment/2619417;2619417;2619417;Odstavec_Dc;(2) Vyobrazení vlajky prezidenta republiky je přílohou 4 tohoto zákona.;norms;"<a data-odkaz-id=""8012017"" href=""#""  class=""int_odkaz"">přílohou 4</a>";přílohou 4;8012017;int_odkaz;NA;NA;NA;NA;esel-esb:právní-akt-odkaz/8012017;přílohou 4;INTUSTAN;30127;esel-esb:eli/cz/sb/1993/3/0000-00-00/dokument/prilohy/priloha_4;30127;esel-esb:eli/cz/sb/1993/3/0000-00-00/dokument/norma/par_5/odst_2;30127;1993/3;1993/3;1993/3;3/1993 Sb.
esel-esb:eli/cz/sb/1993/3/1998-07-28/dokument/norma/par_6/odst_2;6081080;esel-esb:eli/cz/sb/1993/3/1998-07-28/dokument/norma/par_6;§ 6 odst. 2;NA;2;NA;/2/6/3/;esel-esb:právní-akt-fragment/2619425;2619425;2619425;Odstavec_Dc;(2) Vyobrazení státní pečeti je přílohou 5 tohoto zákona.;norms;"<a data-odkaz-id=""8012009"" href=""#""  class=""int_odkaz"">přílohou 5</a>";přílohou 5;8012009;int_odkaz;NA;NA;NA;NA;esel-esb:právní-akt-odkaz/8012009;přílohou 5;INTUSTAN;30127;esel-esb:eli/cz/sb/1993/3/0000-00-00/dokument/prilohy/priloha_5;30127;esel-esb:eli/cz/sb/1993/3/0000-00-00/dokument/norma/par_6/odst_2;30127;1993/3;1993/3;1993/3;3/1993 Sb.
esel-esb:eli/cz/sb/1993/3/1998-07-28/dokument/norma/par_7/odst_2;6081085;esel-esb:eli/cz/sb/1993/3/1998-07-28/dokument/norma/par_7;§ 7 odst. 2;NA;2;NA;/2/7/3/;esel-esb:právní-akt-fragment/2619437;2619437;2619437;Odstavec_Dc;(2) Text a notový záznam státní hymny jsou přílohou 6 tohoto zákona.;norms;"<a data-odkaz-id=""8012001"" href=""#""  class=""int_odkaz"">přílohou 6</a>";přílohou 6;8012001;int_odkaz;NA;NA;NA;NA;esel-esb:právní-akt-odkaz/8012001;přílohou 6;INTUSTAN;30127;esel-esb:eli/cz/sb/1993/3/0000-00-00/dokument/prilohy/priloha_6;30127;esel-esb:eli/cz/sb/1993/3/0000-00-00/dokument/norma/par_7/odst_2;30127;1993/3;1993/3;1993/3;3/1993 Sb.
