fragment.iri;fragment.id;fragment.předek.iri;fragment.citace;fragment.citace.text;fragment.označení.uzlu;fragment.označení.uzlu.text;fragment.hierarchie;akt.fragment.iri;akt.fragment.id;fragment.base.id;typ.fragmentu;fragment.text_clean;source;tag;tag_clean;odkaz.id;class;data_eurlex;data_celexid;data_cellarid;data_orig_href;odkaz.iri;odkaz.citace.cíl;typ.vazba.odkazu;cíl.dokument.id;fragment.cíl.iri;fragment.cíl.dokument.id;fragment.zdroj.iri;fragment.zdroj.dokument.id;iri_z;iri_c;iri_v;akt.citace
esel-esb:eli/cz/sb/1999/306/2016-09-01/dokument/norma/par_1/odst_1;9255109;esel-esb:eli/cz/sb/1999/306/2016-09-01/dokument/norma/par_1;§ 1 odst. 1;NA;1;NA;/2/1/1/;esel-esb:právní-akt-fragment/4214521;4214521;4214519;Odstavec_Dc;(1) Dotace ze státního rozpočtu (dále jen „dotace“) se poskytuje právnickým osobám vykonávajícím činnost škol a školských zařízení zapsaných do školského rejstříku,1) které nejsou zřizovány státem, krajem, obcí, dobrovolným svazkem obcí, jehož předmětem činnosti jsou úkoly v oblasti školství (dále jen „svazek obcí“), nebo registrovanou církví nebo náboženskou společností, které bylo přiznáno oprávnění k výkonu zvláštního práva zřizovat církevní školy,2) (dále jen „právnické osoby“), pokud uzavřou smlouvu s krajským úřadem podle tohoto zákona. Dotace se neposkytuje na činnost jazykových škol s právem státní jazykové zkoušky.;norms;"<a data-odkaz-id=""10345619"" href=""#""  class=""int_odkaz""><sup>1</sup>)</a>";1);10345619;int_odkaz;NA;NA;NA;NA;esel-esb:právní-akt-odkaz/10345619;<sup>1</sup>);POZNAMKA;107909;esel-esb:eli/cz/sb/1999/306/2005-01-01/dokument/poznamkypodcarou/ppc_1;107909;esel-esb:eli/cz/sb/1999/306/2005-01-01/dokument/norma/par_1/odst_1;107909;1999/306;1999/306;1999/306;306/1999 Sb.
esel-esb:eli/cz/sb/1999/306/2016-09-01/dokument/norma/par_1/odst_1;9255109;esel-esb:eli/cz/sb/1999/306/2016-09-01/dokument/norma/par_1;§ 1 odst. 1;NA;1;NA;/2/1/1/;esel-esb:právní-akt-fragment/4214521;4214521;4214519;Odstavec_Dc;(1) Dotace ze státního rozpočtu (dále jen „dotace“) se poskytuje právnickým osobám vykonávajícím činnost škol a školských zařízení zapsaných do školského rejstříku,1) které nejsou zřizovány státem, krajem, obcí, dobrovolným svazkem obcí, jehož předmětem činnosti jsou úkoly v oblasti školství (dále jen „svazek obcí“), nebo registrovanou církví nebo náboženskou společností, které bylo přiznáno oprávnění k výkonu zvláštního práva zřizovat církevní školy,2) (dále jen „právnické osoby“), pokud uzavřou smlouvu s krajským úřadem podle tohoto zákona. Dotace se neposkytuje na činnost jazykových škol s právem státní jazykové zkoušky.;norms;"<a data-odkaz-id=""10345631"" href=""#""  class=""int_odkaz""><sup>2</sup>)</a>";2);10345631;int_odkaz;NA;NA;NA;NA;esel-esb:právní-akt-odkaz/10345631;<sup>2</sup>);POZNAMKA;107909;esel-esb:eli/cz/sb/1999/306/2005-01-01/dokument/poznamkypodcarou/ppc_2;107909;esel-esb:eli/cz/sb/1999/306/2005-01-01/dokument/norma/par_1/odst_1;107909;1999/306;1999/306;1999/306;306/1999 Sb.
esel-esb:eli/cz/sb/1999/306/2016-09-01/dokument/norma/par_1/odst_2;9255110;esel-esb:eli/cz/sb/1999/306/2016-09-01/dokument/norma/par_1;§ 1 odst. 2;NA;2;NA;/2/1/2/;esel-esb:právní-akt-fragment/4214891;4214891;4214523;Odstavec_Dc;(2) Dotace se poskytuje k financování neinvestičních výdajů souvisejících s výchovou a vzděláváním ve školách a se službami a vzděláváním, které doplňují nebo podporují vzdělávání ve školách nebo s ním přímo souvisí, nebo zajišťováním ústavní a ochranné výchovy nebo preventivně výchovné péče ve školských zařízeních (dále jen „školské služby“) a s běžným provozem školy a školského zařízení s výjimkou nájemného v rámci smlouvy o koupi najaté věci uzavřené po 1. lednu 1997 a reklamy, a u právnických osob, které poskytují vzdělávání a školské služby pro děti, žáky a studenty s mentálním, tělesným, zrakovým nebo sluchovým postižením, závažnými vadami řeči, závažnými vývojovými poruchami učení, závažnými vývojovými poruchami chování, souběžným postižením více vadami nebo autismem,3) i s rehabilitací.;norms;"<a data-odkaz-id=""10110295"" href=""#""  class=""int_odkaz""><sup>3</sup>)</a>";3);10110295;int_odkaz;NA;NA;NA;NA;esel-esb:právní-akt-odkaz/10110295;<sup>3</sup>);POZNAMKA;107919;esel-esb:eli/cz/sb/1999/306/2016-09-01/dokument/poznamkypodcarou/ppc_3;107919;esel-esb:eli/cz/sb/1999/306/2016-09-01/dokument/norma/par_1/odst_2;107919;1999/306;1999/306;1999/306;306/1999 Sb.
esel-esb:eli/cz/sb/1999/306/2016-09-01/dokument/norma/par_3/odst_1;9255122;esel-esb:eli/cz/sb/1999/306/2016-09-01/dokument/norma/par_3;§ 3 odst. 1;NA;1;NA;/2/3/1/;esel-esb:právní-akt-fragment/4214581;4214581;4214579;Odstavec_Dc;(1) Ve smlouvě o poskytnutí dotace se uvádějí zejména činnosti, na které se dotace poskytuje, jejich rozsah, počet dětí, žáků nebo studentů ve školním roce, na který se dotace poskytuje, a výše dotace stanovená procentním podílem podle § 4.;norms;"<a data-odkaz-id=""10109283"" href=""#""  class=""int_odkaz"">§ 4</a>";§ 4;10109283;int_odkaz;NA;NA;NA;NA;esel-esb:právní-akt-odkaz/10109283;§ 4;INTUSTAN;107909;esel-esb:eli/cz/sb/1999/306/2005-01-01/dokument/norma/par_4;107909;esel-esb:eli/cz/sb/1999/306/2005-01-01/dokument/norma/par_3/odst_1;107909;1999/306;1999/306;1999/306;306/1999 Sb.
esel-esb:eli/cz/sb/1999/306/2016-09-01/dokument/norma/par_3/odst_2;9255123;esel-esb:eli/cz/sb/1999/306/2016-09-01/dokument/norma/par_3;§ 3 odst. 2;NA;2;NA;/2/3/2/;esel-esb:právní-akt-fragment/4214893;4214893;4214583;Odstavec_Dc;(2) Smlouva o poskytnutí dotace se neuzavře, pokud krajský úřad neobdržel žádost o poskytnutí dotace ve lhůtě podle § 2 odst. 1. Smlouva o poskytnutí dotace se dále neuzavře, pokud právnická osoba, která čerpala dotaci v předchozím školním roce, nepředloží do 15. října za předchozí školní rok;norms;"<a data-odkaz-id=""10110297"" href=""#""  class=""int_odkaz"">§ 2 odst. 1.</a>";§ 2 odst. 1.;10110297;int_odkaz;NA;NA;NA;NA;esel-esb:právní-akt-odkaz/10110297;§ 2 odst. 1.;INTUSTAN;107917;esel-esb:eli/cz/sb/1999/306/2015-05-01/dokument/norma/par_2/odst_1;107917;esel-esb:eli/cz/sb/1999/306/2015-05-01/dokument/norma/par_3/odst_2;107917;1999/306;1999/306;1999/306;306/1999 Sb.
esel-esb:eli/cz/sb/1999/306/2016-09-01/dokument/norma/par_3/odst_2/pism_a;9255124;esel-esb:eli/cz/sb/1999/306/2016-09-01/dokument/norma/par_3/odst_2;§ 3 odst. 2 písm. a);NA;a;NA;/2/3/2/1/;esel-esb:právní-akt-fragment/4214591;4214591;4214589;Pismeno_Lb;a) vyúčtování dotace postupem stanoveným Ministerstvem školství, mládeže a tělovýchovy (dále jen „ministerstvo),2a);norms;"<a data-odkaz-id=""10109295"" href=""#""  class=""int_odkaz""><sup>2a</sup>)</a>";2a);10109295;int_odkaz;NA;NA;NA;NA;esel-esb:právní-akt-odkaz/10109295;<sup>2a</sup>);POZNAMKA;107909;esel-esb:eli/cz/sb/1999/306/2005-01-01/dokument/poznamkypodcarou/ppc_2a;107909;esel-esb:eli/cz/sb/1999/306/2005-01-01/dokument/norma/par_3/odst_2/pism_a;107909;1999/306;1999/306;1999/306;306/1999 Sb.
esel-esb:eli/cz/sb/1999/306/2016-09-01/dokument/norma/par_3/odst_2/pism_b;9255125;esel-esb:eli/cz/sb/1999/306/2016-09-01/dokument/norma/par_3/odst_2;§ 3 odst. 2 písm. b);NA;b;NA;/2/3/2/2/;esel-esb:právní-akt-fragment/4214595;4214595;4214593;Pismeno_Lb;b) výroční zprávu o činnosti školy,4);norms;"<a data-odkaz-id=""10109319"" href=""#""  class=""int_odkaz""><sup>4</sup>)</a>";4);10109319;int_odkaz;NA;NA;NA;NA;esel-esb:právní-akt-odkaz/10109319;<sup>4</sup>);POZNAMKA;107909;esel-esb:eli/cz/sb/1999/306/2005-01-01/dokument/poznamkypodcarou/ppc_4;107909;esel-esb:eli/cz/sb/1999/306/2005-01-01/dokument/norma/par_3/odst_2/pism_b;107909;1999/306;1999/306;1999/306;306/1999 Sb.
esel-esb:eli/cz/sb/1999/306/2016-09-01/dokument/norma/par_3/odst_2/pism_c;9255126;esel-esb:eli/cz/sb/1999/306/2016-09-01/dokument/norma/par_3/odst_2;§ 3 odst. 2 písm. c);NA;c;NA;/2/3/2/3/;esel-esb:právní-akt-fragment/4214599;4214599;4214597;Pismeno_Lb;c) rozbor hospodaření s dotací poskytnutou podle tohoto zákona, zpracovaný podle osnovy stanovené ministerstvem,2a);norms;"<a data-odkaz-id=""10109343"" href=""#""  class=""int_odkaz""><sup>2a</sup>)</a>";2a);10109343;int_odkaz;NA;NA;NA;NA;esel-esb:právní-akt-odkaz/10109343;<sup>2a</sup>);POZNAMKA;107909;esel-esb:eli/cz/sb/1999/306/2005-01-01/dokument/poznamkypodcarou/ppc_2a;107909;esel-esb:eli/cz/sb/1999/306/2005-01-01/dokument/norma/par_3/odst_2/pism_c;107909;1999/306;1999/306;1999/306;306/1999 Sb.
esel-esb:eli/cz/sb/1999/306/2016-09-01/dokument/norma/par_4/odst_1;9255130;esel-esb:eli/cz/sb/1999/306/2016-09-01/dokument/norma/par_4;§ 4 odst. 1;NA;1;NA;/2/4/1/;esel-esb:právní-akt-fragment/4214895;4214895;4214621;Odstavec_Dc;(1) Dotace právnickým osobám, s výjimkou právnických osob vykonávajících činnost mateřské školy nebo školského zařízení, které jinak podle zvláštního právního předpisu5) zřizuje obec nebo svazek obcí, se stanoví procentním podílem z normativu jako ročního objemu neinvestičních výdajů, mzdových prostředků a zákonných odvodů připadajících na jedno dítě, žáka nebo studenta ve srovnatelném oboru vzdělání a formě vzdělávání ve škole nebo ve srovnatelné školské službě ve školském zařízení zřizovaném krajem nebo ministerstvem. Dotace se zvýší o procentní podíl z normativu na speciální vzdělávací potřeby dětí, žáků a studentů uvedených v § 1 odst. 2 stanoveného pro děti, žáky nebo studenty škol a školských zařízení zřizovaných krajem nebo ministerstvem.;norms;"<a data-odkaz-id=""10110301"" href=""#""  class=""int_odkaz""><sup>5</sup>)</a>";5);10110301;int_odkaz;NA;NA;NA;NA;esel-esb:právní-akt-odkaz/10110301;<sup>5</sup>);POZNAMKA;107919;esel-esb:eli/cz/sb/1999/306/2016-09-01/dokument/poznamkypodcarou/ppc_5;107919;esel-esb:eli/cz/sb/1999/306/2016-09-01/dokument/norma/par_4/odst_1;107919;1999/306;1999/306;1999/306;306/1999 Sb.
esel-esb:eli/cz/sb/1999/306/2016-09-01/dokument/norma/par_4/odst_1;9255130;esel-esb:eli/cz/sb/1999/306/2016-09-01/dokument/norma/par_4;§ 4 odst. 1;NA;1;NA;/2/4/1/;esel-esb:právní-akt-fragment/4214895;4214895;4214621;Odstavec_Dc;(1) Dotace právnickým osobám, s výjimkou právnických osob vykonávajících činnost mateřské školy nebo školského zařízení, které jinak podle zvláštního právního předpisu5) zřizuje obec nebo svazek obcí, se stanoví procentním podílem z normativu jako ročního objemu neinvestičních výdajů, mzdových prostředků a zákonných odvodů připadajících na jedno dítě, žáka nebo studenta ve srovnatelném oboru vzdělání a formě vzdělávání ve škole nebo ve srovnatelné školské službě ve školském zařízení zřizovaném krajem nebo ministerstvem. Dotace se zvýší o procentní podíl z normativu na speciální vzdělávací potřeby dětí, žáků a studentů uvedených v § 1 odst. 2 stanoveného pro děti, žáky nebo studenty škol a školských zařízení zřizovaných krajem nebo ministerstvem.;norms;"<a data-odkaz-id=""10110303"" href=""#""  class=""int_odkaz"">§ 1 odst. 2</a>";§ 1 odst. 2;10110303;int_odkaz;NA;NA;NA;NA;esel-esb:právní-akt-odkaz/10110303;§ 1 odst. 2;INTUSTAN;107919;esel-esb:eli/cz/sb/1999/306/2016-09-01/dokument/norma/par_1/odst_2;107919;esel-esb:eli/cz/sb/1999/306/2016-09-01/dokument/norma/par_4/odst_1;107919;1999/306;1999/306;1999/306;306/1999 Sb.
esel-esb:eli/cz/sb/1999/306/2016-09-01/dokument/norma/par_4/odst_2;9255131;esel-esb:eli/cz/sb/1999/306/2016-09-01/dokument/norma/par_4;§ 4 odst. 2;NA;2;NA;/2/4/2/;esel-esb:právní-akt-fragment/4214897;4214897;4214627;Odstavec_Dc;(2) Dotace právnickým osobám vykonávajícím činnost mateřských škol nebo školských zařízení, které jinak podle zvláštního právního předpisu5) zřizuje obec nebo svazek obcí, se stanoví procentním podílem z normativu jako ročního objemu neinvestičních výdajů, mzdových prostředků a zákonných odvodů připadajících na jedno dítě ve srovnatelné mateřské škole zřizované obcí nebo na jedno dítě nebo žáka ve srovnatelné školské službě ve školském zařízení zřizovaném obcí. Dotace se zvýší o procentní podíl z normativu na speciální vzdělávací potřeby dětí, žáků a studentů uvedených v § 1 odst. 2 stanoveného pro děti, žáky nebo studenty škol a školských zařízení zřizovaných obcí.;norms;"<a data-odkaz-id=""10110305"" href=""#""  class=""int_odkaz""><sup>5</sup>)</a>";5);10110305;int_odkaz;NA;NA;NA;NA;esel-esb:právní-akt-odkaz/10110305;<sup>5</sup>);POZNAMKA;107919;esel-esb:eli/cz/sb/1999/306/2016-09-01/dokument/poznamkypodcarou/ppc_5;107919;esel-esb:eli/cz/sb/1999/306/2016-09-01/dokument/norma/par_4/odst_2;107919;1999/306;1999/306;1999/306;306/1999 Sb.
esel-esb:eli/cz/sb/1999/306/2016-09-01/dokument/norma/par_4/odst_2;9255131;esel-esb:eli/cz/sb/1999/306/2016-09-01/dokument/norma/par_4;§ 4 odst. 2;NA;2;NA;/2/4/2/;esel-esb:právní-akt-fragment/4214897;4214897;4214627;Odstavec_Dc;(2) Dotace právnickým osobám vykonávajícím činnost mateřských škol nebo školských zařízení, které jinak podle zvláštního právního předpisu5) zřizuje obec nebo svazek obcí, se stanoví procentním podílem z normativu jako ročního objemu neinvestičních výdajů, mzdových prostředků a zákonných odvodů připadajících na jedno dítě ve srovnatelné mateřské škole zřizované obcí nebo na jedno dítě nebo žáka ve srovnatelné školské službě ve školském zařízení zřizovaném obcí. Dotace se zvýší o procentní podíl z normativu na speciální vzdělávací potřeby dětí, žáků a studentů uvedených v § 1 odst. 2 stanoveného pro děti, žáky nebo studenty škol a školských zařízení zřizovaných obcí.;norms;"<a data-odkaz-id=""10110307"" href=""#""  class=""int_odkaz"">§ 1 odst. 2</a>";§ 1 odst. 2;10110307;int_odkaz;NA;NA;NA;NA;esel-esb:právní-akt-odkaz/10110307;§ 1 odst. 2;INTUSTAN;107919;esel-esb:eli/cz/sb/1999/306/2016-09-01/dokument/norma/par_1/odst_2;107919;esel-esb:eli/cz/sb/1999/306/2016-09-01/dokument/norma/par_4/odst_2;107919;1999/306;1999/306;1999/306;306/1999 Sb.
esel-esb:eli/cz/sb/1999/306/2016-09-01/dokument/norma/par_4/odst_5;9255134;esel-esb:eli/cz/sb/1999/306/2016-09-01/dokument/norma/par_4;§ 4 odst. 5;NA;5;NA;/2/4/5/;esel-esb:právní-akt-fragment/4214643;4214643;4214641;Odstavec_Dc;(5) Výše procentního podílu z normativu podle odstavců 1 a 2 se stanoví pro;norms;"<a data-odkaz-id=""10109423"" href=""#""  class=""int_odkaz"">odstavců 1</a>";odstavců 1;10109423;int_odkaz;NA;NA;NA;NA;esel-esb:právní-akt-odkaz/10109423;odstavců 1;INTUSTAN;107909;esel-esb:eli/cz/sb/1999/306/2005-01-01/dokument/norma/par_4/odst_1;107909;esel-esb:eli/cz/sb/1999/306/2005-01-01/dokument/norma/par_4/odst_5;107909;1999/306;1999/306;1999/306;306/1999 Sb.
esel-esb:eli/cz/sb/1999/306/2016-09-01/dokument/norma/par_4/odst_5;9255134;esel-esb:eli/cz/sb/1999/306/2016-09-01/dokument/norma/par_4;§ 4 odst. 5;NA;5;NA;/2/4/5/;esel-esb:právní-akt-fragment/4214643;4214643;4214641;Odstavec_Dc;(5) Výše procentního podílu z normativu podle odstavců 1 a 2 se stanoví pro;norms;"<a data-odkaz-id=""10109435"" href=""#""  class=""int_odkaz"">2</a>";2;10109435;int_odkaz;NA;NA;NA;NA;esel-esb:právní-akt-odkaz/10109435;2;INTUSTAN;107909;esel-esb:eli/cz/sb/1999/306/2005-01-01/dokument/norma/par_4/odst_2;107909;esel-esb:eli/cz/sb/1999/306/2005-01-01/dokument/norma/par_4/odst_5;107909;1999/306;1999/306;1999/306;306/1999 Sb.
esel-esb:eli/cz/sb/1999/306/2016-09-01/dokument/norma/par_4/odst_5/pism_a;9255135;esel-esb:eli/cz/sb/1999/306/2016-09-01/dokument/norma/par_4/odst_5;§ 4 odst. 5 písm. a);NA;a;NA;/2/4/5/1/;esel-esb:právní-akt-fragment/4214899;4214899;4214649;Pismeno_Lb;a) střední školy poskytující střední vzdělání, školy, které uskutečňují vzdělávací programy pro děti, žáky a studenty uvedené v § 1 odst. 2, střediska praktického vyučování při poskytování vzdělávání podle školních vzdělávacích programů těchto škol, a základní školy speciální na 80 %,;norms;"<a data-odkaz-id=""10110309"" href=""#""  class=""int_odkaz"">§ 1 odst. 2</a>";§ 1 odst. 2;10110309;int_odkaz;NA;NA;NA;NA;esel-esb:právní-akt-odkaz/10110309;§ 1 odst. 2;INTUSTAN;107919;esel-esb:eli/cz/sb/1999/306/2016-09-01/dokument/norma/par_1/odst_2;107919;esel-esb:eli/cz/sb/1999/306/2016-09-01/dokument/norma/par_4/odst_5/pism_a;107919;1999/306;1999/306;1999/306;306/1999 Sb.
esel-esb:eli/cz/sb/1999/306/2016-09-01/dokument/norma/par_4/odst_5/pism_b;9255136;esel-esb:eli/cz/sb/1999/306/2016-09-01/dokument/norma/par_4/odst_5;§ 4 odst. 5 písm. b);NA;b;NA;/2/4/5/2/;esel-esb:právní-akt-fragment/4214655;4214655;4214653;Pismeno_Lb;b) ostatní střední školy neuvedené v písmenu a), střediska praktického vyučování při poskytování vzdělávání podle školních vzdělávacích programů těchto škol, a vyšší odborné školy na 60 %,;norms;"<a data-odkaz-id=""10345655"" href=""#""  class=""int_odkaz"">písmenu a)</a>";písmenu a);10345655;int_odkaz;NA;NA;NA;NA;esel-esb:právní-akt-odkaz/10345655;písmenu a);INTUSTAN;107911;esel-esb:eli/cz/sb/1999/306/2005-12-01/dokument/norma/par_4/odst_5/pism_a;107911;esel-esb:eli/cz/sb/1999/306/2005-12-01/dokument/norma/par_4/odst_5/pism_b;107911;1999/306;1999/306;1999/306;306/1999 Sb.
esel-esb:eli/cz/sb/1999/306/2016-09-01/dokument/norma/par_4/odst_5/pism_e;9255139;esel-esb:eli/cz/sb/1999/306/2016-09-01/dokument/norma/par_4/odst_5;§ 4 odst. 5 písm. e);NA;e;NA;/2/4/5/5/;esel-esb:právní-akt-fragment/4214661;4214661;4214661;Pismeno_Lb;e) mateřské školy nebo školská zařízení, které jinak podle zvláštního právního předpisu5) zřizuje obec nebo svazek obcí, na 60 %,;norms;"<a data-odkaz-id=""10345665"" href=""#""  class=""int_odkaz""><sup>5</sup>)</a>";5);10345665;int_odkaz;NA;NA;NA;NA;esel-esb:právní-akt-odkaz/10345665;<sup>5</sup>);POZNAMKA;107909;esel-esb:eli/cz/sb/1999/306/2005-01-01/dokument/poznamkypodcarou/ppc_5;107909;esel-esb:eli/cz/sb/1999/306/2005-01-01/dokument/norma/par_4/odst_5/pism_e;107909;1999/306;1999/306;1999/306;306/1999 Sb.
esel-esb:eli/cz/sb/1999/306/2016-09-01/dokument/norma/par_5/odst_1;9255142;esel-esb:eli/cz/sb/1999/306/2016-09-01/dokument/norma/par_5;§ 5 odst. 1;NA;1;NA;/2/5/1/;esel-esb:právní-akt-fragment/4214677;4214677;4214673;Odstavec_Dc;(1) Mezi krajským úřadem a právnickou osobou se při splnění podmínek stanovených v odstavcích 3 a 4 uzavře smlouva o zvýšení dotace, a to v termínu stanoveném v odstavci 6.;norms;"<a data-odkaz-id=""10345713"" href=""#""  class=""int_odkaz"">odstavcích 3</a>";odstavcích 3;10345713;int_odkaz;NA;NA;NA;NA;esel-esb:právní-akt-odkaz/10345713;odstavcích 3;INTUSTAN;107909;esel-esb:eli/cz/sb/1999/306/2005-01-01/dokument/norma/par_5/odst_3;107909;esel-esb:eli/cz/sb/1999/306/2005-01-01/dokument/norma/par_5/odst_1;107909;1999/306;1999/306;1999/306;306/1999 Sb.
esel-esb:eli/cz/sb/1999/306/2016-09-01/dokument/norma/par_5/odst_1;9255142;esel-esb:eli/cz/sb/1999/306/2016-09-01/dokument/norma/par_5;§ 5 odst. 1;NA;1;NA;/2/5/1/;esel-esb:právní-akt-fragment/4214677;4214677;4214673;Odstavec_Dc;(1) Mezi krajským úřadem a právnickou osobou se při splnění podmínek stanovených v odstavcích 3 a 4 uzavře smlouva o zvýšení dotace, a to v termínu stanoveném v odstavci 6.;norms;"<a data-odkaz-id=""10345725"" href=""#""  class=""int_odkaz"">4</a>";4;10345725;int_odkaz;NA;NA;NA;NA;esel-esb:právní-akt-odkaz/10345725;4;INTUSTAN;107909;esel-esb:eli/cz/sb/1999/306/2005-01-01/dokument/norma/par_5/odst_4;107909;esel-esb:eli/cz/sb/1999/306/2005-01-01/dokument/norma/par_5/odst_1;107909;1999/306;1999/306;1999/306;306/1999 Sb.
esel-esb:eli/cz/sb/1999/306/2016-09-01/dokument/norma/par_5/odst_1;9255142;esel-esb:eli/cz/sb/1999/306/2016-09-01/dokument/norma/par_5;§ 5 odst. 1;NA;1;NA;/2/5/1/;esel-esb:právní-akt-fragment/4214677;4214677;4214673;Odstavec_Dc;(1) Mezi krajským úřadem a právnickou osobou se při splnění podmínek stanovených v odstavcích 3 a 4 uzavře smlouva o zvýšení dotace, a to v termínu stanoveném v odstavci 6.;norms;"<a data-odkaz-id=""10345737"" href=""#""  class=""int_odkaz"">odstavci 6.</a>";odstavci 6.;10345737;int_odkaz;NA;NA;NA;NA;esel-esb:právní-akt-odkaz/10345737;odstavci 6.;INTUSTAN;107909;esel-esb:eli/cz/sb/1999/306/2005-01-01/dokument/norma/par_5/odst_6;107909;esel-esb:eli/cz/sb/1999/306/2005-01-01/dokument/norma/par_5/odst_1;107909;1999/306;1999/306;1999/306;306/1999 Sb.
esel-esb:eli/cz/sb/1999/306/2016-09-01/dokument/norma/par_5/odst_2;9255143;esel-esb:eli/cz/sb/1999/306/2016-09-01/dokument/norma/par_5;§ 5 odst. 2;NA;2;NA;/2/5/2/;esel-esb:právní-akt-fragment/4214687;4214687;4214685;Odstavec_Dc;(2) Procentní podíl stanovený v § 4 odst. 5 se zvýší;norms;"<a data-odkaz-id=""10345761"" href=""#""  class=""int_odkaz"">§ 4 odst. 5</a>";§ 4 odst. 5;10345761;int_odkaz;NA;NA;NA;NA;esel-esb:právní-akt-odkaz/10345761;§ 4 odst. 5;INTUSTAN;107909;esel-esb:eli/cz/sb/1999/306/2005-01-01/dokument/norma/par_4/odst_5;107909;esel-esb:eli/cz/sb/1999/306/2005-01-01/dokument/norma/par_5/odst_2;107909;1999/306;1999/306;1999/306;306/1999 Sb.
esel-esb:eli/cz/sb/1999/306/2016-09-01/dokument/norma/par_5/odst_2/pism_a;9255144;esel-esb:eli/cz/sb/1999/306/2016-09-01/dokument/norma/par_5/odst_2;§ 5 odst. 2 písm. a);NA;a;NA;/2/5/2/1/;esel-esb:právní-akt-fragment/4214901;4214901;4214689;Pismeno_Lb;a) u středních škol poskytujících střední vzdělání, škol, které uskutečňují vzdělávací programy pro děti, žáky a studenty uvedené v § 1 odst. 2, středisek praktického vyučování při poskytování vzdělávání podle školních vzdělávacích programů těchto škol, a základních škol speciálních na 100 %,;norms;"<a data-odkaz-id=""10110311"" href=""#""  class=""int_odkaz"">§ 1 odst. 2</a>";§ 1 odst. 2;10110311;int_odkaz;NA;NA;NA;NA;esel-esb:právní-akt-odkaz/10110311;§ 1 odst. 2;INTUSTAN;107919;esel-esb:eli/cz/sb/1999/306/2016-09-01/dokument/norma/par_1/odst_2;107919;esel-esb:eli/cz/sb/1999/306/2016-09-01/dokument/norma/par_5/odst_2/pism_a;107919;1999/306;1999/306;1999/306;306/1999 Sb.
esel-esb:eli/cz/sb/1999/306/2016-09-01/dokument/norma/par_5/odst_2/pism_b;9255145;esel-esb:eli/cz/sb/1999/306/2016-09-01/dokument/norma/par_5/odst_2;§ 5 odst. 2 písm. b);NA;b;NA;/2/5/2/2/;esel-esb:právní-akt-fragment/4214695;4214695;4214693;Pismeno_Lb;b) u ostatních středních škol neuvedených v písmenu a), středisek praktického vyučování při poskytování vzdělávání podle školních vzdělávacích programů těchto škol, a vyšších odborných škol na 90 %,;norms;"<a data-odkaz-id=""10345775"" href=""#""  class=""int_odkaz"">písmenu a)</a>";písmenu a);10345775;int_odkaz;NA;NA;NA;NA;esel-esb:právní-akt-odkaz/10345775;písmenu a);INTUSTAN;107911;esel-esb:eli/cz/sb/1999/306/2005-12-01/dokument/norma/par_5/odst_2/pism_a;107911;esel-esb:eli/cz/sb/1999/306/2005-12-01/dokument/norma/par_5/odst_2/pism_b;107911;1999/306;1999/306;1999/306;306/1999 Sb.
esel-esb:eli/cz/sb/1999/306/2016-09-01/dokument/norma/par_5/odst_3;9255150;esel-esb:eli/cz/sb/1999/306/2016-09-01/dokument/norma/par_5;§ 5 odst. 3;NA;3;NA;/2/5/3/;esel-esb:právní-akt-fragment/4214907;4214907;4214705;Odstavec_Dc;(3) Dotace se zvýší podle odstavce 2, pokud právnická osoba;norms;"<a data-odkaz-id=""10110323"" href=""#""  class=""int_odkaz"">odstavce 2</a>";odstavce 2;10110323;int_odkaz;NA;NA;NA;NA;esel-esb:právní-akt-odkaz/10110323;odstavce 2;INTUSTAN;107917;esel-esb:eli/cz/sb/1999/306/2015-05-01/dokument/norma/par_5/odst_2;107917;esel-esb:eli/cz/sb/1999/306/2015-05-01/dokument/norma/par_5/odst_3;107917;1999/306;1999/306;1999/306;306/1999 Sb.
esel-esb:eli/cz/sb/1999/306/2016-09-01/dokument/norma/par_5/odst_3/pism_a;9255151;esel-esb:eli/cz/sb/1999/306/2016-09-01/dokument/norma/par_5/odst_3;§ 5 odst. 3 písm. a);NA;a;NA;/2/5/3/1/;esel-esb:právní-akt-fragment/4214711;4214711;4214709;Pismeno_Lb;a) dostává dotace podle § 4,;norms;"<a data-odkaz-id=""10345805"" href=""#""  class=""int_odkaz"">§ 4</a>";§ 4;10345805;int_odkaz;NA;NA;NA;NA;esel-esb:právní-akt-odkaz/10345805;§ 4;INTUSTAN;107909;esel-esb:eli/cz/sb/1999/306/2005-01-01/dokument/norma/par_4;107909;esel-esb:eli/cz/sb/1999/306/2005-01-01/dokument/norma/par_5/odst_3/pism_a;107909;1999/306;1999/306;1999/306;306/1999 Sb.
esel-esb:eli/cz/sb/1999/306/2016-09-01/dokument/norma/par_5/odst_3/pism_c;9255153;esel-esb:eli/cz/sb/1999/306/2016-09-01/dokument/norma/par_5/odst_3;§ 5 odst. 3 písm. c);NA;c;NA;/2/5/3/3/;esel-esb:právní-akt-fragment/4214903;4214903;4214717;Pismeno_Lb;c) je obecně prospěšnou společností nebo školskou právnickou osobou nebo, má-li jinou právní formu, se zaváže ve smlouvě o poskytnutí zvýšení dotace k vynaložení celého svého zisku za příslušný kalendářní rok na vzdělávání a školské služby, popřípadě u škol nebo školských zařízení uskutečňujících vzdělávací programy pro žáky uvedené v § 1 odst. 2 i na rehabilitaci.;norms;"<a data-odkaz-id=""10110313"" href=""#""  class=""int_odkaz"">§ 1 odst. 2</a>";§ 1 odst. 2;10110313;int_odkaz;NA;NA;NA;NA;esel-esb:právní-akt-odkaz/10110313;§ 1 odst. 2;INTUSTAN;107919;esel-esb:eli/cz/sb/1999/306/2016-09-01/dokument/norma/par_1/odst_2;107919;esel-esb:eli/cz/sb/1999/306/2016-09-01/dokument/norma/par_5/odst_3/pism_c;107919;1999/306;1999/306;1999/306;306/1999 Sb.
esel-esb:eli/cz/sb/1999/306/2016-09-01/dokument/norma/par_5/odst_6;9255156;esel-esb:eli/cz/sb/1999/306/2016-09-01/dokument/norma/par_5;§ 5 odst. 6;NA;6;NA;/2/5/6/;esel-esb:právní-akt-fragment/4214915;4214915;4214741;Odstavec_Dc;(6) Pokud právnická osoba předloží krajskému úřadu do 31. ledna žádost o zvýšení dotace na příští školní rok spolu s doklady osvědčujícími splnění podmínek podle odstavců 3 a 4, uzavře krajský úřad smlouvu o zvýšení dotace do 31. března. V případě, že právnická osoba do 31. ledna podmínky podle odstavce 3 písm. b) nebo odstavce 4 nesplní, lze smlouvu o zvýšení dotace uzavřít do 15. září za předpokladu, že právnická osoba splní tyto podmínky do 31. srpna.;norms;"<a data-odkaz-id=""10110327"" href=""#""  class=""int_odkaz"">odstavců 3</a>";odstavců 3;10110327;int_odkaz;NA;NA;NA;NA;esel-esb:právní-akt-odkaz/10110327;odstavců 3;INTUSTAN;107917;esel-esb:eli/cz/sb/1999/306/2015-05-01/dokument/norma/par_5/odst_3;107917;esel-esb:eli/cz/sb/1999/306/2015-05-01/dokument/norma/par_5/odst_6;107917;1999/306;1999/306;1999/306;306/1999 Sb.
esel-esb:eli/cz/sb/1999/306/2016-09-01/dokument/norma/par_5/odst_6;9255156;esel-esb:eli/cz/sb/1999/306/2016-09-01/dokument/norma/par_5;§ 5 odst. 6;NA;6;NA;/2/5/6/;esel-esb:právní-akt-fragment/4214915;4214915;4214741;Odstavec_Dc;(6) Pokud právnická osoba předloží krajskému úřadu do 31. ledna žádost o zvýšení dotace na příští školní rok spolu s doklady osvědčujícími splnění podmínek podle odstavců 3 a 4, uzavře krajský úřad smlouvu o zvýšení dotace do 31. března. V případě, že právnická osoba do 31. ledna podmínky podle odstavce 3 písm. b) nebo odstavce 4 nesplní, lze smlouvu o zvýšení dotace uzavřít do 15. září za předpokladu, že právnická osoba splní tyto podmínky do 31. srpna.;norms;"<a data-odkaz-id=""10110331"" href=""#""  class=""int_odkaz"">4</a>";4;10110331;int_odkaz;NA;NA;NA;NA;esel-esb:právní-akt-odkaz/10110331;4;INTUSTAN;107917;esel-esb:eli/cz/sb/1999/306/2015-05-01/dokument/norma/par_5/odst_4;107917;esel-esb:eli/cz/sb/1999/306/2015-05-01/dokument/norma/par_5/odst_6;107917;1999/306;1999/306;1999/306;306/1999 Sb.
esel-esb:eli/cz/sb/1999/306/2016-09-01/dokument/norma/par_5/odst_6;9255156;esel-esb:eli/cz/sb/1999/306/2016-09-01/dokument/norma/par_5;§ 5 odst. 6;NA;6;NA;/2/5/6/;esel-esb:právní-akt-fragment/4214915;4214915;4214741;Odstavec_Dc;(6) Pokud právnická osoba předloží krajskému úřadu do 31. ledna žádost o zvýšení dotace na příští školní rok spolu s doklady osvědčujícími splnění podmínek podle odstavců 3 a 4, uzavře krajský úřad smlouvu o zvýšení dotace do 31. března. V případě, že právnická osoba do 31. ledna podmínky podle odstavce 3 písm. b) nebo odstavce 4 nesplní, lze smlouvu o zvýšení dotace uzavřít do 15. září za předpokladu, že právnická osoba splní tyto podmínky do 31. srpna.;norms;"<a data-odkaz-id=""10110335"" href=""#""  class=""int_odkaz"">odstavce 3 písm. b)</a>";odstavce 3 písm. b);10110335;int_odkaz;NA;NA;NA;NA;esel-esb:právní-akt-odkaz/10110335;odstavce 3 písm. b);INTUSTAN;107917;esel-esb:eli/cz/sb/1999/306/2015-05-01/dokument/norma/par_5/odst_3/pism_b;107917;esel-esb:eli/cz/sb/1999/306/2015-05-01/dokument/norma/par_5/odst_6;107917;1999/306;1999/306;1999/306;306/1999 Sb.
esel-esb:eli/cz/sb/1999/306/2016-09-01/dokument/norma/par_5/odst_6;9255156;esel-esb:eli/cz/sb/1999/306/2016-09-01/dokument/norma/par_5;§ 5 odst. 6;NA;6;NA;/2/5/6/;esel-esb:právní-akt-fragment/4214915;4214915;4214741;Odstavec_Dc;(6) Pokud právnická osoba předloží krajskému úřadu do 31. ledna žádost o zvýšení dotace na příští školní rok spolu s doklady osvědčujícími splnění podmínek podle odstavců 3 a 4, uzavře krajský úřad smlouvu o zvýšení dotace do 31. března. V případě, že právnická osoba do 31. ledna podmínky podle odstavce 3 písm. b) nebo odstavce 4 nesplní, lze smlouvu o zvýšení dotace uzavřít do 15. září za předpokladu, že právnická osoba splní tyto podmínky do 31. srpna.;norms;"<a data-odkaz-id=""10110339"" href=""#""  class=""int_odkaz"">odstavce 4</a>";odstavce 4;10110339;int_odkaz;NA;NA;NA;NA;esel-esb:právní-akt-odkaz/10110339;odstavce 4;INTUSTAN;107917;esel-esb:eli/cz/sb/1999/306/2015-05-01/dokument/norma/par_5/odst_4;107917;esel-esb:eli/cz/sb/1999/306/2015-05-01/dokument/norma/par_5/odst_6;107917;1999/306;1999/306;1999/306;306/1999 Sb.
esel-esb:eli/cz/sb/1999/306/2016-09-01/dokument/norma/par_6/odst_1;9255160;esel-esb:eli/cz/sb/1999/306/2016-09-01/dokument/norma/par_6;§ 6 odst. 1;NA;1;NA;/2/6/2/;esel-esb:právní-akt-fragment/4214759;4214759;4214755;Odstavec_Dc;(1) Dotace se poskytuje na školní rok zálohově na jednotlivá čtvrtletí kalendářního roku, nejpozději poslední den prvního měsíce prvního, druhého a třetího čtvrtletí a patnáctý den druhého měsíce čtvrtého čtvrtletí. Roční výše poskytované dotace se stanoví podle § 4 a 5.;norms;"<a data-odkaz-id=""10395225"" href=""#""  class=""int_odkaz"">§ 4</a>";§ 4;10395225;int_odkaz;NA;NA;NA;NA;esel-esb:právní-akt-odkaz/10395225;§ 4;INTUSTAN;107909;esel-esb:eli/cz/sb/1999/306/2005-01-01/dokument/norma/par_4;107909;esel-esb:eli/cz/sb/1999/306/2005-01-01/dokument/norma/par_6/odst_1;107909;1999/306;1999/306;1999/306;306/1999 Sb.
esel-esb:eli/cz/sb/1999/306/2016-09-01/dokument/norma/par_6/odst_1;9255160;esel-esb:eli/cz/sb/1999/306/2016-09-01/dokument/norma/par_6;§ 6 odst. 1;NA;1;NA;/2/6/2/;esel-esb:právní-akt-fragment/4214759;4214759;4214755;Odstavec_Dc;(1) Dotace se poskytuje na školní rok zálohově na jednotlivá čtvrtletí kalendářního roku, nejpozději poslední den prvního měsíce prvního, druhého a třetího čtvrtletí a patnáctý den druhého měsíce čtvrtého čtvrtletí. Roční výše poskytované dotace se stanoví podle § 4 a 5.;norms;"<a data-odkaz-id=""10395237"" href=""#""  class=""int_odkaz"">5</a>";5;10395237;int_odkaz;NA;NA;NA;NA;esel-esb:právní-akt-odkaz/10395237;5;INTUSTAN;107909;esel-esb:eli/cz/sb/1999/306/2005-01-01/dokument/norma/par_5;107909;esel-esb:eli/cz/sb/1999/306/2005-01-01/dokument/norma/par_6/odst_1;107909;1999/306;1999/306;1999/306;306/1999 Sb.
esel-esb:eli/cz/sb/1999/306/2016-09-01/dokument/norma/par_6/odst_2;9255161;esel-esb:eli/cz/sb/1999/306/2016-09-01/dokument/norma/par_6;§ 6 odst. 2;NA;2;NA;/2/6/3/;esel-esb:právní-akt-fragment/4214765;4214765;4214761;Odstavec_Dc;(2) Dotace se poskytuje podle skutečného počtu dětí, žáků nebo studentů ve škole nebo školském zařízení, v jednotlivých oborech a formách vzdělávání, lůžek, stravovaných nebo jiných jednotek stanovených zvláštním právním předpisem6a), uvedeného ve školních matrikách pro příslušný školní rok, nejvýše však do výše povoleného počtu dětí, žáků nebo studentů ve škole nebo školském zařízení, v jednotlivých oborech a formách vzdělávání, lůžek, stravovaných nebo jiných jednotek stanovených zvláštním právním předpisem6a), uvedeného ve školském rejstříku. Do skutečného počtu podle věty první se započítávají i cizinci, kterým se podle zvláštního právního předpisu6b) poskytuje vzdělávání nebo školské služby za stejných podmínek jako státním občanům České republiky.;norms;"<a data-odkaz-id=""10395311"" href=""#""  class=""int_odkaz""><sup>6a</sup>)</a>";6a);10395311;int_odkaz;NA;NA;NA;NA;esel-esb:právní-akt-odkaz/10395311;<sup>6a</sup>);POZNAMKA;107911;esel-esb:eli/cz/sb/1999/306/2005-12-01/dokument/poznamkypodcarou/ppc_6a;107911;esel-esb:eli/cz/sb/1999/306/2005-12-01/dokument/norma/par_6/odst_2;107911;1999/306;1999/306;1999/306;306/1999 Sb.
esel-esb:eli/cz/sb/1999/306/2016-09-01/dokument/norma/par_6/odst_2;9255161;esel-esb:eli/cz/sb/1999/306/2016-09-01/dokument/norma/par_6;§ 6 odst. 2;NA;2;NA;/2/6/3/;esel-esb:právní-akt-fragment/4214765;4214765;4214761;Odstavec_Dc;(2) Dotace se poskytuje podle skutečného počtu dětí, žáků nebo studentů ve škole nebo školském zařízení, v jednotlivých oborech a formách vzdělávání, lůžek, stravovaných nebo jiných jednotek stanovených zvláštním právním předpisem6a), uvedeného ve školních matrikách pro příslušný školní rok, nejvýše však do výše povoleného počtu dětí, žáků nebo studentů ve škole nebo školském zařízení, v jednotlivých oborech a formách vzdělávání, lůžek, stravovaných nebo jiných jednotek stanovených zvláštním právním předpisem6a), uvedeného ve školském rejstříku. Do skutečného počtu podle věty první se započítávají i cizinci, kterým se podle zvláštního právního předpisu6b) poskytuje vzdělávání nebo školské služby za stejných podmínek jako státním občanům České republiky.;norms;"<a data-odkaz-id=""10395321"" href=""#""  class=""int_odkaz""><sup>6a</sup>)</a>";6a);10395321;int_odkaz;NA;NA;NA;NA;esel-esb:právní-akt-odkaz/10395321;<sup>6a</sup>);POZNAMKA;107911;esel-esb:eli/cz/sb/1999/306/2005-12-01/dokument/poznamkypodcarou/ppc_6a;107911;esel-esb:eli/cz/sb/1999/306/2005-12-01/dokument/norma/par_6/odst_2;107911;1999/306;1999/306;1999/306;306/1999 Sb.
esel-esb:eli/cz/sb/1999/306/2016-09-01/dokument/norma/par_6/odst_2;9255161;esel-esb:eli/cz/sb/1999/306/2016-09-01/dokument/norma/par_6;§ 6 odst. 2;NA;2;NA;/2/6/3/;esel-esb:právní-akt-fragment/4214765;4214765;4214761;Odstavec_Dc;(2) Dotace se poskytuje podle skutečného počtu dětí, žáků nebo studentů ve škole nebo školském zařízení, v jednotlivých oborech a formách vzdělávání, lůžek, stravovaných nebo jiných jednotek stanovených zvláštním právním předpisem6a), uvedeného ve školních matrikách pro příslušný školní rok, nejvýše však do výše povoleného počtu dětí, žáků nebo studentů ve škole nebo školském zařízení, v jednotlivých oborech a formách vzdělávání, lůžek, stravovaných nebo jiných jednotek stanovených zvláštním právním předpisem6a), uvedeného ve školském rejstříku. Do skutečného počtu podle věty první se započítávají i cizinci, kterým se podle zvláštního právního předpisu6b) poskytuje vzdělávání nebo školské služby za stejných podmínek jako státním občanům České republiky.;norms;"<a data-odkaz-id=""10395331"" href=""#""  class=""int_odkaz""><sup>6b</sup>)</a>";6b);10395331;int_odkaz;NA;NA;NA;NA;esel-esb:právní-akt-odkaz/10395331;<sup>6b</sup>);POZNAMKA;107911;esel-esb:eli/cz/sb/1999/306/2005-12-01/dokument/poznamkypodcarou/ppc_6b;107911;esel-esb:eli/cz/sb/1999/306/2005-12-01/dokument/norma/par_6/odst_2;107911;1999/306;1999/306;1999/306;306/1999 Sb.
esel-esb:eli/cz/sb/1999/306/2016-09-01/dokument/norma/par_6/odst_3;9255162;esel-esb:eli/cz/sb/1999/306/2016-09-01/dokument/norma/par_6;§ 6 odst. 3;NA;3;NA;/2/6/4/;esel-esb:právní-akt-fragment/4214775;4214775;4214767;Odstavec_Dc;(3) Pokud dojde v průběhu školního roku ke změně počtu dětí, žáků, studentů, lůžek, stravovaných nebo jiných jednotek stanovených zvláštním právním předpisem6a) ve srovnání s počtem, na který se poskytuje dotace, právnická osoba neprodleně tuto skutečnost oznámí a hodnověrně prokáže krajskému úřadu. Dotace se upraví od počátku čtvrtletí následujícího po změně, kdy došlo k přeplatku či nedoplatku, a tento je vyúčtován podle odstavce 7. U žáků a studentů závěrečných ročníků se dotace poskytuje až do konce školního roku bez ohledu na to, že maturitní nebo závěrečná zkouška byla konána již v květnu nebo červnu. To platí též, bylo-li v květnu nebo červnu konáno absolutorium. Koná-li se absolutorium v jiném období, je dotace poskytována jen do konce kalendářního čtvrtletí, v němž je absolutorium konáno.;norms;"<a data-odkaz-id=""10395355"" href=""#""  class=""int_odkaz""><sup>6a</sup>)</a>";6a);10395355;int_odkaz;NA;NA;NA;NA;esel-esb:právní-akt-odkaz/10395355;<sup>6a</sup>);POZNAMKA;107911;esel-esb:eli/cz/sb/1999/306/2005-12-01/dokument/poznamkypodcarou/ppc_6a;107911;esel-esb:eli/cz/sb/1999/306/2005-12-01/dokument/norma/par_6/odst_3;107911;1999/306;1999/306;1999/306;306/1999 Sb.
esel-esb:eli/cz/sb/1999/306/2016-09-01/dokument/norma/par_6/odst_3;9255162;esel-esb:eli/cz/sb/1999/306/2016-09-01/dokument/norma/par_6;§ 6 odst. 3;NA;3;NA;/2/6/4/;esel-esb:právní-akt-fragment/4214775;4214775;4214767;Odstavec_Dc;(3) Pokud dojde v průběhu školního roku ke změně počtu dětí, žáků, studentů, lůžek, stravovaných nebo jiných jednotek stanovených zvláštním právním předpisem6a) ve srovnání s počtem, na který se poskytuje dotace, právnická osoba neprodleně tuto skutečnost oznámí a hodnověrně prokáže krajskému úřadu. Dotace se upraví od počátku čtvrtletí následujícího po změně, kdy došlo k přeplatku či nedoplatku, a tento je vyúčtován podle odstavce 7. U žáků a studentů závěrečných ročníků se dotace poskytuje až do konce školního roku bez ohledu na to, že maturitní nebo závěrečná zkouška byla konána již v květnu nebo červnu. To platí též, bylo-li v květnu nebo červnu konáno absolutorium. Koná-li se absolutorium v jiném období, je dotace poskytována jen do konce kalendářního čtvrtletí, v němž je absolutorium konáno.;norms;"<a data-odkaz-id=""10395365"" href=""#""  class=""int_odkaz"">odstavce 7.</a>";odstavce 7.;10395365;int_odkaz;NA;NA;NA;NA;esel-esb:právní-akt-odkaz/10395365;odstavce 7.;INTUSTAN;107911;esel-esb:eli/cz/sb/1999/306/2005-12-01/dokument/norma/par_6/odst_7;107911;esel-esb:eli/cz/sb/1999/306/2005-12-01/dokument/norma/par_6/odst_3;107911;1999/306;1999/306;1999/306;306/1999 Sb.
esel-esb:eli/cz/sb/1999/306/2016-09-01/dokument/norma/par_6/odst_4;9255163;esel-esb:eli/cz/sb/1999/306/2016-09-01/dokument/norma/par_6;§ 6 odst. 4;NA;4;NA;/2/6/5/;esel-esb:právní-akt-fragment/4214781;4214781;4214777;Odstavec_Dc;(4) Pokud v průběhu školního roku zjistí Česká školní inspekce nebo jiný kontrolní orgán závažné nedostatky v činnosti právnické osoby, může krajský úřad podle charakteru nedostatků odstoupit od smlouvy o poskytnutí zvýšení dotace, popřípadě také od smlouvy podle § 3, nedojde-li k jiné dohodě.;norms;"<a data-odkaz-id=""10395375"" href=""#""  class=""int_odkaz"">§ 3</a>";§ 3;10395375;int_odkaz;NA;NA;NA;NA;esel-esb:právní-akt-odkaz/10395375;§ 3;INTUSTAN;107909;esel-esb:eli/cz/sb/1999/306/2005-01-01/dokument/norma/par_3;107909;esel-esb:eli/cz/sb/1999/306/2005-01-01/dokument/norma/par_6/odst_4;107909;1999/306;1999/306;1999/306;306/1999 Sb.
esel-esb:eli/cz/sb/1999/306/2016-09-01/dokument/norma/par_6/odst_5;9255164;esel-esb:eli/cz/sb/1999/306/2016-09-01/dokument/norma/par_6;§ 6 odst. 5;NA;5;NA;/2/6/6/;esel-esb:právní-akt-fragment/4214905;4214905;4214783;Odstavec_Dc;(5) Pokud právnická osoba, která není obecně prospěšnou společností nebo školskou právnickou osobou, nedoloží vynaložení zisku na vzdělávání a školské služby, popřípadě u škol a školských zařízení, které uskutečňují vzdělávací programy pro žáky uvedené v § 1 odst. 2, i na rehabilitaci, potvrzené auditorem,7) a to nejpozději do 10. srpna následujícího kalendářního roku, může krajský úřad odstoupit od smlouvy o zvýšení dotace. Zvýšení dotace, které bylo na základě takové smlouvy poskytnuto, podléhá ustanovení zvláštního právního předpisu8) o neoprávněném použití finančních prostředků státního rozpočtu.;norms;"<a data-odkaz-id=""10110315"" href=""#""  class=""int_odkaz"">§ 1 odst. 2</a>";§ 1 odst. 2;10110315;int_odkaz;NA;NA;NA;NA;esel-esb:právní-akt-odkaz/10110315;§ 1 odst. 2;INTUSTAN;107919;esel-esb:eli/cz/sb/1999/306/2016-09-01/dokument/norma/par_1/odst_2;107919;esel-esb:eli/cz/sb/1999/306/2016-09-01/dokument/norma/par_6/odst_5;107919;1999/306;1999/306;1999/306;306/1999 Sb.
esel-esb:eli/cz/sb/1999/306/2016-09-01/dokument/norma/par_6/odst_5;9255164;esel-esb:eli/cz/sb/1999/306/2016-09-01/dokument/norma/par_6;§ 6 odst. 5;NA;5;NA;/2/6/6/;esel-esb:právní-akt-fragment/4214905;4214905;4214783;Odstavec_Dc;(5) Pokud právnická osoba, která není obecně prospěšnou společností nebo školskou právnickou osobou, nedoloží vynaložení zisku na vzdělávání a školské služby, popřípadě u škol a školských zařízení, které uskutečňují vzdělávací programy pro žáky uvedené v § 1 odst. 2, i na rehabilitaci, potvrzené auditorem,7) a to nejpozději do 10. srpna následujícího kalendářního roku, může krajský úřad odstoupit od smlouvy o zvýšení dotace. Zvýšení dotace, které bylo na základě takové smlouvy poskytnuto, podléhá ustanovení zvláštního právního předpisu8) o neoprávněném použití finančních prostředků státního rozpočtu.;norms;"<a data-odkaz-id=""10110317"" href=""#""  class=""int_odkaz"">i</a>";i;10110317;int_odkaz;NA;NA;NA;NA;esel-esb:právní-akt-odkaz/10110317;i;INTUSTAN;107919;esel-esb:eli/cz/sb/1999/306/2016-09-01/dokument/norma/par_1/odst_1;107919;esel-esb:eli/cz/sb/1999/306/2016-09-01/dokument/norma/par_6/odst_5;107919;1999/306;1999/306;1999/306;306/1999 Sb.
esel-esb:eli/cz/sb/1999/306/2016-09-01/dokument/norma/par_6/odst_5;9255164;esel-esb:eli/cz/sb/1999/306/2016-09-01/dokument/norma/par_6;§ 6 odst. 5;NA;5;NA;/2/6/6/;esel-esb:právní-akt-fragment/4214905;4214905;4214783;Odstavec_Dc;(5) Pokud právnická osoba, která není obecně prospěšnou společností nebo školskou právnickou osobou, nedoloží vynaložení zisku na vzdělávání a školské služby, popřípadě u škol a školských zařízení, které uskutečňují vzdělávací programy pro žáky uvedené v § 1 odst. 2, i na rehabilitaci, potvrzené auditorem,7) a to nejpozději do 10. srpna následujícího kalendářního roku, může krajský úřad odstoupit od smlouvy o zvýšení dotace. Zvýšení dotace, které bylo na základě takové smlouvy poskytnuto, podléhá ustanovení zvláštního právního předpisu8) o neoprávněném použití finančních prostředků státního rozpočtu.;norms;"<a data-odkaz-id=""10110319"" href=""#""  class=""int_odkaz""><sup>7</sup>)</a>";7);10110319;int_odkaz;NA;NA;NA;NA;esel-esb:právní-akt-odkaz/10110319;<sup>7</sup>);POZNAMKA;107919;esel-esb:eli/cz/sb/1999/306/2016-09-01/dokument/poznamkypodcarou/ppc_7;107919;esel-esb:eli/cz/sb/1999/306/2016-09-01/dokument/norma/par_6/odst_5;107919;1999/306;1999/306;1999/306;306/1999 Sb.
esel-esb:eli/cz/sb/1999/306/2016-09-01/dokument/norma/par_6/odst_5;9255164;esel-esb:eli/cz/sb/1999/306/2016-09-01/dokument/norma/par_6;§ 6 odst. 5;NA;5;NA;/2/6/6/;esel-esb:právní-akt-fragment/4214905;4214905;4214783;Odstavec_Dc;(5) Pokud právnická osoba, která není obecně prospěšnou společností nebo školskou právnickou osobou, nedoloží vynaložení zisku na vzdělávání a školské služby, popřípadě u škol a školských zařízení, které uskutečňují vzdělávací programy pro žáky uvedené v § 1 odst. 2, i na rehabilitaci, potvrzené auditorem,7) a to nejpozději do 10. srpna následujícího kalendářního roku, může krajský úřad odstoupit od smlouvy o zvýšení dotace. Zvýšení dotace, které bylo na základě takové smlouvy poskytnuto, podléhá ustanovení zvláštního právního předpisu8) o neoprávněném použití finančních prostředků státního rozpočtu.;norms;"<a data-odkaz-id=""10110321"" href=""#""  class=""int_odkaz""><sup>8</sup>)</a>";8);10110321;int_odkaz;NA;NA;NA;NA;esel-esb:právní-akt-odkaz/10110321;<sup>8</sup>);POZNAMKA;107919;esel-esb:eli/cz/sb/1999/306/2016-09-01/dokument/poznamkypodcarou/ppc_8;107919;esel-esb:eli/cz/sb/1999/306/2016-09-01/dokument/norma/par_6/odst_5;107919;1999/306;1999/306;1999/306;306/1999 Sb.
esel-esb:eli/cz/sb/1999/306/2016-09-01/dokument/norma/par_6/odst_6;9255165;esel-esb:eli/cz/sb/1999/306/2016-09-01/dokument/norma/par_6;§ 6 odst. 6;NA;6;NA;/2/6/7/;esel-esb:právní-akt-fragment/4214791;4214791;4214789;Odstavec_Dc;(6) Výše dotace může být v průběhu školního roku, kdy je poskytována, snížena, poskytována na kratší období, než které je uvedeno v odstavci 1, nebo zvýšena v souladu s regulačními opatřeními k čerpání výdajů státního rozpočtu, o nichž rozhodla vláda nebo ministr financí. Výše dotace může být v průběhu školního roku, kdy je poskytována, snížena nebo poskytována na kratší období, než které je uvedeno v odstavci 1, také v případě, že právnická osoba nedodrží ustanovení odstavce 7.;norms;"<a data-odkaz-id=""10395443"" href=""#""  class=""int_odkaz"">odstavci 1</a>";odstavci 1;10395443;int_odkaz;NA;NA;NA;NA;esel-esb:právní-akt-odkaz/10395443;odstavci 1;INTUSTAN;107909;esel-esb:eli/cz/sb/1999/306/2005-01-01/dokument/norma/par_6/odst_1;107909;esel-esb:eli/cz/sb/1999/306/2005-01-01/dokument/norma/par_6/odst_6;107909;1999/306;1999/306;1999/306;306/1999 Sb.
esel-esb:eli/cz/sb/1999/306/2016-09-01/dokument/norma/par_6/odst_6;9255165;esel-esb:eli/cz/sb/1999/306/2016-09-01/dokument/norma/par_6;§ 6 odst. 6;NA;6;NA;/2/6/7/;esel-esb:právní-akt-fragment/4214791;4214791;4214789;Odstavec_Dc;(6) Výše dotace může být v průběhu školního roku, kdy je poskytována, snížena, poskytována na kratší období, než které je uvedeno v odstavci 1, nebo zvýšena v souladu s regulačními opatřeními k čerpání výdajů státního rozpočtu, o nichž rozhodla vláda nebo ministr financí. Výše dotace může být v průběhu školního roku, kdy je poskytována, snížena nebo poskytována na kratší období, než které je uvedeno v odstavci 1, také v případě, že právnická osoba nedodrží ustanovení odstavce 7.;norms;"<a data-odkaz-id=""10395455"" href=""#""  class=""int_odkaz"">odstavci 1</a>";odstavci 1;10395455;int_odkaz;NA;NA;NA;NA;esel-esb:právní-akt-odkaz/10395455;odstavci 1;INTUSTAN;107909;esel-esb:eli/cz/sb/1999/306/2005-01-01/dokument/norma/par_6/odst_1;107909;esel-esb:eli/cz/sb/1999/306/2005-01-01/dokument/norma/par_6/odst_6;107909;1999/306;1999/306;1999/306;306/1999 Sb.
esel-esb:eli/cz/sb/1999/306/2016-09-01/dokument/norma/par_6/odst_6;9255165;esel-esb:eli/cz/sb/1999/306/2016-09-01/dokument/norma/par_6;§ 6 odst. 6;NA;6;NA;/2/6/7/;esel-esb:právní-akt-fragment/4214791;4214791;4214789;Odstavec_Dc;(6) Výše dotace může být v průběhu školního roku, kdy je poskytována, snížena, poskytována na kratší období, než které je uvedeno v odstavci 1, nebo zvýšena v souladu s regulačními opatřeními k čerpání výdajů státního rozpočtu, o nichž rozhodla vláda nebo ministr financí. Výše dotace může být v průběhu školního roku, kdy je poskytována, snížena nebo poskytována na kratší období, než které je uvedeno v odstavci 1, také v případě, že právnická osoba nedodrží ustanovení odstavce 7.;norms;"<a data-odkaz-id=""10395467"" href=""#""  class=""int_odkaz"">odstavce 7.</a>";odstavce 7.;10395467;int_odkaz;NA;NA;NA;NA;esel-esb:právní-akt-odkaz/10395467;odstavce 7.;INTUSTAN;107909;esel-esb:eli/cz/sb/1999/306/2005-01-01/dokument/norma/par_6/odst_7;107909;esel-esb:eli/cz/sb/1999/306/2005-01-01/dokument/norma/par_6/odst_6;107909;1999/306;1999/306;1999/306;306/1999 Sb.
esel-esb:eli/cz/sb/1999/306/2016-09-01/dokument/poznamkypodcarou/ppc_1;9255189;esel-esb:eli/cz/sb/1999/306/2016-09-01/dokument/poznamkypodcarou;pozn. 1;NA;1;NA;/4/1/;esel-esb:právní-akt-fragment/4214845;4214845;4214843;PPC;1) § 141 odst. 1 zákona č. 561/2004 Sb., o předškolním, základním, středním, vyšším odborném a jiném vzdělávání (školský zákon).;notes;"<a data-odkaz-id=""10395731"" href=""#""  class=""ext_odkaz"">§ 141 odst. 1</a>";§ 141 odst. 1;10395731;ext_odkaz;NA;NA;NA;NA;esel-esb:právní-akt-odkaz/10395731;§ 141 odst. 1;JINEUSTAN;124941;esel-esb:eli/cz/sb/2004/561/2005-01-01/dokument/norma/cast_13/par_141/odst_1;107909;esel-esb:eli/cz/sb/1999/306/2005-01-01/dokument/poznamkypodcarou/ppc_1;107909;1999/306;2004/561;1999/306;306/1999 Sb.
esel-esb:eli/cz/sb/1999/306/2016-09-01/dokument/poznamkypodcarou/ppc_1;9255189;esel-esb:eli/cz/sb/1999/306/2016-09-01/dokument/poznamkypodcarou;pozn. 1;NA;1;NA;/4/1/;esel-esb:právní-akt-fragment/4214845;4214845;4214843;PPC;1) § 141 odst. 1 zákona č. 561/2004 Sb., o předškolním, základním, středním, vyšším odborném a jiném vzdělávání (školský zákon).;notes;"<a data-odkaz-id=""10395743"" href=""#""  class=""ext_odkaz"">zákona č. 561/2004 Sb., o předškolním, základním, středním, vyšším odborném a jiném vzdělávání</a>";zákona č. 561/2004 Sb., o předškolním, základním, středním, vyšším odborném a jiném vzdělávání;10395743;ext_odkaz;NA;NA;NA;NA;esel-esb:právní-akt-odkaz/10395743;zákona č. 561/2004 Sb.;JINYPRED;124941;esel-esb:eli/cz/sb/2004/561/2005-01-01/dokument;107909;esel-esb:eli/cz/sb/1999/306/2005-01-01/dokument/poznamkypodcarou/ppc_1;107909;1999/306;2004/561;1999/306;306/1999 Sb.
esel-esb:eli/cz/sb/1999/306/2016-09-01/dokument/poznamkypodcarou/ppc_2;9255190;esel-esb:eli/cz/sb/1999/306/2016-09-01/dokument/poznamkypodcarou;pozn. 2;NA;2;NA;/4/2/;esel-esb:právní-akt-fragment/4214849;4214849;4214847;PPC;2) § 7 odst. 1 písm. e) zákona č. 3/2002 Sb., o svobodě náboženského vyznání a postavení církví a náboženských společností a o změně některých zákonů (zákon o církvích a náboženských společnostech).;notes;"<a data-odkaz-id=""10109771"" href=""#""  class=""ext_odkaz"">§ 7 odst. 1 písm. e)</a>";§ 7 odst. 1 písm. e);10109771;ext_odkaz;NA;NA;NA;NA;esel-esb:právní-akt-odkaz/10109771;§ 7 odst. 1 písm. e);JINEUSTAN;115941;esel-esb:eli/cz/sb/2002/3/2005-01-01/dokument/norma/cast_1/hlava_2/par_7/odst_1/pism_e;107909;esel-esb:eli/cz/sb/1999/306/2005-01-01/dokument/poznamkypodcarou/ppc_2;107909;1999/306;2002/3;1999/306;306/1999 Sb.
esel-esb:eli/cz/sb/1999/306/2016-09-01/dokument/poznamkypodcarou/ppc_2;9255190;esel-esb:eli/cz/sb/1999/306/2016-09-01/dokument/poznamkypodcarou;pozn. 2;NA;2;NA;/4/2/;esel-esb:právní-akt-fragment/4214849;4214849;4214847;PPC;2) § 7 odst. 1 písm. e) zákona č. 3/2002 Sb., o svobodě náboženského vyznání a postavení církví a náboženských společností a o změně některých zákonů (zákon o církvích a náboženských společnostech).;notes;"<a data-odkaz-id=""10109783"" href=""#""  class=""ext_odkaz"">zákona č. 3/2002 Sb., o svobodě náboženského vyznání a postavení církví a náboženských společností a o změně některých zákonů</a>";zákona č. 3/2002 Sb., o svobodě náboženského vyznání a postavení církví a náboženských společností a o změně některých zákonů;10109783;ext_odkaz;NA;NA;NA;NA;esel-esb:právní-akt-odkaz/10109783;zákona č. 3/2002 Sb.;JINYPRED;115941;esel-esb:eli/cz/sb/2002/3/2005-01-01/dokument;107909;esel-esb:eli/cz/sb/1999/306/2005-01-01/dokument/poznamkypodcarou/ppc_2;107909;1999/306;2002/3;1999/306;306/1999 Sb.
esel-esb:eli/cz/sb/1999/306/2016-09-01/dokument/poznamkypodcarou/ppc_2a;9255191;esel-esb:eli/cz/sb/1999/306/2016-09-01/dokument/poznamkypodcarou;pozn. 2a;NA;2a;NA;/4/3/;esel-esb:právní-akt-fragment/4214851;4214851;4214851;PPC;2a) § 170 zákona č. 561/2004 Sb.;notes;"<a data-odkaz-id=""10109795"" href=""#""  class=""ext_odkaz"">§ 170</a>";§ 170;10109795;ext_odkaz;NA;NA;NA;NA;esel-esb:právní-akt-odkaz/10109795;§ 170;JINEUSTAN;124941;esel-esb:eli/cz/sb/2004/561/2005-01-01/dokument/norma/cast_16/par_170;107909;esel-esb:eli/cz/sb/1999/306/2005-01-01/dokument/poznamkypodcarou/ppc_2a;107909;1999/306;2004/561;1999/306;306/1999 Sb.
esel-esb:eli/cz/sb/1999/306/2016-09-01/dokument/poznamkypodcarou/ppc_2a;9255191;esel-esb:eli/cz/sb/1999/306/2016-09-01/dokument/poznamkypodcarou;pozn. 2a;NA;2a;NA;/4/3/;esel-esb:právní-akt-fragment/4214851;4214851;4214851;PPC;2a) § 170 zákona č. 561/2004 Sb.;notes;"<a data-odkaz-id=""10109807"" href=""#""  class=""ext_odkaz"">zákona č. 561/2004 Sb.</a>";zákona č. 561/2004 Sb.;10109807;ext_odkaz;NA;NA;NA;NA;esel-esb:právní-akt-odkaz/10109807;zákona č. 561/2004 Sb.;JINYPRED;124941;esel-esb:eli/cz/sb/2004/561/2005-01-01/dokument;107909;esel-esb:eli/cz/sb/1999/306/2005-01-01/dokument/poznamkypodcarou/ppc_2a;107909;1999/306;2004/561;1999/306;306/1999 Sb.
esel-esb:eli/cz/sb/1999/306/2016-09-01/dokument/poznamkypodcarou/ppc_3;9255192;esel-esb:eli/cz/sb/1999/306/2016-09-01/dokument/poznamkypodcarou;pozn. 3;NA;3;NA;/4/4/;esel-esb:právní-akt-fragment/4214855;4214855;4214853;PPC;3) § 16 zákona č. 561/2004 Sb.;notes;"<a data-odkaz-id=""10109855"" href=""#""  class=""ext_odkaz"">§ 16</a>";§ 16;10109855;ext_odkaz;NA;NA;NA;NA;esel-esb:právní-akt-odkaz/10109855;§ 16;JINEUSTAN;124941;esel-esb:eli/cz/sb/2004/561/2005-01-01/dokument/norma/cast_1/par_16;107909;esel-esb:eli/cz/sb/1999/306/2005-01-01/dokument/poznamkypodcarou/ppc_3;107909;1999/306;2004/561;1999/306;306/1999 Sb.
esel-esb:eli/cz/sb/1999/306/2016-09-01/dokument/poznamkypodcarou/ppc_3;9255192;esel-esb:eli/cz/sb/1999/306/2016-09-01/dokument/poznamkypodcarou;pozn. 3;NA;3;NA;/4/4/;esel-esb:právní-akt-fragment/4214855;4214855;4214853;PPC;3) § 16 zákona č. 561/2004 Sb.;notes;"<a data-odkaz-id=""10109867"" href=""#""  class=""ext_odkaz"">zákona č. 561/2004 Sb.</a>";zákona č. 561/2004 Sb.;10109867;ext_odkaz;NA;NA;NA;NA;esel-esb:právní-akt-odkaz/10109867;zákona č. 561/2004 Sb.;JINYPRED;124941;esel-esb:eli/cz/sb/2004/561/2005-01-01/dokument;107909;esel-esb:eli/cz/sb/1999/306/2005-01-01/dokument/poznamkypodcarou/ppc_3;107909;1999/306;2004/561;1999/306;306/1999 Sb.
esel-esb:eli/cz/sb/1999/306/2016-09-01/dokument/poznamkypodcarou/ppc_4;9255193;esel-esb:eli/cz/sb/1999/306/2016-09-01/dokument/poznamkypodcarou;pozn. 4;NA;4;NA;/4/5/;esel-esb:právní-akt-fragment/4214859;4214859;4214857;PPC;4) § 10 zákona č. 561/2004 Sb.;notes;"<a data-odkaz-id=""10109915"" href=""#""  class=""ext_odkaz"">§ 10</a>";§ 10;10109915;ext_odkaz;NA;NA;NA;NA;esel-esb:právní-akt-odkaz/10109915;§ 10;JINEUSTAN;124941;esel-esb:eli/cz/sb/2004/561/2005-01-01/dokument/norma/cast_1/par_10;107909;esel-esb:eli/cz/sb/1999/306/2005-01-01/dokument/poznamkypodcarou/ppc_4;107909;1999/306;2004/561;1999/306;306/1999 Sb.
esel-esb:eli/cz/sb/1999/306/2016-09-01/dokument/poznamkypodcarou/ppc_4;9255193;esel-esb:eli/cz/sb/1999/306/2016-09-01/dokument/poznamkypodcarou;pozn. 4;NA;4;NA;/4/5/;esel-esb:právní-akt-fragment/4214859;4214859;4214857;PPC;4) § 10 zákona č. 561/2004 Sb.;notes;"<a data-odkaz-id=""10109927"" href=""#""  class=""ext_odkaz"">zákona č. 561/2004 Sb.</a>";zákona č. 561/2004 Sb.;10109927;ext_odkaz;NA;NA;NA;NA;esel-esb:právní-akt-odkaz/10109927;zákona č. 561/2004 Sb.;JINYPRED;124941;esel-esb:eli/cz/sb/2004/561/2005-01-01/dokument;107909;esel-esb:eli/cz/sb/1999/306/2005-01-01/dokument/poznamkypodcarou/ppc_4;107909;1999/306;2004/561;1999/306;306/1999 Sb.
esel-esb:eli/cz/sb/1999/306/2016-09-01/dokument/poznamkypodcarou/ppc_5;9255194;esel-esb:eli/cz/sb/1999/306/2016-09-01/dokument/poznamkypodcarou;pozn. 5;NA;5;NA;/4/6/;esel-esb:právní-akt-fragment/4214863;4214863;4214861;PPC;5) § 178 a 179 zákona č. 561/2004 Sb.;notes;"<a data-odkaz-id=""10109975"" href=""#""  class=""ext_odkaz"">§ 178</a>";§ 178;10109975;ext_odkaz;NA;NA;NA;NA;esel-esb:právní-akt-odkaz/10109975;§ 178;JINEUSTAN;124941;esel-esb:eli/cz/sb/2004/561/2005-01-01/dokument/norma/cast_17/par_178;107909;esel-esb:eli/cz/sb/1999/306/2005-01-01/dokument/poznamkypodcarou/ppc_5;107909;1999/306;2004/561;1999/306;306/1999 Sb.
esel-esb:eli/cz/sb/1999/306/2016-09-01/dokument/poznamkypodcarou/ppc_5;9255194;esel-esb:eli/cz/sb/1999/306/2016-09-01/dokument/poznamkypodcarou;pozn. 5;NA;5;NA;/4/6/;esel-esb:právní-akt-fragment/4214863;4214863;4214861;PPC;5) § 178 a 179 zákona č. 561/2004 Sb.;notes;"<a data-odkaz-id=""10109987"" href=""#""  class=""ext_odkaz"">179</a>";179;10109987;ext_odkaz;NA;NA;NA;NA;esel-esb:právní-akt-odkaz/10109987;179;JINEUSTAN;124941;esel-esb:eli/cz/sb/2004/561/2005-01-01/dokument/norma/cast_17/par_179;107909;esel-esb:eli/cz/sb/1999/306/2005-01-01/dokument/poznamkypodcarou/ppc_5;107909;1999/306;2004/561;1999/306;306/1999 Sb.
esel-esb:eli/cz/sb/1999/306/2016-09-01/dokument/poznamkypodcarou/ppc_5;9255194;esel-esb:eli/cz/sb/1999/306/2016-09-01/dokument/poznamkypodcarou;pozn. 5;NA;5;NA;/4/6/;esel-esb:právní-akt-fragment/4214863;4214863;4214861;PPC;5) § 178 a 179 zákona č. 561/2004 Sb.;notes;"<a data-odkaz-id=""10109999"" href=""#""  class=""ext_odkaz"">zákona č. 561/2004 Sb.</a>";zákona č. 561/2004 Sb.;10109999;ext_odkaz;NA;NA;NA;NA;esel-esb:právní-akt-odkaz/10109999;zákona č. 561/2004 Sb.;JINYPRED;124941;esel-esb:eli/cz/sb/2004/561/2005-01-01/dokument;107909;esel-esb:eli/cz/sb/1999/306/2005-01-01/dokument/poznamkypodcarou/ppc_5;107909;1999/306;2004/561;1999/306;306/1999 Sb.
esel-esb:eli/cz/sb/1999/306/2016-09-01/dokument/poznamkypodcarou/ppc_6;9255195;esel-esb:eli/cz/sb/1999/306/2016-09-01/dokument/poznamkypodcarou;pozn. 6;NA;6;NA;/4/7/;esel-esb:právní-akt-fragment/4214867;4214867;4214865;PPC;6) § 20 zákona č. 561/2004 Sb.;notes;"<a data-odkaz-id=""10110035"" href=""#""  class=""ext_odkaz"">§ 20</a>";§ 20;10110035;ext_odkaz;NA;NA;NA;NA;esel-esb:právní-akt-odkaz/10110035;§ 20;JINEUSTAN;124941;esel-esb:eli/cz/sb/2004/561/2005-01-01/dokument/norma/cast_1/par_20;107909;esel-esb:eli/cz/sb/1999/306/2005-01-01/dokument/poznamkypodcarou/ppc_6;107909;1999/306;2004/561;1999/306;306/1999 Sb.
esel-esb:eli/cz/sb/1999/306/2016-09-01/dokument/poznamkypodcarou/ppc_6;9255195;esel-esb:eli/cz/sb/1999/306/2016-09-01/dokument/poznamkypodcarou;pozn. 6;NA;6;NA;/4/7/;esel-esb:právní-akt-fragment/4214867;4214867;4214865;PPC;6) § 20 zákona č. 561/2004 Sb.;notes;"<a data-odkaz-id=""10110047"" href=""#""  class=""ext_odkaz"">zákona č. 561/2004 Sb.</a>";zákona č. 561/2004 Sb.;10110047;ext_odkaz;NA;NA;NA;NA;esel-esb:právní-akt-odkaz/10110047;zákona č. 561/2004 Sb.;JINYPRED;124941;esel-esb:eli/cz/sb/2004/561/2005-01-01/dokument;107909;esel-esb:eli/cz/sb/1999/306/2005-01-01/dokument/poznamkypodcarou/ppc_6;107909;1999/306;2004/561;1999/306;306/1999 Sb.
esel-esb:eli/cz/sb/1999/306/2016-09-01/dokument/poznamkypodcarou/ppc_6a;9255196;esel-esb:eli/cz/sb/1999/306/2016-09-01/dokument/poznamkypodcarou;pozn. 6a;NA;6a;NA;/4/8/;esel-esb:právní-akt-fragment/4214869;4214869;4214869;PPC;6a) Například § 16 zákona č. 109/2002 Sb., ve znění pozdějších předpisů.;notes;"<a data-odkaz-id=""10110059"" href=""#""  class=""ext_odkaz"">§ 16</a>";§ 16;10110059;ext_odkaz;NA;NA;NA;NA;esel-esb:právní-akt-odkaz/10110059;§ 16;JINEUSTAN;116577;esel-esb:eli/cz/sb/2002/109/2005-12-01/dokument/norma/cast_1/hlava_3/par_16;107911;esel-esb:eli/cz/sb/1999/306/2005-12-01/dokument/poznamkypodcarou/ppc_6a;107911;1999/306;2002/109;1999/306;306/1999 Sb.
esel-esb:eli/cz/sb/1999/306/2016-09-01/dokument/poznamkypodcarou/ppc_6a;9255196;esel-esb:eli/cz/sb/1999/306/2016-09-01/dokument/poznamkypodcarou;pozn. 6a;NA;6a;NA;/4/8/;esel-esb:právní-akt-fragment/4214869;4214869;4214869;PPC;6a) Například § 16 zákona č. 109/2002 Sb., ve znění pozdějších předpisů.;notes;"<a data-odkaz-id=""10110069"" href=""#""  class=""ext_odkaz"">zákona č. 109/2002 Sb.</a>";zákona č. 109/2002 Sb.;10110069;ext_odkaz;NA;NA;NA;NA;esel-esb:právní-akt-odkaz/10110069;zákona č. 109/2002 Sb.;JINYPRED;116577;esel-esb:eli/cz/sb/2002/109/2005-12-01/dokument;107911;esel-esb:eli/cz/sb/1999/306/2005-12-01/dokument/poznamkypodcarou/ppc_6a;107911;1999/306;2002/109;1999/306;306/1999 Sb.
esel-esb:eli/cz/sb/1999/306/2016-09-01/dokument/poznamkypodcarou/ppc_6b;9255197;esel-esb:eli/cz/sb/1999/306/2016-09-01/dokument/poznamkypodcarou;pozn. 6b;NA;6b;NA;/4/9/;esel-esb:právní-akt-fragment/4214873;4214873;4214871;PPC;6b) § 20 zákona č. 561/2004 Sb.;notes;"<a data-odkaz-id=""10110083"" href=""#""  class=""ext_odkaz"">§ 20</a>";§ 20;10110083;ext_odkaz;NA;NA;NA;NA;esel-esb:právní-akt-odkaz/10110083;§ 20;JINEUSTAN;124943;esel-esb:eli/cz/sb/2004/561/2005-12-01/dokument/norma/cast_1/par_20;107911;esel-esb:eli/cz/sb/1999/306/2005-12-01/dokument/poznamkypodcarou/ppc_6b;107911;1999/306;2004/561;1999/306;306/1999 Sb.
esel-esb:eli/cz/sb/1999/306/2016-09-01/dokument/poznamkypodcarou/ppc_6b;9255197;esel-esb:eli/cz/sb/1999/306/2016-09-01/dokument/poznamkypodcarou;pozn. 6b;NA;6b;NA;/4/9/;esel-esb:právní-akt-fragment/4214873;4214873;4214871;PPC;6b) § 20 zákona č. 561/2004 Sb.;notes;"<a data-odkaz-id=""10110093"" href=""#""  class=""ext_odkaz"">zákona č. 561/2004 Sb.</a>";zákona č. 561/2004 Sb.;10110093;ext_odkaz;NA;NA;NA;NA;esel-esb:právní-akt-odkaz/10110093;zákona č. 561/2004 Sb.;JINYPRED;124943;esel-esb:eli/cz/sb/2004/561/2005-12-01/dokument;107911;esel-esb:eli/cz/sb/1999/306/2005-12-01/dokument/poznamkypodcarou/ppc_6b;107911;1999/306;2004/561;1999/306;306/1999 Sb.
esel-esb:eli/cz/sb/1999/306/2016-09-01/dokument/poznamkypodcarou/ppc_7;9255198;esel-esb:eli/cz/sb/1999/306/2016-09-01/dokument/poznamkypodcarou;pozn. 7;NA;7;NA;/4/10/;esel-esb:právní-akt-fragment/4214877;4214877;4214875;PPC;7) Zákon č. 524/1992 Sb., o auditorech a Komoře auditorů České republiky, ve znění pozdějších předpisů.;notes;"<a data-odkaz-id=""10110115"" href=""#""  class=""ext_odkaz"">Zákon č. 524/1992 Sb., o auditorech a Komoře auditorů České republiky</a>";Zákon č. 524/1992 Sb., o auditorech a Komoře auditorů České republiky;10110115;ext_odkaz;NA;NA;NA;NA;esel-esb:právní-akt-odkaz/10110115;Zákon č. 524/1992 Sb.;JINYPRED;96911;esel-esb:eli/cz/sb/1992/524/1998-09-01/dokument;107909;esel-esb:eli/cz/sb/1999/306/2005-01-01/dokument/poznamkypodcarou/ppc_7;107909;1999/306;1992/524;1999/306;306/1999 Sb.
esel-esb:eli/cz/sb/1999/306/2016-09-01/dokument/poznamkypodcarou/ppc_8;9255199;esel-esb:eli/cz/sb/1999/306/2016-09-01/dokument/poznamkypodcarou;pozn. 8;NA;8;NA;/4/11/;esel-esb:právní-akt-fragment/4214881;4214881;4214879;PPC;8) Zákon č. 218/2000 Sb., o rozpočtových pravidlech a o změně některých souvisejících zákonů (rozpočtová pravidla), ve znění pozdějších předpisů.;notes;"<a data-odkaz-id=""10110139"" href=""#""  class=""ext_odkaz"">Zákon č. 218/2000 Sb., o rozpočtových pravidlech a o změně některých souvisejících zákonů</a>";Zákon č. 218/2000 Sb., o rozpočtových pravidlech a o změně některých souvisejících zákonů;10110139;ext_odkaz;NA;NA;NA;NA;esel-esb:právní-akt-odkaz/10110139;Zákon č. 218/2000 Sb.;JINYPRED;110523;esel-esb:eli/cz/sb/2000/218/2004-10-01/dokument;107909;esel-esb:eli/cz/sb/1999/306/2005-01-01/dokument/poznamkypodcarou/ppc_8;107909;1999/306;2000/218;1999/306;306/1999 Sb.
esel-esb:eli/cz/sb/1999/306/2016-09-01/dokument/poznamkypodcarou/ppc_9;9255200;esel-esb:eli/cz/sb/1999/306/2016-09-01/dokument/poznamkypodcarou;pozn. 9;NA;9;NA;/4/12/;esel-esb:právní-akt-fragment/4214883;4214883;4214883;PPC;9) § 13 odst. 3 zákona č. 576/1990 Sb. § 36 zákona č. 576/1990 Sb., ve znění pozdějších předpisů.;notes;"<a data-odkaz-id=""10110151"" href=""#""  class=""ext_odkaz"">§ 13 odst. 3</a>";§ 13 odst. 3;10110151;ext_odkaz;NA;NA;NA;NA;esel-esb:právní-akt-odkaz/10110151;§ 13 odst. 3;JINEUSTAN;89077;esel-esb:eli/cz/sb/1990/576/1997-07-15/dokument/norma/cast_2/par_13/odst_3;35657;esel-esb:eli/cz/sb/1999/306/0000-00-00/dokument/poznamkypodcarou/ppc_9;35657;1999/306;1990/576;1999/306;306/1999 Sb.
esel-esb:eli/cz/sb/1999/306/2016-09-01/dokument/poznamkypodcarou/ppc_9;9255200;esel-esb:eli/cz/sb/1999/306/2016-09-01/dokument/poznamkypodcarou;pozn. 9;NA;9;NA;/4/12/;esel-esb:právní-akt-fragment/4214883;4214883;4214883;PPC;9) § 13 odst. 3 zákona č. 576/1990 Sb. § 36 zákona č. 576/1990 Sb., ve znění pozdějších předpisů.;notes;"<a data-odkaz-id=""10110175"" href=""#""  class=""ext_odkaz"">zákona č. 576/1990 Sb.</a>";zákona č. 576/1990 Sb.;10110175;ext_odkaz;NA;NA;NA;NA;esel-esb:právní-akt-odkaz/10110175;zákona č. 576/1990 Sb.;JINYPRED;89077;esel-esb:eli/cz/sb/1990/576/1997-07-15/dokument;35657;esel-esb:eli/cz/sb/1999/306/0000-00-00/dokument/poznamkypodcarou/ppc_9;35657;1999/306;1990/576;1999/306;306/1999 Sb.
esel-esb:eli/cz/sb/1999/306/2016-09-01/dokument/poznamkypodcarou/ppc_9;9255200;esel-esb:eli/cz/sb/1999/306/2016-09-01/dokument/poznamkypodcarou;pozn. 9;NA;9;NA;/4/12/;esel-esb:právní-akt-fragment/4214883;4214883;4214883;PPC;9) § 13 odst. 3 zákona č. 576/1990 Sb. § 36 zákona č. 576/1990 Sb., ve znění pozdějších předpisů.;notes;"<a data-odkaz-id=""10110199"" href=""#""  class=""ext_odkaz"">§ 36</a>";§ 36;10110199;ext_odkaz;NA;NA;NA;NA;esel-esb:právní-akt-odkaz/10110199;§ 36;JINEUSTAN;89061;esel-esb:eli/cz/sb/1990/576/1991-01-01/dokument/norma/cast_10/par_36;35657;esel-esb:eli/cz/sb/1999/306/0000-00-00/dokument/poznamkypodcarou/ppc_9;35657;1999/306;1990/576;1999/306;306/1999 Sb.
esel-esb:eli/cz/sb/1999/306/2016-09-01/dokument/poznamkypodcarou/ppc_9;9255200;esel-esb:eli/cz/sb/1999/306/2016-09-01/dokument/poznamkypodcarou;pozn. 9;NA;9;NA;/4/12/;esel-esb:právní-akt-fragment/4214883;4214883;4214883;PPC;9) § 13 odst. 3 zákona č. 576/1990 Sb. § 36 zákona č. 576/1990 Sb., ve znění pozdějších předpisů.;notes;"<a data-odkaz-id=""10110223"" href=""#""  class=""ext_odkaz"">zákona č. 576/1990 Sb.</a>";zákona č. 576/1990 Sb.;10110223;ext_odkaz;NA;NA;NA;NA;esel-esb:právní-akt-odkaz/10110223;zákona č. 576/1990 Sb.;JINYPRED;89077;esel-esb:eli/cz/sb/1990/576/1997-07-15/dokument;35657;esel-esb:eli/cz/sb/1999/306/0000-00-00/dokument/poznamkypodcarou/ppc_9;35657;1999/306;1990/576;1999/306;306/1999 Sb.
esel-esb:eli/cz/sb/1999/306/2016-09-01/dokument/poznamkypodcarou/ppc_10;9255201;esel-esb:eli/cz/sb/1999/306/2016-09-01/dokument/poznamkypodcarou;pozn. 10;NA;10;NA;/4/13/;esel-esb:právní-akt-fragment/4214885;4214885;4214885;PPC;10) Nařízení vlády č. 324/1996 Sb., kterým se stanoví podmínky a výše poskytování dotací soukromým školám, předškolním a školským zařízením, ve znění nařízení vlády č. 321/1998 Sb.;notes;"<a data-odkaz-id=""10110247"" href=""#""  class=""ext_odkaz"" data-version=""19990101"">Nařízení vlády č. 324/1996 Sb., kterým se stanoví podmínky a výše poskytování dotací soukromým školám, předškolním a školským zařízením</a>";Nařízení vlády č. 324/1996 Sb., kterým se stanoví podmínky a výše poskytování dotací soukromým školám, předškolním a školským zařízením;10110247;ext_odkaz;NA;NA;NA;NA;esel-esb:právní-akt-odkaz/10110247;Nařízení vlády č. 324/1996 Sb.;JINYPRED;103321;esel-esb:eli/cz/sb/1996/324/1999-01-01/dokument;35657;esel-esb:eli/cz/sb/1999/306/0000-00-00/dokument/poznamkypodcarou/ppc_10;35657;1999/306;1996/324;1999/306;306/1999 Sb.
esel-esb:eli/cz/sb/1999/306/2016-09-01/dokument/poznamkypodcarou/ppc_10;9255201;esel-esb:eli/cz/sb/1999/306/2016-09-01/dokument/poznamkypodcarou;pozn. 10;NA;10;NA;/4/13/;esel-esb:právní-akt-fragment/4214885;4214885;4214885;PPC;10) Nařízení vlády č. 324/1996 Sb., kterým se stanoví podmínky a výše poskytování dotací soukromým školám, předškolním a školským zařízením, ve znění nařízení vlády č. 321/1998 Sb.;notes;"<a data-odkaz-id=""10110271"" href=""#""  class=""ext_odkaz"">nařízení vlády č. 321/1998 Sb.</a>";nařízení vlády č. 321/1998 Sb.;10110271;ext_odkaz;NA;NA;NA;NA;esel-esb:právní-akt-odkaz/10110271;nařízení vlády č. 321/1998 Sb.;JINYPRED;106499;esel-esb:eli/cz/sb/1998/321/1999-01-01/dokument;35657;esel-esb:eli/cz/sb/1999/306/0000-00-00/dokument/poznamkypodcarou/ppc_10;35657;1999/306;1998/321;1999/306;306/1999 Sb.
esel-esb:eli/cz/sb/1999/306/2016-09-01/dokument/norma/par_5/odst_2/pism_e;9255148;esel-esb:eli/cz/sb/1999/306/2016-09-01/dokument/norma/par_5/odst_2;§ 5 odst. 2 písm. e);NA;e;NA;/2/5/2/5/;esel-esb:právní-akt-fragment/4214701;4214701;4214701;Pismeno_Lb;e) u mateřských škol nebo školských zařízení, které jinak podle zvláštního právního předpisu zřizuje obec nebo svazek obcí, na 100 %,;norms;NA;NA;NA;NA;NA;NA;NA;NA;NA;NA;NA;NA;NA;NA;NA;NA;1999/306;NA;NA;306/1999 Sb.
