fragment.iri;fragment.id;fragment.předek.iri;fragment.citace;fragment.citace.text;fragment.označení.uzlu;fragment.označení.uzlu.text;fragment.hierarchie;akt.fragment.iri;akt.fragment.id;fragment.base.id;typ.fragmentu;fragment.text_clean;source;tag;tag_clean;odkaz.id;class;data_eurlex;data_celexid;data_cellarid;data_orig_href;odkaz.iri;odkaz.citace.cíl;typ.vazba.odkazu;cíl.dokument.id;fragment.cíl.iri;fragment.cíl.dokument.id;fragment.zdroj.iri;fragment.zdroj.dokument.id;iri_z;iri_c;iri_v;akt.citace
esel-esb:eli/cz/sb/1945/33/1945-08-10/dokument/norma/par_1/odst_3;76913;esel-esb:eli/cz/sb/1945/33/1945-08-10/dokument/norma/par_1;§ 1 odst. 3;NA;3;NA;/2/1/3/;esel-esb:právní-akt-fragment/111441;111441;111441;Odstavec_Dc;(3) Tento dekret se nevztahuje na Němce a Maďary, kteří se v době zvýšeného ohrožení republiky (§ 18 dekretu presidenta republiky ze dne 19. června 1945, č. 16 Sb., o potrestání nacistických zločinců, zrádců a jejich pomahačů a o mimořádných lidových soudech) přihlásili v úředním hlášení za Čechy nebo Slováky.;norms;"<a data-odkaz-id=""2210301"" href=""#""  class=""ext_odkaz"">§ 18</a>";§ 18;2210301;ext_odkaz;NA;NA;NA;NA;esel-esb:právní-akt-odkaz/2210301;§ 18;JINEUSTAN;64491;esel-esb:eli/cz/sb/1945/16/1945-07-09/dokument/norma/hlava_1/par_18;1255;esel-esb:eli/cz/sb/1945/33/0000-00-00/dokument/norma/par_1/odst_3;1255;1945/33;1945/16;1945/33;33/1945 Sb.
esel-esb:eli/cz/sb/1945/33/1945-08-10/dokument/norma/par_1/odst_3;76913;esel-esb:eli/cz/sb/1945/33/1945-08-10/dokument/norma/par_1;§ 1 odst. 3;NA;3;NA;/2/1/3/;esel-esb:právní-akt-fragment/111441;111441;111441;Odstavec_Dc;(3) Tento dekret se nevztahuje na Němce a Maďary, kteří se v době zvýšeného ohrožení republiky (§ 18 dekretu presidenta republiky ze dne 19. června 1945, č. 16 Sb., o potrestání nacistických zločinců, zrádců a jejich pomahačů a o mimořádných lidových soudech) přihlásili v úředním hlášení za Čechy nebo Slováky.;norms;"<a data-odkaz-id=""2210305"" href=""#""  class=""ext_odkaz"">16 Sb.</a>";16 Sb.;2210305;ext_odkaz;NA;NA;NA;NA;esel-esb:právní-akt-odkaz/2210305;16 Sb.;JINYPRED;64491;esel-esb:eli/cz/sb/1945/16/1945-07-09/dokument;1255;esel-esb:eli/cz/sb/1945/33/0000-00-00/dokument/norma/par_1/odst_3;1255;1945/33;1945/16;1945/33;33/1945 Sb.
esel-esb:eli/cz/sb/1945/33/1945-08-10/dokument/norma/par_2/odst_1;76916;esel-esb:eli/cz/sb/1945/33/1945-08-10/dokument/norma/par_2;§ 2 odst. 1;NA;1;NA;/2/2/1/;esel-esb:právní-akt-fragment/111447;111447;111447;Odstavec_Dc;(1) Osobám, spadajícím pod ustanovení § 1, které prokáží, že zůstaly věrny Československé republice, nikdy se neprovinily proti národům českému a slovenskému a buď se činně zúčastnily boje za její osvobození, nebo trpěly pod nacistickým nebo fašistickým terorem, zachovává se československé státní občanství.;norms;"<a data-odkaz-id=""2210309"" href=""#""  class=""int_odkaz"">§ 1</a>";§ 1;2210309;int_odkaz;NA;NA;NA;NA;esel-esb:právní-akt-odkaz/2210309;§ 1;INTUSTAN;1255;esel-esb:eli/cz/sb/1945/33/0000-00-00/dokument/norma/par_1;1255;esel-esb:eli/cz/sb/1945/33/0000-00-00/dokument/norma/par_2/odst_1;1255;1945/33;1945/33;1945/33;33/1945 Sb.
esel-esb:eli/cz/sb/1945/33/1945-08-10/dokument/norma/par_3/frag_111455;76920;esel-esb:eli/cz/sb/1945/33/1945-08-10/dokument/norma/par_3;NA;NA;NA;NA;/2/3/1/;esel-esb:právní-akt-fragment/111455;111455;111455;Odstavec_Dc;"Osoby, které pozbyly československého státního občanství podle § 1, mohou do šesti měsíců ode dne, který bude určen vyhláškou ministra vnitra, otištěnou ve Sbírce zákonů a nařízení, žádati u místně příslušného okresního národního výboru (okresní správní komise) nebo zastupitelského úřadu o jeho vrácení. O takovéto žádosti rozhodne podle volné úvahy ministerstvo vnitra na návrh zemského národního výboru, na Slovensku Slovenské národní rady; nesmí jí však vyhověti, jestliže žadatel porušil povinnosti československého státního občana. Pokud vládním nařízením nebude stanoveno jinak, platí i pro tyto případy všeobecné předpisy o nabývání československého státního občanství.";norms;"<a data-odkaz-id=""2210313"" href=""#""  class=""int_odkaz"">§ 1</a>";§ 1;2210313;int_odkaz;NA;NA;NA;NA;esel-esb:právní-akt-odkaz/2210313;§ 1;INTUSTAN;1255;esel-esb:eli/cz/sb/1945/33/0000-00-00/dokument/norma/par_1;1255;esel-esb:eli/cz/sb/1945/33/0000-00-00/dokument/norma/par_3/frag_111455;1255;1945/33;1945/33;1945/33;33/1945 Sb.
esel-esb:eli/cz/sb/1945/33/1945-08-10/dokument/norma/par_4/odst_2;76923;esel-esb:eli/cz/sb/1945/33/1945-08-10/dokument/norma/par_4;§ 4 odst. 2;NA;2;NA;/2/4/2/;esel-esb:právní-akt-fragment/111461;111461;111461;Odstavec_Dc;(2) Žádosti podle § 3, které podají manželky a nezletilé děti československých státních občanů, jest posuzovati blahovolně. Až do rozhodnutí o nich jest žadatele považovati za československé státní občany.;norms;"<a data-odkaz-id=""2210317"" href=""#""  class=""int_odkaz"">§ 3</a>";§ 3;2210317;int_odkaz;NA;NA;NA;NA;esel-esb:právní-akt-odkaz/2210317;§ 3;INTUSTAN;1255;esel-esb:eli/cz/sb/1945/33/0000-00-00/dokument/norma/par_3;1255;esel-esb:eli/cz/sb/1945/33/0000-00-00/dokument/norma/par_4/odst_2;1255;1945/33;1945/33;1945/33;33/1945 Sb.
esel-esb:eli/cz/sb/1945/33/1945-08-10/dokument/norma/par_5/frag_111465;76925;esel-esb:eli/cz/sb/1945/33/1945-08-10/dokument/norma/par_5;NA;NA;NA;NA;/2/5/1/;esel-esb:právní-akt-fragment/111465;111465;111465;Odstavec_Dc;Češi, Slováci a příslušníci jiných slovanských národů, kteří se v době zvýšeného ohrožení republiky (§ 18 dekretu presidenta republiky č. 16/1945 Sb.) ucházeli o udělení německé nebo maďarské státní příslušnosti, aniž k tomu byli donuceni nátlakem anebo zvláštními okolnostmi, pozbývají československého státního občanství dnem, kdy tento dekret nabývá účinnosti.;norms;"<a data-odkaz-id=""2210321"" href=""#""  class=""ext_odkaz"">§ 18</a>";§ 18;2210321;ext_odkaz;NA;NA;NA;NA;esel-esb:právní-akt-odkaz/2210321;§ 18;JINEUSTAN;64491;esel-esb:eli/cz/sb/1945/16/1945-07-09/dokument/norma/hlava_1/par_18;1255;esel-esb:eli/cz/sb/1945/33/0000-00-00/dokument/norma/par_5/frag_111465;1255;1945/33;1945/16;1945/33;33/1945 Sb.
esel-esb:eli/cz/sb/1945/33/1945-08-10/dokument/norma/par_5/frag_111465;76925;esel-esb:eli/cz/sb/1945/33/1945-08-10/dokument/norma/par_5;NA;NA;NA;NA;/2/5/1/;esel-esb:právní-akt-fragment/111465;111465;111465;Odstavec_Dc;Češi, Slováci a příslušníci jiných slovanských národů, kteří se v době zvýšeného ohrožení republiky (§ 18 dekretu presidenta republiky č. 16/1945 Sb.) ucházeli o udělení německé nebo maďarské státní příslušnosti, aniž k tomu byli donuceni nátlakem anebo zvláštními okolnostmi, pozbývají československého státního občanství dnem, kdy tento dekret nabývá účinnosti.;norms;"<a data-odkaz-id=""2210325"" href=""#""  class=""ext_odkaz"">dekretu presidenta republiky č. 16/1945 Sb.</a>";dekretu presidenta republiky č. 16/1945 Sb.;2210325;ext_odkaz;NA;NA;NA;NA;esel-esb:právní-akt-odkaz/2210325;dekretu presidenta republiky č. 16/1945 Sb.;JINYPRED;64491;esel-esb:eli/cz/sb/1945/16/1945-07-09/dokument;1255;esel-esb:eli/cz/sb/1945/33/0000-00-00/dokument/norma/par_5/frag_111465;1255;1945/33;1945/16;1945/33;33/1945 Sb.
