fragment.iri;fragment.id;fragment.předek.iri;fragment.citace;fragment.citace.text;fragment.označení.uzlu;fragment.označení.uzlu.text;fragment.hierarchie;akt.fragment.iri;akt.fragment.id;fragment.base.id;typ.fragmentu;fragment.text_clean;source;tag;tag_clean;odkaz.id;class;data_eurlex;data_celexid;data_cellarid;data_orig_href;odkaz.iri;odkaz.citace.cíl;typ.vazba.odkazu;cíl.dokument.id;fragment.cíl.iri;fragment.cíl.dokument.id;fragment.zdroj.iri;fragment.zdroj.dokument.id;iri_z;iri_c;iri_v;akt.citace
esel-esb:eli/cz/sb/2001/352/2022-01-01/dokument/norma/cast_1/par_1/odst_1;11716547;esel-esb:eli/cz/sb/2001/352/2022-01-01/dokument/norma/cast_1/par_1;§ 1 odst. 1;NA;1;NA;/2/1/2/2/;esel-esb:právní-akt-fragment/5009079;5009079;5009079;Odstavec_Dc;(1) Zákon upravuje užívání státních symbolů České republiky,1) a to:;norms;"<a data-odkaz-id=""12222231"" href=""#""  class=""int_odkaz""><sup>1</sup>)</a>";1);12222231;int_odkaz;NA;NA;NA;NA;esel-esb:právní-akt-odkaz/12222231;<sup>1</sup>);POZNAMKA;38039;esel-esb:eli/cz/sb/2001/352/0000-00-00/dokument/poznamkypodcarou/ppc_1;38039;esel-esb:eli/cz/sb/2001/352/0000-00-00/dokument/norma/cast_1/par_1/odst_1;38039;2001/352;2001/352;2001/352;352/2001 Sb.
esel-esb:eli/cz/sb/2001/352/2022-01-01/dokument/norma/cast_1/par_2/odst_1/pism_r;11716574;esel-esb:eli/cz/sb/2001/352/2022-01-01/dokument/norma/cast_1/par_2/odst_1;§ 2 odst. 1 písm. r);NA;r;NA;/2/1/4/1/17/;esel-esb:právní-akt-fragment/5009139;5009139;5009137;Pismeno_Lb;r) vysoké školy2), školy a školská zařízení zapsaná ve školském rejstříku podle zvláštního zákona,3);norms;"<a data-odkaz-id=""12222251"" href=""#""  class=""int_odkaz""><sup>2</sup>)</a>";2);12222251;int_odkaz;NA;NA;NA;NA;esel-esb:právní-akt-odkaz/12222251;<sup>2</sup>);POZNAMKA;115093;esel-esb:eli/cz/sb/2001/352/2006-06-18/dokument/poznamkypodcarou/ppc_2;115093;esel-esb:eli/cz/sb/2001/352/2006-06-18/dokument/norma/cast_1/par_2/odst_1/pism_r;115093;2001/352;2001/352;2001/352;352/2001 Sb.
esel-esb:eli/cz/sb/2001/352/2022-01-01/dokument/norma/cast_1/par_2/odst_1/pism_r;11716574;esel-esb:eli/cz/sb/2001/352/2022-01-01/dokument/norma/cast_1/par_2/odst_1;§ 2 odst. 1 písm. r);NA;r;NA;/2/1/4/1/17/;esel-esb:právní-akt-fragment/5009139;5009139;5009137;Pismeno_Lb;r) vysoké školy2), školy a školská zařízení zapsaná ve školském rejstříku podle zvláštního zákona,3);norms;"<a data-odkaz-id=""12222259"" href=""#""  class=""int_odkaz""><sup>3</sup>)</a>";3);12222259;int_odkaz;NA;NA;NA;NA;esel-esb:právní-akt-odkaz/12222259;<sup>3</sup>);POZNAMKA;115093;esel-esb:eli/cz/sb/2001/352/2006-06-18/dokument/poznamkypodcarou/ppc_3;115093;esel-esb:eli/cz/sb/2001/352/2006-06-18/dokument/norma/cast_1/par_2/odst_1/pism_r;115093;2001/352;2001/352;2001/352;352/2001 Sb.
esel-esb:eli/cz/sb/2001/352/2022-01-01/dokument/norma/cast_1/par_2/odst_1/pism_t;11716576;esel-esb:eli/cz/sb/2001/352/2022-01-01/dokument/norma/cast_1/par_2/odst_1;§ 2 odst. 1 písm. t);NA;t;NA;/2/1/4/1/19/;esel-esb:právní-akt-fragment/5009145;5009145;5009143;Pismeno_Lb;t) právnické a fyzické osoby, kterým je zákonem nebo na základě zákona svěřen výkon státní správy,4);norms;"<a data-odkaz-id=""12222271"" href=""#""  class=""int_odkaz""><sup>4</sup>)</a>";4);12222271;int_odkaz;NA;NA;NA;NA;esel-esb:právní-akt-odkaz/12222271;<sup>4</sup>);POZNAMKA;115093;esel-esb:eli/cz/sb/2001/352/2006-06-18/dokument/poznamkypodcarou/ppc_4;115093;esel-esb:eli/cz/sb/2001/352/2006-06-18/dokument/norma/cast_1/par_2/odst_1/pism_t;115093;2001/352;2001/352;2001/352;352/2001 Sb.
esel-esb:eli/cz/sb/2001/352/2022-01-01/dokument/norma/cast_1/par_2/odst_2;11716581;esel-esb:eli/cz/sb/2001/352/2022-01-01/dokument/norma/cast_1/par_2;§ 2 odst. 2;NA;2;NA;/2/1/4/2/;esel-esb:právní-akt-fragment/5009151;5009151;5009151;Odstavec_Dc;(2) Za oprávněné osoby uvedené v odstavci 1 písm. a) až t) mohou státní znak užívat v souvislosti s výkonem působnosti oprávněné osoby fyzické osoby, oprávněné k tomu podle vnitřních předpisů oprávněné osoby nebo pověřené vedoucím oprávněné osoby.;norms;"<a data-odkaz-id=""12534425"" href=""#""  class=""int_odkaz"">odstavci 1 písm. a) až t)</a>";odstavci 1 písm. a) až t);12534425;int_odkaz;NA;NA;NA;NA;esel-esb:právní-akt-odkaz/12534425;odstavci 1 písm. a) až t);INTUSTAN;115093;esel-esb:eli/cz/sb/2001/352/2006-06-18/dokument/norma/cast_1/par_2/odst_1/pism_a;115093;esel-esb:eli/cz/sb/2001/352/2006-06-18/dokument/norma/cast_1/par_2/odst_2;115093;2001/352;2001/352;2001/352;352/2001 Sb.
esel-esb:eli/cz/sb/2001/352/2022-01-01/dokument/norma/cast_1/par_3/odst_1/pism_b;11716585;esel-esb:eli/cz/sb/2001/352/2022-01-01/dokument/norma/cast_1/par_3/odst_1;§ 3 odst. 1 písm. b);NA;b;NA;/2/1/5/1/2/;esel-esb:právní-akt-fragment/5009161;5009161;5009159;Pismeno_Lb;b) je součástí zevního označení služebních stejnokrojů zaměstnanců a příslušníků oprávněných osob uvedených v § 2 odst. 1 písm. e) a příslušníků oprávněných osob uvedených v § 2 odst. 1 písm. i) a k), v rozsahu a způsobem stanoveným zvláštním právním předpisem,;norms;"<a data-odkaz-id=""12534445"" href=""#""  class=""int_odkaz"">§ 2 odst. 1 písm. e)</a>";§ 2 odst. 1 písm. e);12534445;int_odkaz;NA;NA;NA;NA;esel-esb:právní-akt-odkaz/12534445;§ 2 odst. 1 písm. e);INTUSTAN;115093;esel-esb:eli/cz/sb/2001/352/2006-06-18/dokument/norma/cast_1/par_2/odst_1/pism_e;115093;esel-esb:eli/cz/sb/2001/352/2006-06-18/dokument/norma/cast_1/par_3/odst_1/pism_b;115093;2001/352;2001/352;2001/352;352/2001 Sb.
esel-esb:eli/cz/sb/2001/352/2022-01-01/dokument/norma/cast_1/par_3/odst_1/pism_b;11716585;esel-esb:eli/cz/sb/2001/352/2022-01-01/dokument/norma/cast_1/par_3/odst_1;§ 3 odst. 1 písm. b);NA;b;NA;/2/1/5/1/2/;esel-esb:právní-akt-fragment/5009161;5009161;5009159;Pismeno_Lb;b) je součástí zevního označení služebních stejnokrojů zaměstnanců a příslušníků oprávněných osob uvedených v § 2 odst. 1 písm. e) a příslušníků oprávněných osob uvedených v § 2 odst. 1 písm. i) a k), v rozsahu a způsobem stanoveným zvláštním právním předpisem,;norms;"<a data-odkaz-id=""12534453"" href=""#""  class=""int_odkaz"">§ 2 odst. 1 písm. i)</a>";§ 2 odst. 1 písm. i);12534453;int_odkaz;NA;NA;NA;NA;esel-esb:právní-akt-odkaz/12534453;§ 2 odst. 1 písm. i);INTUSTAN;115093;esel-esb:eli/cz/sb/2001/352/2006-06-18/dokument/norma/cast_1/par_2/odst_1/pism_i;115093;esel-esb:eli/cz/sb/2001/352/2006-06-18/dokument/norma/cast_1/par_3/odst_1/pism_b;115093;2001/352;2001/352;2001/352;352/2001 Sb.
esel-esb:eli/cz/sb/2001/352/2022-01-01/dokument/norma/cast_1/par_3/odst_1/pism_b;11716585;esel-esb:eli/cz/sb/2001/352/2022-01-01/dokument/norma/cast_1/par_3/odst_1;§ 3 odst. 1 písm. b);NA;b;NA;/2/1/5/1/2/;esel-esb:právní-akt-fragment/5009161;5009161;5009159;Pismeno_Lb;b) je součástí zevního označení služebních stejnokrojů zaměstnanců a příslušníků oprávněných osob uvedených v § 2 odst. 1 písm. e) a příslušníků oprávněných osob uvedených v § 2 odst. 1 písm. i) a k), v rozsahu a způsobem stanoveným zvláštním právním předpisem,;norms;"<a data-odkaz-id=""12534461"" href=""#""  class=""int_odkaz"">k)</a>";k);12534461;int_odkaz;NA;NA;NA;NA;esel-esb:právní-akt-odkaz/12534461;k);INTUSTAN;115093;esel-esb:eli/cz/sb/2001/352/2006-06-18/dokument/norma/cast_1/par_2/odst_1/pism_k;115093;esel-esb:eli/cz/sb/2001/352/2006-06-18/dokument/norma/cast_1/par_3/odst_1/pism_b;115093;2001/352;2001/352;2001/352;352/2001 Sb.
esel-esb:eli/cz/sb/2001/352/2022-01-01/dokument/norma/cast_1/par_3/odst_2/pism_b;11716593;esel-esb:eli/cz/sb/2001/352/2022-01-01/dokument/norma/cast_1/par_3/odst_2;§ 3 odst. 2 písm. b);NA;b;NA;/2/1/5/2/2/;esel-esb:právní-akt-fragment/5009181;5009181;5009179;Pismeno_Lb;b) užít na významných listinách oprávněných osob uvedených v § 2 odst. 1 písm. a) až e) a g) až m),;norms;"<a data-odkaz-id=""12534481"" href=""#""  class=""int_odkaz"">§ 2 odst. 1 písm. a) až e)</a>";§ 2 odst. 1 písm. a) až e);12534481;int_odkaz;NA;NA;NA;NA;esel-esb:právní-akt-odkaz/12534481;§ 2 odst. 1 písm. a) až e);INTUSTAN;115093;esel-esb:eli/cz/sb/2001/352/2006-06-18/dokument/norma/cast_1/par_2/odst_1/pism_a;115093;esel-esb:eli/cz/sb/2001/352/2006-06-18/dokument/norma/cast_1/par_3/odst_2/pism_b;115093;2001/352;2001/352;2001/352;352/2001 Sb.
esel-esb:eli/cz/sb/2001/352/2022-01-01/dokument/norma/cast_1/par_3/odst_2/pism_b;11716593;esel-esb:eli/cz/sb/2001/352/2022-01-01/dokument/norma/cast_1/par_3/odst_2;§ 3 odst. 2 písm. b);NA;b;NA;/2/1/5/2/2/;esel-esb:právní-akt-fragment/5009181;5009181;5009179;Pismeno_Lb;b) užít na významných listinách oprávněných osob uvedených v § 2 odst. 1 písm. a) až e) a g) až m),;norms;"<a data-odkaz-id=""12534489"" href=""#""  class=""int_odkaz"">g) až m)</a>";g) až m);12534489;int_odkaz;NA;NA;NA;NA;esel-esb:právní-akt-odkaz/12534489;g) až m);INTUSTAN;115093;esel-esb:eli/cz/sb/2001/352/2006-06-18/dokument/norma/cast_1/par_2/odst_1/pism_g;115093;esel-esb:eli/cz/sb/2001/352/2006-06-18/dokument/norma/cast_1/par_3/odst_2/pism_b;115093;2001/352;2001/352;2001/352;352/2001 Sb.
esel-esb:eli/cz/sb/2001/352/2022-01-01/dokument/norma/cast_1/par_3/odst_2/pism_c;11716594;esel-esb:eli/cz/sb/2001/352/2022-01-01/dokument/norma/cast_1/par_3/odst_2;§ 3 odst. 2 písm. c);NA;c;NA;/2/1/5/2/3/;esel-esb:právní-akt-fragment/5009185;5009185;5009183;Pismeno_Lb;c) umístit na čelní straně místnosti, kde zasedají a jednají orgány oprávněných osob uvedených v § 2 odst. 1 písm. a) až s),;norms;"<a data-odkaz-id=""12534501"" href=""#""  class=""int_odkaz"">§ 2 odst. 1 písm. a) až s)</a>";§ 2 odst. 1 písm. a) až s);12534501;int_odkaz;NA;NA;NA;NA;esel-esb:právní-akt-odkaz/12534501;§ 2 odst. 1 písm. a) až s);INTUSTAN;115093;esel-esb:eli/cz/sb/2001/352/2006-06-18/dokument/norma/cast_1/par_2/odst_1/pism_a;115093;esel-esb:eli/cz/sb/2001/352/2006-06-18/dokument/norma/cast_1/par_3/odst_2/pism_c;115093;2001/352;2001/352;2001/352;352/2001 Sb.
esel-esb:eli/cz/sb/2001/352/2022-01-01/dokument/norma/cast_1/par_3/odst_2/pism_d;11716595;esel-esb:eli/cz/sb/2001/352/2022-01-01/dokument/norma/cast_1/par_3/odst_2;§ 3 odst. 2 písm. d);NA;d;NA;/2/1/5/2/4/;esel-esb:právní-akt-fragment/5009189;5009189;5009187;Pismeno_Lb;d) vyobrazit na čestných odznacích a na bojových praporech5) ozbrojených sil České republiky,;norms;"<a data-odkaz-id=""12534513"" href=""#""  class=""int_odkaz""><sup>5</sup>)</a>";5);12534513;int_odkaz;NA;NA;NA;NA;esel-esb:právní-akt-odkaz/12534513;<sup>5</sup>);POZNAMKA;115093;esel-esb:eli/cz/sb/2001/352/2006-06-18/dokument/poznamkypodcarou/ppc_5;115093;esel-esb:eli/cz/sb/2001/352/2006-06-18/dokument/norma/cast_1/par_3/odst_2/pism_d;115093;2001/352;2001/352;2001/352;352/2001 Sb.
esel-esb:eli/cz/sb/2001/352/2022-01-01/dokument/norma/cast_1/par_3/odst_2/pism_f;11716597;esel-esb:eli/cz/sb/2001/352/2022-01-01/dokument/norma/cast_1/par_3/odst_2;§ 3 odst. 2 písm. f);NA;f;NA;/2/1/5/2/6/;esel-esb:právní-akt-fragment/5009489;5009489;5009193;Pismeno_Lb;f) užít v souvislosti s výkonem působnosti oprávněných osob uvedených v § 2 odst. 1 písm. a) až t),;norms;"<a data-odkaz-id=""12535127"" href=""#""  class=""int_odkaz"">§ 2 odst. 1 písm. a) až t)</a>";§ 2 odst. 1 písm. a) až t);12535127;int_odkaz;NA;NA;NA;NA;esel-esb:právní-akt-odkaz/12535127;§ 2 odst. 1 písm. a) až t);INTUSTAN;115099;esel-esb:eli/cz/sb/2001/352/2022-01-01/dokument/norma/cast_1/par_2/odst_1/pism_a;115099;esel-esb:eli/cz/sb/2001/352/2022-01-01/dokument/norma/cast_1/par_3/odst_2/pism_f;115099;2001/352;2001/352;2001/352;352/2001 Sb.
esel-esb:eli/cz/sb/2001/352/2022-01-01/dokument/norma/cast_1/par_4/odst_1;11716600;esel-esb:eli/cz/sb/2001/352/2022-01-01/dokument/norma/cast_1/par_4;§ 4 odst. 1;NA;1;NA;/2/1/6/1/;esel-esb:právní-akt-fragment/5009201;5009201;5009199;Odstavec_Dc;(1) Velkým státním znakem lze označit budovy, ve kterých sídlí oprávněné osoby uvedené v § 2 odst. 1 písm. a) až s). Sídlí-li v budově více těchto oprávněných osob, označí se budova pouze jedním velkým státním znakem.;norms;"<a data-odkaz-id=""12534531"" href=""#""  class=""int_odkaz"">§ 2 odst. 1 písm. a) až s)</a>";§ 2 odst. 1 písm. a) až s);12534531;int_odkaz;NA;NA;NA;NA;esel-esb:právní-akt-odkaz/12534531;§ 2 odst. 1 písm. a) až s);INTUSTAN;115093;esel-esb:eli/cz/sb/2001/352/2006-06-18/dokument/norma/cast_1/par_2/odst_1/pism_a;115093;esel-esb:eli/cz/sb/2001/352/2006-06-18/dokument/norma/cast_1/par_4/odst_1;115093;2001/352;2001/352;2001/352;352/2001 Sb.
esel-esb:eli/cz/sb/2001/352/2022-01-01/dokument/norma/cast_1/par_4/odst_3;11716602;esel-esb:eli/cz/sb/2001/352/2022-01-01/dokument/norma/cast_1/par_4;§ 4 odst. 3;NA;3;NA;/2/1/6/3/;esel-esb:právní-akt-fragment/5009207;5009207;5009205;Odstavec_Dc;(3) Přestane-li budova sloužit jako sídlo oprávněných osob uvedených v § 2 odst. 1 písm. a) až s), velký státní znak, jímž je označena, se z budovy neodkladně odstraní, pokud není součástí její architektonické výzdoby.;norms;"<a data-odkaz-id=""12534543"" href=""#""  class=""int_odkaz"">§ 2 odst. 1 písm. a) až s)</a>";§ 2 odst. 1 písm. a) až s);12534543;int_odkaz;NA;NA;NA;NA;esel-esb:právní-akt-odkaz/12534543;§ 2 odst. 1 písm. a) až s);INTUSTAN;115093;esel-esb:eli/cz/sb/2001/352/2006-06-18/dokument/norma/cast_1/par_2/odst_1/pism_a;115093;esel-esb:eli/cz/sb/2001/352/2006-06-18/dokument/norma/cast_1/par_4/odst_3;115093;2001/352;2001/352;2001/352;352/2001 Sb.
esel-esb:eli/cz/sb/2001/352/2022-01-01/dokument/norma/cast_1/par_5/frag_5009217;11716606;esel-esb:eli/cz/sb/2001/352/2022-01-01/dokument/norma/cast_1/par_5;NA;NA;NA;NA;/2/1/8/1/;esel-esb:právní-akt-fragment/5009217;5009217;5009215;Odstavec_Dc;"Malý státní znak užívají oprávněné osoby uvedené v § 2 odst. 1 písm. a) až t) na rozhodnutích a jiných listinách osvědčujících důležité skutečnosti, vydávaných při výkonu státní moci, který jim byl svěřen zákonem nebo na základě zákona5a); může být též vyobrazen na mincích České republiky.";norms;"<a data-odkaz-id=""12534555"" href=""#""  class=""int_odkaz"">§ 2 odst. 1 písm. a) až t)</a>";§ 2 odst. 1 písm. a) až t);12534555;int_odkaz;NA;NA;NA;NA;esel-esb:právní-akt-odkaz/12534555;§ 2 odst. 1 písm. a) až t);INTUSTAN;115093;esel-esb:eli/cz/sb/2001/352/2006-06-18/dokument/norma/cast_1/par_2/odst_1/pism_a;115093;esel-esb:eli/cz/sb/2001/352/2006-06-18/dokument/norma/cast_1/par_5/frag_5009217;115093;2001/352;2001/352;2001/352;352/2001 Sb.
esel-esb:eli/cz/sb/2001/352/2022-01-01/dokument/norma/cast_1/par_5/frag_5009217;11716606;esel-esb:eli/cz/sb/2001/352/2022-01-01/dokument/norma/cast_1/par_5;NA;NA;NA;NA;/2/1/8/1/;esel-esb:právní-akt-fragment/5009217;5009217;5009215;Odstavec_Dc;"Malý státní znak užívají oprávněné osoby uvedené v § 2 odst. 1 písm. a) až t) na rozhodnutích a jiných listinách osvědčujících důležité skutečnosti, vydávaných při výkonu státní moci, který jim byl svěřen zákonem nebo na základě zákona5a); může být též vyobrazen na mincích České republiky.";norms;"<a data-odkaz-id=""12534563"" href=""#""  class=""int_odkaz""><sup>5a</sup>)</a>";5a);12534563;int_odkaz;NA;NA;NA;NA;esel-esb:právní-akt-odkaz/12534563;<sup>5a</sup>);POZNAMKA;115093;esel-esb:eli/cz/sb/2001/352/2006-06-18/dokument/poznamkypodcarou/ppc_5a;115093;esel-esb:eli/cz/sb/2001/352/2006-06-18/dokument/norma/cast_1/par_5/frag_5009217;115093;2001/352;2001/352;2001/352;352/2001 Sb.
esel-esb:eli/cz/sb/2001/352/2022-01-01/dokument/norma/cast_1/par_6a/odst_1;11716611;esel-esb:eli/cz/sb/2001/352/2022-01-01/dokument/norma/cast_1/par_6a;§ 6a odst. 1;NA;1;NA;/2/1/10/1/;esel-esb:právní-akt-fragment/5009497;5009497;5009497;Odstavec_Dc;"(1) Pečetidlem Ministerstva zahraničních věcí je pečetidlo vytvářející otisk kruhového tvaru o průměru 36 mm, na němž je vyznačen malý státní znak; malý státní znak je vyobrazen uvnitř kruhu, na jehož obvodu je označení oprávněné osoby uvedené v odstavci 2, popřípadě i označení její organizační součásti a sídla. V případě zastupitelských úřadů6) lze za označení oprávněné osoby považovat i označení zastupitelského úřadu. Používá-li oprávněná osoba více pečetidel Ministerstva zahraničních věcí, musí tato pečetidla obsahovat i pořadová čísla.";norms;"<a data-odkaz-id=""12535129"" href=""#""  class=""int_odkaz"">odstavci 2</a>";odstavci 2;12535129;int_odkaz;NA;NA;NA;NA;esel-esb:právní-akt-odkaz/12535129;odstavci 2;INTUSTAN;115099;esel-esb:eli/cz/sb/2001/352/2022-01-01/dokument/norma/cast_1/par_6a/odst_2;115099;esel-esb:eli/cz/sb/2001/352/2022-01-01/dokument/norma/cast_1/par_6a/odst_1;115099;2001/352;2001/352;2001/352;352/2001 Sb.
esel-esb:eli/cz/sb/2001/352/2022-01-01/dokument/norma/cast_1/par_6a/odst_1;11716611;esel-esb:eli/cz/sb/2001/352/2022-01-01/dokument/norma/cast_1/par_6a;§ 6a odst. 1;NA;1;NA;/2/1/10/1/;esel-esb:právní-akt-fragment/5009497;5009497;5009497;Odstavec_Dc;"(1) Pečetidlem Ministerstva zahraničních věcí je pečetidlo vytvářející otisk kruhového tvaru o průměru 36 mm, na němž je vyznačen malý státní znak; malý státní znak je vyobrazen uvnitř kruhu, na jehož obvodu je označení oprávněné osoby uvedené v odstavci 2, popřípadě i označení její organizační součásti a sídla. V případě zastupitelských úřadů6) lze za označení oprávněné osoby považovat i označení zastupitelského úřadu. Používá-li oprávněná osoba více pečetidel Ministerstva zahraničních věcí, musí tato pečetidla obsahovat i pořadová čísla.";norms;"<a data-odkaz-id=""12535131"" href=""#"" class=""int_odkaz"" data-vyzadujerevizi=""true"" data-orig-class=""linkfrag""  data-orig-href=""../../../sbcr/2001/sbcr2001c134z0352/sbcr2001c134z0352-v20060618.html#f2238233""><sup>6</sup>)</a>";6);12535131;int_odkaz;NA;NA;NA;../../../sbcr/2001/sbcr2001c134z0352/sbcr2001c134z0352-v20060618.html#f2238233;NA;NA;NA;NA;NA;NA;NA;NA;2001/352;NA;NA;352/2001 Sb.
esel-esb:eli/cz/sb/2001/352/2022-01-01/dokument/norma/cast_1/par_7/odst_1;11716619;esel-esb:eli/cz/sb/2001/352/2022-01-01/dokument/norma/cast_1/par_7;§ 7 odst. 1;NA;1;NA;/2/1/12/1/;esel-esb:právní-akt-fragment/5009231;5009231;5009229;Odstavec_Dc;(1) Státní vlajku vyvěšují oprávněné osoby uvedené v § 2 odst. 1 písm. a) až s) na budovách, v nichž sídlí, při příležitosti státních svátků5b) a při příležitostech celostátního významu, zejména v den smutku nebo v den státního smutku, vyhlášených vládou.;norms;"<a data-odkaz-id=""12534575"" href=""#""  class=""int_odkaz"">§ 2 odst. 1 písm. a) až s)</a>";§ 2 odst. 1 písm. a) až s);12534575;int_odkaz;NA;NA;NA;NA;esel-esb:právní-akt-odkaz/12534575;§ 2 odst. 1 písm. a) až s);INTUSTAN;115093;esel-esb:eli/cz/sb/2001/352/2006-06-18/dokument/norma/cast_1/par_2/odst_1/pism_a;115093;esel-esb:eli/cz/sb/2001/352/2006-06-18/dokument/norma/cast_1/par_7/odst_1;115093;2001/352;2001/352;2001/352;352/2001 Sb.
esel-esb:eli/cz/sb/2001/352/2022-01-01/dokument/norma/cast_1/par_7/odst_1;11716619;esel-esb:eli/cz/sb/2001/352/2022-01-01/dokument/norma/cast_1/par_7;§ 7 odst. 1;NA;1;NA;/2/1/12/1/;esel-esb:právní-akt-fragment/5009231;5009231;5009229;Odstavec_Dc;(1) Státní vlajku vyvěšují oprávněné osoby uvedené v § 2 odst. 1 písm. a) až s) na budovách, v nichž sídlí, při příležitosti státních svátků5b) a při příležitostech celostátního významu, zejména v den smutku nebo v den státního smutku, vyhlášených vládou.;norms;"<a data-odkaz-id=""12534583"" href=""#""  class=""int_odkaz""><sup>5b</sup>)</a>";5b);12534583;int_odkaz;NA;NA;NA;NA;esel-esb:právní-akt-odkaz/12534583;<sup>5b</sup>);POZNAMKA;115093;esel-esb:eli/cz/sb/2001/352/2006-06-18/dokument/poznamkypodcarou/ppc_5b;115093;esel-esb:eli/cz/sb/2001/352/2006-06-18/dokument/norma/cast_1/par_7/odst_1;115093;2001/352;2001/352;2001/352;352/2001 Sb.
esel-esb:eli/cz/sb/2001/352/2022-01-01/dokument/norma/cast_1/par_7/odst_2;11716620;esel-esb:eli/cz/sb/2001/352/2022-01-01/dokument/norma/cast_1/par_7;§ 7 odst. 2;NA;2;NA;/2/1/12/2/;esel-esb:právní-akt-fragment/5009233;5009233;5009233;Odstavec_Dc;(2) Vlajková výzdoba začíná zpravidla v 16 hodin dne předcházejícího a končí v 8 hodin dne následujícího po dni uvedeném v odstavci 1.;norms;"<a data-odkaz-id=""12534591"" href=""#""  class=""int_odkaz"">odstavci 1.</a>";odstavci 1.;12534591;int_odkaz;NA;NA;NA;NA;esel-esb:právní-akt-odkaz/12534591;odstavci 1.;INTUSTAN;38039;esel-esb:eli/cz/sb/2001/352/0000-00-00/dokument/norma/cast_1/par_7/odst_1;38039;esel-esb:eli/cz/sb/2001/352/0000-00-00/dokument/norma/cast_1/par_7/odst_2;38039;2001/352;2001/352;2001/352;352/2001 Sb.
esel-esb:eli/cz/sb/2001/352/2022-01-01/dokument/norma/cast_1/par_7/odst_3;11716621;esel-esb:eli/cz/sb/2001/352/2022-01-01/dokument/norma/cast_1/par_7;§ 7 odst. 3;NA;3;NA;/2/1/12/3/;esel-esb:právní-akt-fragment/5009235;5009235;5009235;Odstavec_Dc;(3) Při příležitostech uvedených v odstavci 1 lze namísto státní vlajky použít její napodobeninu s odlišným vzájemným poměrem šířky a délky.;norms;"<a data-odkaz-id=""12534603"" href=""#""  class=""int_odkaz"">odstavci 1</a>";odstavci 1;12534603;int_odkaz;NA;NA;NA;NA;esel-esb:právní-akt-odkaz/12534603;odstavci 1;INTUSTAN;38039;esel-esb:eli/cz/sb/2001/352/0000-00-00/dokument/norma/cast_1/par_7/odst_1;38039;esel-esb:eli/cz/sb/2001/352/0000-00-00/dokument/norma/cast_1/par_7/odst_3;38039;2001/352;2001/352;2001/352;352/2001 Sb.
esel-esb:eli/cz/sb/2001/352/2022-01-01/dokument/norma/cast_1/par_7/odst_4;11716622;esel-esb:eli/cz/sb/2001/352/2022-01-01/dokument/norma/cast_1/par_7;§ 7 odst. 4;NA;4;NA;/2/1/12/4/;esel-esb:právní-akt-fragment/5009239;5009239;5009237;Odstavec_Dc;(4) Na budovách, v nichž sídlí oprávněné osoby uvedené v § 2 odst. 1 písm. a) až o), může být státní vlajka vyvěšena trvale.;norms;"<a data-odkaz-id=""12534619"" href=""#""  class=""int_odkaz"">§ 2 odst. 1 písm. a) až o)</a>";§ 2 odst. 1 písm. a) až o);12534619;int_odkaz;NA;NA;NA;NA;esel-esb:právní-akt-odkaz/12534619;§ 2 odst. 1 písm. a) až o);INTUSTAN;115093;esel-esb:eli/cz/sb/2001/352/2006-06-18/dokument/norma/cast_1/par_2/odst_1/pism_a;115093;esel-esb:eli/cz/sb/2001/352/2006-06-18/dokument/norma/cast_1/par_7/odst_4;115093;2001/352;2001/352;2001/352;352/2001 Sb.
esel-esb:eli/cz/sb/2001/352/2022-01-01/dokument/norma/cast_1/par_8/odst_2;11716631;esel-esb:eli/cz/sb/2001/352/2022-01-01/dokument/norma/cast_1/par_8;§ 8 odst. 2;NA;2;NA;/2/1/13/2/;esel-esb:právní-akt-fragment/5009267;5009267;5009267;Odstavec_Dc;(2) Obdobně se použijí pravidla stanovená v odstavci 1 při vyvěšení státní vlajky s jinými vlajkami.;norms;"<a data-odkaz-id=""12534627"" href=""#""  class=""int_odkaz"">odstavci 1</a>";odstavci 1;12534627;int_odkaz;NA;NA;NA;NA;esel-esb:právní-akt-odkaz/12534627;odstavci 1;INTUSTAN;115093;esel-esb:eli/cz/sb/2001/352/2006-06-18/dokument/norma/cast_1/par_8/odst_1;115093;esel-esb:eli/cz/sb/2001/352/2006-06-18/dokument/norma/cast_1/par_8/odst_2;115093;2001/352;2001/352;2001/352;352/2001 Sb.
esel-esb:eli/cz/sb/2001/352/2022-01-01/dokument/norma/cast_1/par_13/odst_1/pism_a;11716663;esel-esb:eli/cz/sb/2001/352/2022-01-01/dokument/norma/cast_1/par_13/odst_1;§ 13 odst. 1 písm. a);NA;a;NA;/2/1/18/2/1/;esel-esb:právní-akt-fragment/5009469;5009469;5009469;Pismeno_Lb;a) zneužije, hrubě zneváží, zničí, poškodí nebo odcizí státní symbol České republiky nebo napodobeninu velkého státního znaku vymezenou v § 4a,;norms;"<a data-odkaz-id=""12535103"" href=""#""  class=""int_odkaz"">§ 4a</a>";§ 4a;12535103;int_odkaz;NA;NA;NA;NA;esel-esb:právní-akt-odkaz/12535103;§ 4a;INTUSTAN;115097;esel-esb:eli/cz/sb/2001/352/2017-07-01/dokument/norma/cast_1/par_4a;115097;esel-esb:eli/cz/sb/2001/352/2017-07-01/dokument/norma/cast_1/par_13/odst_1/pism_a;115097;2001/352;2001/352;2001/352;352/2001 Sb.
esel-esb:eli/cz/sb/2001/352/2022-01-01/dokument/norma/cast_1/par_13/odst_1/pism_b;11716664;esel-esb:eli/cz/sb/2001/352/2022-01-01/dokument/norma/cast_1/par_13/odst_1;§ 13 odst. 1 písm. b);NA;b;NA;/2/1/18/2/2/;esel-esb:právní-akt-fragment/5009471;5009471;5009471;Pismeno_Lb;b) užije malý státní znak v rozporu s § 5,;norms;"<a data-odkaz-id=""12535107"" href=""#""  class=""int_odkaz"">§ 5</a>";§ 5;12535107;int_odkaz;NA;NA;NA;NA;esel-esb:právní-akt-odkaz/12535107;§ 5;INTUSTAN;115097;esel-esb:eli/cz/sb/2001/352/2017-07-01/dokument/norma/cast_1/par_5;115097;esel-esb:eli/cz/sb/2001/352/2017-07-01/dokument/norma/cast_1/par_13/odst_1/pism_b;115097;2001/352;2001/352;2001/352;352/2001 Sb.
esel-esb:eli/cz/sb/2001/352/2022-01-01/dokument/norma/cast_1/par_13/odst_1/pism_c;11716665;esel-esb:eli/cz/sb/2001/352/2022-01-01/dokument/norma/cast_1/par_13/odst_1;§ 13 odst. 1 písm. c);NA;c;NA;/2/1/18/2/3/;esel-esb:právní-akt-fragment/5009473;5009473;5009473;Pismeno_Lb;c) užije velký státní znak v rozporu s § 6 odst. 2,;norms;"<a data-odkaz-id=""12535111"" href=""#""  class=""int_odkaz"">§ 6 odst. 2</a>";§ 6 odst. 2;12535111;int_odkaz;NA;NA;NA;NA;esel-esb:právní-akt-odkaz/12535111;§ 6 odst. 2;INTUSTAN;115097;esel-esb:eli/cz/sb/2001/352/2017-07-01/dokument/norma/cast_1/par_6/odst_2;115097;esel-esb:eli/cz/sb/2001/352/2017-07-01/dokument/norma/cast_1/par_13/odst_1/pism_c;115097;2001/352;2001/352;2001/352;352/2001 Sb.
esel-esb:eli/cz/sb/2001/352/2022-01-01/dokument/norma/cast_1/par_13/odst_1/pism_d;11716666;esel-esb:eli/cz/sb/2001/352/2022-01-01/dokument/norma/cast_1/par_13/odst_1;§ 13 odst. 1 písm. d);NA;d;NA;/2/1/18/2/4/;esel-esb:právní-akt-fragment/5009517;5009517;5009517;Pismeno_Lb;d) užije pečetidlo Ministerstva zahraničních věcí v rozporu s § 6a odst. 2,;norms;"<a data-odkaz-id=""12535141"" href=""#""  class=""int_odkaz"">§ 6a odst. 2</a>";§ 6a odst. 2;12535141;int_odkaz;NA;NA;NA;NA;esel-esb:právní-akt-odkaz/12535141;§ 6a odst. 2;INTUSTAN;115099;esel-esb:eli/cz/sb/2001/352/2022-01-01/dokument/norma/cast_1/par_6a/odst_2;115099;esel-esb:eli/cz/sb/2001/352/2022-01-01/dokument/norma/cast_1/par_13/odst_1/pism_d;115099;2001/352;2001/352;2001/352;352/2001 Sb.
esel-esb:eli/cz/sb/2001/352/2022-01-01/dokument/norma/cast_1/par_13/odst_1/pism_f;11716668;esel-esb:eli/cz/sb/2001/352/2022-01-01/dokument/norma/cast_1/par_13/odst_1;§ 13 odst. 1 písm. f);NA;f;NA;/2/1/18/2/6/;esel-esb:právní-akt-fragment/5009521;5009521;5009477;Pismeno_Lb;f) nevyvěsí státní vlajku podle § 7 odst. 1, nebo;norms;"<a data-odkaz-id=""12535143"" href=""#""  class=""int_odkaz"">§ 7 odst. 1</a>";§ 7 odst. 1;12535143;int_odkaz;NA;NA;NA;NA;esel-esb:právní-akt-odkaz/12535143;§ 7 odst. 1;INTUSTAN;115099;esel-esb:eli/cz/sb/2001/352/2022-01-01/dokument/norma/cast_1/par_7/odst_1;115099;esel-esb:eli/cz/sb/2001/352/2022-01-01/dokument/norma/cast_1/par_13/odst_1/pism_f;115099;2001/352;2001/352;2001/352;352/2001 Sb.
esel-esb:eli/cz/sb/2001/352/2022-01-01/dokument/norma/cast_1/par_13/odst_1/pism_g;11716669;esel-esb:eli/cz/sb/2001/352/2022-01-01/dokument/norma/cast_1/par_13/odst_1;§ 13 odst. 1 písm. g);NA;g;NA;/2/1/18/2/7/;esel-esb:právní-akt-fragment/5009523;5009523;5009479;Pismeno_Lb;g) vyvěsí státní vlajku v rozporu s § 8 nebo 9.;norms;"<a data-odkaz-id=""12535145"" href=""#""  class=""int_odkaz"">§ 8</a>";§ 8;12535145;int_odkaz;NA;NA;NA;NA;esel-esb:právní-akt-odkaz/12535145;§ 8;INTUSTAN;115099;esel-esb:eli/cz/sb/2001/352/2022-01-01/dokument/norma/cast_1/par_8;115099;esel-esb:eli/cz/sb/2001/352/2022-01-01/dokument/norma/cast_1/par_13/odst_1/pism_g;115099;2001/352;2001/352;2001/352;352/2001 Sb.
esel-esb:eli/cz/sb/2001/352/2022-01-01/dokument/norma/cast_1/par_13/odst_1/pism_g;11716669;esel-esb:eli/cz/sb/2001/352/2022-01-01/dokument/norma/cast_1/par_13/odst_1;§ 13 odst. 1 písm. g);NA;g;NA;/2/1/18/2/7/;esel-esb:právní-akt-fragment/5009523;5009523;5009479;Pismeno_Lb;g) vyvěsí státní vlajku v rozporu s § 8 nebo 9.;norms;"<a data-odkaz-id=""12535147"" href=""#""  class=""int_odkaz"">9</a>";9;12535147;int_odkaz;NA;NA;NA;NA;esel-esb:právní-akt-odkaz/12535147;9;INTUSTAN;115099;esel-esb:eli/cz/sb/2001/352/2022-01-01/dokument/norma/cast_1/par_9;115099;esel-esb:eli/cz/sb/2001/352/2022-01-01/dokument/norma/cast_1/par_13/odst_1/pism_g;115099;2001/352;2001/352;2001/352;352/2001 Sb.
esel-esb:eli/cz/sb/2001/352/2022-01-01/dokument/norma/cast_1/par_13/odst_2;11716670;esel-esb:eli/cz/sb/2001/352/2022-01-01/dokument/norma/cast_1/par_13;§ 13 odst. 2;NA;2;NA;/2/1/18/3/;esel-esb:právní-akt-fragment/5009525;5009525;5009335;Odstavec_Dc;(2) Za přestupek podle odstavce 1 písm. a) až e) lze uložit pokutu do 30 000 Kč a za přestupek podle odstavce 1 písm. f) nebo g) pokutu do 10 000 Kč.;norms;"<a data-odkaz-id=""12212391"" href=""#""  class=""int_odkaz"">odstavce 1 písm. a) až e)</a>";odstavce 1 písm. a) až e);12212391;int_odkaz;NA;NA;NA;NA;esel-esb:právní-akt-odkaz/12212391;odstavce 1 písm. a) až e);INTUSTAN;115099;esel-esb:eli/cz/sb/2001/352/2022-01-01/dokument/norma/cast_1/par_13/odst_1/pism_a;115099;esel-esb:eli/cz/sb/2001/352/2022-01-01/dokument/norma/cast_1/par_13/odst_2;115099;2001/352;2001/352;2001/352;352/2001 Sb.
esel-esb:eli/cz/sb/2001/352/2022-01-01/dokument/norma/cast_1/par_13/odst_2;11716670;esel-esb:eli/cz/sb/2001/352/2022-01-01/dokument/norma/cast_1/par_13;§ 13 odst. 2;NA;2;NA;/2/1/18/3/;esel-esb:právní-akt-fragment/5009525;5009525;5009335;Odstavec_Dc;(2) Za přestupek podle odstavce 1 písm. a) až e) lze uložit pokutu do 30 000 Kč a za přestupek podle odstavce 1 písm. f) nebo g) pokutu do 10 000 Kč.;norms;"<a data-odkaz-id=""12212393"" href=""#""  class=""int_odkaz"">odstavce 1 písm. f)</a>";odstavce 1 písm. f);12212393;int_odkaz;NA;NA;NA;NA;esel-esb:právní-akt-odkaz/12212393;odstavce 1 písm. f);INTUSTAN;115099;esel-esb:eli/cz/sb/2001/352/2022-01-01/dokument/norma/cast_1/par_13/odst_1/pism_f;115099;esel-esb:eli/cz/sb/2001/352/2022-01-01/dokument/norma/cast_1/par_13/odst_2;115099;2001/352;2001/352;2001/352;352/2001 Sb.
esel-esb:eli/cz/sb/2001/352/2022-01-01/dokument/norma/cast_1/par_13/odst_2;11716670;esel-esb:eli/cz/sb/2001/352/2022-01-01/dokument/norma/cast_1/par_13;§ 13 odst. 2;NA;2;NA;/2/1/18/3/;esel-esb:právní-akt-fragment/5009525;5009525;5009335;Odstavec_Dc;(2) Za přestupek podle odstavce 1 písm. a) až e) lze uložit pokutu do 30 000 Kč a za přestupek podle odstavce 1 písm. f) nebo g) pokutu do 10 000 Kč.;norms;"<a data-odkaz-id=""12212395"" href=""#""  class=""int_odkaz"">g)</a>";g);12212395;int_odkaz;NA;NA;NA;NA;esel-esb:právní-akt-odkaz/12212395;g);INTUSTAN;115099;esel-esb:eli/cz/sb/2001/352/2022-01-01/dokument/norma/cast_1/par_13/odst_1/pism_g;115099;esel-esb:eli/cz/sb/2001/352/2022-01-01/dokument/norma/cast_1/par_13/odst_2;115099;2001/352;2001/352;2001/352;352/2001 Sb.
esel-esb:eli/cz/sb/2001/352/2022-01-01/dokument/poznamkypodcarou/ppc_1;11716700;esel-esb:eli/cz/sb/2001/352/2022-01-01/dokument/poznamkypodcarou;pozn. 1;NA;1;NA;/6/1/;esel-esb:právní-akt-fragment/5009437;5009437;5009437;PPC;1) § 1 zákona č. 3/1993 Sb., o státních symbolech České republiky.;notes;"<a data-odkaz-id=""12534891"" href=""#""  class=""ext_odkaz"">§ 1</a>";§ 1;12534891;ext_odkaz;NA;NA;NA;NA;esel-esb:právní-akt-odkaz/12534891;§ 1;JINEUSTAN;97609;esel-esb:eli/cz/sb/1993/3/1998-07-28/dokument/norma/par_1;38039;esel-esb:eli/cz/sb/2001/352/0000-00-00/dokument/poznamkypodcarou/ppc_1;38039;2001/352;1993/3;2001/352;352/2001 Sb.
esel-esb:eli/cz/sb/2001/352/2022-01-01/dokument/poznamkypodcarou/ppc_1;11716700;esel-esb:eli/cz/sb/2001/352/2022-01-01/dokument/poznamkypodcarou;pozn. 1;NA;1;NA;/6/1/;esel-esb:právní-akt-fragment/5009437;5009437;5009437;PPC;1) § 1 zákona č. 3/1993 Sb., o státních symbolech České republiky.;notes;"<a data-odkaz-id=""12534903"" href=""#""  class=""ext_odkaz"">zákona č. 3/1993 Sb., o státních symbolech České republiky</a>";zákona č. 3/1993 Sb., o státních symbolech České republiky;12534903;ext_odkaz;NA;NA;NA;NA;esel-esb:právní-akt-odkaz/12534903;zákona č. 3/1993 Sb.;JINYPRED;97609;esel-esb:eli/cz/sb/1993/3/1998-07-28/dokument;38039;esel-esb:eli/cz/sb/2001/352/0000-00-00/dokument/poznamkypodcarou/ppc_1;38039;2001/352;1993/3;2001/352;352/2001 Sb.
esel-esb:eli/cz/sb/2001/352/2022-01-01/dokument/poznamkypodcarou/ppc_2;11716701;esel-esb:eli/cz/sb/2001/352/2022-01-01/dokument/poznamkypodcarou;pozn. 2;NA;2;NA;/6/2/;esel-esb:právní-akt-fragment/5009439;5009439;5009439;PPC;2) Zákon č. 111/1998 Sb., o vysokých školách a o změně a doplnění dalších zákonů (zákon o vysokých školách), ve znění pozdějších předpisů.;notes;"<a data-odkaz-id=""12534915"" href=""#""  class=""ext_odkaz"">Zákon č. 111/1998 Sb., o vysokých školách a o změně a doplnění dalších zákonů</a>";Zákon č. 111/1998 Sb., o vysokých školách a o změně a doplnění dalších zákonů;12534915;ext_odkaz;NA;NA;NA;NA;esel-esb:právní-akt-odkaz/12534915;Zákon č. 111/1998 Sb.;JINYPRED;105623;esel-esb:eli/cz/sb/1998/111/2001-07-01/dokument;38039;esel-esb:eli/cz/sb/2001/352/0000-00-00/dokument/poznamkypodcarou/ppc_2;38039;2001/352;1998/111;2001/352;352/2001 Sb.
esel-esb:eli/cz/sb/2001/352/2022-01-01/dokument/poznamkypodcarou/ppc_2;11716701;esel-esb:eli/cz/sb/2001/352/2022-01-01/dokument/poznamkypodcarou;pozn. 2;NA;2;NA;/6/2/;esel-esb:právní-akt-fragment/5009439;5009439;5009439;PPC;2) Zákon č. 111/1998 Sb., o vysokých školách a o změně a doplnění dalších zákonů (zákon o vysokých školách), ve znění pozdějších předpisů.;notes;"<a data-odkaz-id=""12534927"" href=""#""  class=""ext_odkaz"">zákon o vysokých školách</a>";zákon o vysokých školách;12534927;ext_odkaz;NA;NA;NA;NA;esel-esb:právní-akt-odkaz/12534927;zákon o vysokých školách;JINYPRED;105623;esel-esb:eli/cz/sb/1998/111/2001-07-01/dokument;38039;esel-esb:eli/cz/sb/2001/352/0000-00-00/dokument/poznamkypodcarou/ppc_2;38039;2001/352;1998/111;2001/352;352/2001 Sb.
esel-esb:eli/cz/sb/2001/352/2022-01-01/dokument/poznamkypodcarou/ppc_3;11716702;esel-esb:eli/cz/sb/2001/352/2022-01-01/dokument/poznamkypodcarou;pozn. 3;NA;3;NA;/6/3/;esel-esb:právní-akt-fragment/5009443;5009443;5009441;PPC;3) Zákon č. 561/2004 Sb., o předškolním, základním, středním, vyšším odborném a jiném vzdělávání (školský zákon), ve znění pozdějších předpisů.;notes;"<a data-odkaz-id=""12534947"" href=""#""  class=""ext_odkaz"">Zákon č. 561/2004 Sb., o předškolním, základním, středním, vyšším odborném a jiném vzdělávání</a>";Zákon č. 561/2004 Sb., o předškolním, základním, středním, vyšším odborném a jiném vzdělávání;12534947;ext_odkaz;NA;NA;NA;NA;esel-esb:právní-akt-odkaz/12534947;Zákon č. 561/2004 Sb.;JINYPRED;124947;esel-esb:eli/cz/sb/2004/561/2006-05-05/dokument;115093;esel-esb:eli/cz/sb/2001/352/2006-06-18/dokument/poznamkypodcarou/ppc_3;115093;2001/352;2004/561;2001/352;352/2001 Sb.
esel-esb:eli/cz/sb/2001/352/2022-01-01/dokument/poznamkypodcarou/ppc_3;11716702;esel-esb:eli/cz/sb/2001/352/2022-01-01/dokument/poznamkypodcarou;pozn. 3;NA;3;NA;/6/3/;esel-esb:právní-akt-fragment/5009443;5009443;5009441;PPC;3) Zákon č. 561/2004 Sb., o předškolním, základním, středním, vyšším odborném a jiném vzdělávání (školský zákon), ve znění pozdějších předpisů.;notes;"<a data-odkaz-id=""12534955"" href=""#""  class=""ext_odkaz"">školský zákon</a>";školský zákon;12534955;ext_odkaz;NA;NA;NA;NA;esel-esb:právní-akt-odkaz/12534955;školský zákon;JINYPRED;124947;esel-esb:eli/cz/sb/2004/561/2006-05-05/dokument;115093;esel-esb:eli/cz/sb/2001/352/2006-06-18/dokument/poznamkypodcarou/ppc_3;115093;2001/352;2004/561;2001/352;352/2001 Sb.
esel-esb:eli/cz/sb/2001/352/2022-01-01/dokument/poznamkypodcarou/ppc_4;11716703;esel-esb:eli/cz/sb/2001/352/2022-01-01/dokument/poznamkypodcarou;pozn. 4;NA;4;NA;/6/4/;esel-esb:právní-akt-fragment/5009445;5009445;5009445;PPC;4) Například § 10 zákona č. 22/1997 Sb., o technických požadavcích na výrobky a o změně a doplnění některých zákonů, ve znění pozdějších předpisů.;notes;"<a data-odkaz-id=""12534963"" href=""#""  class=""ext_odkaz"">§ 10</a>";§ 10;12534963;ext_odkaz;NA;NA;NA;NA;esel-esb:právní-akt-odkaz/12534963;§ 10;JINEUSTAN;103567;esel-esb:eli/cz/sb/1997/22/2001-07-01/dokument/norma/cast_1/hlava_3/par_10;38039;esel-esb:eli/cz/sb/2001/352/0000-00-00/dokument/poznamkypodcarou/ppc_4;38039;2001/352;1997/22;2001/352;352/2001 Sb.
esel-esb:eli/cz/sb/2001/352/2022-01-01/dokument/poznamkypodcarou/ppc_4;11716703;esel-esb:eli/cz/sb/2001/352/2022-01-01/dokument/poznamkypodcarou;pozn. 4;NA;4;NA;/6/4/;esel-esb:právní-akt-fragment/5009445;5009445;5009445;PPC;4) Například § 10 zákona č. 22/1997 Sb., o technických požadavcích na výrobky a o změně a doplnění některých zákonů, ve znění pozdějších předpisů.;notes;"<a data-odkaz-id=""12534975"" href=""#""  class=""ext_odkaz"">zákona č. 22/1997 Sb., o technických požadavcích na výrobky a o změně a doplnění některých zákonů</a>";zákona č. 22/1997 Sb., o technických požadavcích na výrobky a o změně a doplnění některých zákonů;12534975;ext_odkaz;NA;NA;NA;NA;esel-esb:právní-akt-odkaz/12534975;zákona č. 22/1997 Sb.;JINYPRED;103567;esel-esb:eli/cz/sb/1997/22/2001-07-01/dokument;38039;esel-esb:eli/cz/sb/2001/352/0000-00-00/dokument/poznamkypodcarou/ppc_4;38039;2001/352;1997/22;2001/352;352/2001 Sb.
esel-esb:eli/cz/sb/2001/352/2022-01-01/dokument/poznamkypodcarou/ppc_5;11716704;esel-esb:eli/cz/sb/2001/352/2022-01-01/dokument/poznamkypodcarou;pozn. 5;NA;5;NA;/6/5/;esel-esb:právní-akt-fragment/5009447;5009447;5009447;PPC;5) § 5 písm. d) zákona č. 219/1999 Sb., o ozbrojených silách České republiky, ve znění zákona č. 352/2001 Sb.;notes;"<a data-odkaz-id=""12534987"" href=""#""  class=""ext_odkaz"" data-version=""20011005"">§ 5 písm. d)</a>";§ 5 písm. d);12534987;ext_odkaz;NA;NA;NA;NA;esel-esb:právní-akt-odkaz/12534987;§ 5 písm. d);JINEUSTAN;107403;esel-esb:eli/cz/sb/1999/219/2001-10-05/dokument/norma/cast_2/hlava_2/par_5/pism_d;38039;esel-esb:eli/cz/sb/2001/352/0000-00-00/dokument/poznamkypodcarou/ppc_5;38039;2001/352;1999/219;2001/352;352/2001 Sb.
esel-esb:eli/cz/sb/2001/352/2022-01-01/dokument/poznamkypodcarou/ppc_5;11716704;esel-esb:eli/cz/sb/2001/352/2022-01-01/dokument/poznamkypodcarou;pozn. 5;NA;5;NA;/6/5/;esel-esb:právní-akt-fragment/5009447;5009447;5009447;PPC;5) § 5 písm. d) zákona č. 219/1999 Sb., o ozbrojených silách České republiky, ve znění zákona č. 352/2001 Sb.;notes;"<a data-odkaz-id=""12534999"" href=""#""  class=""ext_odkaz"" data-version=""20011005"">zákona č. 219/1999 Sb., o ozbrojených silách České republiky</a>";zákona č. 219/1999 Sb., o ozbrojených silách České republiky;12534999;ext_odkaz;NA;NA;NA;NA;esel-esb:právní-akt-odkaz/12534999;zákona č. 219/1999 Sb.;JINYPRED;107403;esel-esb:eli/cz/sb/1999/219/2001-10-05/dokument;38039;esel-esb:eli/cz/sb/2001/352/0000-00-00/dokument/poznamkypodcarou/ppc_5;38039;2001/352;1999/219;2001/352;352/2001 Sb.
esel-esb:eli/cz/sb/2001/352/2022-01-01/dokument/poznamkypodcarou/ppc_5a;11716705;esel-esb:eli/cz/sb/2001/352/2022-01-01/dokument/poznamkypodcarou;pozn. 5a;NA;5a;NA;/6/6/;esel-esb:právní-akt-fragment/5009449;5009449;5009449;PPC;5a) § 13 odst. 1 zákona č. 120/2001 Sb., o soudních exekutorech a exekuční činnosti (exekuční řád) a o změně dalších zákonů. § 9 odst. 3 zákona č. 358/1992 Sb., o notářích a jejich činnosti (notářský řád).;notes;"<a data-odkaz-id=""12535011"" href=""#""  class=""ext_odkaz"">§ 13 odst. 1</a>";§ 13 odst. 1;12535011;ext_odkaz;NA;NA;NA;NA;esel-esb:právní-akt-odkaz/12535011;§ 13 odst. 1;JINEUSTAN;113587;esel-esb:eli/cz/sb/2001/120/2006-05-14/dokument/norma/cast_1/hlava_2/dil_1/par_13/odst_1;115093;esel-esb:eli/cz/sb/2001/352/2006-06-18/dokument/poznamkypodcarou/ppc_5a;115093;2001/352;2001/120;2001/352;352/2001 Sb.
esel-esb:eli/cz/sb/2001/352/2022-01-01/dokument/poznamkypodcarou/ppc_5a;11716705;esel-esb:eli/cz/sb/2001/352/2022-01-01/dokument/poznamkypodcarou;pozn. 5a;NA;5a;NA;/6/6/;esel-esb:právní-akt-fragment/5009449;5009449;5009449;PPC;5a) § 13 odst. 1 zákona č. 120/2001 Sb., o soudních exekutorech a exekuční činnosti (exekuční řád) a o změně dalších zákonů. § 9 odst. 3 zákona č. 358/1992 Sb., o notářích a jejich činnosti (notářský řád).;notes;"<a data-odkaz-id=""12535019"" href=""#""  class=""ext_odkaz"">zákona č. 120/2001 Sb., o soudních exekutorech a exekuční činnosti (exekuční řád) a o změně dalších zákonů</a>";zákona č. 120/2001 Sb., o soudních exekutorech a exekuční činnosti (exekuční řád) a o změně dalších zákonů;12535019;ext_odkaz;NA;NA;NA;NA;esel-esb:právní-akt-odkaz/12535019;zákona č. 120/2001 Sb.;JINYPRED;113587;esel-esb:eli/cz/sb/2001/120/2006-05-14/dokument;115093;esel-esb:eli/cz/sb/2001/352/2006-06-18/dokument/poznamkypodcarou/ppc_5a;115093;2001/352;2001/120;2001/352;352/2001 Sb.
esel-esb:eli/cz/sb/2001/352/2022-01-01/dokument/poznamkypodcarou/ppc_5a;11716705;esel-esb:eli/cz/sb/2001/352/2022-01-01/dokument/poznamkypodcarou;pozn. 5a;NA;5a;NA;/6/6/;esel-esb:právní-akt-fragment/5009449;5009449;5009449;PPC;5a) § 13 odst. 1 zákona č. 120/2001 Sb., o soudních exekutorech a exekuční činnosti (exekuční řád) a o změně dalších zákonů. § 9 odst. 3 zákona č. 358/1992 Sb., o notářích a jejich činnosti (notářský řád).;notes;"<a data-odkaz-id=""12535035"" href=""#""  class=""ext_odkaz"">§ 9 odst. 3</a>";§ 9 odst. 3;12535035;ext_odkaz;NA;NA;NA;NA;esel-esb:právní-akt-odkaz/12535035;§ 9 odst. 3;JINEUSTAN;95061;esel-esb:eli/cz/sb/1992/358/2006-04-01/dokument/norma/cast_2/oddil_1/par_9/odst_3;115093;esel-esb:eli/cz/sb/2001/352/2006-06-18/dokument/poznamkypodcarou/ppc_5a;115093;2001/352;1992/358;2001/352;352/2001 Sb.
esel-esb:eli/cz/sb/2001/352/2022-01-01/dokument/poznamkypodcarou/ppc_5a;11716705;esel-esb:eli/cz/sb/2001/352/2022-01-01/dokument/poznamkypodcarou;pozn. 5a;NA;5a;NA;/6/6/;esel-esb:právní-akt-fragment/5009449;5009449;5009449;PPC;5a) § 13 odst. 1 zákona č. 120/2001 Sb., o soudních exekutorech a exekuční činnosti (exekuční řád) a o změně dalších zákonů. § 9 odst. 3 zákona č. 358/1992 Sb., o notářích a jejich činnosti (notářský řád).;notes;"<a data-odkaz-id=""12535043"" href=""#""  class=""ext_odkaz"">zákona č. 358/1992 Sb., o notářích a jejich činnosti</a>";zákona č. 358/1992 Sb., o notářích a jejich činnosti;12535043;ext_odkaz;NA;NA;NA;NA;esel-esb:právní-akt-odkaz/12535043;zákona č. 358/1992 Sb.;JINYPRED;95061;esel-esb:eli/cz/sb/1992/358/2006-04-01/dokument;115093;esel-esb:eli/cz/sb/2001/352/2006-06-18/dokument/poznamkypodcarou/ppc_5a;115093;2001/352;1992/358;2001/352;352/2001 Sb.
esel-esb:eli/cz/sb/2001/352/2022-01-01/dokument/poznamkypodcarou/ppc_5a;11716705;esel-esb:eli/cz/sb/2001/352/2022-01-01/dokument/poznamkypodcarou;pozn. 5a;NA;5a;NA;/6/6/;esel-esb:právní-akt-fragment/5009449;5009449;5009449;PPC;5a) § 13 odst. 1 zákona č. 120/2001 Sb., o soudních exekutorech a exekuční činnosti (exekuční řád) a o změně dalších zákonů. § 9 odst. 3 zákona č. 358/1992 Sb., o notářích a jejich činnosti (notářský řád).;notes;"<a data-odkaz-id=""12535051"" href=""#""  class=""ext_odkaz"">notářský řád</a>";notářský řád;12535051;ext_odkaz;NA;NA;NA;NA;esel-esb:právní-akt-odkaz/12535051;notářský řád;JINYPRED;95061;esel-esb:eli/cz/sb/1992/358/2006-04-01/dokument;115093;esel-esb:eli/cz/sb/2001/352/2006-06-18/dokument/poznamkypodcarou/ppc_5a;115093;2001/352;1992/358;2001/352;352/2001 Sb.
esel-esb:eli/cz/sb/2001/352/2022-01-01/dokument/poznamkypodcarou/ppc_5b;11716706;esel-esb:eli/cz/sb/2001/352/2022-01-01/dokument/poznamkypodcarou;pozn. 5b;NA;5b;NA;/6/7/;esel-esb:právní-akt-fragment/5009451;5009451;5009451;PPC;5b) § 1 zákona č. 245/2000 Sb., o státních svátcích, o ostatních svátcích, o významných dnech a o dnech pracovního klidu, ve znění zákona č. 101/2004 Sb.;notes;"<a data-odkaz-id=""12535059"" href=""#""  class=""ext_odkaz"" data-version=""20040305"">§ 1</a>";§ 1;12535059;ext_odkaz;NA;NA;NA;NA;esel-esb:právní-akt-odkaz/12535059;§ 1;JINEUSTAN;110997;esel-esb:eli/cz/sb/2000/245/2004-03-05/dokument/norma/par_1;115093;esel-esb:eli/cz/sb/2001/352/2006-06-18/dokument/poznamkypodcarou/ppc_5b;115093;2001/352;2000/245;2001/352;352/2001 Sb.
esel-esb:eli/cz/sb/2001/352/2022-01-01/dokument/poznamkypodcarou/ppc_5b;11716706;esel-esb:eli/cz/sb/2001/352/2022-01-01/dokument/poznamkypodcarou;pozn. 5b;NA;5b;NA;/6/7/;esel-esb:právní-akt-fragment/5009451;5009451;5009451;PPC;5b) § 1 zákona č. 245/2000 Sb., o státních svátcích, o ostatních svátcích, o významných dnech a o dnech pracovního klidu, ve znění zákona č. 101/2004 Sb.;notes;"<a data-odkaz-id=""12535067"" href=""#""  class=""ext_odkaz"" data-version=""20040305"">zákona č. 245/2000 Sb., o státních svátcích, o ostatních svátcích, o významných dnech a o dnech pracovního klidu</a>";zákona č. 245/2000 Sb., o státních svátcích, o ostatních svátcích, o významných dnech a o dnech pracovního klidu;12535067;ext_odkaz;NA;NA;NA;NA;esel-esb:právní-akt-odkaz/12535067;zákona č. 245/2000 Sb.;JINYPRED;110997;esel-esb:eli/cz/sb/2000/245/2004-03-05/dokument;115093;esel-esb:eli/cz/sb/2001/352/2006-06-18/dokument/poznamkypodcarou/ppc_5b;115093;2001/352;2000/245;2001/352;352/2001 Sb.
esel-esb:eli/cz/sb/2001/352/2022-01-01/dokument/poznamkypodcarou/ppc_5b;11716706;esel-esb:eli/cz/sb/2001/352/2022-01-01/dokument/poznamkypodcarou;pozn. 5b;NA;5b;NA;/6/7/;esel-esb:právní-akt-fragment/5009451;5009451;5009451;PPC;5b) § 1 zákona č. 245/2000 Sb., o státních svátcích, o ostatních svátcích, o významných dnech a o dnech pracovního klidu, ve znění zákona č. 101/2004 Sb.;notes;"<a data-odkaz-id=""12535075"" href=""#""  class=""ext_odkaz"">zákona č. 101/2004 Sb.</a>";zákona č. 101/2004 Sb.;12535075;ext_odkaz;NA;NA;NA;NA;esel-esb:právní-akt-odkaz/12535075;zákona č. 101/2004 Sb.;JINYPRED;122245;esel-esb:eli/cz/sb/2004/101/2004-03-05/dokument;115093;esel-esb:eli/cz/sb/2001/352/2006-06-18/dokument/poznamkypodcarou/ppc_5b;115093;2001/352;2004/101;2001/352;352/2001 Sb.
esel-esb:eli/cz/sb/2001/352/2022-01-01/dokument/poznamkypodcarou/ppc_6;11716707;esel-esb:eli/cz/sb/2001/352/2022-01-01/dokument/poznamkypodcarou;pozn. 6;NA;6;NA;/6/8/;esel-esb:právní-akt-fragment/5009509;5009509;5009509;PPC;6) § 4 zákona č. 150/2017 Sb., o zahraniční službě a o změně některých zákonů (zákon o zahraniční službě).;notes;"<a data-odkaz-id=""12535135"" href=""#""  class=""ext_odkaz"">§ 4</a>";§ 4;12535135;ext_odkaz;NA;NA;NA;NA;esel-esb:právní-akt-odkaz/12535135;§ 4;JINEUSTAN;151309;esel-esb:eli/cz/sb/2017/150/2019-03-01/dokument/norma/cast_1/hlava_2/par_4;115099;esel-esb:eli/cz/sb/2001/352/2022-01-01/dokument/poznamkypodcarou/ppc_6;115099;2001/352;2017/150;2001/352;352/2001 Sb.
esel-esb:eli/cz/sb/2001/352/2022-01-01/dokument/poznamkypodcarou/ppc_6;11716707;esel-esb:eli/cz/sb/2001/352/2022-01-01/dokument/poznamkypodcarou;pozn. 6;NA;6;NA;/6/8/;esel-esb:právní-akt-fragment/5009509;5009509;5009509;PPC;6) § 4 zákona č. 150/2017 Sb., o zahraniční službě a o změně některých zákonů (zákon o zahraniční službě).;notes;"<a data-odkaz-id=""12535137"" href=""#""  class=""ext_odkaz"">zákona č. 150/2017 Sb., o zahraniční službě a o změně některých zákonů</a>";zákona č. 150/2017 Sb., o zahraniční službě a o změně některých zákonů;12535137;ext_odkaz;NA;NA;NA;NA;esel-esb:právní-akt-odkaz/12535137;zákona č. 150/2017 Sb.;JINYPRED;151309;esel-esb:eli/cz/sb/2017/150/2019-03-01/dokument;115099;esel-esb:eli/cz/sb/2001/352/2022-01-01/dokument/poznamkypodcarou/ppc_6;115099;2001/352;2017/150;2001/352;352/2001 Sb.
esel-esb:eli/cz/sb/2001/352/2022-01-01/dokument/poznamkypodcarou/ppc_6;11716707;esel-esb:eli/cz/sb/2001/352/2022-01-01/dokument/poznamkypodcarou;pozn. 6;NA;6;NA;/6/8/;esel-esb:právní-akt-fragment/5009509;5009509;5009509;PPC;6) § 4 zákona č. 150/2017 Sb., o zahraniční službě a o změně některých zákonů (zákon o zahraniční službě).;notes;"<a data-odkaz-id=""12535139"" href=""#""  class=""ext_odkaz"">zákon o zahraniční službě</a>";zákon o zahraniční službě;12535139;ext_odkaz;NA;NA;NA;NA;esel-esb:právní-akt-odkaz/12535139;zákon o zahraniční službě;JINYPRED;151309;esel-esb:eli/cz/sb/2017/150/2019-03-01/dokument;115099;esel-esb:eli/cz/sb/2001/352/2022-01-01/dokument/poznamkypodcarou/ppc_6;115099;2001/352;2017/150;2001/352;352/2001 Sb.
