fragment.iri;fragment.id;fragment.předek.iri;fragment.citace;fragment.citace.text;fragment.označení.uzlu;fragment.označení.uzlu.text;fragment.hierarchie;akt.fragment.iri;akt.fragment.id;fragment.base.id;typ.fragmentu;fragment.text_clean;source;tag;tag_clean;odkaz.id;class;data_eurlex;data_celexid;data_cellarid;data_orig_href;odkaz.iri;odkaz.citace.cíl;typ.vazba.odkazu;cíl.dokument.id;fragment.cíl.iri;fragment.cíl.dokument.id;fragment.zdroj.iri;fragment.zdroj.dokument.id;iri_z;iri_c;iri_v;akt.citace
esel-esb:eli/cz/sb/2022/362/2022-12-15/dokument/norma/cast_1/par_1/frag_11045959;23932060;esel-esb:eli/cz/sb/2022/362/2022-12-15/dokument/norma/cast_1/par_1;NA;NA;NA;NA;/2/1/2/2/;esel-esb:právní-akt-fragment/11045959;11045959;11045959;Odstavec_Dc;Tento zákon upravuje v návaznosti na přímo použitelný předpis Evropské unie1) další podmínky pro vstup a dovoz kulturních statků na celní území Evropské unie pro účely jejich zachování a postup při vracení kulturních statků, které opustily území země, v níž byly vytvořeny nebo objeveny, v rozporu s právními předpisy této země.;norms;"<a data-odkaz-id=""22513045"" href=""#""  class=""int_odkaz""><sup>1</sup>)</a>";1);22513045;int_odkaz;NA;NA;NA;NA;esel-esb:právní-akt-odkaz/22513045;<sup>1</sup>);POZNAMKA;63011;esel-esb:eli/cz/sb/2022/362/0000-00-00/dokument/poznamkypodcarou/ppc_1;63011;esel-esb:eli/cz/sb/2022/362/0000-00-00/dokument/norma/cast_1/par_1/frag_11045959;63011;2022/362;2022/362;2022/362;362/2022 Sb.
esel-esb:eli/cz/sb/2022/362/2022-12-15/dokument/norma/cast_1/par_2/pism_a;23932064;esel-esb:eli/cz/sb/2022/362/2022-12-15/dokument/norma/cast_1/par_2/frag_11045965;§ 2 písm. a);NA;a;NA;/2/1/3/2/1/;esel-esb:právní-akt-fragment/11045967;11045967;11045967;Pismeno_Lb;a) kulturním statkem předmět, který je významný pro archeologii, prehistorii, historii, literaturu, umění nebo vědu a je uveden v části A přílohy k přímo použitelnému předpisu Evropské unie o vstupu a dovozu kulturních statků1),;norms;"<a data-odkaz-id=""22513051"" href=""#""  class=""int_odkaz""><sup>1</sup>)</a>";1);22513051;int_odkaz;NA;NA;NA;NA;esel-esb:právní-akt-odkaz/22513051;<sup>1</sup>);POZNAMKA;63011;esel-esb:eli/cz/sb/2022/362/0000-00-00/dokument/poznamkypodcarou/ppc_1;63011;esel-esb:eli/cz/sb/2022/362/0000-00-00/dokument/norma/cast_1/par_2/pism_a;63011;2022/362;2022/362;2022/362;362/2022 Sb.
esel-esb:eli/cz/sb/2022/362/2022-12-15/dokument/norma/cast_1/par_3/odst_1;23932069;esel-esb:eli/cz/sb/2022/362/2022-12-15/dokument/norma/cast_1/par_3;§ 3 odst. 1;NA;1;NA;/2/1/4/2/;esel-esb:právní-akt-fragment/11045977;11045977;11045977;Odstavec_Dc;(1) Ministerstvo kultury (dále jen „ministerstvo“) je příslušným orgánem, který vykonává působnost podle přímo použitelného předpisu Evropské unie o vstupu a dovozu kulturních statků1) a podle tohoto zákona.;norms;"<a data-odkaz-id=""22613609"" href=""#""  class=""int_odkaz""><sup>1</sup>)</a>";1);22613609;int_odkaz;NA;NA;NA;NA;esel-esb:právní-akt-odkaz/22613609;<sup>1</sup>);POZNAMKA;63011;esel-esb:eli/cz/sb/2022/362/0000-00-00/dokument/poznamkypodcarou/ppc_1;63011;esel-esb:eli/cz/sb/2022/362/0000-00-00/dokument/norma/cast_1/par_3/odst_1;63011;2022/362;2022/362;2022/362;362/2022 Sb.
esel-esb:eli/cz/sb/2022/362/2022-12-15/dokument/norma/cast_1/par_3/odst_2;23932070;esel-esb:eli/cz/sb/2022/362/2022-12-15/dokument/norma/cast_1/par_3;§ 3 odst. 2;NA;2;NA;/2/1/4/3/;esel-esb:právní-akt-fragment/11045979;11045979;11045979;Odstavec_Dc;(2) Celní úřad vykonává působnost celního orgánu podle přímo použitelného předpisu Evropské unie o vstupu a dovozu kulturních statků1).;norms;"<a data-odkaz-id=""22613615"" href=""#""  class=""int_odkaz""><sup>1</sup>)</a>";1);22613615;int_odkaz;NA;NA;NA;NA;esel-esb:právní-akt-odkaz/22613615;<sup>1</sup>);POZNAMKA;63011;esel-esb:eli/cz/sb/2022/362/0000-00-00/dokument/poznamkypodcarou/ppc_1;63011;esel-esb:eli/cz/sb/2022/362/0000-00-00/dokument/norma/cast_1/par_3/odst_2;63011;2022/362;2022/362;2022/362;362/2022 Sb.
esel-esb:eli/cz/sb/2022/362/2022-12-15/dokument/norma/cast_1/par_5/odst_1;23932076;esel-esb:eli/cz/sb/2022/362/2022-12-15/dokument/norma/cast_1/par_5;§ 5 odst. 1;NA;1;NA;/2/1/6/2/;esel-esb:právní-akt-fragment/11045991;11045991;11045991;Odstavec_Dc;(1) Celní úřad zadrží předmět, který vstoupil na celní území Evropské unie, má-li důvodné podezření, že jde o kulturní statek a jeho vstupem na celní území Evropské unie byl porušen přímo použitelný předpis Evropské unie o vstupu a dovozu kulturních statků1) nebo tento zákon. Celní úřad předmět také zadrží, má-li důvodné pochybnosti o jeho původu, souladu nakládání s ním s právními předpisy země původu nebo o pravosti nebo platnosti dokumentace předložené podle § 4. Celní úřad zadrží předmět včetně dokumentace a dokladů předložených s celním prohlášením.;norms;"<a data-odkaz-id=""22513057"" href=""#""  class=""int_odkaz""><sup>1</sup>)</a>";1);22513057;int_odkaz;NA;NA;NA;NA;esel-esb:právní-akt-odkaz/22513057;<sup>1</sup>);POZNAMKA;63011;esel-esb:eli/cz/sb/2022/362/0000-00-00/dokument/poznamkypodcarou/ppc_1;63011;esel-esb:eli/cz/sb/2022/362/0000-00-00/dokument/norma/cast_1/par_5/odst_1;63011;2022/362;2022/362;2022/362;362/2022 Sb.
esel-esb:eli/cz/sb/2022/362/2022-12-15/dokument/norma/cast_1/par_5/odst_1;23932076;esel-esb:eli/cz/sb/2022/362/2022-12-15/dokument/norma/cast_1/par_5;§ 5 odst. 1;NA;1;NA;/2/1/6/2/;esel-esb:právní-akt-fragment/11045991;11045991;11045991;Odstavec_Dc;(1) Celní úřad zadrží předmět, který vstoupil na celní území Evropské unie, má-li důvodné podezření, že jde o kulturní statek a jeho vstupem na celní území Evropské unie byl porušen přímo použitelný předpis Evropské unie o vstupu a dovozu kulturních statků1) nebo tento zákon. Celní úřad předmět také zadrží, má-li důvodné pochybnosti o jeho původu, souladu nakládání s ním s právními předpisy země původu nebo o pravosti nebo platnosti dokumentace předložené podle § 4. Celní úřad zadrží předmět včetně dokumentace a dokladů předložených s celním prohlášením.;norms;"<a data-odkaz-id=""22513063"" href=""#""  class=""int_odkaz"">§ 4</a>";§ 4;22513063;int_odkaz;NA;NA;NA;NA;esel-esb:právní-akt-odkaz/22513063;§ 4;INTUSTAN;63011;esel-esb:eli/cz/sb/2022/362/0000-00-00/dokument/norma/cast_1/par_4;63011;esel-esb:eli/cz/sb/2022/362/0000-00-00/dokument/norma/cast_1/par_5/odst_1;63011;2022/362;2022/362;2022/362;362/2022 Sb.
esel-esb:eli/cz/sb/2022/362/2022-12-15/dokument/norma/cast_1/par_5/odst_2/pism_f;23932083;esel-esb:eli/cz/sb/2022/362/2022-12-15/dokument/norma/cast_1/par_5/odst_2;§ 5 odst. 2 písm. f);NA;f;NA;/2/1/6/3/6/;esel-esb:právní-akt-fragment/11046005;11046005;11046005;Pismeno_Lb;f) den, kdy uplyne lhůta pro sdělení celního dluhu podle přímo použitelného předpisu Evropské unie, kterým se stanoví celní kodex Unie2).;norms;"<a data-odkaz-id=""22513069"" href=""#""  class=""int_odkaz""><sup>2</sup>)</a>";2);22513069;int_odkaz;NA;NA;NA;NA;esel-esb:právní-akt-odkaz/22513069;<sup>2</sup>);POZNAMKA;63011;esel-esb:eli/cz/sb/2022/362/0000-00-00/dokument/poznamkypodcarou/ppc_2;63011;esel-esb:eli/cz/sb/2022/362/0000-00-00/dokument/norma/cast_1/par_5/odst_2/pism_f;63011;2022/362;2022/362;2022/362;362/2022 Sb.
esel-esb:eli/cz/sb/2022/362/2022-12-15/dokument/norma/cast_1/par_5/odst_3;23932084;esel-esb:eli/cz/sb/2022/362/2022-12-15/dokument/norma/cast_1/par_5;§ 5 odst. 3;NA;3;NA;/2/1/6/4/;esel-esb:právní-akt-fragment/11046007;11046007;11046007;Odstavec_Dc;(3) Celní úřad pořídí a současně s oznámením podle odstavce 2 zašle ministerstvu popis a fotodokumentaci zadrženého předmětu a kopii dokumentace, celního prohlášení a dokladů předložených s celním prohlášením.;norms;"<a data-odkaz-id=""22513075"" href=""#""  class=""int_odkaz"">odstavce 2</a>";odstavce 2;22513075;int_odkaz;NA;NA;NA;NA;esel-esb:právní-akt-odkaz/22513075;odstavce 2;INTUSTAN;63011;esel-esb:eli/cz/sb/2022/362/0000-00-00/dokument/norma/cast_1/par_5/odst_2;63011;esel-esb:eli/cz/sb/2022/362/0000-00-00/dokument/norma/cast_1/par_5/odst_3;63011;2022/362;2022/362;2022/362;362/2022 Sb.
esel-esb:eli/cz/sb/2022/362/2022-12-15/dokument/norma/cast_1/par_5/odst_4;23932085;esel-esb:eli/cz/sb/2022/362/2022-12-15/dokument/norma/cast_1/par_5;§ 5 odst. 4;NA;4;NA;/2/1/6/5/;esel-esb:právní-akt-fragment/11046009;11046009;11046009;Odstavec_Dc;(4) Je-li celnímu úřadu známa jiná překážka propuštění zadrženého předmětu do navrženého celního režimu, oznámí ji celní úřad ministerstvu současně s oznámením podle odstavce 2.;norms;"<a data-odkaz-id=""22513081"" href=""#""  class=""int_odkaz"">odstavce 2.</a>";odstavce 2.;22513081;int_odkaz;NA;NA;NA;NA;esel-esb:právní-akt-odkaz/22513081;odstavce 2.;INTUSTAN;63011;esel-esb:eli/cz/sb/2022/362/0000-00-00/dokument/norma/cast_1/par_5/odst_2;63011;esel-esb:eli/cz/sb/2022/362/0000-00-00/dokument/norma/cast_1/par_5/odst_4;63011;2022/362;2022/362;2022/362;362/2022 Sb.
esel-esb:eli/cz/sb/2022/362/2022-12-15/dokument/norma/cast_1/par_5/odst_5;23932086;esel-esb:eli/cz/sb/2022/362/2022-12-15/dokument/norma/cast_1/par_5;§ 5 odst. 5;NA;5;NA;/2/1/6/6/;esel-esb:právní-akt-fragment/11046011;11046011;11046011;Odstavec_Dc;(5) Poskytnutí údajů a podkladů podle odstavců 2 až 4 ministerstvu není porušením povinnosti mlčenlivosti podle daňového řádu.;norms;"<a data-odkaz-id=""22513087"" href=""#""  class=""int_odkaz"">odstavců 2 až 4</a>";odstavců 2 až 4;22513087;int_odkaz;NA;NA;NA;NA;esel-esb:právní-akt-odkaz/22513087;odstavců 2 až 4;INTUSTAN;63011;esel-esb:eli/cz/sb/2022/362/0000-00-00/dokument/norma/cast_1/par_5/odst_2;63011;esel-esb:eli/cz/sb/2022/362/0000-00-00/dokument/norma/cast_1/par_5/odst_5;63011;2022/362;2022/362;2022/362;362/2022 Sb.
esel-esb:eli/cz/sb/2022/362/2022-12-15/dokument/norma/cast_1/par_5/odst_5;23932086;esel-esb:eli/cz/sb/2022/362/2022-12-15/dokument/norma/cast_1/par_5;§ 5 odst. 5;NA;5;NA;/2/1/6/6/;esel-esb:právní-akt-fragment/11046011;11046011;11046011;Odstavec_Dc;(5) Poskytnutí údajů a podkladů podle odstavců 2 až 4 ministerstvu není porušením povinnosti mlčenlivosti podle daňového řádu.;norms;"<a data-odkaz-id=""22513093"" href=""#""  class=""ext_odkaz"">daňového řádu</a>";daňového řádu;22513093;ext_odkaz;NA;NA;NA;NA;esel-esb:právní-akt-odkaz/22513093;daňového řádu;JINYPRED;136991;esel-esb:eli/cz/sb/2009/280/2021-06-01/dokument;63011;esel-esb:eli/cz/sb/2022/362/0000-00-00/dokument/norma/cast_1/par_5/odst_5;63011;2022/362;2009/280;2022/362;362/2022 Sb.
esel-esb:eli/cz/sb/2022/362/2022-12-15/dokument/norma/cast_1/par_6/odst_1;23932089;esel-esb:eli/cz/sb/2022/362/2022-12-15/dokument/norma/cast_1/par_6;§ 6 odst. 1;NA;1;NA;/2/1/7/2/;esel-esb:právní-akt-fragment/11046017;11046017;11046017;Odstavec_Dc;(1) Ministerstvo ve lhůtě 5 pracovních dnů od obdržení oznámení a podkladů podle § 5 odst. 2 a 3 předběžně posoudí důvodnost zadržení předmětu celním úřadem s ohledem na povahu tohoto předmětu a možné porušení přímo použitelného předpisu Evropské unie o vstupu a dovozu kulturních statků1) a sdělí celnímu úřadu, že;norms;"<a data-odkaz-id=""22572471"" href=""#""  class=""int_odkaz"">§ 5 odst. 2</a>";§ 5 odst. 2;22572471;int_odkaz;NA;NA;NA;NA;esel-esb:právní-akt-odkaz/22572471;§ 5 odst. 2;INTUSTAN;63011;esel-esb:eli/cz/sb/2022/362/0000-00-00/dokument/norma/cast_1/par_5/odst_2;63011;esel-esb:eli/cz/sb/2022/362/0000-00-00/dokument/norma/cast_1/par_6/odst_1;63011;2022/362;2022/362;2022/362;362/2022 Sb.
esel-esb:eli/cz/sb/2022/362/2022-12-15/dokument/norma/cast_1/par_6/odst_1;23932089;esel-esb:eli/cz/sb/2022/362/2022-12-15/dokument/norma/cast_1/par_6;§ 6 odst. 1;NA;1;NA;/2/1/7/2/;esel-esb:právní-akt-fragment/11046017;11046017;11046017;Odstavec_Dc;(1) Ministerstvo ve lhůtě 5 pracovních dnů od obdržení oznámení a podkladů podle § 5 odst. 2 a 3 předběžně posoudí důvodnost zadržení předmětu celním úřadem s ohledem na povahu tohoto předmětu a možné porušení přímo použitelného předpisu Evropské unie o vstupu a dovozu kulturních statků1) a sdělí celnímu úřadu, že;norms;"<a data-odkaz-id=""22572477"" href=""#""  class=""int_odkaz"">3</a>";3;22572477;int_odkaz;NA;NA;NA;NA;esel-esb:právní-akt-odkaz/22572477;3;INTUSTAN;63011;esel-esb:eli/cz/sb/2022/362/0000-00-00/dokument/norma/cast_1/par_5/odst_3;63011;esel-esb:eli/cz/sb/2022/362/0000-00-00/dokument/norma/cast_1/par_6/odst_1;63011;2022/362;2022/362;2022/362;362/2022 Sb.
esel-esb:eli/cz/sb/2022/362/2022-12-15/dokument/norma/cast_1/par_6/odst_1;23932089;esel-esb:eli/cz/sb/2022/362/2022-12-15/dokument/norma/cast_1/par_6;§ 6 odst. 1;NA;1;NA;/2/1/7/2/;esel-esb:právní-akt-fragment/11046017;11046017;11046017;Odstavec_Dc;(1) Ministerstvo ve lhůtě 5 pracovních dnů od obdržení oznámení a podkladů podle § 5 odst. 2 a 3 předběžně posoudí důvodnost zadržení předmětu celním úřadem s ohledem na povahu tohoto předmětu a možné porušení přímo použitelného předpisu Evropské unie o vstupu a dovozu kulturních statků1) a sdělí celnímu úřadu, že;norms;"<a data-odkaz-id=""22572483"" href=""#""  class=""int_odkaz""><sup>1</sup>)</a>";1);22572483;int_odkaz;NA;NA;NA;NA;esel-esb:právní-akt-odkaz/22572483;<sup>1</sup>);POZNAMKA;63011;esel-esb:eli/cz/sb/2022/362/0000-00-00/dokument/poznamkypodcarou/ppc_1;63011;esel-esb:eli/cz/sb/2022/362/0000-00-00/dokument/norma/cast_1/par_6/odst_1;63011;2022/362;2022/362;2022/362;362/2022 Sb.
esel-esb:eli/cz/sb/2022/362/2022-12-15/dokument/norma/cast_1/par_6/odst_2;23932092;esel-esb:eli/cz/sb/2022/362/2022-12-15/dokument/norma/cast_1/par_6;§ 6 odst. 2;NA;2;NA;/2/1/7/3/;esel-esb:právní-akt-fragment/11046023;11046023;11046023;Odstavec_Dc;(2) Před sdělením podle odstavce 1 písm. b) ministerstvo určí a vyrozumí odbornou organizaci, u které bude zadržený předmět po dobu nezbytně nutnou uschován, a stanoví lhůtu k jeho převzetí do úschovy. Tato lhůta nesmí být delší než 10 pracovních dnů od obdržení oznámení a podkladů podle § 5 odst. 2 a 3 ministerstvem.;norms;"<a data-odkaz-id=""22572489"" href=""#""  class=""int_odkaz"">odstavce 1 písm. b)</a>";odstavce 1 písm. b);22572489;int_odkaz;NA;NA;NA;NA;esel-esb:právní-akt-odkaz/22572489;odstavce 1 písm. b);INTUSTAN;63011;esel-esb:eli/cz/sb/2022/362/0000-00-00/dokument/norma/cast_1/par_6/odst_1/pism_b;63011;esel-esb:eli/cz/sb/2022/362/0000-00-00/dokument/norma/cast_1/par_6/odst_2;63011;2022/362;2022/362;2022/362;362/2022 Sb.
esel-esb:eli/cz/sb/2022/362/2022-12-15/dokument/norma/cast_1/par_6/odst_2;23932092;esel-esb:eli/cz/sb/2022/362/2022-12-15/dokument/norma/cast_1/par_6;§ 6 odst. 2;NA;2;NA;/2/1/7/3/;esel-esb:právní-akt-fragment/11046023;11046023;11046023;Odstavec_Dc;(2) Před sdělením podle odstavce 1 písm. b) ministerstvo určí a vyrozumí odbornou organizaci, u které bude zadržený předmět po dobu nezbytně nutnou uschován, a stanoví lhůtu k jeho převzetí do úschovy. Tato lhůta nesmí být delší než 10 pracovních dnů od obdržení oznámení a podkladů podle § 5 odst. 2 a 3 ministerstvem.;norms;"<a data-odkaz-id=""22572495"" href=""#""  class=""int_odkaz"">§ 5 odst. 2</a>";§ 5 odst. 2;22572495;int_odkaz;NA;NA;NA;NA;esel-esb:právní-akt-odkaz/22572495;§ 5 odst. 2;INTUSTAN;63011;esel-esb:eli/cz/sb/2022/362/0000-00-00/dokument/norma/cast_1/par_5/odst_2;63011;esel-esb:eli/cz/sb/2022/362/0000-00-00/dokument/norma/cast_1/par_6/odst_2;63011;2022/362;2022/362;2022/362;362/2022 Sb.
esel-esb:eli/cz/sb/2022/362/2022-12-15/dokument/norma/cast_1/par_6/odst_2;23932092;esel-esb:eli/cz/sb/2022/362/2022-12-15/dokument/norma/cast_1/par_6;§ 6 odst. 2;NA;2;NA;/2/1/7/3/;esel-esb:právní-akt-fragment/11046023;11046023;11046023;Odstavec_Dc;(2) Před sdělením podle odstavce 1 písm. b) ministerstvo určí a vyrozumí odbornou organizaci, u které bude zadržený předmět po dobu nezbytně nutnou uschován, a stanoví lhůtu k jeho převzetí do úschovy. Tato lhůta nesmí být delší než 10 pracovních dnů od obdržení oznámení a podkladů podle § 5 odst. 2 a 3 ministerstvem.;norms;"<a data-odkaz-id=""22572501"" href=""#""  class=""int_odkaz"">3</a>";3;22572501;int_odkaz;NA;NA;NA;NA;esel-esb:právní-akt-odkaz/22572501;3;INTUSTAN;63011;esel-esb:eli/cz/sb/2022/362/0000-00-00/dokument/norma/cast_1/par_5/odst_3;63011;esel-esb:eli/cz/sb/2022/362/0000-00-00/dokument/norma/cast_1/par_6/odst_2;63011;2022/362;2022/362;2022/362;362/2022 Sb.
esel-esb:eli/cz/sb/2022/362/2022-12-15/dokument/norma/cast_1/par_6/odst_3;23932093;esel-esb:eli/cz/sb/2022/362/2022-12-15/dokument/norma/cast_1/par_6;§ 6 odst. 3;NA;3;NA;/2/1/7/4/;esel-esb:právní-akt-fragment/11046025;11046025;11046025;Odstavec_Dc;(3) Určení odborné organizace, u které bude zadržený předmět uschován, a lhůtu, v jaké jej tato odborná organizace převezme od celního úřadu do úschovy, ministerstvo sdělí celnímu úřadu současně se sdělením podle odstavce 1 písm. b).;norms;"<a data-odkaz-id=""22572507"" href=""#""  class=""int_odkaz"">odstavce 1 písm. b)</a>";odstavce 1 písm. b);22572507;int_odkaz;NA;NA;NA;NA;esel-esb:právní-akt-odkaz/22572507;odstavce 1 písm. b);INTUSTAN;63011;esel-esb:eli/cz/sb/2022/362/0000-00-00/dokument/norma/cast_1/par_6/odst_1/pism_b;63011;esel-esb:eli/cz/sb/2022/362/0000-00-00/dokument/norma/cast_1/par_6/odst_3;63011;2022/362;2022/362;2022/362;362/2022 Sb.
esel-esb:eli/cz/sb/2022/362/2022-12-15/dokument/norma/cast_1/par_6/odst_5;23932095;esel-esb:eli/cz/sb/2022/362/2022-12-15/dokument/norma/cast_1/par_6;§ 6 odst. 5;NA;5;NA;/2/1/7/6/;esel-esb:právní-akt-fragment/11046029;11046029;11046029;Odstavec_Dc;(5) Se zadrženým předmětem se v úschově nakládá podle podmínek stanovených přímo použitelným předpisem Evropské unie, kterým se stanoví celní kodex Unie2), pro zboží, které bylo propuštěno do celního režimu uskladnění v celním skladu.;norms;"<a data-odkaz-id=""22572513"" href=""#""  class=""int_odkaz""><sup>2</sup>)</a>";2);22572513;int_odkaz;NA;NA;NA;NA;esel-esb:právní-akt-odkaz/22572513;<sup>2</sup>);POZNAMKA;63011;esel-esb:eli/cz/sb/2022/362/0000-00-00/dokument/poznamkypodcarou/ppc_2;63011;esel-esb:eli/cz/sb/2022/362/0000-00-00/dokument/norma/cast_1/par_6/odst_5;63011;2022/362;2022/362;2022/362;362/2022 Sb.
esel-esb:eli/cz/sb/2022/362/2022-12-15/dokument/norma/cast_1/par_6/odst_6/pism_a;23932097;esel-esb:eli/cz/sb/2022/362/2022-12-15/dokument/norma/cast_1/par_6/odst_6;§ 6 odst. 6 písm. a);NA;a;NA;/2/1/7/7/1/;esel-esb:právní-akt-fragment/11046033;11046033;11046033;Pismeno_Lb;a) celní úřad obdrží sdělení podle odstavce 1 písm. a),;norms;"<a data-odkaz-id=""22572519"" href=""#""  class=""int_odkaz"">odstavce 1 písm. a)</a>";odstavce 1 písm. a);22572519;int_odkaz;NA;NA;NA;NA;esel-esb:právní-akt-odkaz/22572519;odstavce 1 písm. a);INTUSTAN;63011;esel-esb:eli/cz/sb/2022/362/0000-00-00/dokument/norma/cast_1/par_6/odst_1/pism_a;63011;esel-esb:eli/cz/sb/2022/362/0000-00-00/dokument/norma/cast_1/par_6/odst_6/pism_a;63011;2022/362;2022/362;2022/362;362/2022 Sb.
esel-esb:eli/cz/sb/2022/362/2022-12-15/dokument/norma/cast_1/par_6/odst_6/pism_b;23932098;esel-esb:eli/cz/sb/2022/362/2022-12-15/dokument/norma/cast_1/par_6/odst_6;§ 6 odst. 6 písm. b);NA;b;NA;/2/1/7/7/2/;esel-esb:právní-akt-fragment/11046035;11046035;11046035;Pismeno_Lb;b) marně uplyne lhůta pro sdělení podle odstavce 1,;norms;"<a data-odkaz-id=""22572525"" href=""#""  class=""int_odkaz"">odstavce 1</a>";odstavce 1;22572525;int_odkaz;NA;NA;NA;NA;esel-esb:právní-akt-odkaz/22572525;odstavce 1;INTUSTAN;63011;esel-esb:eli/cz/sb/2022/362/0000-00-00/dokument/norma/cast_1/par_6/odst_1;63011;esel-esb:eli/cz/sb/2022/362/0000-00-00/dokument/norma/cast_1/par_6/odst_6/pism_b;63011;2022/362;2022/362;2022/362;362/2022 Sb.
esel-esb:eli/cz/sb/2022/362/2022-12-15/dokument/norma/cast_1/par_6/odst_6/pism_c;23932099;esel-esb:eli/cz/sb/2022/362/2022-12-15/dokument/norma/cast_1/par_6/odst_6;§ 6 odst. 6 písm. c);NA;c;NA;/2/1/7/7/3/;esel-esb:právní-akt-fragment/11046037;11046037;11046037;Pismeno_Lb;c) marně uplyne lhůta pro převzetí zadrženého předmětu do úschovy podle odstavce 2,;norms;"<a data-odkaz-id=""22572531"" href=""#""  class=""int_odkaz"">odstavce 2</a>";odstavce 2;22572531;int_odkaz;NA;NA;NA;NA;esel-esb:právní-akt-odkaz/22572531;odstavce 2;INTUSTAN;63011;esel-esb:eli/cz/sb/2022/362/0000-00-00/dokument/norma/cast_1/par_6/odst_2;63011;esel-esb:eli/cz/sb/2022/362/0000-00-00/dokument/norma/cast_1/par_6/odst_6/pism_c;63011;2022/362;2022/362;2022/362;362/2022 Sb.
esel-esb:eli/cz/sb/2022/362/2022-12-15/dokument/norma/cast_1/par_6/odst_6/pism_d;23932100;esel-esb:eli/cz/sb/2022/362/2022-12-15/dokument/norma/cast_1/par_6/odst_6;§ 6 odst. 6 písm. d);NA;d;NA;/2/1/7/7/4/;esel-esb:právní-akt-fragment/11046039;11046039;11046039;Pismeno_Lb;d) celní úřad obdrží sdělení podle § 7 odst. 3 písm. a), nebo;norms;"<a data-odkaz-id=""22572537"" href=""#""  class=""int_odkaz"">§ 7 odst. 3 písm. a)</a>";§ 7 odst. 3 písm. a);22572537;int_odkaz;NA;NA;NA;NA;esel-esb:právní-akt-odkaz/22572537;§ 7 odst. 3 písm. a);INTUSTAN;63011;esel-esb:eli/cz/sb/2022/362/0000-00-00/dokument/norma/cast_1/par_7/odst_3/pism_a;63011;esel-esb:eli/cz/sb/2022/362/0000-00-00/dokument/norma/cast_1/par_6/odst_6/pism_d;63011;2022/362;2022/362;2022/362;362/2022 Sb.
esel-esb:eli/cz/sb/2022/362/2022-12-15/dokument/norma/cast_1/par_7/odst_2;23932105;esel-esb:eli/cz/sb/2022/362/2022-12-15/dokument/norma/cast_1/par_7;§ 7 odst. 2;NA;2;NA;/2/1/8/3/;esel-esb:právní-akt-fragment/11046049;11046049;11046049;Odstavec_Dc;(2) Poskytnutí údajů a podkladů podle § 5 odst. 2 až 4 odborné organizaci není porušením povinnosti mlčenlivosti podle daňového řádu.;norms;"<a data-odkaz-id=""22572543"" href=""#""  class=""int_odkaz"">§ 5 odst. 2 až 4</a>";§ 5 odst. 2 až 4;22572543;int_odkaz;NA;NA;NA;NA;esel-esb:právní-akt-odkaz/22572543;§ 5 odst. 2 až 4;INTUSTAN;63011;esel-esb:eli/cz/sb/2022/362/0000-00-00/dokument/norma/cast_1/par_5/odst_2;63011;esel-esb:eli/cz/sb/2022/362/0000-00-00/dokument/norma/cast_1/par_7/odst_2;63011;2022/362;2022/362;2022/362;362/2022 Sb.
esel-esb:eli/cz/sb/2022/362/2022-12-15/dokument/norma/cast_1/par_7/odst_2;23932105;esel-esb:eli/cz/sb/2022/362/2022-12-15/dokument/norma/cast_1/par_7;§ 7 odst. 2;NA;2;NA;/2/1/8/3/;esel-esb:právní-akt-fragment/11046049;11046049;11046049;Odstavec_Dc;(2) Poskytnutí údajů a podkladů podle § 5 odst. 2 až 4 odborné organizaci není porušením povinnosti mlčenlivosti podle daňového řádu.;norms;"<a data-odkaz-id=""22572549"" href=""#""  class=""ext_odkaz"">daňového řádu</a>";daňového řádu;22572549;ext_odkaz;NA;NA;NA;NA;esel-esb:právní-akt-odkaz/22572549;daňového řádu;JINYPRED;136991;esel-esb:eli/cz/sb/2009/280/2021-06-01/dokument;63011;esel-esb:eli/cz/sb/2022/362/0000-00-00/dokument/norma/cast_1/par_7/odst_2;63011;2022/362;2009/280;2022/362;362/2022 Sb.
esel-esb:eli/cz/sb/2022/362/2022-12-15/dokument/norma/cast_1/par_7/odst_3/pism_a;23932107;esel-esb:eli/cz/sb/2022/362/2022-12-15/dokument/norma/cast_1/par_7/odst_3;§ 7 odst. 3 písm. a);NA;a;NA;/2/1/8/4/1/;esel-esb:právní-akt-fragment/11046053;11046053;11046053;Pismeno_Lb;a) sdělí celnímu úřadu, že vstupem zadrženého předmětu na celní území Evropské unie nebyl porušen přímo použitelný předpis Evropské unie o vstupu a dovozu kulturních statků1), nebo;norms;"<a data-odkaz-id=""22572555"" href=""#""  class=""int_odkaz""><sup>1</sup>)</a>";1);22572555;int_odkaz;NA;NA;NA;NA;esel-esb:právní-akt-odkaz/22572555;<sup>1</sup>);POZNAMKA;63011;esel-esb:eli/cz/sb/2022/362/0000-00-00/dokument/poznamkypodcarou/ppc_1;63011;esel-esb:eli/cz/sb/2022/362/0000-00-00/dokument/norma/cast_1/par_7/odst_3/pism_a;63011;2022/362;2022/362;2022/362;362/2022 Sb.
esel-esb:eli/cz/sb/2022/362/2022-12-15/dokument/norma/cast_1/par_8/odst_1;23932111;esel-esb:eli/cz/sb/2022/362/2022-12-15/dokument/norma/cast_1/par_8;§ 8 odst. 1;NA;1;NA;/2/1/9/2/;esel-esb:právní-akt-fragment/11046061;11046061;11046061;Odstavec_Dc;(1) Neoznámí-li celní úřad do 10 pracovních dnů od obdržení sdělení ministerstva podle § 7 odst. 3 písm. a), že existuje jiná překážka propuštění zadrženého předmětu do navrženého celního režimu, vrátí ministerstvo zadržený předmět, dokumentaci a doklady předložené s celním prohlášením prostřednictvím odborné organizace, u níž je uschován, vlastníkovi, a není-li znám, osobě, které byl předmět zadržen.;norms;"<a data-odkaz-id=""22572561"" href=""#""  class=""int_odkaz"">§ 7 odst. 3 písm. a)</a>";§ 7 odst. 3 písm. a);22572561;int_odkaz;NA;NA;NA;NA;esel-esb:právní-akt-odkaz/22572561;§ 7 odst. 3 písm. a);INTUSTAN;63011;esel-esb:eli/cz/sb/2022/362/0000-00-00/dokument/norma/cast_1/par_7/odst_3/pism_a;63011;esel-esb:eli/cz/sb/2022/362/0000-00-00/dokument/norma/cast_1/par_8/odst_1;63011;2022/362;2022/362;2022/362;362/2022 Sb.
esel-esb:eli/cz/sb/2022/362/2022-12-15/dokument/norma/cast_1/par_8/odst_2;23932112;esel-esb:eli/cz/sb/2022/362/2022-12-15/dokument/norma/cast_1/par_8;§ 8 odst. 2;NA;2;NA;/2/1/9/3/;esel-esb:právní-akt-fragment/11046063;11046063;11046063;Odstavec_Dc;(2) Existuje-li překážka propuštění zadrženého předmětu do navrženého celního režimu, předá ministerstvo zadržený předmět, dokumentaci a doklady předložené s celním prohlášením prostřednictvím odborné organizace, u níž je uschován, celnímu úřadu. Obdobně ministerstvo postupuje v případě, že se postupem podle odstavce 1 nepodaří vrátit zadržený předmět vlastníkovi ani osobě, které byl zadržen.;norms;"<a data-odkaz-id=""22572567"" href=""#""  class=""int_odkaz"">odstavce 1</a>";odstavce 1;22572567;int_odkaz;NA;NA;NA;NA;esel-esb:právní-akt-odkaz/22572567;odstavce 1;INTUSTAN;63011;esel-esb:eli/cz/sb/2022/362/0000-00-00/dokument/norma/cast_1/par_8/odst_1;63011;esel-esb:eli/cz/sb/2022/362/0000-00-00/dokument/norma/cast_1/par_8/odst_2;63011;2022/362;2022/362;2022/362;362/2022 Sb.
esel-esb:eli/cz/sb/2022/362/2022-12-15/dokument/norma/cast_1/par_9/frag_11046069;23932115;esel-esb:eli/cz/sb/2022/362/2022-12-15/dokument/norma/cast_1/par_9;NA;NA;NA;NA;/2/1/10/2/;esel-esb:právní-akt-fragment/11046069;11046069;11046069;Odstavec_Dc;Celní úřad a ministerstvo při zadržení a vracení předmětu postupují podle celního zákona, pokud tento zákon nestanoví jinak.;norms;"<a data-odkaz-id=""22572573"" href=""#""  class=""ext_odkaz"">celního zákona</a>";celního zákona;22572573;ext_odkaz;NA;NA;NA;NA;esel-esb:právní-akt-odkaz/22572573;celního zákona;JINYPRED;149807;esel-esb:eli/cz/sb/2016/242/2022-01-01/dokument;63011;esel-esb:eli/cz/sb/2022/362/0000-00-00/dokument/norma/cast_1/par_9/frag_11046069;63011;2022/362;2016/242;2022/362;362/2022 Sb.
esel-esb:eli/cz/sb/2022/362/2022-12-15/dokument/norma/cast_1/par_10/odst_5;23932122;esel-esb:eli/cz/sb/2022/362/2022-12-15/dokument/norma/cast_1/par_10;§ 10 odst. 5;NA;5;NA;/2/1/11/6/;esel-esb:právní-akt-fragment/11046083;11046083;11046083;Odstavec_Dc;(5) Celní úřad v případě, že bylo pravomocně rozhodnuto o zabavení zadrženého předmětu, rozhodne postupem podle celního zákona o povinnosti uhradit náhradu nákladů na zadržení předmětu, které vznikly od jeho zadržení do jeho převzetí odbornou organizací do úschovy, a stanoví její výši. Náhradu těchto nákladů hradí celnímu úřadu ten, komu byl předmět zadržen.;norms;"<a data-odkaz-id=""22572579"" href=""#""  class=""ext_odkaz"">celního zákona</a>";celního zákona;22572579;ext_odkaz;NA;NA;NA;NA;esel-esb:právní-akt-odkaz/22572579;celního zákona;JINYPRED;149807;esel-esb:eli/cz/sb/2016/242/2022-01-01/dokument;63011;esel-esb:eli/cz/sb/2022/362/0000-00-00/dokument/norma/cast_1/par_10/odst_5;63011;2022/362;2016/242;2022/362;362/2022 Sb.
esel-esb:eli/cz/sb/2022/362/2022-12-15/dokument/norma/cast_1/par_11/odst_1;23932125;esel-esb:eli/cz/sb/2022/362/2022-12-15/dokument/norma/cast_1/par_11;§ 11 odst. 1;NA;1;NA;/2/1/12/2/;esel-esb:právní-akt-fragment/11046089;11046089;11046089;Odstavec_Dc;(1) Vlastníkem zabaveného kulturního statku se stává Česká republika. Hospodaření s tímto kulturním statkem přísluší podle zákona o majetku České republiky a jejím vystupování v právních vztazích ministerstvu.;norms;"<a data-odkaz-id=""22572585"" href=""#""  class=""ext_odkaz"">o majetku České republiky a jejím vystupování v právních vztazích</a>";o majetku České republiky a jejím vystupování v právních vztazích;22572585;ext_odkaz;NA;NA;NA;NA;esel-esb:právní-akt-odkaz/22572585;o majetku České republiky a jejím vystupování v právních vztazích;JINYPRED;110695;esel-esb:eli/cz/sb/2000/219/2022-08-20/dokument;63011;esel-esb:eli/cz/sb/2022/362/0000-00-00/dokument/norma/cast_1/par_11/odst_1;63011;2022/362;2000/219;2022/362;362/2022 Sb.
esel-esb:eli/cz/sb/2022/362/2022-12-15/dokument/norma/cast_1/par_11/odst_2;23932126;esel-esb:eli/cz/sb/2022/362/2022-12-15/dokument/norma/cast_1/par_11;§ 11 odst. 2;NA;2;NA;/2/1/12/3/;esel-esb:právní-akt-fragment/11046091;11046091;11046091;Odstavec_Dc;(2) Po dobu trvání vlastnického práva České republiky k zabavenému kulturnímu statku vede ministerstvo tento kulturní statek ve své operativní evidenci podle zákona o majetku České republiky a jejím vystupování v právních vztazích a po tuto dobu současně trvá jeho příslušnost hospodařit se zabaveným kulturním statkem i úschova tohoto kulturního statku u odborné organizace. Ustanovení § 15 odst. 4 věty druhé zákona o majetku České republiky a jejím vystupování v právních vztazích se nepoužije.;norms;"<a data-odkaz-id=""22572591"" href=""#""  class=""ext_odkaz"">o majetku České republiky a jejím vystupování v právních vztazích</a>";o majetku České republiky a jejím vystupování v právních vztazích;22572591;ext_odkaz;NA;NA;NA;NA;esel-esb:právní-akt-odkaz/22572591;o majetku České republiky a jejím vystupování v právních vztazích;JINYPRED;110695;esel-esb:eli/cz/sb/2000/219/2022-08-20/dokument;63011;esel-esb:eli/cz/sb/2022/362/0000-00-00/dokument/norma/cast_1/par_11/odst_2;63011;2022/362;2000/219;2022/362;362/2022 Sb.
esel-esb:eli/cz/sb/2022/362/2022-12-15/dokument/norma/cast_1/par_11/odst_2;23932126;esel-esb:eli/cz/sb/2022/362/2022-12-15/dokument/norma/cast_1/par_11;§ 11 odst. 2;NA;2;NA;/2/1/12/3/;esel-esb:právní-akt-fragment/11046091;11046091;11046091;Odstavec_Dc;(2) Po dobu trvání vlastnického práva České republiky k zabavenému kulturnímu statku vede ministerstvo tento kulturní statek ve své operativní evidenci podle zákona o majetku České republiky a jejím vystupování v právních vztazích a po tuto dobu současně trvá jeho příslušnost hospodařit se zabaveným kulturním statkem i úschova tohoto kulturního statku u odborné organizace. Ustanovení § 15 odst. 4 věty druhé zákona o majetku České republiky a jejím vystupování v právních vztazích se nepoužije.;norms;"<a data-odkaz-id=""22572597"" href=""#""  class=""ext_odkaz"">§ 15 odst. 4 věty druhé</a>";§ 15 odst. 4 věty druhé;22572597;ext_odkaz;NA;NA;NA;NA;esel-esb:právní-akt-odkaz/22572597;§ 15 odst. 4 věty druhé;JINEUSTAN;110665;esel-esb:eli/cz/sb/2000/219/2012-09-01/dokument/norma/cast_2/par_15/odst_3;63011;esel-esb:eli/cz/sb/2022/362/0000-00-00/dokument/norma/cast_1/par_11/odst_2;63011;2022/362;2000/219;2022/362;362/2022 Sb.
esel-esb:eli/cz/sb/2022/362/2022-12-15/dokument/norma/cast_1/par_11/odst_2;23932126;esel-esb:eli/cz/sb/2022/362/2022-12-15/dokument/norma/cast_1/par_11;§ 11 odst. 2;NA;2;NA;/2/1/12/3/;esel-esb:právní-akt-fragment/11046091;11046091;11046091;Odstavec_Dc;(2) Po dobu trvání vlastnického práva České republiky k zabavenému kulturnímu statku vede ministerstvo tento kulturní statek ve své operativní evidenci podle zákona o majetku České republiky a jejím vystupování v právních vztazích a po tuto dobu současně trvá jeho příslušnost hospodařit se zabaveným kulturním statkem i úschova tohoto kulturního statku u odborné organizace. Ustanovení § 15 odst. 4 věty druhé zákona o majetku České republiky a jejím vystupování v právních vztazích se nepoužije.;norms;"<a data-odkaz-id=""22572603"" href=""#""  class=""ext_odkaz"">o majetku České republiky a jejím vystupování v právních vztazích</a>";o majetku České republiky a jejím vystupování v právních vztazích;22572603;ext_odkaz;NA;NA;NA;NA;esel-esb:právní-akt-odkaz/22572603;o majetku České republiky a jejím vystupování v právních vztazích;JINYPRED;110695;esel-esb:eli/cz/sb/2000/219/2022-08-20/dokument;63011;esel-esb:eli/cz/sb/2022/362/0000-00-00/dokument/norma/cast_1/par_11/odst_2;63011;2022/362;2000/219;2022/362;362/2022 Sb.
esel-esb:eli/cz/sb/2022/362/2022-12-15/dokument/norma/cast_1/par_11/odst_4;23932128;esel-esb:eli/cz/sb/2022/362/2022-12-15/dokument/norma/cast_1/par_11;§ 11 odst. 4;NA;4;NA;/2/1/12/5/;esel-esb:právní-akt-fragment/11046095;11046095;11046095;Odstavec_Dc;(4) Se zabaveným kulturním statkem se do jeho vydání zemi původu nakládá podle podmínek stanovených přímo použitelným předpisem Evropské unie, kterým se stanoví celní kodex Unie2), pro zboží, které bylo propuštěno do celního režimu uskladnění v celním skladu. Náhradu nákladů na úschovu zabaveného kulturního statku v rozsahu tohoto nakládání hradí ministerstvo.;norms;"<a data-odkaz-id=""22572609"" href=""#""  class=""int_odkaz""><sup>2</sup>)</a>";2);22572609;int_odkaz;NA;NA;NA;NA;esel-esb:právní-akt-odkaz/22572609;<sup>2</sup>);POZNAMKA;63011;esel-esb:eli/cz/sb/2022/362/0000-00-00/dokument/poznamkypodcarou/ppc_2;63011;esel-esb:eli/cz/sb/2022/362/0000-00-00/dokument/norma/cast_1/par_11/odst_4;63011;2022/362;2022/362;2022/362;362/2022 Sb.
esel-esb:eli/cz/sb/2022/362/2022-12-15/dokument/norma/cast_1/par_12/odst_1;23932131;esel-esb:eli/cz/sb/2022/362/2022-12-15/dokument/norma/cast_1/par_12;§ 12 odst. 1;NA;1;NA;/2/1/14/1/;esel-esb:právní-akt-fragment/11046101;11046101;11046101;Odstavec_Dc;(1) Vlastník, držitel nebo osoba podílející se na vstupu kulturního statku na celní území Evropské unie se dopustí přestupku tím, že doveze nebo se podílí na vstupu kulturního statku ze země původu na celní území Evropské unie v rozporu s přímo použitelným předpisem Evropské unie o vstupu a dovozu kulturních statků1).;norms;"<a data-odkaz-id=""22572615"" href=""#""  class=""int_odkaz""><sup>1</sup>)</a>";1);22572615;int_odkaz;NA;NA;NA;NA;esel-esb:právní-akt-odkaz/22572615;<sup>1</sup>);POZNAMKA;63011;esel-esb:eli/cz/sb/2022/362/0000-00-00/dokument/poznamkypodcarou/ppc_1;63011;esel-esb:eli/cz/sb/2022/362/0000-00-00/dokument/norma/cast_1/par_12/odst_1;63011;2022/362;2022/362;2022/362;362/2022 Sb.
esel-esb:eli/cz/sb/2022/362/2022-12-15/dokument/norma/cast_1/par_12/odst_2;23932132;esel-esb:eli/cz/sb/2022/362/2022-12-15/dokument/norma/cast_1/par_12;§ 12 odst. 2;NA;2;NA;/2/1/14/2/;esel-esb:právní-akt-fragment/11046103;11046103;11046103;Odstavec_Dc;(2) Za přestupek podle odstavce 1 lze uložit pokutu do 15 000 000 Kč.;norms;"<a data-odkaz-id=""22572621"" href=""#""  class=""int_odkaz"">odstavce 1</a>";odstavce 1;22572621;int_odkaz;NA;NA;NA;NA;esel-esb:právní-akt-odkaz/22572621;odstavce 1;INTUSTAN;63011;esel-esb:eli/cz/sb/2022/362/0000-00-00/dokument/norma/cast_1/par_12/odst_1;63011;esel-esb:eli/cz/sb/2022/362/0000-00-00/dokument/norma/cast_1/par_12/odst_2;63011;2022/362;2022/362;2022/362;362/2022 Sb.
esel-esb:eli/cz/sb/2022/362/2022-12-15/dokument/poznamkypodcarou/ppc_1;23932168;esel-esb:eli/cz/sb/2022/362/2022-12-15/dokument/poznamkypodcarou;pozn. 1;NA;1;NA;/7/1/;esel-esb:právní-akt-fragment/11046169;11046169;11046169;PPC;1) Nařízení Evropského parlamentu a Rady (EU) 2019/880 ze dne 17. dubna 2019 o vstupu a dovozu kulturních statků.;notes;"<a data-odkaz-id=""23546203"" href=""#""  class=""ext_odkaz"" data-eurlex=""true"" data-celexid=""32019R0880"" data-cellarid=""d36a8ac3-8904-11e9-9369-01aa75ed71a1"" data-orig-href=""http://eur-lex.europa.eu/legal-content/CS/AUTO/?uri=cellar:d36a8ac3-8904-11e9-9369-01aa75ed71a1"">2019/880</a>";2019/880;23546203;ext_odkaz;true;32019R0880;d36a8ac3-8904-11e9-9369-01aa75ed71a1;http://eur-lex.europa.eu/legal-content/CS/AUTO/?uri=cellar:d36a8ac3-8904-11e9-9369-01aa75ed71a1;esel-esb:právní-akt-odkaz/23546203;2019/880;PREDPEU;348295;NA;NA;esel-esb:eli/cz/sb/2022/362/0000-00-00/dokument/poznamkypodcarou/ppc_1;63011;2022/362;NA;2022/362;362/2022 Sb.
