fragment.iri;fragment.id;fragment.předek.iri;fragment.citace;fragment.citace.text;fragment.označení.uzlu;fragment.označení.uzlu.text;fragment.hierarchie;akt.fragment.iri;akt.fragment.id;fragment.base.id;typ.fragmentu;fragment.text_clean;source;tag;tag_clean;odkaz.id;class;data_eurlex;data_celexid;data_cellarid;data_orig_href;odkaz.iri;odkaz.citace.cíl;typ.vazba.odkazu;cíl.dokument.id;fragment.cíl.iri;fragment.cíl.dokument.id;fragment.zdroj.iri;fragment.zdroj.dokument.id;iri_z;iri_c;iri_v;akt.citace
esel-esb:eli/cz/sb/2015/376/2018-01-01/dokument/norma/cast_1/par_1/frag_9708547;21858492;esel-esb:eli/cz/sb/2015/376/2018-01-01/dokument/norma/cast_1/par_1;NA;NA;NA;NA;/2/1/2/2/;esel-esb:právní-akt-fragment/9708547;9708547;9708547;Odstavec_Dc;Tento zákon upravuje ukončení systému důchodového spoření podle zákona č. 426/2011 Sb., o důchodovém spoření, ve znění pozdějších předpisů, (dále jen „zákon o důchodovém spoření“) a s tím související povinnosti penzijní společnosti, depozitáře důchodového fondu, správce pojistného na důchodové spoření (dále jen „správce pojistného“), práva a povinnosti účastníka důchodového spoření (dále jen „účastník“) a výkon dohledu.;norms;"<a data-odkaz-id=""20714121"" href=""#""  class=""ext_odkaz"">zákona č. 426/2011 Sb., o důchodovém spoření</a>";zákona č. 426/2011 Sb., o důchodovém spoření;20714121;ext_odkaz;NA;NA;NA;NA;esel-esb:právní-akt-odkaz/20714121;zákona č. 426/2011 Sb.;JINYPRED;141169;esel-esb:eli/cz/sb/2011/426/2015-07-01/dokument;55783;esel-esb:eli/cz/sb/2015/376/0000-00-00/dokument/norma/cast_1/par_1/frag_9708547;55783;2015/376;2011/426;2015/376;376/2015 Sb.
esel-esb:eli/cz/sb/2015/376/2018-01-01/dokument/norma/cast_1/par_2/frag_9708551;21858494;esel-esb:eli/cz/sb/2015/376/2018-01-01/dokument/norma/cast_1/par_2;NA;NA;NA;NA;/2/1/3/1/;esel-esb:právní-akt-fragment/9708551;9708551;9708551;Nadpis_pod;Vztah k zákonu o důchodovém spoření;norms;"<a data-odkaz-id=""20714111"" href=""#""  class=""ext_odkaz"">o důchodovém spoření</a>";o důchodovém spoření;20714111;ext_odkaz;NA;NA;NA;NA;esel-esb:právní-akt-odkaz/20714111;o důchodovém spoření;JINYPRED;141169;esel-esb:eli/cz/sb/2011/426/2015-07-01/dokument;55783;esel-esb:eli/cz/sb/2015/376/0000-00-00/dokument/norma/cast_1/par_2/frag_9708551;55783;2015/376;2011/426;2015/376;376/2015 Sb.
esel-esb:eli/cz/sb/2015/376/2018-01-01/dokument/norma/cast_1/par_2/odst_1;21858495;esel-esb:eli/cz/sb/2015/376/2018-01-01/dokument/norma/cast_1/par_2;§ 2 odst. 1;NA;1;NA;/2/1/3/2/;esel-esb:právní-akt-fragment/9708553;9708553;9708553;Odstavec_Dc;(1) Při ukončování systému důchodového spoření se postupuje podle zákona o důchodovém spoření, pokud tento zákon nestanoví jinak.;norms;"<a data-odkaz-id=""20714101"" href=""#""  class=""ext_odkaz"">o důchodovém spoření</a>";o důchodovém spoření;20714101;ext_odkaz;NA;NA;NA;NA;esel-esb:právní-akt-odkaz/20714101;o důchodovém spoření;JINYPRED;141169;esel-esb:eli/cz/sb/2011/426/2015-07-01/dokument;55783;esel-esb:eli/cz/sb/2015/376/0000-00-00/dokument/norma/cast_1/par_2/odst_1;55783;2015/376;2011/426;2015/376;376/2015 Sb.
esel-esb:eli/cz/sb/2015/376/2018-01-01/dokument/norma/cast_1/par_3/odst_1/pism_b;21858502;esel-esb:eli/cz/sb/2015/376/2018-01-01/dokument/norma/cast_1/par_3/odst_1;§ 3 odst. 1 písm. b);NA;b;NA;/2/1/4/2/2/;esel-esb:právní-akt-fragment/9708567;9708567;9708567;Pismeno_Lb;b) převedením na jeho doplňkové penzijní spoření podle zákona upravujícího doplňkové penzijní spoření, nebo penzijní připojištění se státním příspěvkem podle zákona upravujícího penzijní připojištění se státním příspěvkem.;norms;"<a data-odkaz-id=""20625123"" href=""#""  class=""ext_odkaz"">zákona upravujícího doplňkové penzijní spoření</a>";zákona upravujícího doplňkové penzijní spoření;20625123;ext_odkaz;NA;NA;NA;NA;esel-esb:právní-akt-odkaz/20625123;zákona upravujícího doplňkové penzijní spoření;JINYPRED;141187;esel-esb:eli/cz/sb/2011/427/2013-08-19/dokument;55783;esel-esb:eli/cz/sb/2015/376/0000-00-00/dokument/norma/cast_1/par_3/odst_1/pism_b;55783;2015/376;2011/427;2015/376;376/2015 Sb.
esel-esb:eli/cz/sb/2015/376/2018-01-01/dokument/norma/cast_1/par_3/odst_1/pism_b;21858502;esel-esb:eli/cz/sb/2015/376/2018-01-01/dokument/norma/cast_1/par_3/odst_1;§ 3 odst. 1 písm. b);NA;b;NA;/2/1/4/2/2/;esel-esb:právní-akt-fragment/9708567;9708567;9708567;Pismeno_Lb;b) převedením na jeho doplňkové penzijní spoření podle zákona upravujícího doplňkové penzijní spoření, nebo penzijní připojištění se státním příspěvkem podle zákona upravujícího penzijní připojištění se státním příspěvkem.;norms;"<a data-odkaz-id=""20625133"" href=""#""  class=""ext_odkaz"">zákona upravujícího penzijní připojištění se státním příspěvkem</a>";zákona upravujícího penzijní připojištění se státním příspěvkem;20625133;ext_odkaz;NA;NA;NA;NA;esel-esb:právní-akt-odkaz/20625133;zákona upravujícího penzijní připojištění se státním příspěvkem;JINYPRED;99489;esel-esb:eli/cz/sb/1994/42/2014-01-01/dokument;55783;esel-esb:eli/cz/sb/2015/376/0000-00-00/dokument/norma/cast_1/par_3/odst_1/pism_b;55783;2015/376;1994/42;2015/376;376/2015 Sb.
esel-esb:eli/cz/sb/2015/376/2018-01-01/dokument/norma/cast_1/par_3/odst_3;21858506;esel-esb:eli/cz/sb/2015/376/2018-01-01/dokument/norma/cast_1/par_3;§ 3 odst. 3;NA;3;NA;/2/1/4/4/;esel-esb:právní-akt-fragment/9708575;9708575;9708575;Odstavec_Dc;(3) Je-li smlouva o doplňkovém penzijním spoření nebo penzijním připojištění se státním příspěvkem uzavřena se stejnou penzijní společností, sdělení podle odstavce 2, jímž si účastník zvolil možnost podle odstavce 1 písm. b), lze zaslat způsobem dohodnutým s penzijní společností.;norms;"<a data-odkaz-id=""20625103"" href=""#""  class=""int_odkaz"">odstavce 2</a>";odstavce 2;20625103;int_odkaz;NA;NA;NA;NA;esel-esb:právní-akt-odkaz/20625103;odstavce 2;INTUSTAN;55783;esel-esb:eli/cz/sb/2015/376/0000-00-00/dokument/norma/cast_1/par_3/odst_2;55783;esel-esb:eli/cz/sb/2015/376/0000-00-00/dokument/norma/cast_1/par_3/odst_3;55783;2015/376;2015/376;2015/376;376/2015 Sb.
esel-esb:eli/cz/sb/2015/376/2018-01-01/dokument/norma/cast_1/par_3/odst_3;21858506;esel-esb:eli/cz/sb/2015/376/2018-01-01/dokument/norma/cast_1/par_3;§ 3 odst. 3;NA;3;NA;/2/1/4/4/;esel-esb:právní-akt-fragment/9708575;9708575;9708575;Odstavec_Dc;(3) Je-li smlouva o doplňkovém penzijním spoření nebo penzijním připojištění se státním příspěvkem uzavřena se stejnou penzijní společností, sdělení podle odstavce 2, jímž si účastník zvolil možnost podle odstavce 1 písm. b), lze zaslat způsobem dohodnutým s penzijní společností.;norms;"<a data-odkaz-id=""20625113"" href=""#""  class=""int_odkaz"">odstavce 1 písm. b)</a>";odstavce 1 písm. b);20625113;int_odkaz;NA;NA;NA;NA;esel-esb:právní-akt-odkaz/20625113;odstavce 1 písm. b);INTUSTAN;55783;esel-esb:eli/cz/sb/2015/376/0000-00-00/dokument/norma/cast_1/par_3/odst_1/pism_b;55783;esel-esb:eli/cz/sb/2015/376/0000-00-00/dokument/norma/cast_1/par_3/odst_3;55783;2015/376;2015/376;2015/376;376/2015 Sb.
esel-esb:eli/cz/sb/2015/376/2018-01-01/dokument/norma/cast_1/par_3/odst_4;21858507;esel-esb:eli/cz/sb/2015/376/2018-01-01/dokument/norma/cast_1/par_3;§ 3 odst. 4;NA;4;NA;/2/1/4/5/;esel-esb:právní-akt-fragment/9708577;9708577;9708577;Odstavec_Dc;(4) V případě převodu na účet v zahraničí u osoby oprávněné poskytovat platební služby nebo dodání prostřednictvím poštovního poukazu má penzijní společnost nárok na úhradu účelně vynaložených nákladů s tím spojených, ve výši, která přesahuje náklady na převod na účet v České republice u osoby oprávněné poskytovat platební služby. O tyto náklady se sníží vyplácené prostředky účastníka podle § 11 odst. 2.;norms;"<a data-odkaz-id=""20625093"" href=""#""  class=""int_odkaz"">§ 11 odst. 2.</a>";§ 11 odst. 2.;20625093;int_odkaz;NA;NA;NA;NA;esel-esb:právní-akt-odkaz/20625093;§ 11 odst. 2.;INTUSTAN;55783;esel-esb:eli/cz/sb/2015/376/0000-00-00/dokument/norma/cast_1/par_11/odst_2;55783;esel-esb:eli/cz/sb/2015/376/0000-00-00/dokument/norma/cast_1/par_3/odst_4;55783;2015/376;2015/376;2015/376;376/2015 Sb.
esel-esb:eli/cz/sb/2015/376/2018-01-01/dokument/norma/cast_1/par_3/odst_5;21858508;esel-esb:eli/cz/sb/2015/376/2018-01-01/dokument/norma/cast_1/par_3;§ 3 odst. 5;NA;5;NA;/2/1/4/6/;esel-esb:právní-akt-fragment/9708579;9708579;9708579;Odstavec_Dc;(5) V případě, že je penzijní společnosti doručena přede dnem 1. října 2016 výzva podle § 15 odst. 1 nebo sdělení podle § 15 odst. 5 zákona o důchodovém spoření, má tato výzva nebo sdělení přednost před sdělením účastníka podle odstavce 2. Jde-li o výzvu podle § 15 odst. 1 zákona o důchodovém spoření, vztahuje se věta první pouze na 60 % prostředků účastníka.;norms;"<a data-odkaz-id=""20625033"" href=""#""  class=""ext_odkaz"">§ 15 odst. 1</a>";§ 15 odst. 1;20625033;ext_odkaz;NA;NA;NA;NA;esel-esb:právní-akt-odkaz/20625033;§ 15 odst. 1;JINEUSTAN;141169;esel-esb:eli/cz/sb/2011/426/2015-07-01/dokument/norma/cast_3/hlava_1/par_15/odst_1;55783;esel-esb:eli/cz/sb/2015/376/0000-00-00/dokument/norma/cast_1/par_3/odst_5;55783;2015/376;2011/426;2015/376;376/2015 Sb.
esel-esb:eli/cz/sb/2015/376/2018-01-01/dokument/norma/cast_1/par_3/odst_5;21858508;esel-esb:eli/cz/sb/2015/376/2018-01-01/dokument/norma/cast_1/par_3;§ 3 odst. 5;NA;5;NA;/2/1/4/6/;esel-esb:právní-akt-fragment/9708579;9708579;9708579;Odstavec_Dc;(5) V případě, že je penzijní společnosti doručena přede dnem 1. října 2016 výzva podle § 15 odst. 1 nebo sdělení podle § 15 odst. 5 zákona o důchodovém spoření, má tato výzva nebo sdělení přednost před sdělením účastníka podle odstavce 2. Jde-li o výzvu podle § 15 odst. 1 zákona o důchodovém spoření, vztahuje se věta první pouze na 60 % prostředků účastníka.;norms;"<a data-odkaz-id=""20625043"" href=""#""  class=""ext_odkaz"">§ 15 odst. 5</a>";§ 15 odst. 5;20625043;ext_odkaz;NA;NA;NA;NA;esel-esb:právní-akt-odkaz/20625043;§ 15 odst. 5;JINEUSTAN;141169;esel-esb:eli/cz/sb/2011/426/2015-07-01/dokument/norma/cast_3/hlava_1/par_15/odst_5;55783;esel-esb:eli/cz/sb/2015/376/0000-00-00/dokument/norma/cast_1/par_3/odst_5;55783;2015/376;2011/426;2015/376;376/2015 Sb.
esel-esb:eli/cz/sb/2015/376/2018-01-01/dokument/norma/cast_1/par_3/odst_5;21858508;esel-esb:eli/cz/sb/2015/376/2018-01-01/dokument/norma/cast_1/par_3;§ 3 odst. 5;NA;5;NA;/2/1/4/6/;esel-esb:právní-akt-fragment/9708579;9708579;9708579;Odstavec_Dc;(5) V případě, že je penzijní společnosti doručena přede dnem 1. října 2016 výzva podle § 15 odst. 1 nebo sdělení podle § 15 odst. 5 zákona o důchodovém spoření, má tato výzva nebo sdělení přednost před sdělením účastníka podle odstavce 2. Jde-li o výzvu podle § 15 odst. 1 zákona o důchodovém spoření, vztahuje se věta první pouze na 60 % prostředků účastníka.;norms;"<a data-odkaz-id=""20625053"" href=""#""  class=""ext_odkaz"">o důchodovém spoření</a>";o důchodovém spoření;20625053;ext_odkaz;NA;NA;NA;NA;esel-esb:právní-akt-odkaz/20625053;o důchodovém spoření;JINYPRED;141169;esel-esb:eli/cz/sb/2011/426/2015-07-01/dokument;55783;esel-esb:eli/cz/sb/2015/376/0000-00-00/dokument/norma/cast_1/par_3/odst_5;55783;2015/376;2011/426;2015/376;376/2015 Sb.
esel-esb:eli/cz/sb/2015/376/2018-01-01/dokument/norma/cast_1/par_3/odst_5;21858508;esel-esb:eli/cz/sb/2015/376/2018-01-01/dokument/norma/cast_1/par_3;§ 3 odst. 5;NA;5;NA;/2/1/4/6/;esel-esb:právní-akt-fragment/9708579;9708579;9708579;Odstavec_Dc;(5) V případě, že je penzijní společnosti doručena přede dnem 1. října 2016 výzva podle § 15 odst. 1 nebo sdělení podle § 15 odst. 5 zákona o důchodovém spoření, má tato výzva nebo sdělení přednost před sdělením účastníka podle odstavce 2. Jde-li o výzvu podle § 15 odst. 1 zákona o důchodovém spoření, vztahuje se věta první pouze na 60 % prostředků účastníka.;norms;"<a data-odkaz-id=""20625063"" href=""#""  class=""int_odkaz"">odstavce 2.</a>";odstavce 2.;20625063;int_odkaz;NA;NA;NA;NA;esel-esb:právní-akt-odkaz/20625063;odstavce 2.;INTUSTAN;55783;esel-esb:eli/cz/sb/2015/376/0000-00-00/dokument/norma/cast_1/par_3/odst_2;55783;esel-esb:eli/cz/sb/2015/376/0000-00-00/dokument/norma/cast_1/par_3/odst_5;55783;2015/376;2015/376;2015/376;376/2015 Sb.
esel-esb:eli/cz/sb/2015/376/2018-01-01/dokument/norma/cast_1/par_3/odst_5;21858508;esel-esb:eli/cz/sb/2015/376/2018-01-01/dokument/norma/cast_1/par_3;§ 3 odst. 5;NA;5;NA;/2/1/4/6/;esel-esb:právní-akt-fragment/9708579;9708579;9708579;Odstavec_Dc;(5) V případě, že je penzijní společnosti doručena přede dnem 1. října 2016 výzva podle § 15 odst. 1 nebo sdělení podle § 15 odst. 5 zákona o důchodovém spoření, má tato výzva nebo sdělení přednost před sdělením účastníka podle odstavce 2. Jde-li o výzvu podle § 15 odst. 1 zákona o důchodovém spoření, vztahuje se věta první pouze na 60 % prostředků účastníka.;norms;"<a data-odkaz-id=""20625073"" href=""#""  class=""ext_odkaz"">§ 15 odst. 1</a>";§ 15 odst. 1;20625073;ext_odkaz;NA;NA;NA;NA;esel-esb:právní-akt-odkaz/20625073;§ 15 odst. 1;JINEUSTAN;141169;esel-esb:eli/cz/sb/2011/426/2015-07-01/dokument/norma/cast_3/hlava_1/par_15/odst_1;55783;esel-esb:eli/cz/sb/2015/376/0000-00-00/dokument/norma/cast_1/par_3/odst_5;55783;2015/376;2011/426;2015/376;376/2015 Sb.
esel-esb:eli/cz/sb/2015/376/2018-01-01/dokument/norma/cast_1/par_3/odst_5;21858508;esel-esb:eli/cz/sb/2015/376/2018-01-01/dokument/norma/cast_1/par_3;§ 3 odst. 5;NA;5;NA;/2/1/4/6/;esel-esb:právní-akt-fragment/9708579;9708579;9708579;Odstavec_Dc;(5) V případě, že je penzijní společnosti doručena přede dnem 1. října 2016 výzva podle § 15 odst. 1 nebo sdělení podle § 15 odst. 5 zákona o důchodovém spoření, má tato výzva nebo sdělení přednost před sdělením účastníka podle odstavce 2. Jde-li o výzvu podle § 15 odst. 1 zákona o důchodovém spoření, vztahuje se věta první pouze na 60 % prostředků účastníka.;norms;"<a data-odkaz-id=""20625083"" href=""#""  class=""ext_odkaz"">o důchodovém spoření</a>";o důchodovém spoření;20625083;ext_odkaz;NA;NA;NA;NA;esel-esb:právní-akt-odkaz/20625083;o důchodovém spoření;JINYPRED;141169;esel-esb:eli/cz/sb/2011/426/2015-07-01/dokument;55783;esel-esb:eli/cz/sb/2015/376/0000-00-00/dokument/norma/cast_1/par_3/odst_5;55783;2015/376;2011/426;2015/376;376/2015 Sb.
esel-esb:eli/cz/sb/2015/376/2018-01-01/dokument/norma/cast_1/par_6/odst_2;21858519;esel-esb:eli/cz/sb/2015/376/2018-01-01/dokument/norma/cast_1/par_6;§ 6 odst. 2;NA;2;NA;/2/1/7/3/;esel-esb:právní-akt-fragment/9708601;9708601;9708601;Odstavec_Dc;(2) Oznámení podle odstavce 1 obsahuje zejména informace o;norms;"<a data-odkaz-id=""20625023"" href=""#""  class=""int_odkaz"">odstavce 1</a>";odstavce 1;20625023;int_odkaz;NA;NA;NA;NA;esel-esb:právní-akt-odkaz/20625023;odstavce 1;INTUSTAN;55783;esel-esb:eli/cz/sb/2015/376/0000-00-00/dokument/norma/cast_1/par_6/odst_1;55783;esel-esb:eli/cz/sb/2015/376/0000-00-00/dokument/norma/cast_1/par_6/odst_2;55783;2015/376;2015/376;2015/376;376/2015 Sb.
esel-esb:eli/cz/sb/2015/376/2018-01-01/dokument/norma/cast_1/par_6/odst_2/pism_c;21858522;esel-esb:eli/cz/sb/2015/376/2018-01-01/dokument/norma/cast_1/par_6/odst_2;§ 6 odst. 2 písm. c);NA;c;NA;/2/1/7/3/3/;esel-esb:právní-akt-fragment/9708607;9708607;9708607;Pismeno_Lb;c) lhůtě pro zaslání sdělení podle písmene b),;norms;"<a data-odkaz-id=""20625013"" href=""#""  class=""int_odkaz"">písmene b)</a>";písmene b);20625013;int_odkaz;NA;NA;NA;NA;esel-esb:právní-akt-odkaz/20625013;písmene b);INTUSTAN;55783;esel-esb:eli/cz/sb/2015/376/0000-00-00/dokument/norma/cast_1/par_6/odst_2/pism_b;55783;esel-esb:eli/cz/sb/2015/376/0000-00-00/dokument/norma/cast_1/par_6/odst_2/pism_c;55783;2015/376;2015/376;2015/376;376/2015 Sb.
esel-esb:eli/cz/sb/2015/376/2018-01-01/dokument/norma/cast_1/par_6/odst_3;21858527;esel-esb:eli/cz/sb/2015/376/2018-01-01/dokument/norma/cast_1/par_6;§ 6 odst. 3;NA;3;NA;/2/1/7/4/;esel-esb:právní-akt-fragment/9708617;9708617;9708617;Odstavec_Dc;(3) Penzijní společnost uveřejní informace podle odstavce 2 do dne 31. března 2016 také na svých internetových stránkách.;norms;"<a data-odkaz-id=""20625003"" href=""#""  class=""int_odkaz"">odstavce 2</a>";odstavce 2;20625003;int_odkaz;NA;NA;NA;NA;esel-esb:právní-akt-odkaz/20625003;odstavce 2;INTUSTAN;55783;esel-esb:eli/cz/sb/2015/376/0000-00-00/dokument/norma/cast_1/par_6/odst_2;55783;esel-esb:eli/cz/sb/2015/376/0000-00-00/dokument/norma/cast_1/par_6/odst_3;55783;2015/376;2015/376;2015/376;376/2015 Sb.
esel-esb:eli/cz/sb/2015/376/2018-01-01/dokument/norma/cast_1/par_7/odst_2;21858531;esel-esb:eli/cz/sb/2015/376/2018-01-01/dokument/norma/cast_1/par_7;§ 7 odst. 2;NA;2;NA;/2/1/8/3/;esel-esb:právní-akt-fragment/9708625;9708625;9708625;Odstavec_Dc;(2) Výpis důchodového spoření za kalendářní rok 2016 je penzijní společnost povinna zaslat bezplatně účastníkovi pouze v případě, že se údaje liší od údajů uvedených ve výpisu zaslaného podle § 11 odst. 3.;norms;"<a data-odkaz-id=""20624993"" href=""#""  class=""int_odkaz"">§ 11 odst. 3.</a>";§ 11 odst. 3.;20624993;int_odkaz;NA;NA;NA;NA;esel-esb:právní-akt-odkaz/20624993;§ 11 odst. 3.;INTUSTAN;55783;esel-esb:eli/cz/sb/2015/376/0000-00-00/dokument/norma/cast_1/par_11/odst_3;55783;esel-esb:eli/cz/sb/2015/376/0000-00-00/dokument/norma/cast_1/par_7/odst_2;55783;2015/376;2015/376;2015/376;376/2015 Sb.
esel-esb:eli/cz/sb/2015/376/2018-01-01/dokument/norma/cast_1/par_8/odst_1;21858534;esel-esb:eli/cz/sb/2015/376/2018-01-01/dokument/norma/cast_1/par_8;§ 8 odst. 1;NA;1;NA;/2/1/9/2/;esel-esb:právní-akt-fragment/9708631;9708631;9708631;Odstavec_Dc;(1) Penzijní společnost při investování prostředků účastníků v důchodových fondech postupuje tak, aby nejpozději ke dni vstupu důchodových fondů do likvidace byly prostředky účastníků investovány pouze do vkladů u regulované banky podle zákona o důchodovém spoření.;norms;"<a data-odkaz-id=""20624983"" href=""#""  class=""ext_odkaz"">o důchodovém spoření</a>";o důchodovém spoření;20624983;ext_odkaz;NA;NA;NA;NA;esel-esb:právní-akt-odkaz/20624983;o důchodovém spoření;JINYPRED;141169;esel-esb:eli/cz/sb/2011/426/2015-07-01/dokument;55783;esel-esb:eli/cz/sb/2015/376/0000-00-00/dokument/norma/cast_1/par_8/odst_1;55783;2015/376;2011/426;2015/376;376/2015 Sb.
esel-esb:eli/cz/sb/2015/376/2018-01-01/dokument/norma/cast_1/par_8/odst_3;21858536;esel-esb:eli/cz/sb/2015/376/2018-01-01/dokument/norma/cast_1/par_8;§ 8 odst. 3;NA;3;NA;/2/1/9/4/;esel-esb:právní-akt-fragment/9708635;9708635;9708635;Odstavec_Dc;(3) V rozsahu plnění povinnosti podle odstavců 1 a 2 není způsob investování stanovený ve statutu důchodového fondu pro penzijní společnost závazný.;norms;"<a data-odkaz-id=""20624963"" href=""#""  class=""int_odkaz"">odstavců 1</a>";odstavců 1;20624963;int_odkaz;NA;NA;NA;NA;esel-esb:právní-akt-odkaz/20624963;odstavců 1;INTUSTAN;55783;esel-esb:eli/cz/sb/2015/376/0000-00-00/dokument/norma/cast_1/par_8/odst_1;55783;esel-esb:eli/cz/sb/2015/376/0000-00-00/dokument/norma/cast_1/par_8/odst_3;55783;2015/376;2015/376;2015/376;376/2015 Sb.
esel-esb:eli/cz/sb/2015/376/2018-01-01/dokument/norma/cast_1/par_8/odst_3;21858536;esel-esb:eli/cz/sb/2015/376/2018-01-01/dokument/norma/cast_1/par_8;§ 8 odst. 3;NA;3;NA;/2/1/9/4/;esel-esb:právní-akt-fragment/9708635;9708635;9708635;Odstavec_Dc;(3) V rozsahu plnění povinnosti podle odstavců 1 a 2 není způsob investování stanovený ve statutu důchodového fondu pro penzijní společnost závazný.;norms;"<a data-odkaz-id=""20624973"" href=""#""  class=""int_odkaz"">2</a>";2;20624973;int_odkaz;NA;NA;NA;NA;esel-esb:právní-akt-odkaz/20624973;2;INTUSTAN;55783;esel-esb:eli/cz/sb/2015/376/0000-00-00/dokument/norma/cast_1/par_8/odst_2;55783;esel-esb:eli/cz/sb/2015/376/0000-00-00/dokument/norma/cast_1/par_8/odst_3;55783;2015/376;2015/376;2015/376;376/2015 Sb.
esel-esb:eli/cz/sb/2015/376/2018-01-01/dokument/norma/cast_1/par_9/odst_1;21858539;esel-esb:eli/cz/sb/2015/376/2018-01-01/dokument/norma/cast_1/par_9;§ 9 odst. 1;NA;1;NA;/2/1/10/2/;esel-esb:právní-akt-fragment/9708641;9708641;9708641;Odstavec_Dc;(1) Náklady penzijní společnosti související s jednáním podle tohoto zákona se hradí z úplaty penzijní společnosti podle zákona o důchodovém spoření.;norms;"<a data-odkaz-id=""20624953"" href=""#""  class=""ext_odkaz"">o důchodovém spoření</a>";o důchodovém spoření;20624953;ext_odkaz;NA;NA;NA;NA;esel-esb:právní-akt-odkaz/20624953;o důchodovém spoření;JINYPRED;141169;esel-esb:eli/cz/sb/2011/426/2015-07-01/dokument;55783;esel-esb:eli/cz/sb/2015/376/0000-00-00/dokument/norma/cast_1/par_9/odst_1;55783;2015/376;2011/426;2015/376;376/2015 Sb.
esel-esb:eli/cz/sb/2015/376/2018-01-01/dokument/norma/cast_1/par_9/odst_2;21858540;esel-esb:eli/cz/sb/2015/376/2018-01-01/dokument/norma/cast_1/par_9;§ 9 odst. 2;NA;2;NA;/2/1/10/3/;esel-esb:právní-akt-fragment/9708643;9708643;9708643;Odstavec_Dc;(2) Ode dne vstupu důchodových fondů do likvidace nesmí úplata za obhospodařování majetku v důchodových fondech překročit 0,3 % fondového vlastního kapitálu podle zákona o důchodovém spoření.;norms;"<a data-odkaz-id=""20624943"" href=""#""  class=""ext_odkaz"">o důchodovém spoření</a>";o důchodovém spoření;20624943;ext_odkaz;NA;NA;NA;NA;esel-esb:právní-akt-odkaz/20624943;o důchodovém spoření;JINYPRED;141169;esel-esb:eli/cz/sb/2011/426/2015-07-01/dokument;55783;esel-esb:eli/cz/sb/2015/376/0000-00-00/dokument/norma/cast_1/par_9/odst_2;55783;2015/376;2011/426;2015/376;376/2015 Sb.
esel-esb:eli/cz/sb/2015/376/2018-01-01/dokument/norma/cast_1/par_10/odst_2;21858544;esel-esb:eli/cz/sb/2015/376/2018-01-01/dokument/norma/cast_1/par_10;§ 10 odst. 2;NA;2;NA;/2/1/11/3/;esel-esb:právní-akt-fragment/9708651;9708651;9708651;Odstavec_Dc;(2) Důchodový fond zaniká vyplacením všech prostředků účastníků podle § 11 odst. 1 a 4.;norms;"<a data-odkaz-id=""20624923"" href=""#""  class=""int_odkaz"">§ 11 odst. 1</a>";§ 11 odst. 1;20624923;int_odkaz;NA;NA;NA;NA;esel-esb:právní-akt-odkaz/20624923;§ 11 odst. 1;INTUSTAN;55783;esel-esb:eli/cz/sb/2015/376/0000-00-00/dokument/norma/cast_1/par_11/odst_1;55783;esel-esb:eli/cz/sb/2015/376/0000-00-00/dokument/norma/cast_1/par_10/odst_2;55783;2015/376;2015/376;2015/376;376/2015 Sb.
esel-esb:eli/cz/sb/2015/376/2018-01-01/dokument/norma/cast_1/par_10/odst_2;21858544;esel-esb:eli/cz/sb/2015/376/2018-01-01/dokument/norma/cast_1/par_10;§ 10 odst. 2;NA;2;NA;/2/1/11/3/;esel-esb:právní-akt-fragment/9708651;9708651;9708651;Odstavec_Dc;(2) Důchodový fond zaniká vyplacením všech prostředků účastníků podle § 11 odst. 1 a 4.;norms;"<a data-odkaz-id=""20624933"" href=""#""  class=""int_odkaz"">4.</a>";4.;20624933;int_odkaz;NA;NA;NA;NA;esel-esb:právní-akt-odkaz/20624933;4.;INTUSTAN;55783;esel-esb:eli/cz/sb/2015/376/0000-00-00/dokument/norma/cast_1/par_11/odst_4;55783;esel-esb:eli/cz/sb/2015/376/0000-00-00/dokument/norma/cast_1/par_10/odst_2;55783;2015/376;2015/376;2015/376;376/2015 Sb.
esel-esb:eli/cz/sb/2015/376/2018-01-01/dokument/norma/cast_1/par_11/odst_1;21858547;esel-esb:eli/cz/sb/2015/376/2018-01-01/dokument/norma/cast_1/par_11;§ 11 odst. 1;NA;1;NA;/2/1/12/2/;esel-esb:právní-akt-fragment/9708657;9708657;9708657;Odstavec_Dc;(1) Penzijní společnost vyplatí účastníkovi prostředky účastníka způsobem uvedeným ve sdělení podle § 3 odst. 2 nejdříve dne 15. října 2016. Výplatu prostředků účastníků ukončí do dne 31. prosince 2016.;norms;"<a data-odkaz-id=""20624913"" href=""#""  class=""int_odkaz"">§ 3 odst. 2</a>";§ 3 odst. 2;20624913;int_odkaz;NA;NA;NA;NA;esel-esb:právní-akt-odkaz/20624913;§ 3 odst. 2;INTUSTAN;55783;esel-esb:eli/cz/sb/2015/376/0000-00-00/dokument/norma/cast_1/par_3/odst_2;55783;esel-esb:eli/cz/sb/2015/376/0000-00-00/dokument/norma/cast_1/par_11/odst_1;55783;2015/376;2015/376;2015/376;376/2015 Sb.
esel-esb:eli/cz/sb/2015/376/2018-01-01/dokument/norma/cast_1/par_11/odst_4;21858550;esel-esb:eli/cz/sb/2015/376/2018-01-01/dokument/norma/cast_1/par_11;§ 11 odst. 4;NA;4;NA;/2/1/12/5/;esel-esb:právní-akt-fragment/9708663;9708663;9708663;Odstavec_Dc;(4) V případě, že prostředky účastníka nebyly vyplaceny ve lhůtě a způsobem podle odstavce 1, vyplatí penzijní společnost bez zbytečného odkladu zbylé prostředky účastníků na účet určený správcem pojistného a informuje jej o tom, jaká část z těchto prostředků připadá na jednotlivé účastníky.;norms;"<a data-odkaz-id=""20624903"" href=""#""  class=""int_odkaz"">odstavce 1</a>";odstavce 1;20624903;int_odkaz;NA;NA;NA;NA;esel-esb:právní-akt-odkaz/20624903;odstavce 1;INTUSTAN;55783;esel-esb:eli/cz/sb/2015/376/0000-00-00/dokument/norma/cast_1/par_11/odst_1;55783;esel-esb:eli/cz/sb/2015/376/0000-00-00/dokument/norma/cast_1/par_11/odst_4;55783;2015/376;2015/376;2015/376;376/2015 Sb.
esel-esb:eli/cz/sb/2015/376/2018-01-01/dokument/norma/cast_1/par_11/odst_6;21858552;esel-esb:eli/cz/sb/2015/376/2018-01-01/dokument/norma/cast_1/par_11;§ 11 odst. 6;NA;6;NA;/2/1/12/7/;esel-esb:právní-akt-fragment/9708667;9708667;9708667;Odstavec_Dc;(6) Právní vztah ze smlouvy o důchodovém spoření zaniká vyplacením všech prostředků účastníka podle odstavce 1 nebo 4.;norms;"<a data-odkaz-id=""20824293"" href=""#""  class=""int_odkaz"">odstavce 1</a>";odstavce 1;20824293;int_odkaz;NA;NA;NA;NA;esel-esb:právní-akt-odkaz/20824293;odstavce 1;INTUSTAN;55783;esel-esb:eli/cz/sb/2015/376/0000-00-00/dokument/norma/cast_1/par_11/odst_1;55783;esel-esb:eli/cz/sb/2015/376/0000-00-00/dokument/norma/cast_1/par_11/odst_6;55783;2015/376;2015/376;2015/376;376/2015 Sb.
esel-esb:eli/cz/sb/2015/376/2018-01-01/dokument/norma/cast_1/par_11/odst_6;21858552;esel-esb:eli/cz/sb/2015/376/2018-01-01/dokument/norma/cast_1/par_11;§ 11 odst. 6;NA;6;NA;/2/1/12/7/;esel-esb:právní-akt-fragment/9708667;9708667;9708667;Odstavec_Dc;(6) Právní vztah ze smlouvy o důchodovém spoření zaniká vyplacením všech prostředků účastníka podle odstavce 1 nebo 4.;norms;"<a data-odkaz-id=""20824303"" href=""#""  class=""int_odkaz"">4.</a>";4.;20824303;int_odkaz;NA;NA;NA;NA;esel-esb:právní-akt-odkaz/20824303;4.;INTUSTAN;55783;esel-esb:eli/cz/sb/2015/376/0000-00-00/dokument/norma/cast_1/par_11/odst_4;55783;esel-esb:eli/cz/sb/2015/376/0000-00-00/dokument/norma/cast_1/par_11/odst_6;55783;2015/376;2015/376;2015/376;376/2015 Sb.
esel-esb:eli/cz/sb/2015/376/2018-01-01/dokument/norma/cast_1/par_12/odst_3;21858557;esel-esb:eli/cz/sb/2015/376/2018-01-01/dokument/norma/cast_1/par_12;§ 12 odst. 3;NA;3;NA;/2/1/13/4/;esel-esb:právní-akt-fragment/9708677;9708677;9708677;Odstavec_Dc;(3) Při správě prostředků na účtu nevypořádaných prostředků se postupuje podle daňového řádu.;norms;"<a data-odkaz-id=""20824283"" href=""#""  class=""ext_odkaz"">daňového řádu</a>";daňového řádu;20824283;ext_odkaz;NA;NA;NA;NA;esel-esb:právní-akt-odkaz/20824283;daňového řádu;JINYPRED;136973;esel-esb:eli/cz/sb/2009/280/2015-01-01/dokument;55783;esel-esb:eli/cz/sb/2015/376/0000-00-00/dokument/norma/cast_1/par_12/odst_3;55783;2015/376;2009/280;2015/376;376/2015 Sb.
esel-esb:eli/cz/sb/2015/376/2018-01-01/dokument/norma/cast_1/par_13/odst_2;21858561;esel-esb:eli/cz/sb/2015/376/2018-01-01/dokument/norma/cast_1/par_13;§ 13 odst. 2;NA;2;NA;/2/1/14/3/;esel-esb:právní-akt-fragment/9708685;9708685;9708685;Odstavec_Dc;(2) Při porušení tohoto zákona penzijní společností se na činnost depozitáře použije zákon o důchodovém spoření obdobně.;norms;"<a data-odkaz-id=""20824273"" href=""#""  class=""ext_odkaz"">o důchodovém spoření</a>";o důchodovém spoření;20824273;ext_odkaz;NA;NA;NA;NA;esel-esb:právní-akt-odkaz/20824273;o důchodovém spoření;JINYPRED;141169;esel-esb:eli/cz/sb/2011/426/2015-07-01/dokument;55783;esel-esb:eli/cz/sb/2015/376/0000-00-00/dokument/norma/cast_1/par_13/odst_2;55783;2015/376;2011/426;2015/376;376/2015 Sb.
esel-esb:eli/cz/sb/2015/376/2018-01-01/dokument/norma/cast_1/par_16/frag_9708703;21858570;esel-esb:eli/cz/sb/2015/376/2018-01-01/dokument/norma/cast_1/par_16;NA;NA;NA;NA;/2/1/17/2/;esel-esb:právní-akt-fragment/9708703;9708703;9708703;Odstavec_Dc;Penzijní společnost uchovává dokumenty a záznamy uvedené v § 31 zákona o důchodovém spoření po dobu 10 let ode dne zániku důchodového fondu. To platí i pro jejího právního nástupce a rovněž pro osobu, které bylo povolení k činnosti penzijní společnosti odňato.;norms;"<a data-odkaz-id=""20824253"" href=""#""  class=""ext_odkaz"">§ 31</a>";§ 31;20824253;ext_odkaz;NA;NA;NA;NA;esel-esb:právní-akt-odkaz/20824253;§ 31;JINEUSTAN;141169;esel-esb:eli/cz/sb/2011/426/2015-07-01/dokument/norma/cast_4/par_31;55783;esel-esb:eli/cz/sb/2015/376/0000-00-00/dokument/norma/cast_1/par_16/frag_9708703;55783;2015/376;2011/426;2015/376;376/2015 Sb.
esel-esb:eli/cz/sb/2015/376/2018-01-01/dokument/norma/cast_1/par_16/frag_9708703;21858570;esel-esb:eli/cz/sb/2015/376/2018-01-01/dokument/norma/cast_1/par_16;NA;NA;NA;NA;/2/1/17/2/;esel-esb:právní-akt-fragment/9708703;9708703;9708703;Odstavec_Dc;Penzijní společnost uchovává dokumenty a záznamy uvedené v § 31 zákona o důchodovém spoření po dobu 10 let ode dne zániku důchodového fondu. To platí i pro jejího právního nástupce a rovněž pro osobu, které bylo povolení k činnosti penzijní společnosti odňato.;norms;"<a data-odkaz-id=""20824263"" href=""#""  class=""ext_odkaz"">o důchodovém spoření</a>";o důchodovém spoření;20824263;ext_odkaz;NA;NA;NA;NA;esel-esb:právní-akt-odkaz/20824263;o důchodovém spoření;JINYPRED;141169;esel-esb:eli/cz/sb/2011/426/2015-07-01/dokument;55783;esel-esb:eli/cz/sb/2015/376/0000-00-00/dokument/norma/cast_1/par_16/frag_9708703;55783;2015/376;2011/426;2015/376;376/2015 Sb.
esel-esb:eli/cz/sb/2015/376/2018-01-01/dokument/norma/cast_2/par_17/frag_9708711;21858574;esel-esb:eli/cz/sb/2015/376/2018-01-01/dokument/norma/cast_2/par_17;NA;NA;NA;NA;/2/2/2/1/;esel-esb:právní-akt-fragment/9708711;9708711;9708711;Odstavec_Dc;Dohled nad dodržováním povinností penzijní společnosti a depozitáře důchodového fondu podle tohoto zákona vykonává Česká národní banka. Při výkonu dohledu podle tohoto zákona se použije zákon o důchodovém spoření obdobně.;norms;"<a data-odkaz-id=""20824243"" href=""#""  class=""ext_odkaz"">o důchodovém spoření</a>";o důchodovém spoření;20824243;ext_odkaz;NA;NA;NA;NA;esel-esb:právní-akt-odkaz/20824243;o důchodovém spoření;JINYPRED;141169;esel-esb:eli/cz/sb/2011/426/2015-07-01/dokument;55783;esel-esb:eli/cz/sb/2015/376/0000-00-00/dokument/norma/cast_2/par_17/frag_9708711;55783;2015/376;2011/426;2015/376;376/2015 Sb.
esel-esb:eli/cz/sb/2015/376/2018-01-01/dokument/norma/cast_3/par_19/odst_2;21858584;esel-esb:eli/cz/sb/2015/376/2018-01-01/dokument/norma/cast_3/par_19;§ 19 odst. 2;NA;2;NA;/2/3/3/3/;esel-esb:právní-akt-fragment/9708731;9708731;9708731;Odstavec_Dc;(2) Na příslušenství pojistného se odstavec 1 nepoužije.;norms;"<a data-odkaz-id=""20824233"" href=""#""  class=""int_odkaz"">odstavec 1</a>";odstavec 1;20824233;int_odkaz;NA;NA;NA;NA;esel-esb:právní-akt-odkaz/20824233;odstavec 1;INTUSTAN;55783;esel-esb:eli/cz/sb/2015/376/0000-00-00/dokument/norma/cast_3/par_19/odst_1;55783;esel-esb:eli/cz/sb/2015/376/0000-00-00/dokument/norma/cast_3/par_19/odst_2;55783;2015/376;2015/376;2015/376;376/2015 Sb.
esel-esb:eli/cz/sb/2015/376/2018-01-01/dokument/norma/cast_4/par_20/frag_9708739;21858588;esel-esb:eli/cz/sb/2015/376/2018-01-01/dokument/norma/cast_4/par_20;NA;NA;NA;NA;/2/4/2/1/;esel-esb:právní-akt-fragment/9708739;9708739;9708739;Odstavec_Dc;Účastník může za dobu své účasti na důchodovém spoření v období před rokem 2016 doplatit pojistné na důchodové pojištění upravené zákonem o pojistném na sociální zabezpečení a příspěvku na státní politiku zaměstnanosti, pokud splnil podmínku uvedenou v § 23 odst. 1 větě první. Pojistné na důchodové pojištění lze doplatit pouze za celou dobu účasti na důchodovém spoření před rokem 2016.;norms;"<a data-odkaz-id=""20824213"" href=""#""  class=""ext_odkaz"">o pojistném na sociální zabezpečení a příspěvku na státní politiku zaměstnanosti</a>";o pojistném na sociální zabezpečení a příspěvku na státní politiku zaměstnanosti;20824213;ext_odkaz;NA;NA;NA;NA;esel-esb:právní-akt-odkaz/20824213;o pojistném na sociální zabezpečení a příspěvku na státní politiku zaměstnanosti;JINYPRED;95955;esel-esb:eli/cz/sb/1992/589/2015-07-01/dokument;55783;esel-esb:eli/cz/sb/2015/376/0000-00-00/dokument/norma/cast_4/par_20/frag_9708739;55783;2015/376;1992/589;2015/376;376/2015 Sb.
esel-esb:eli/cz/sb/2015/376/2018-01-01/dokument/norma/cast_4/par_20/frag_9708739;21858588;esel-esb:eli/cz/sb/2015/376/2018-01-01/dokument/norma/cast_4/par_20;NA;NA;NA;NA;/2/4/2/1/;esel-esb:právní-akt-fragment/9708739;9708739;9708739;Odstavec_Dc;Účastník může za dobu své účasti na důchodovém spoření v období před rokem 2016 doplatit pojistné na důchodové pojištění upravené zákonem o pojistném na sociální zabezpečení a příspěvku na státní politiku zaměstnanosti, pokud splnil podmínku uvedenou v § 23 odst. 1 větě první. Pojistné na důchodové pojištění lze doplatit pouze za celou dobu účasti na důchodovém spoření před rokem 2016.;norms;"<a data-odkaz-id=""20824223"" href=""#""  class=""int_odkaz"">§ 23 odst. 1</a>";§ 23 odst. 1;20824223;int_odkaz;NA;NA;NA;NA;esel-esb:právní-akt-odkaz/20824223;§ 23 odst. 1;INTUSTAN;55783;esel-esb:eli/cz/sb/2015/376/0000-00-00/dokument/norma/cast_4/par_23/odst_1;55783;esel-esb:eli/cz/sb/2015/376/0000-00-00/dokument/norma/cast_4/par_20/frag_9708739;55783;2015/376;2015/376;2015/376;376/2015 Sb.
esel-esb:eli/cz/sb/2015/376/2018-01-01/dokument/norma/cast_4/par_21/odst_1;21858590;esel-esb:eli/cz/sb/2015/376/2018-01-01/dokument/norma/cast_4/par_21;§ 21 odst. 1;NA;1;NA;/2/4/3/1/;esel-esb:právní-akt-fragment/9708743;9708743;9708743;Odstavec_Dc;(1) Doplatek pojistného na důchodové pojištění podle § 20 činí u;norms;"<a data-odkaz-id=""20824203"" href=""#""  class=""int_odkaz"">§ 20</a>";§ 20;20824203;int_odkaz;NA;NA;NA;NA;esel-esb:právní-akt-odkaz/20824203;§ 20;INTUSTAN;55783;esel-esb:eli/cz/sb/2015/376/0000-00-00/dokument/norma/cast_4/par_20;55783;esel-esb:eli/cz/sb/2015/376/0000-00-00/dokument/norma/cast_4/par_21/odst_1;55783;2015/376;2015/376;2015/376;376/2015 Sb.
esel-esb:eli/cz/sb/2015/376/2018-01-01/dokument/norma/cast_4/par_21/odst_1/pism_b;21858592;esel-esb:eli/cz/sb/2015/376/2018-01-01/dokument/norma/cast_4/par_21/odst_1;§ 21 odst. 1 písm. b);NA;b;NA;/2/4/3/1/2/;esel-esb:právní-akt-fragment/9708747;9708747;9708747;Pismeno_Lb;b) zaměstnance, který neměl plátce pojistného na důchodové spoření uvedeného v § 2 zákona o pojistném na důchodové spoření, a zaměstnance, který je povinen uhradit pojistné na důchodové spoření podle § 31 zákona o pojistném na důchodové spoření, 60 % z pojistného na důchodové spoření, které byl zaměstnanec povinen uhradit správci pojistného na důchodové spoření,;norms;"<a data-odkaz-id=""20824163"" href=""#""  class=""ext_odkaz"">§ 2</a>";§ 2;20824163;ext_odkaz;NA;NA;NA;NA;esel-esb:právní-akt-odkaz/20824163;§ 2;JINEUSTAN;143075;esel-esb:eli/cz/sb/2012/397/2014-01-01/dokument/norma/cast_1/par_2;55783;esel-esb:eli/cz/sb/2015/376/0000-00-00/dokument/norma/cast_4/par_21/odst_1/pism_b;55783;2015/376;2012/397;2015/376;376/2015 Sb.
esel-esb:eli/cz/sb/2015/376/2018-01-01/dokument/norma/cast_4/par_21/odst_1/pism_b;21858592;esel-esb:eli/cz/sb/2015/376/2018-01-01/dokument/norma/cast_4/par_21/odst_1;§ 21 odst. 1 písm. b);NA;b;NA;/2/4/3/1/2/;esel-esb:právní-akt-fragment/9708747;9708747;9708747;Pismeno_Lb;b) zaměstnance, který neměl plátce pojistného na důchodové spoření uvedeného v § 2 zákona o pojistném na důchodové spoření, a zaměstnance, který je povinen uhradit pojistné na důchodové spoření podle § 31 zákona o pojistném na důchodové spoření, 60 % z pojistného na důchodové spoření, které byl zaměstnanec povinen uhradit správci pojistného na důchodové spoření,;norms;"<a data-odkaz-id=""20824173"" href=""#""  class=""ext_odkaz"">zákona o pojistném na důchodové spoření</a>";zákona o pojistném na důchodové spoření;20824173;ext_odkaz;NA;NA;NA;NA;esel-esb:právní-akt-odkaz/20824173;zákona o pojistném na důchodové spoření;JINYPRED;143075;esel-esb:eli/cz/sb/2012/397/2014-01-01/dokument;55783;esel-esb:eli/cz/sb/2015/376/0000-00-00/dokument/norma/cast_4/par_21/odst_1/pism_b;55783;2015/376;2012/397;2015/376;376/2015 Sb.
esel-esb:eli/cz/sb/2015/376/2018-01-01/dokument/norma/cast_4/par_21/odst_1/pism_b;21858592;esel-esb:eli/cz/sb/2015/376/2018-01-01/dokument/norma/cast_4/par_21/odst_1;§ 21 odst. 1 písm. b);NA;b;NA;/2/4/3/1/2/;esel-esb:právní-akt-fragment/9708747;9708747;9708747;Pismeno_Lb;b) zaměstnance, který neměl plátce pojistného na důchodové spoření uvedeného v § 2 zákona o pojistném na důchodové spoření, a zaměstnance, který je povinen uhradit pojistné na důchodové spoření podle § 31 zákona o pojistném na důchodové spoření, 60 % z pojistného na důchodové spoření, které byl zaměstnanec povinen uhradit správci pojistného na důchodové spoření,;norms;"<a data-odkaz-id=""20824183"" href=""#""  class=""ext_odkaz"">§ 31</a>";§ 31;20824183;ext_odkaz;NA;NA;NA;NA;esel-esb:právní-akt-odkaz/20824183;§ 31;JINEUSTAN;143075;esel-esb:eli/cz/sb/2012/397/2014-01-01/dokument/norma/cast_2/hlava_2/par_31;55783;esel-esb:eli/cz/sb/2015/376/0000-00-00/dokument/norma/cast_4/par_21/odst_1/pism_b;55783;2015/376;2012/397;2015/376;376/2015 Sb.
esel-esb:eli/cz/sb/2015/376/2018-01-01/dokument/norma/cast_4/par_21/odst_1/pism_b;21858592;esel-esb:eli/cz/sb/2015/376/2018-01-01/dokument/norma/cast_4/par_21/odst_1;§ 21 odst. 1 písm. b);NA;b;NA;/2/4/3/1/2/;esel-esb:právní-akt-fragment/9708747;9708747;9708747;Pismeno_Lb;b) zaměstnance, který neměl plátce pojistného na důchodové spoření uvedeného v § 2 zákona o pojistném na důchodové spoření, a zaměstnance, který je povinen uhradit pojistné na důchodové spoření podle § 31 zákona o pojistném na důchodové spoření, 60 % z pojistného na důchodové spoření, které byl zaměstnanec povinen uhradit správci pojistného na důchodové spoření,;norms;"<a data-odkaz-id=""20824193"" href=""#""  class=""ext_odkaz"">o pojistném na důchodové spoření</a>";o pojistném na důchodové spoření;20824193;ext_odkaz;NA;NA;NA;NA;esel-esb:právní-akt-odkaz/20824193;o pojistném na důchodové spoření;JINYPRED;143075;esel-esb:eli/cz/sb/2012/397/2014-01-01/dokument;55783;esel-esb:eli/cz/sb/2015/376/0000-00-00/dokument/norma/cast_4/par_21/odst_1/pism_b;55783;2015/376;2012/397;2015/376;376/2015 Sb.
esel-esb:eli/cz/sb/2015/376/2018-01-01/dokument/norma/cast_4/par_21/odst_2;21858595;esel-esb:eli/cz/sb/2015/376/2018-01-01/dokument/norma/cast_4/par_21;§ 21 odst. 2;NA;2;NA;/2/4/3/2/;esel-esb:právní-akt-fragment/9708753;9708753;9708753;Odstavec_Dc;(2) Doplatek pojistného na důchodové pojištění stanovený podle odstavce 1 písm. a) se sníží o částku ve výši 3 % z vyměřovacího základu zaměstnance pro pojistné na důchodové pojištění, pokud zaměstnanci bylo za dobu účasti na důchodovém spoření sraženo z jeho příjmů, které mu zaměstnavatel zúčtoval, pojistné na důchodové pojištění ve výši 6,5 % z vyměřovacího základu a přeplatek na pojistném na důchodové pojištění nebyl zaměstnavateli vrácen. Doplatek pojistného na důchodové pojištění se upraví podle věty první jen na žádost zaměstnance doloženou potvrzením zaměstnavatele o tom, že tento přeplatek nebyl zaměstnavateli vrácen.;norms;"<a data-odkaz-id=""20824153"" href=""#""  class=""int_odkaz"">odstavce 1 písm. a)</a>";odstavce 1 písm. a);20824153;int_odkaz;NA;NA;NA;NA;esel-esb:právní-akt-odkaz/20824153;odstavce 1 písm. a);INTUSTAN;55783;esel-esb:eli/cz/sb/2015/376/0000-00-00/dokument/norma/cast_4/par_21/odst_1/pism_a;55783;esel-esb:eli/cz/sb/2015/376/0000-00-00/dokument/norma/cast_4/par_21/odst_2;55783;2015/376;2015/376;2015/376;376/2015 Sb.
esel-esb:eli/cz/sb/2015/376/2018-01-01/dokument/norma/cast_4/par_21/odst_3;21858596;esel-esb:eli/cz/sb/2015/376/2018-01-01/dokument/norma/cast_4/par_21;§ 21 odst. 3;NA;3;NA;/2/4/3/3/;esel-esb:právní-akt-fragment/9708755;9708755;9708755;Odstavec_Dc;(3) Zaměstnancem se pro účely tohoto zákona rozumí fyzická osoba, která je poplatníkem pojistného na důchodové pojištění na základě § 3 odst. 1 písm. b) a § 25 zákona o pojistném na sociální zabezpečení a příspěvku na státní politiku zaměstnanosti. Výše doplatku na důchodové pojištění se zaokrouhluje na celé koruny směrem dolů.;norms;"<a data-odkaz-id=""20824123"" href=""#""  class=""ext_odkaz"">§ 3 odst. 1 písm. b)</a>";§ 3 odst. 1 písm. b);20824123;ext_odkaz;NA;NA;NA;NA;esel-esb:právní-akt-odkaz/20824123;§ 3 odst. 1 písm. b);JINEUSTAN;95925;esel-esb:eli/cz/sb/1992/589/2008-08-21/dokument/norma/par_3/odst_1/pism_c;55783;esel-esb:eli/cz/sb/2015/376/0000-00-00/dokument/norma/cast_4/par_21/odst_3;55783;2015/376;1992/589;2015/376;376/2015 Sb.
esel-esb:eli/cz/sb/2015/376/2018-01-01/dokument/norma/cast_4/par_21/odst_3;21858596;esel-esb:eli/cz/sb/2015/376/2018-01-01/dokument/norma/cast_4/par_21;§ 21 odst. 3;NA;3;NA;/2/4/3/3/;esel-esb:právní-akt-fragment/9708755;9708755;9708755;Odstavec_Dc;(3) Zaměstnancem se pro účely tohoto zákona rozumí fyzická osoba, která je poplatníkem pojistného na důchodové pojištění na základě § 3 odst. 1 písm. b) a § 25 zákona o pojistném na sociální zabezpečení a příspěvku na státní politiku zaměstnanosti. Výše doplatku na důchodové pojištění se zaokrouhluje na celé koruny směrem dolů.;norms;"<a data-odkaz-id=""20824133"" href=""#""  class=""ext_odkaz"">§ 25</a>";§ 25;20824133;ext_odkaz;NA;NA;NA;NA;esel-esb:právní-akt-odkaz/20824133;§ 25;JINEUSTAN;95955;esel-esb:eli/cz/sb/1992/589/2015-07-01/dokument/norma/par_25;55783;esel-esb:eli/cz/sb/2015/376/0000-00-00/dokument/norma/cast_4/par_21/odst_3;55783;2015/376;1992/589;2015/376;376/2015 Sb.
esel-esb:eli/cz/sb/2015/376/2018-01-01/dokument/norma/cast_4/par_21/odst_3;21858596;esel-esb:eli/cz/sb/2015/376/2018-01-01/dokument/norma/cast_4/par_21;§ 21 odst. 3;NA;3;NA;/2/4/3/3/;esel-esb:právní-akt-fragment/9708755;9708755;9708755;Odstavec_Dc;(3) Zaměstnancem se pro účely tohoto zákona rozumí fyzická osoba, která je poplatníkem pojistného na důchodové pojištění na základě § 3 odst. 1 písm. b) a § 25 zákona o pojistném na sociální zabezpečení a příspěvku na státní politiku zaměstnanosti. Výše doplatku na důchodové pojištění se zaokrouhluje na celé koruny směrem dolů.;norms;"<a data-odkaz-id=""20824143"" href=""#""  class=""ext_odkaz"">o pojistném na sociální zabezpečení a příspěvku na státní politiku zaměstnanosti</a>";o pojistném na sociální zabezpečení a příspěvku na státní politiku zaměstnanosti;20824143;ext_odkaz;NA;NA;NA;NA;esel-esb:právní-akt-odkaz/20824143;o pojistném na sociální zabezpečení a příspěvku na státní politiku zaměstnanosti;JINYPRED;95955;esel-esb:eli/cz/sb/1992/589/2015-07-01/dokument;55783;esel-esb:eli/cz/sb/2015/376/0000-00-00/dokument/norma/cast_4/par_21/odst_3;55783;2015/376;1992/589;2015/376;376/2015 Sb.
esel-esb:eli/cz/sb/2015/376/2018-01-01/dokument/norma/cast_4/par_22/odst_1;21858598;esel-esb:eli/cz/sb/2015/376/2018-01-01/dokument/norma/cast_4/par_22;§ 22 odst. 1;NA;1;NA;/2/4/4/1/;esel-esb:právní-akt-fragment/9708759;9708759;9708759;Odstavec_Dc;(1) Doplatek pojistného na důchodové pojištění podle § 21 lze zaplatit nejpozději do 29. prosince 2017.;norms;"<a data-odkaz-id=""20824113"" href=""#""  class=""int_odkaz"">§ 21</a>";§ 21;20824113;int_odkaz;NA;NA;NA;NA;esel-esb:právní-akt-odkaz/20824113;§ 21;INTUSTAN;55783;esel-esb:eli/cz/sb/2015/376/0000-00-00/dokument/norma/cast_4/par_21;55783;esel-esb:eli/cz/sb/2015/376/0000-00-00/dokument/norma/cast_4/par_22/odst_1;55783;2015/376;2015/376;2015/376;376/2015 Sb.
esel-esb:eli/cz/sb/2015/376/2018-01-01/dokument/norma/cast_4/par_22/odst_2;21858599;esel-esb:eli/cz/sb/2015/376/2018-01-01/dokument/norma/cast_4/par_22;§ 22 odst. 2;NA;2;NA;/2/4/4/2/;esel-esb:právní-akt-fragment/9708761;9708761;9708761;Odstavec_Dc;(2) Pro způsob zaplacení doplatku pojistného na důchodové pojištění se použije § 19 zákona o pojistném na sociální zabezpečení a příspěvku na státní politiku zaměstnanosti obdobně s tím, že doplatek bude placen na účet určený okresní správou sociálního zabezpečení.;norms;"<a data-odkaz-id=""20824093"" href=""#""  class=""ext_odkaz"">§ 19</a>";§ 19;20824093;ext_odkaz;NA;NA;NA;NA;esel-esb:právní-akt-odkaz/20824093;§ 19;JINEUSTAN;95911;esel-esb:eli/cz/sb/1992/589/2005-10-01/dokument/norma/par_19;55783;esel-esb:eli/cz/sb/2015/376/0000-00-00/dokument/norma/cast_4/par_22/odst_2;55783;2015/376;1992/589;2015/376;376/2015 Sb.
esel-esb:eli/cz/sb/2015/376/2018-01-01/dokument/norma/cast_4/par_22/odst_2;21858599;esel-esb:eli/cz/sb/2015/376/2018-01-01/dokument/norma/cast_4/par_22;§ 22 odst. 2;NA;2;NA;/2/4/4/2/;esel-esb:právní-akt-fragment/9708761;9708761;9708761;Odstavec_Dc;(2) Pro způsob zaplacení doplatku pojistného na důchodové pojištění se použije § 19 zákona o pojistném na sociální zabezpečení a příspěvku na státní politiku zaměstnanosti obdobně s tím, že doplatek bude placen na účet určený okresní správou sociálního zabezpečení.;norms;"<a data-odkaz-id=""20824103"" href=""#""  class=""ext_odkaz"">o pojistném na sociální zabezpečení a příspěvku na státní politiku zaměstnanosti</a>";o pojistném na sociální zabezpečení a příspěvku na státní politiku zaměstnanosti;20824103;ext_odkaz;NA;NA;NA;NA;esel-esb:právní-akt-odkaz/20824103;o pojistném na sociální zabezpečení a příspěvku na státní politiku zaměstnanosti;JINYPRED;95955;esel-esb:eli/cz/sb/1992/589/2015-07-01/dokument;55783;esel-esb:eli/cz/sb/2015/376/0000-00-00/dokument/norma/cast_4/par_22/odst_2;55783;2015/376;1992/589;2015/376;376/2015 Sb.
esel-esb:eli/cz/sb/2015/376/2018-01-01/dokument/norma/cast_4/par_22/odst_3;21858600;esel-esb:eli/cz/sb/2015/376/2018-01-01/dokument/norma/cast_4/par_22;§ 22 odst. 3;NA;3;NA;/2/4/4/3/;esel-esb:právní-akt-fragment/9708763;9708763;9708763;Odstavec_Dc;"(3) Bude-li doplatek pojistného na důchodové pojištění zaplacen po uplynutí lhůty uvedené v odstavci 1 nebo bude-li v této lhůtě zaplacen v nižší částce, považuje se zaplacená částka za přeplatek; za přeplatek se považuje též částka zaplacená nad správnou výši doplatku. Pro vrácení přeplatku podle věty první se použije § 17 zákona o pojistném na sociální zabezpečení a příspěvku na státní politiku zaměstnanosti obdobně, s tím, že lhůta pro vrácení přeplatku, který vznikl v důsledku toho, že doplatek byl ve lhůtě uvedené v odstavci 1 zaplacen v nižší částce, počíná běžet nejdříve dnem 30. prosince 2017.";norms;"<a data-odkaz-id=""20824053"" href=""#""  class=""int_odkaz"">odstavci 1</a>";odstavci 1;20824053;int_odkaz;NA;NA;NA;NA;esel-esb:právní-akt-odkaz/20824053;odstavci 1;INTUSTAN;55783;esel-esb:eli/cz/sb/2015/376/0000-00-00/dokument/norma/cast_4/par_22/odst_1;55783;esel-esb:eli/cz/sb/2015/376/0000-00-00/dokument/norma/cast_4/par_22/odst_3;55783;2015/376;2015/376;2015/376;376/2015 Sb.
esel-esb:eli/cz/sb/2015/376/2018-01-01/dokument/norma/cast_4/par_22/odst_3;21858600;esel-esb:eli/cz/sb/2015/376/2018-01-01/dokument/norma/cast_4/par_22;§ 22 odst. 3;NA;3;NA;/2/4/4/3/;esel-esb:právní-akt-fragment/9708763;9708763;9708763;Odstavec_Dc;"(3) Bude-li doplatek pojistného na důchodové pojištění zaplacen po uplynutí lhůty uvedené v odstavci 1 nebo bude-li v této lhůtě zaplacen v nižší částce, považuje se zaplacená částka za přeplatek; za přeplatek se považuje též částka zaplacená nad správnou výši doplatku. Pro vrácení přeplatku podle věty první se použije § 17 zákona o pojistném na sociální zabezpečení a příspěvku na státní politiku zaměstnanosti obdobně, s tím, že lhůta pro vrácení přeplatku, který vznikl v důsledku toho, že doplatek byl ve lhůtě uvedené v odstavci 1 zaplacen v nižší částce, počíná běžet nejdříve dnem 30. prosince 2017.";norms;"<a data-odkaz-id=""20824063"" href=""#""  class=""ext_odkaz"">§ 17</a>";§ 17;20824063;ext_odkaz;NA;NA;NA;NA;esel-esb:právní-akt-odkaz/20824063;§ 17;JINEUSTAN;95955;esel-esb:eli/cz/sb/1992/589/2015-07-01/dokument/norma/par_17;55783;esel-esb:eli/cz/sb/2015/376/0000-00-00/dokument/norma/cast_4/par_22/odst_3;55783;2015/376;1992/589;2015/376;376/2015 Sb.
esel-esb:eli/cz/sb/2015/376/2018-01-01/dokument/norma/cast_4/par_22/odst_3;21858600;esel-esb:eli/cz/sb/2015/376/2018-01-01/dokument/norma/cast_4/par_22;§ 22 odst. 3;NA;3;NA;/2/4/4/3/;esel-esb:právní-akt-fragment/9708763;9708763;9708763;Odstavec_Dc;"(3) Bude-li doplatek pojistného na důchodové pojištění zaplacen po uplynutí lhůty uvedené v odstavci 1 nebo bude-li v této lhůtě zaplacen v nižší částce, považuje se zaplacená částka za přeplatek; za přeplatek se považuje též částka zaplacená nad správnou výši doplatku. Pro vrácení přeplatku podle věty první se použije § 17 zákona o pojistném na sociální zabezpečení a příspěvku na státní politiku zaměstnanosti obdobně, s tím, že lhůta pro vrácení přeplatku, který vznikl v důsledku toho, že doplatek byl ve lhůtě uvedené v odstavci 1 zaplacen v nižší částce, počíná běžet nejdříve dnem 30. prosince 2017.";norms;"<a data-odkaz-id=""20824073"" href=""#""  class=""ext_odkaz"">o pojistném na sociální zabezpečení a příspěvku na státní politiku zaměstnanosti</a>";o pojistném na sociální zabezpečení a příspěvku na státní politiku zaměstnanosti;20824073;ext_odkaz;NA;NA;NA;NA;esel-esb:právní-akt-odkaz/20824073;o pojistném na sociální zabezpečení a příspěvku na státní politiku zaměstnanosti;JINYPRED;95955;esel-esb:eli/cz/sb/1992/589/2015-07-01/dokument;55783;esel-esb:eli/cz/sb/2015/376/0000-00-00/dokument/norma/cast_4/par_22/odst_3;55783;2015/376;1992/589;2015/376;376/2015 Sb.
esel-esb:eli/cz/sb/2015/376/2018-01-01/dokument/norma/cast_4/par_22/odst_3;21858600;esel-esb:eli/cz/sb/2015/376/2018-01-01/dokument/norma/cast_4/par_22;§ 22 odst. 3;NA;3;NA;/2/4/4/3/;esel-esb:právní-akt-fragment/9708763;9708763;9708763;Odstavec_Dc;"(3) Bude-li doplatek pojistného na důchodové pojištění zaplacen po uplynutí lhůty uvedené v odstavci 1 nebo bude-li v této lhůtě zaplacen v nižší částce, považuje se zaplacená částka za přeplatek; za přeplatek se považuje též částka zaplacená nad správnou výši doplatku. Pro vrácení přeplatku podle věty první se použije § 17 zákona o pojistném na sociální zabezpečení a příspěvku na státní politiku zaměstnanosti obdobně, s tím, že lhůta pro vrácení přeplatku, který vznikl v důsledku toho, že doplatek byl ve lhůtě uvedené v odstavci 1 zaplacen v nižší částce, počíná běžet nejdříve dnem 30. prosince 2017.";norms;"<a data-odkaz-id=""20824083"" href=""#""  class=""int_odkaz"">odstavci 1</a>";odstavci 1;20824083;int_odkaz;NA;NA;NA;NA;esel-esb:právní-akt-odkaz/20824083;odstavci 1;INTUSTAN;55783;esel-esb:eli/cz/sb/2015/376/0000-00-00/dokument/norma/cast_4/par_22/odst_1;55783;esel-esb:eli/cz/sb/2015/376/0000-00-00/dokument/norma/cast_4/par_22/odst_3;55783;2015/376;2015/376;2015/376;376/2015 Sb.
esel-esb:eli/cz/sb/2015/376/2018-01-01/dokument/norma/cast_4/par_23/odst_3;21858604;esel-esb:eli/cz/sb/2015/376/2018-01-01/dokument/norma/cast_4/par_23;§ 23 odst. 3;NA;3;NA;/2/4/5/3/;esel-esb:právní-akt-fragment/9708771;9708771;9708771;Odstavec_Dc;(3) Údaje potřebné pro stanovení výše doplatku na pojistném na důchodové pojištění u zaměstnance sdělí okresní správě sociálního zabezpečení jeho místně příslušný správce daně z příjmů, a to nejpozději do 45 dnů ode dne obdržení její žádosti. Podal-li žádost podle odstavce 1 účastník, který v době účasti na důchodovém spoření byl vojákem z povolání nebo ve služebním poměru příslušníka bezpečnostního sboru, sdělují tyto údaje okresní správě sociálního zabezpečení orgány uvedené v § 25 zákona o pojistném na sociální zabezpečení a příspěvku na státní politiku zaměstnanosti, a to nejpozději do 45 dnů ode dne obdržení žádosti.;norms;"<a data-odkaz-id=""20824023"" href=""#""  class=""int_odkaz"">odstavce 1</a>";odstavce 1;20824023;int_odkaz;NA;NA;NA;NA;esel-esb:právní-akt-odkaz/20824023;odstavce 1;INTUSTAN;55783;esel-esb:eli/cz/sb/2015/376/0000-00-00/dokument/norma/cast_4/par_23/odst_1;55783;esel-esb:eli/cz/sb/2015/376/0000-00-00/dokument/norma/cast_4/par_23/odst_3;55783;2015/376;2015/376;2015/376;376/2015 Sb.
esel-esb:eli/cz/sb/2015/376/2018-01-01/dokument/norma/cast_4/par_23/odst_3;21858604;esel-esb:eli/cz/sb/2015/376/2018-01-01/dokument/norma/cast_4/par_23;§ 23 odst. 3;NA;3;NA;/2/4/5/3/;esel-esb:právní-akt-fragment/9708771;9708771;9708771;Odstavec_Dc;(3) Údaje potřebné pro stanovení výše doplatku na pojistném na důchodové pojištění u zaměstnance sdělí okresní správě sociálního zabezpečení jeho místně příslušný správce daně z příjmů, a to nejpozději do 45 dnů ode dne obdržení její žádosti. Podal-li žádost podle odstavce 1 účastník, který v době účasti na důchodovém spoření byl vojákem z povolání nebo ve služebním poměru příslušníka bezpečnostního sboru, sdělují tyto údaje okresní správě sociálního zabezpečení orgány uvedené v § 25 zákona o pojistném na sociální zabezpečení a příspěvku na státní politiku zaměstnanosti, a to nejpozději do 45 dnů ode dne obdržení žádosti.;norms;"<a data-odkaz-id=""20824033"" href=""#""  class=""ext_odkaz"">§ 25</a>";§ 25;20824033;ext_odkaz;NA;NA;NA;NA;esel-esb:právní-akt-odkaz/20824033;§ 25;JINEUSTAN;95955;esel-esb:eli/cz/sb/1992/589/2015-07-01/dokument/norma/par_25;55783;esel-esb:eli/cz/sb/2015/376/0000-00-00/dokument/norma/cast_4/par_23/odst_3;55783;2015/376;1992/589;2015/376;376/2015 Sb.
esel-esb:eli/cz/sb/2015/376/2018-01-01/dokument/norma/cast_4/par_23/odst_3;21858604;esel-esb:eli/cz/sb/2015/376/2018-01-01/dokument/norma/cast_4/par_23;§ 23 odst. 3;NA;3;NA;/2/4/5/3/;esel-esb:právní-akt-fragment/9708771;9708771;9708771;Odstavec_Dc;(3) Údaje potřebné pro stanovení výše doplatku na pojistném na důchodové pojištění u zaměstnance sdělí okresní správě sociálního zabezpečení jeho místně příslušný správce daně z příjmů, a to nejpozději do 45 dnů ode dne obdržení její žádosti. Podal-li žádost podle odstavce 1 účastník, který v době účasti na důchodovém spoření byl vojákem z povolání nebo ve služebním poměru příslušníka bezpečnostního sboru, sdělují tyto údaje okresní správě sociálního zabezpečení orgány uvedené v § 25 zákona o pojistném na sociální zabezpečení a příspěvku na státní politiku zaměstnanosti, a to nejpozději do 45 dnů ode dne obdržení žádosti.;norms;"<a data-odkaz-id=""20824043"" href=""#""  class=""ext_odkaz"">o pojistném na sociální zabezpečení a příspěvku na státní politiku zaměstnanosti</a>";o pojistném na sociální zabezpečení a příspěvku na státní politiku zaměstnanosti;20824043;ext_odkaz;NA;NA;NA;NA;esel-esb:právní-akt-odkaz/20824043;o pojistném na sociální zabezpečení a příspěvku na státní politiku zaměstnanosti;JINYPRED;95955;esel-esb:eli/cz/sb/1992/589/2015-07-01/dokument;55783;esel-esb:eli/cz/sb/2015/376/0000-00-00/dokument/norma/cast_4/par_23/odst_3;55783;2015/376;1992/589;2015/376;376/2015 Sb.
esel-esb:eli/cz/sb/2015/376/2018-01-01/dokument/norma/cast_4/par_23/odst_4;21858605;esel-esb:eli/cz/sb/2015/376/2018-01-01/dokument/norma/cast_4/par_23;§ 23 odst. 4;NA;4;NA;/2/4/5/4/;esel-esb:právní-akt-fragment/9708773;9708773;9708773;Odstavec_Dc;"(4) V žádosti podle odstavce 3 okresní správa sociálního zabezpečení uvede jméno účastníka, který byl poplatníkem pojistného na důchodové spoření, datum narození účastníka, rodné číslo účastníka nebo, nemá-li účastník přiděleno rodné číslo, vlastní číslo plátce přidělené správcem pojistného na důchodové spoření, bydliště účastníka, identifikační údaje jeho zaměstnavatele a údaj o nástupu do zaměstnání a skončení doby zaměstnání; identifikačními údaji zaměstnavatele se u právnické osoby rozumí její název, sídlo a identifikační číslo, bylo-li přiděleno, a u fyzické osoby její jméno, rodné číslo nebo datum narození, nemá-li fyzická osoba přiděleno rodné číslo, a adresa místa pobytu.";norms;"<a data-odkaz-id=""20824013"" href=""#""  class=""int_odkaz"">odstavce 3</a>";odstavce 3;20824013;int_odkaz;NA;NA;NA;NA;esel-esb:právní-akt-odkaz/20824013;odstavce 3;INTUSTAN;55783;esel-esb:eli/cz/sb/2015/376/0000-00-00/dokument/norma/cast_4/par_23/odst_3;55783;esel-esb:eli/cz/sb/2015/376/0000-00-00/dokument/norma/cast_4/par_23/odst_4;55783;2015/376;2015/376;2015/376;376/2015 Sb.
esel-esb:eli/cz/sb/2015/376/2018-01-01/dokument/norma/cast_4/par_24/frag_9708777;21858607;esel-esb:eli/cz/sb/2015/376/2018-01-01/dokument/norma/cast_4/par_24;NA;NA;NA;NA;/2/4/6/1/;esel-esb:právní-akt-fragment/9708777;9708777;9708777;Odstavec_Dc;"Nesouhlasí-li účastník s výší doplatku pojistného na důchodové pojištění sděleného podle § 23 odst. 2, může do 30 dnů ode dne obdržení tohoto sdělení písemně požádat okresní správu sociálního zabezpečení o vydání rozhodnutí o výši doplatku; v této žádosti je účastník povinen uvést důvody tohoto svého nesouhlasu. Toto rozhodnutí je okresní správa sociálního zabezpečení povinna vydat nejpozději do 60 dnů ode dne doručení žádosti účastníka o vydání rozhodnutí. Okresní správa sociálního zabezpečení je oprávněna požádat místně příslušného správce daně z příjmů a orgány uvedené v § 23 odst. 3 větě poslední o podklady pro toto rozhodnutí; místně příslušný správce daně z příjmů a tyto orgány jsou povinny tyto podklady okresní správě sociálního zabezpečení zaslat bez zbytečného odkladu, nejpozději do 30 dnů. Lhůta uvedená v § 22 odst. 1 se prodlužuje o dobu, po kterou trvalo řízení o vydání rozhodnutí podle věty první, o dobu, po kterou trvalo řízení před soudem v rámci soudního přezkumu rozhodnutí, a o dobu, o kterou byla překročena lhůta uvedená v § 23 odst. 2 větě první.";norms;"<a data-odkaz-id=""20823973"" href=""#""  class=""int_odkaz"">§ 23 odst. 2</a>";§ 23 odst. 2;20823973;int_odkaz;NA;NA;NA;NA;esel-esb:právní-akt-odkaz/20823973;§ 23 odst. 2;INTUSTAN;55783;esel-esb:eli/cz/sb/2015/376/0000-00-00/dokument/norma/cast_4/par_23/odst_2;55783;esel-esb:eli/cz/sb/2015/376/0000-00-00/dokument/norma/cast_4/par_24/frag_9708777;55783;2015/376;2015/376;2015/376;376/2015 Sb.
esel-esb:eli/cz/sb/2015/376/2018-01-01/dokument/norma/cast_4/par_24/frag_9708777;21858607;esel-esb:eli/cz/sb/2015/376/2018-01-01/dokument/norma/cast_4/par_24;NA;NA;NA;NA;/2/4/6/1/;esel-esb:právní-akt-fragment/9708777;9708777;9708777;Odstavec_Dc;"Nesouhlasí-li účastník s výší doplatku pojistného na důchodové pojištění sděleného podle § 23 odst. 2, může do 30 dnů ode dne obdržení tohoto sdělení písemně požádat okresní správu sociálního zabezpečení o vydání rozhodnutí o výši doplatku; v této žádosti je účastník povinen uvést důvody tohoto svého nesouhlasu. Toto rozhodnutí je okresní správa sociálního zabezpečení povinna vydat nejpozději do 60 dnů ode dne doručení žádosti účastníka o vydání rozhodnutí. Okresní správa sociálního zabezpečení je oprávněna požádat místně příslušného správce daně z příjmů a orgány uvedené v § 23 odst. 3 větě poslední o podklady pro toto rozhodnutí; místně příslušný správce daně z příjmů a tyto orgány jsou povinny tyto podklady okresní správě sociálního zabezpečení zaslat bez zbytečného odkladu, nejpozději do 30 dnů. Lhůta uvedená v § 22 odst. 1 se prodlužuje o dobu, po kterou trvalo řízení o vydání rozhodnutí podle věty první, o dobu, po kterou trvalo řízení před soudem v rámci soudního přezkumu rozhodnutí, a o dobu, o kterou byla překročena lhůta uvedená v § 23 odst. 2 větě první.";norms;"<a data-odkaz-id=""20823983"" href=""#""  class=""int_odkaz"">§ 23 odst. 3</a>";§ 23 odst. 3;20823983;int_odkaz;NA;NA;NA;NA;esel-esb:právní-akt-odkaz/20823983;§ 23 odst. 3;INTUSTAN;55783;esel-esb:eli/cz/sb/2015/376/0000-00-00/dokument/norma/cast_4/par_23/odst_3;55783;esel-esb:eli/cz/sb/2015/376/0000-00-00/dokument/norma/cast_4/par_24/frag_9708777;55783;2015/376;2015/376;2015/376;376/2015 Sb.
esel-esb:eli/cz/sb/2015/376/2018-01-01/dokument/norma/cast_4/par_24/frag_9708777;21858607;esel-esb:eli/cz/sb/2015/376/2018-01-01/dokument/norma/cast_4/par_24;NA;NA;NA;NA;/2/4/6/1/;esel-esb:právní-akt-fragment/9708777;9708777;9708777;Odstavec_Dc;"Nesouhlasí-li účastník s výší doplatku pojistného na důchodové pojištění sděleného podle § 23 odst. 2, může do 30 dnů ode dne obdržení tohoto sdělení písemně požádat okresní správu sociálního zabezpečení o vydání rozhodnutí o výši doplatku; v této žádosti je účastník povinen uvést důvody tohoto svého nesouhlasu. Toto rozhodnutí je okresní správa sociálního zabezpečení povinna vydat nejpozději do 60 dnů ode dne doručení žádosti účastníka o vydání rozhodnutí. Okresní správa sociálního zabezpečení je oprávněna požádat místně příslušného správce daně z příjmů a orgány uvedené v § 23 odst. 3 větě poslední o podklady pro toto rozhodnutí; místně příslušný správce daně z příjmů a tyto orgány jsou povinny tyto podklady okresní správě sociálního zabezpečení zaslat bez zbytečného odkladu, nejpozději do 30 dnů. Lhůta uvedená v § 22 odst. 1 se prodlužuje o dobu, po kterou trvalo řízení o vydání rozhodnutí podle věty první, o dobu, po kterou trvalo řízení před soudem v rámci soudního přezkumu rozhodnutí, a o dobu, o kterou byla překročena lhůta uvedená v § 23 odst. 2 větě první.";norms;"<a data-odkaz-id=""20823993"" href=""#""  class=""int_odkaz"">§ 22 odst. 1</a>";§ 22 odst. 1;20823993;int_odkaz;NA;NA;NA;NA;esel-esb:právní-akt-odkaz/20823993;§ 22 odst. 1;INTUSTAN;55783;esel-esb:eli/cz/sb/2015/376/0000-00-00/dokument/norma/cast_4/par_22/odst_1;55783;esel-esb:eli/cz/sb/2015/376/0000-00-00/dokument/norma/cast_4/par_24/frag_9708777;55783;2015/376;2015/376;2015/376;376/2015 Sb.
esel-esb:eli/cz/sb/2015/376/2018-01-01/dokument/norma/cast_4/par_24/frag_9708777;21858607;esel-esb:eli/cz/sb/2015/376/2018-01-01/dokument/norma/cast_4/par_24;NA;NA;NA;NA;/2/4/6/1/;esel-esb:právní-akt-fragment/9708777;9708777;9708777;Odstavec_Dc;"Nesouhlasí-li účastník s výší doplatku pojistného na důchodové pojištění sděleného podle § 23 odst. 2, může do 30 dnů ode dne obdržení tohoto sdělení písemně požádat okresní správu sociálního zabezpečení o vydání rozhodnutí o výši doplatku; v této žádosti je účastník povinen uvést důvody tohoto svého nesouhlasu. Toto rozhodnutí je okresní správa sociálního zabezpečení povinna vydat nejpozději do 60 dnů ode dne doručení žádosti účastníka o vydání rozhodnutí. Okresní správa sociálního zabezpečení je oprávněna požádat místně příslušného správce daně z příjmů a orgány uvedené v § 23 odst. 3 větě poslední o podklady pro toto rozhodnutí; místně příslušný správce daně z příjmů a tyto orgány jsou povinny tyto podklady okresní správě sociálního zabezpečení zaslat bez zbytečného odkladu, nejpozději do 30 dnů. Lhůta uvedená v § 22 odst. 1 se prodlužuje o dobu, po kterou trvalo řízení o vydání rozhodnutí podle věty první, o dobu, po kterou trvalo řízení před soudem v rámci soudního přezkumu rozhodnutí, a o dobu, o kterou byla překročena lhůta uvedená v § 23 odst. 2 větě první.";norms;"<a data-odkaz-id=""20824003"" href=""#""  class=""int_odkaz"">§ 23 odst. 2</a>";§ 23 odst. 2;20824003;int_odkaz;NA;NA;NA;NA;esel-esb:právní-akt-odkaz/20824003;§ 23 odst. 2;INTUSTAN;55783;esel-esb:eli/cz/sb/2015/376/0000-00-00/dokument/norma/cast_4/par_23/odst_2;55783;esel-esb:eli/cz/sb/2015/376/0000-00-00/dokument/norma/cast_4/par_24/frag_9708777;55783;2015/376;2015/376;2015/376;376/2015 Sb.
esel-esb:eli/cz/sb/2015/376/2018-01-01/dokument/norma/cast_4/par_25/odst_2;21858610;esel-esb:eli/cz/sb/2015/376/2018-01-01/dokument/norma/cast_4/par_25;§ 25 odst. 2;NA;2;NA;/2/4/7/2/;esel-esb:právní-akt-fragment/9708783;9708783;9708783;Odstavec_Dc;"(2) Pro podávání žádostí účastníka se použije § 123e odst. 2 a 3 zákona o organizaci a provádění sociálního zabezpečení obdobně. Okresní správy sociálního zabezpečení mohou podávat žádosti v elektronické podobě způsobem umožňujícím dálkový přístup nebo jiným způsobem dohodnutým s místně příslušným správcem daně z příjmů a orgány uvedenými v § 25 zákona o pojistném na sociální zabezpečení a příspěvku na státní politiku zaměstnanosti; to platí též pro poskytování údajů a podkladů okresním správám sociálního zabezpečení.";norms;"<a data-odkaz-id=""20823923"" href=""#""  class=""ext_odkaz"">§ 123e odst. 2</a>";§ 123e odst. 2;20823923;ext_odkaz;NA;NA;NA;NA;esel-esb:právní-akt-odkaz/20823923;§ 123e odst. 2;JINEUSTAN;92503;esel-esb:eli/cz/sb/1991/582/2011-11-29/dokument/norma/cast_8/par_123e/odst_2;55783;esel-esb:eli/cz/sb/2015/376/0000-00-00/dokument/norma/cast_4/par_25/odst_2;55783;2015/376;1991/582;2015/376;376/2015 Sb.
esel-esb:eli/cz/sb/2015/376/2018-01-01/dokument/norma/cast_4/par_25/odst_2;21858610;esel-esb:eli/cz/sb/2015/376/2018-01-01/dokument/norma/cast_4/par_25;§ 25 odst. 2;NA;2;NA;/2/4/7/2/;esel-esb:právní-akt-fragment/9708783;9708783;9708783;Odstavec_Dc;"(2) Pro podávání žádostí účastníka se použije § 123e odst. 2 a 3 zákona o organizaci a provádění sociálního zabezpečení obdobně. Okresní správy sociálního zabezpečení mohou podávat žádosti v elektronické podobě způsobem umožňujícím dálkový přístup nebo jiným způsobem dohodnutým s místně příslušným správcem daně z příjmů a orgány uvedenými v § 25 zákona o pojistném na sociální zabezpečení a příspěvku na státní politiku zaměstnanosti; to platí též pro poskytování údajů a podkladů okresním správám sociálního zabezpečení.";norms;"<a data-odkaz-id=""20823933"" href=""#""  class=""ext_odkaz"">3</a>";3;20823933;ext_odkaz;NA;NA;NA;NA;esel-esb:právní-akt-odkaz/20823933;3;JINEUSTAN;92477;esel-esb:eli/cz/sb/1991/582/2008-12-31/dokument/norma/cast_8/par_123e/odst_3;55783;esel-esb:eli/cz/sb/2015/376/0000-00-00/dokument/norma/cast_4/par_25/odst_2;55783;2015/376;1991/582;2015/376;376/2015 Sb.
esel-esb:eli/cz/sb/2015/376/2018-01-01/dokument/norma/cast_4/par_25/odst_2;21858610;esel-esb:eli/cz/sb/2015/376/2018-01-01/dokument/norma/cast_4/par_25;§ 25 odst. 2;NA;2;NA;/2/4/7/2/;esel-esb:právní-akt-fragment/9708783;9708783;9708783;Odstavec_Dc;"(2) Pro podávání žádostí účastníka se použije § 123e odst. 2 a 3 zákona o organizaci a provádění sociálního zabezpečení obdobně. Okresní správy sociálního zabezpečení mohou podávat žádosti v elektronické podobě způsobem umožňujícím dálkový přístup nebo jiným způsobem dohodnutým s místně příslušným správcem daně z příjmů a orgány uvedenými v § 25 zákona o pojistném na sociální zabezpečení a příspěvku na státní politiku zaměstnanosti; to platí též pro poskytování údajů a podkladů okresním správám sociálního zabezpečení.";norms;"<a data-odkaz-id=""20823943"" href=""#""  class=""ext_odkaz"">o organizaci a provádění sociálního zabezpečení</a>";o organizaci a provádění sociálního zabezpečení;20823943;ext_odkaz;NA;NA;NA;NA;esel-esb:právní-akt-odkaz/20823943;o organizaci a provádění sociálního zabezpečení;JINYPRED;92525;esel-esb:eli/cz/sb/1991/582/2015-12-07/dokument;55783;esel-esb:eli/cz/sb/2015/376/0000-00-00/dokument/norma/cast_4/par_25/odst_2;55783;2015/376;1991/582;2015/376;376/2015 Sb.
esel-esb:eli/cz/sb/2015/376/2018-01-01/dokument/norma/cast_4/par_25/odst_2;21858610;esel-esb:eli/cz/sb/2015/376/2018-01-01/dokument/norma/cast_4/par_25;§ 25 odst. 2;NA;2;NA;/2/4/7/2/;esel-esb:právní-akt-fragment/9708783;9708783;9708783;Odstavec_Dc;"(2) Pro podávání žádostí účastníka se použije § 123e odst. 2 a 3 zákona o organizaci a provádění sociálního zabezpečení obdobně. Okresní správy sociálního zabezpečení mohou podávat žádosti v elektronické podobě způsobem umožňujícím dálkový přístup nebo jiným způsobem dohodnutým s místně příslušným správcem daně z příjmů a orgány uvedenými v § 25 zákona o pojistném na sociální zabezpečení a příspěvku na státní politiku zaměstnanosti; to platí též pro poskytování údajů a podkladů okresním správám sociálního zabezpečení.";norms;"<a data-odkaz-id=""20823953"" href=""#""  class=""ext_odkaz"">§ 25</a>";§ 25;20823953;ext_odkaz;NA;NA;NA;NA;esel-esb:právní-akt-odkaz/20823953;§ 25;JINEUSTAN;95955;esel-esb:eli/cz/sb/1992/589/2015-07-01/dokument/norma/par_25;55783;esel-esb:eli/cz/sb/2015/376/0000-00-00/dokument/norma/cast_4/par_25/odst_2;55783;2015/376;1992/589;2015/376;376/2015 Sb.
esel-esb:eli/cz/sb/2015/376/2018-01-01/dokument/norma/cast_4/par_25/odst_2;21858610;esel-esb:eli/cz/sb/2015/376/2018-01-01/dokument/norma/cast_4/par_25;§ 25 odst. 2;NA;2;NA;/2/4/7/2/;esel-esb:právní-akt-fragment/9708783;9708783;9708783;Odstavec_Dc;"(2) Pro podávání žádostí účastníka se použije § 123e odst. 2 a 3 zákona o organizaci a provádění sociálního zabezpečení obdobně. Okresní správy sociálního zabezpečení mohou podávat žádosti v elektronické podobě způsobem umožňujícím dálkový přístup nebo jiným způsobem dohodnutým s místně příslušným správcem daně z příjmů a orgány uvedenými v § 25 zákona o pojistném na sociální zabezpečení a příspěvku na státní politiku zaměstnanosti; to platí též pro poskytování údajů a podkladů okresním správám sociálního zabezpečení.";norms;"<a data-odkaz-id=""20823963"" href=""#""  class=""ext_odkaz"">o pojistném na sociální zabezpečení a příspěvku na státní politiku zaměstnanosti</a>";o pojistném na sociální zabezpečení a příspěvku na státní politiku zaměstnanosti;20823963;ext_odkaz;NA;NA;NA;NA;esel-esb:právní-akt-odkaz/20823963;o pojistném na sociální zabezpečení a příspěvku na státní politiku zaměstnanosti;JINYPRED;95955;esel-esb:eli/cz/sb/1992/589/2015-07-01/dokument;55783;esel-esb:eli/cz/sb/2015/376/0000-00-00/dokument/norma/cast_4/par_25/odst_2;55783;2015/376;1992/589;2015/376;376/2015 Sb.
esel-esb:eli/cz/sb/2015/376/2018-01-01/dokument/norma/cast_5/par_26/odst_1/pism_a;21858618;esel-esb:eli/cz/sb/2015/376/2018-01-01/dokument/norma/cast_5/par_26/odst_1;§ 26 odst. 1 písm. a);NA;a;NA;/2/5/2/2/1/;esel-esb:právní-akt-fragment/9708799;9708799;9708799;Pismeno_Lb;a) neoznámí účastníkovi nebo neuveřejní skutečnosti podle § 6,;norms;"<a data-odkaz-id=""20823913"" href=""#""  class=""int_odkaz"">§ 6</a>";§ 6;20823913;int_odkaz;NA;NA;NA;NA;esel-esb:právní-akt-odkaz/20823913;§ 6;INTUSTAN;55783;esel-esb:eli/cz/sb/2015/376/0000-00-00/dokument/norma/cast_1/par_6;55783;esel-esb:eli/cz/sb/2015/376/0000-00-00/dokument/norma/cast_5/par_26/odst_1/pism_a;55783;2015/376;2015/376;2015/376;376/2015 Sb.
esel-esb:eli/cz/sb/2015/376/2018-01-01/dokument/norma/cast_5/par_26/odst_1/pism_b;21858619;esel-esb:eli/cz/sb/2015/376/2018-01-01/dokument/norma/cast_5/par_26/odst_1;§ 26 odst. 1 písm. b);NA;b;NA;/2/5/2/2/2/;esel-esb:právní-akt-fragment/9708801;9708801;9708801;Pismeno_Lb;b) nezašle výpis o důchodovém spoření podle § 7,;norms;"<a data-odkaz-id=""20823903"" href=""#""  class=""int_odkaz"">§ 7</a>";§ 7;20823903;int_odkaz;NA;NA;NA;NA;esel-esb:právní-akt-odkaz/20823903;§ 7;INTUSTAN;55783;esel-esb:eli/cz/sb/2015/376/0000-00-00/dokument/norma/cast_1/par_7;55783;esel-esb:eli/cz/sb/2015/376/0000-00-00/dokument/norma/cast_5/par_26/odst_1/pism_b;55783;2015/376;2015/376;2015/376;376/2015 Sb.
esel-esb:eli/cz/sb/2015/376/2018-01-01/dokument/norma/cast_5/par_26/odst_1/pism_c;21858620;esel-esb:eli/cz/sb/2015/376/2018-01-01/dokument/norma/cast_5/par_26/odst_1;§ 26 odst. 1 písm. c);NA;c;NA;/2/5/2/2/3/;esel-esb:právní-akt-fragment/9708803;9708803;9708803;Pismeno_Lb;c) nesplní některou z povinností podle § 8,;norms;"<a data-odkaz-id=""20823893"" href=""#""  class=""int_odkaz"">§ 8</a>";§ 8;20823893;int_odkaz;NA;NA;NA;NA;esel-esb:právní-akt-odkaz/20823893;§ 8;INTUSTAN;55783;esel-esb:eli/cz/sb/2015/376/0000-00-00/dokument/norma/cast_1/par_8;55783;esel-esb:eli/cz/sb/2015/376/0000-00-00/dokument/norma/cast_5/par_26/odst_1/pism_c;55783;2015/376;2015/376;2015/376;376/2015 Sb.
esel-esb:eli/cz/sb/2015/376/2018-01-01/dokument/norma/cast_5/par_26/odst_1/pism_d;21858621;esel-esb:eli/cz/sb/2015/376/2018-01-01/dokument/norma/cast_5/par_26/odst_1;§ 26 odst. 1 písm. d);NA;d;NA;/2/5/2/2/4/;esel-esb:právní-akt-fragment/9708805;9708805;9708805;Pismeno_Lb;d) při hrazení nákladů podle tohoto zákona nebo stanovení výše úplaty za obhospodařování postupuje v rozporu s § 9,;norms;"<a data-odkaz-id=""20823883"" href=""#""  class=""int_odkaz"">§ 9</a>";§ 9;20823883;int_odkaz;NA;NA;NA;NA;esel-esb:právní-akt-odkaz/20823883;§ 9;INTUSTAN;55783;esel-esb:eli/cz/sb/2015/376/0000-00-00/dokument/norma/cast_1/par_9;55783;esel-esb:eli/cz/sb/2015/376/0000-00-00/dokument/norma/cast_5/par_26/odst_1/pism_d;55783;2015/376;2015/376;2015/376;376/2015 Sb.
esel-esb:eli/cz/sb/2015/376/2018-01-01/dokument/norma/cast_5/par_26/odst_1/pism_e;21858622;esel-esb:eli/cz/sb/2015/376/2018-01-01/dokument/norma/cast_5/par_26/odst_1;§ 26 odst. 1 písm. e);NA;e;NA;/2/5/2/2/5/;esel-esb:právní-akt-fragment/9708807;9708807;9708807;Pismeno_Lb;e) nevyplatí prostředky účastníků v souladu s § 11 odst. 1, 2 a 4,;norms;"<a data-odkaz-id=""20823853"" href=""#""  class=""int_odkaz"">§ 11 odst. 1</a>";§ 11 odst. 1;20823853;int_odkaz;NA;NA;NA;NA;esel-esb:právní-akt-odkaz/20823853;§ 11 odst. 1;INTUSTAN;55783;esel-esb:eli/cz/sb/2015/376/0000-00-00/dokument/norma/cast_1/par_11/odst_1;55783;esel-esb:eli/cz/sb/2015/376/0000-00-00/dokument/norma/cast_5/par_26/odst_1/pism_e;55783;2015/376;2015/376;2015/376;376/2015 Sb.
esel-esb:eli/cz/sb/2015/376/2018-01-01/dokument/norma/cast_5/par_26/odst_1/pism_e;21858622;esel-esb:eli/cz/sb/2015/376/2018-01-01/dokument/norma/cast_5/par_26/odst_1;§ 26 odst. 1 písm. e);NA;e;NA;/2/5/2/2/5/;esel-esb:právní-akt-fragment/9708807;9708807;9708807;Pismeno_Lb;e) nevyplatí prostředky účastníků v souladu s § 11 odst. 1, 2 a 4,;norms;"<a data-odkaz-id=""20823863"" href=""#""  class=""int_odkaz"">2</a>";2;20823863;int_odkaz;NA;NA;NA;NA;esel-esb:právní-akt-odkaz/20823863;2;INTUSTAN;55783;esel-esb:eli/cz/sb/2015/376/0000-00-00/dokument/norma/cast_1/par_11/odst_2;55783;esel-esb:eli/cz/sb/2015/376/0000-00-00/dokument/norma/cast_5/par_26/odst_1/pism_e;55783;2015/376;2015/376;2015/376;376/2015 Sb.
esel-esb:eli/cz/sb/2015/376/2018-01-01/dokument/norma/cast_5/par_26/odst_1/pism_e;21858622;esel-esb:eli/cz/sb/2015/376/2018-01-01/dokument/norma/cast_5/par_26/odst_1;§ 26 odst. 1 písm. e);NA;e;NA;/2/5/2/2/5/;esel-esb:právní-akt-fragment/9708807;9708807;9708807;Pismeno_Lb;e) nevyplatí prostředky účastníků v souladu s § 11 odst. 1, 2 a 4,;norms;"<a data-odkaz-id=""20823873"" href=""#""  class=""int_odkaz"">4</a>";4;20823873;int_odkaz;NA;NA;NA;NA;esel-esb:právní-akt-odkaz/20823873;4;INTUSTAN;55783;esel-esb:eli/cz/sb/2015/376/0000-00-00/dokument/norma/cast_1/par_11/odst_4;55783;esel-esb:eli/cz/sb/2015/376/0000-00-00/dokument/norma/cast_5/par_26/odst_1/pism_e;55783;2015/376;2015/376;2015/376;376/2015 Sb.
esel-esb:eli/cz/sb/2015/376/2018-01-01/dokument/norma/cast_5/par_26/odst_1/pism_f;21858623;esel-esb:eli/cz/sb/2015/376/2018-01-01/dokument/norma/cast_5/par_26/odst_1;§ 26 odst. 1 písm. f);NA;f;NA;/2/5/2/2/6/;esel-esb:právní-akt-fragment/9708809;9708809;9708809;Pismeno_Lb;f) při výplatě prostředků účastníkům postupuje v rozporu s § 11 odst. 2,;norms;"<a data-odkaz-id=""20823843"" href=""#""  class=""int_odkaz"">§ 11 odst. 2</a>";§ 11 odst. 2;20823843;int_odkaz;NA;NA;NA;NA;esel-esb:právní-akt-odkaz/20823843;§ 11 odst. 2;INTUSTAN;55783;esel-esb:eli/cz/sb/2015/376/0000-00-00/dokument/norma/cast_1/par_11/odst_2;55783;esel-esb:eli/cz/sb/2015/376/0000-00-00/dokument/norma/cast_5/par_26/odst_1/pism_f;55783;2015/376;2015/376;2015/376;376/2015 Sb.
esel-esb:eli/cz/sb/2015/376/2018-01-01/dokument/norma/cast_5/par_26/odst_1/pism_g;21858624;esel-esb:eli/cz/sb/2015/376/2018-01-01/dokument/norma/cast_5/par_26/odst_1;§ 26 odst. 1 písm. g);NA;g;NA;/2/5/2/2/7/;esel-esb:právní-akt-fragment/9708811;9708811;9708811;Pismeno_Lb;g) nezašle výpis důchodového spoření podle § 11 odst. 3,;norms;"<a data-odkaz-id=""20823833"" href=""#""  class=""int_odkaz"">§ 11 odst. 3</a>";§ 11 odst. 3;20823833;int_odkaz;NA;NA;NA;NA;esel-esb:právní-akt-odkaz/20823833;§ 11 odst. 3;INTUSTAN;55783;esel-esb:eli/cz/sb/2015/376/0000-00-00/dokument/norma/cast_1/par_11/odst_3;55783;esel-esb:eli/cz/sb/2015/376/0000-00-00/dokument/norma/cast_5/par_26/odst_1/pism_g;55783;2015/376;2015/376;2015/376;376/2015 Sb.
esel-esb:eli/cz/sb/2015/376/2018-01-01/dokument/norma/cast_5/par_26/odst_1/pism_h;21858625;esel-esb:eli/cz/sb/2015/376/2018-01-01/dokument/norma/cast_5/par_26/odst_1;§ 26 odst. 1 písm. h);NA;h;NA;/2/5/2/2/8/;esel-esb:právní-akt-fragment/9708813;9708813;9708813;Pismeno_Lb;h) při převodu na účet určený správcem pojistného postupuje v rozporu s § 11 odst. 4,;norms;"<a data-odkaz-id=""20823823"" href=""#""  class=""int_odkaz"">§ 11 odst. 4</a>";§ 11 odst. 4;20823823;int_odkaz;NA;NA;NA;NA;esel-esb:právní-akt-odkaz/20823823;§ 11 odst. 4;INTUSTAN;55783;esel-esb:eli/cz/sb/2015/376/0000-00-00/dokument/norma/cast_1/par_11/odst_4;55783;esel-esb:eli/cz/sb/2015/376/0000-00-00/dokument/norma/cast_5/par_26/odst_1/pism_h;55783;2015/376;2015/376;2015/376;376/2015 Sb.
esel-esb:eli/cz/sb/2015/376/2018-01-01/dokument/norma/cast_5/par_26/odst_1/pism_i;21858626;esel-esb:eli/cz/sb/2015/376/2018-01-01/dokument/norma/cast_5/par_26/odst_1;§ 26 odst. 1 písm. i);NA;i;NA;/2/5/2/2/9/;esel-esb:právní-akt-fragment/9708815;9708815;9708815;Pismeno_Lb;i) nesplní povinnost podle § 15, nebo;norms;"<a data-odkaz-id=""20823813"" href=""#""  class=""int_odkaz"">§ 15</a>";§ 15;20823813;int_odkaz;NA;NA;NA;NA;esel-esb:právní-akt-odkaz/20823813;§ 15;INTUSTAN;55783;esel-esb:eli/cz/sb/2015/376/0000-00-00/dokument/norma/cast_1/par_15;55783;esel-esb:eli/cz/sb/2015/376/0000-00-00/dokument/norma/cast_5/par_26/odst_1/pism_i;55783;2015/376;2015/376;2015/376;376/2015 Sb.
esel-esb:eli/cz/sb/2015/376/2018-01-01/dokument/norma/cast_5/par_26/odst_1/pism_j;21858627;esel-esb:eli/cz/sb/2015/376/2018-01-01/dokument/norma/cast_5/par_26/odst_1;§ 26 odst. 1 písm. j);NA;j;NA;/2/5/2/2/10/;esel-esb:právní-akt-fragment/9708817;9708817;9708817;Pismeno_Lb;j) neuchovává dokumenty a záznamy podle § 16.;norms;"<a data-odkaz-id=""20823803"" href=""#""  class=""int_odkaz"">§ 16</a>";§ 16;20823803;int_odkaz;NA;NA;NA;NA;esel-esb:právní-akt-odkaz/20823803;§ 16;INTUSTAN;55783;esel-esb:eli/cz/sb/2015/376/0000-00-00/dokument/norma/cast_1/par_16;55783;esel-esb:eli/cz/sb/2015/376/0000-00-00/dokument/norma/cast_5/par_26/odst_1/pism_j;55783;2015/376;2015/376;2015/376;376/2015 Sb.
esel-esb:eli/cz/sb/2015/376/2018-01-01/dokument/norma/cast_5/par_26/odst_2;21858628;esel-esb:eli/cz/sb/2015/376/2018-01-01/dokument/norma/cast_5/par_26;§ 26 odst. 2;NA;2;NA;/2/5/2/3/;esel-esb:právní-akt-fragment/9708907;9708907;9708819;Odstavec_Dc;(2) Depozitář důchodového fondu se dopustí přestupku tím, že postupuje v rozporu s § 13.;norms;"<a data-odkaz-id=""20630225"" href=""#""  class=""int_odkaz"">§ 13</a>";§ 13;20630225;int_odkaz;NA;NA;NA;NA;esel-esb:právní-akt-odkaz/20630225;§ 13;INTUSTAN;148749;esel-esb:eli/cz/sb/2015/376/2017-07-01/dokument/norma/cast_1/par_13;148749;esel-esb:eli/cz/sb/2015/376/2017-07-01/dokument/norma/cast_5/par_26/odst_2;148749;2015/376;2015/376;2015/376;376/2015 Sb.
esel-esb:eli/cz/sb/2015/376/2018-01-01/dokument/norma/cast_5/par_26/odst_3;21858629;esel-esb:eli/cz/sb/2015/376/2018-01-01/dokument/norma/cast_5/par_26;§ 26 odst. 3;NA;3;NA;/2/5/2/4/;esel-esb:právní-akt-fragment/9708909;9708909;9708821;Odstavec_Dc;(3) Právní nástupce penzijní společnosti nebo osoba, které bylo povolení k činnosti penzijní společnosti odňato, se dopustí přestupku tím, že neuchovává dokumenty a záznamy podle § 16.;norms;"<a data-odkaz-id=""20630531"" href=""#""  class=""int_odkaz"">§ 16</a>";§ 16;20630531;int_odkaz;NA;NA;NA;NA;esel-esb:právní-akt-odkaz/20630531;§ 16;INTUSTAN;148749;esel-esb:eli/cz/sb/2015/376/2017-07-01/dokument/norma/cast_1/par_16;148749;esel-esb:eli/cz/sb/2015/376/2017-07-01/dokument/norma/cast_5/par_26/odst_3;148749;2015/376;2015/376;2015/376;376/2015 Sb.
esel-esb:eli/cz/sb/2015/376/2018-01-01/dokument/norma/cast_5/par_26/odst_4;21858630;esel-esb:eli/cz/sb/2015/376/2018-01-01/dokument/norma/cast_5/par_26;§ 26 odst. 4;NA;4;NA;/2/5/2/5/;esel-esb:právní-akt-fragment/9708911;9708911;9708823;Odstavec_Dc;(4) Za přestupek podle odstavců 1 až 3 lze uložit pokutu do výše 10 000 000 Kč.;norms;"<a data-odkaz-id=""20630535"" href=""#""  class=""int_odkaz"">odstavců 1 až 3</a>";odstavců 1 až 3;20630535;int_odkaz;NA;NA;NA;NA;esel-esb:právní-akt-odkaz/20630535;odstavců 1 až 3;INTUSTAN;148749;esel-esb:eli/cz/sb/2015/376/2017-07-01/dokument/norma/cast_5/par_26/odst_1;148749;esel-esb:eli/cz/sb/2015/376/2017-07-01/dokument/norma/cast_5/par_26/odst_4;148749;2015/376;2015/376;2015/376;376/2015 Sb.
