fragment.iri;fragment.id;fragment.předek.iri;fragment.citace;fragment.citace.text;fragment.označení.uzlu;fragment.označení.uzlu.text;fragment.hierarchie;akt.fragment.iri;akt.fragment.id;fragment.base.id;typ.fragmentu;fragment.text_clean;source;tag;tag_clean;odkaz.id;class;data_eurlex;data_celexid;data_cellarid;data_orig_href;odkaz.iri;odkaz.citace.cíl;typ.vazba.odkazu;cíl.dokument.id;fragment.cíl.iri;fragment.cíl.dokument.id;fragment.zdroj.iri;fragment.zdroj.dokument.id;iri_z;iri_c;iri_v;akt.citace
esel-esb:eli/cz/sb/1991/451/2024-01-01/dokument/norma/par_1/odst_2;56064271;esel-esb:eli/cz/sb/1991/451/2024-01-01/dokument/norma/par_1;§ 1 odst. 2;NA;2;NA;/2/1/2/;esel-esb:právní-akt-fragment/2144763;2144763;2144481;Odstavec_Dc;(2) Funkcemi podle odstavce 1 písm. a) se rozumí v orgánech státní správy České republiky služební místa představených podle zákona o státní službě a pracovní místa vedoucích zaměstnanců, kteří jsou veřejnými funkcionáři podle § 2 odst. 2 zákona o střetu zájmů, a vedoucích zaměstnanců zařazených v Národním bezpečnostním úřadu, Národním úřadu pro kybernetickou a informační bezpečnost a v Nejvyšším kontrolním úřadu a funkcemi podle odstavce 1 písm. b) se rozumí v ozbrojených silách České republiky a v Generálním štábu Armády České republiky7) funkce s plánovanou hodností plukovník a generál a funkce vojenských přidělenců.;norms;"<a data-odkaz-id=""5810629"" href=""#""  class=""int_odkaz"">odstavce 1 písm. a)</a>";odstavce 1 písm. a);5810629;int_odkaz;NA;NA;NA;NA;esel-esb:právní-akt-odkaz/5810629;odstavce 1 písm. a);INTUSTAN;91297;esel-esb:eli/cz/sb/1991/451/2017-08-01/dokument/norma/par_2/odst_1/pism_a;91297;esel-esb:eli/cz/sb/1991/451/2017-08-01/dokument/norma/par_1/odst_2;91297;1991/451;1991/451;1991/451;451/1991 Sb.
esel-esb:eli/cz/sb/1991/451/2024-01-01/dokument/norma/par_1/odst_2;56064271;esel-esb:eli/cz/sb/1991/451/2024-01-01/dokument/norma/par_1;§ 1 odst. 2;NA;2;NA;/2/1/2/;esel-esb:právní-akt-fragment/2144763;2144763;2144481;Odstavec_Dc;(2) Funkcemi podle odstavce 1 písm. a) se rozumí v orgánech státní správy České republiky služební místa představených podle zákona o státní službě a pracovní místa vedoucích zaměstnanců, kteří jsou veřejnými funkcionáři podle § 2 odst. 2 zákona o střetu zájmů, a vedoucích zaměstnanců zařazených v Národním bezpečnostním úřadu, Národním úřadu pro kybernetickou a informační bezpečnost a v Nejvyšším kontrolním úřadu a funkcemi podle odstavce 1 písm. b) se rozumí v ozbrojených silách České republiky a v Generálním štábu Armády České republiky7) funkce s plánovanou hodností plukovník a generál a funkce vojenských přidělenců.;norms;"<a data-odkaz-id=""5810635"" href=""#""  class=""ext_odkaz"">§ 2 odst. 2</a>";§ 2 odst. 2;5810635;ext_odkaz;NA;NA;NA;NA;esel-esb:právní-akt-odkaz/5810635;§ 2 odst. 2;JINEUSTAN;129611;esel-esb:eli/cz/sb/2006/159/2007-01-01/dokument/norma/cast_1/hlava_1/par_2/odst_2;91297;esel-esb:eli/cz/sb/1991/451/2017-08-01/dokument/norma/par_1/odst_2;91297;1991/451;2006/159;1991/451;451/1991 Sb.
esel-esb:eli/cz/sb/1991/451/2024-01-01/dokument/norma/par_1/odst_2;56064271;esel-esb:eli/cz/sb/1991/451/2024-01-01/dokument/norma/par_1;§ 1 odst. 2;NA;2;NA;/2/1/2/;esel-esb:právní-akt-fragment/2144763;2144763;2144481;Odstavec_Dc;(2) Funkcemi podle odstavce 1 písm. a) se rozumí v orgánech státní správy České republiky služební místa představených podle zákona o státní službě a pracovní místa vedoucích zaměstnanců, kteří jsou veřejnými funkcionáři podle § 2 odst. 2 zákona o střetu zájmů, a vedoucích zaměstnanců zařazených v Národním bezpečnostním úřadu, Národním úřadu pro kybernetickou a informační bezpečnost a v Nejvyšším kontrolním úřadu a funkcemi podle odstavce 1 písm. b) se rozumí v ozbrojených silách České republiky a v Generálním štábu Armády České republiky7) funkce s plánovanou hodností plukovník a generál a funkce vojenských přidělenců.;norms;"<a data-odkaz-id=""5810641"" href=""#""  class=""ext_odkaz"">o střetu zájmů</a>";o střetu zájmů;5810641;ext_odkaz;NA;NA;NA;NA;esel-esb:právní-akt-odkaz/5810641;o střetu zájmů;JINYPRED;129637;esel-esb:eli/cz/sb/2006/159/2017-08-01/dokument;91297;esel-esb:eli/cz/sb/1991/451/2017-08-01/dokument/norma/par_1/odst_2;91297;1991/451;2006/159;1991/451;451/1991 Sb.
esel-esb:eli/cz/sb/1991/451/2024-01-01/dokument/norma/par_1/odst_2;56064271;esel-esb:eli/cz/sb/1991/451/2024-01-01/dokument/norma/par_1;§ 1 odst. 2;NA;2;NA;/2/1/2/;esel-esb:právní-akt-fragment/2144763;2144763;2144481;Odstavec_Dc;(2) Funkcemi podle odstavce 1 písm. a) se rozumí v orgánech státní správy České republiky služební místa představených podle zákona o státní službě a pracovní místa vedoucích zaměstnanců, kteří jsou veřejnými funkcionáři podle § 2 odst. 2 zákona o střetu zájmů, a vedoucích zaměstnanců zařazených v Národním bezpečnostním úřadu, Národním úřadu pro kybernetickou a informační bezpečnost a v Nejvyšším kontrolním úřadu a funkcemi podle odstavce 1 písm. b) se rozumí v ozbrojených silách České republiky a v Generálním štábu Armády České republiky7) funkce s plánovanou hodností plukovník a generál a funkce vojenských přidělenců.;norms;"<a data-odkaz-id=""5810647"" href=""#""  class=""int_odkaz"">odstavce 1 písm. b)</a>";odstavce 1 písm. b);5810647;int_odkaz;NA;NA;NA;NA;esel-esb:právní-akt-odkaz/5810647;odstavce 1 písm. b);INTUSTAN;91297;esel-esb:eli/cz/sb/1991/451/2017-08-01/dokument/norma/par_2/odst_1/pism_b;91297;esel-esb:eli/cz/sb/1991/451/2017-08-01/dokument/norma/par_1/odst_2;91297;1991/451;1991/451;1991/451;451/1991 Sb.
esel-esb:eli/cz/sb/1991/451/2024-01-01/dokument/norma/par_1/odst_2;56064271;esel-esb:eli/cz/sb/1991/451/2024-01-01/dokument/norma/par_1;§ 1 odst. 2;NA;2;NA;/2/1/2/;esel-esb:právní-akt-fragment/2144763;2144763;2144481;Odstavec_Dc;(2) Funkcemi podle odstavce 1 písm. a) se rozumí v orgánech státní správy České republiky služební místa představených podle zákona o státní službě a pracovní místa vedoucích zaměstnanců, kteří jsou veřejnými funkcionáři podle § 2 odst. 2 zákona o střetu zájmů, a vedoucích zaměstnanců zařazených v Národním bezpečnostním úřadu, Národním úřadu pro kybernetickou a informační bezpečnost a v Nejvyšším kontrolním úřadu a funkcemi podle odstavce 1 písm. b) se rozumí v ozbrojených silách České republiky a v Generálním štábu Armády České republiky7) funkce s plánovanou hodností plukovník a generál a funkce vojenských přidělenců.;norms;"<a data-odkaz-id=""5810653"" href=""#""  class=""int_odkaz""><sup>7</sup>)</a>";7);5810653;int_odkaz;NA;NA;NA;NA;esel-esb:právní-akt-odkaz/5810653;<sup>7</sup>);POZNAMKA;91297;esel-esb:eli/cz/sb/1991/451/2017-08-01/dokument/poznamkypodcarou/ppc_7;91297;esel-esb:eli/cz/sb/1991/451/2017-08-01/dokument/norma/par_1/odst_2;91297;1991/451;1991/451;1991/451;451/1991 Sb.
esel-esb:eli/cz/sb/1991/451/2024-01-01/dokument/norma/par_1/odst_3;56064272;esel-esb:eli/cz/sb/1991/451/2024-01-01/dokument/norma/par_1;§ 1 odst. 3;NA;3;NA;/2/1/3/;esel-esb:právní-akt-fragment/2144709;2144709;2144483;Odstavec_Dc;(3) Funkcemi podle § 1 odst. 1 písm. f) se rozumí funkce vedoucího organizace a vedoucích pracovníků v jeho přímé řídící působnosti a služební místa představených podle zákona o státní službě. Na vysokých školách a na veřejných vysokých školác5) se těmito funkcemi rozumějí rovněž funkce volených akademických funkcionářů a funkce schvalované akademickým senátem vysoké školy a fakulty. Funkcemi podle odstavce 1 písm. g) se rozumí funkce vedoucího úřadu a vedoucích úředníků.;norms;"<a data-odkaz-id=""5810497"" href=""#""  class=""int_odkaz"">§ 1 odst. 1 písm. f)</a>";§ 1 odst. 1 písm. f);5810497;int_odkaz;NA;NA;NA;NA;esel-esb:právní-akt-odkaz/5810497;§ 1 odst. 1 písm. f);INTUSTAN;91289;esel-esb:eli/cz/sb/1991/451/2015-01-01/dokument/norma/par_1/odst_1/pism_f;91289;esel-esb:eli/cz/sb/1991/451/2015-01-01/dokument/norma/par_1/odst_3;91289;1991/451;1991/451;1991/451;451/1991 Sb.
esel-esb:eli/cz/sb/1991/451/2024-01-01/dokument/norma/par_1/odst_3;56064272;esel-esb:eli/cz/sb/1991/451/2024-01-01/dokument/norma/par_1;§ 1 odst. 3;NA;3;NA;/2/1/3/;esel-esb:právní-akt-fragment/2144709;2144709;2144483;Odstavec_Dc;(3) Funkcemi podle § 1 odst. 1 písm. f) se rozumí funkce vedoucího organizace a vedoucích pracovníků v jeho přímé řídící působnosti a služební místa představených podle zákona o státní službě. Na vysokých školách a na veřejných vysokých školác5) se těmito funkcemi rozumějí rovněž funkce volených akademických funkcionářů a funkce schvalované akademickým senátem vysoké školy a fakulty. Funkcemi podle odstavce 1 písm. g) se rozumí funkce vedoucího úřadu a vedoucích úředníků.;norms;"<a data-odkaz-id=""5810511"" href=""#""  class=""int_odkaz""><sup>5</sup>)</a>";5);5810511;int_odkaz;NA;NA;NA;NA;esel-esb:právní-akt-odkaz/5810511;<sup>5</sup>);POZNAMKA;91289;esel-esb:eli/cz/sb/1991/451/2015-01-01/dokument/poznamkypodcarou/ppc_5;91289;esel-esb:eli/cz/sb/1991/451/2015-01-01/dokument/norma/par_1/odst_3;91289;1991/451;1991/451;1991/451;451/1991 Sb.
esel-esb:eli/cz/sb/1991/451/2024-01-01/dokument/norma/par_1/odst_3;56064272;esel-esb:eli/cz/sb/1991/451/2024-01-01/dokument/norma/par_1;§ 1 odst. 3;NA;3;NA;/2/1/3/;esel-esb:právní-akt-fragment/2144709;2144709;2144483;Odstavec_Dc;(3) Funkcemi podle § 1 odst. 1 písm. f) se rozumí funkce vedoucího organizace a vedoucích pracovníků v jeho přímé řídící působnosti a služební místa představených podle zákona o státní službě. Na vysokých školách a na veřejných vysokých školác5) se těmito funkcemi rozumějí rovněž funkce volených akademických funkcionářů a funkce schvalované akademickým senátem vysoké školy a fakulty. Funkcemi podle odstavce 1 písm. g) se rozumí funkce vedoucího úřadu a vedoucích úředníků.;norms;"<a data-odkaz-id=""5810525"" href=""#""  class=""int_odkaz"">odstavce 1 písm. g)</a>";odstavce 1 písm. g);5810525;int_odkaz;NA;NA;NA;NA;esel-esb:právní-akt-odkaz/5810525;odstavce 1 písm. g);INTUSTAN;91289;esel-esb:eli/cz/sb/1991/451/2015-01-01/dokument/norma/par_1/odst_1/pism_g;91289;esel-esb:eli/cz/sb/1991/451/2015-01-01/dokument/norma/par_1/odst_3;91289;1991/451;1991/451;1991/451;451/1991 Sb.
esel-esb:eli/cz/sb/1991/451/2024-01-01/dokument/norma/par_1/odst_5;56064274;esel-esb:eli/cz/sb/1991/451/2024-01-01/dokument/norma/par_1;§ 1 odst. 5;NA;5;NA;/2/1/5/;esel-esb:právní-akt-fragment/2144491;2144491;2144491;Odstavec_Dc;(5) Tento zákon stanoví též podmínky spolehlivosti pro možnost provozování některých koncesovaných živností.1);norms;"<a data-odkaz-id=""6188543"" href=""#""  class=""int_odkaz""><sup>1</sup>)</a>";1);6188543;int_odkaz;NA;NA;NA;NA;esel-esb:právní-akt-odkaz/6188543;<sup>1</sup>);POZNAMKA;28259;esel-esb:eli/cz/sb/1991/451/0000-00-00/dokument/poznamkypodcarou/ppc_1;28259;esel-esb:eli/cz/sb/1991/451/0000-00-00/dokument/norma/par_1/odst_5;28259;1991/451;1991/451;1991/451;451/1991 Sb.
esel-esb:eli/cz/sb/1991/451/2024-01-01/dokument/norma/par_2/odst_1;56064276;esel-esb:eli/cz/sb/1991/451/2024-01-01/dokument/norma/par_2;NA;NA;1;NA;/2/2/1/;esel-esb:právní-akt-fragment/2144495;2144495;2144495;Odstavec_Dc;(1) Předpokladem pro výkon funkce uvedené v § 1 je, že občan v období od 25. 2. 1948 do 17. 11. 1989 nebyl;norms;"<a data-odkaz-id=""6188573"" href=""#""  class=""int_odkaz"">§ 1</a>";§ 1;6188573;int_odkaz;NA;NA;NA;NA;esel-esb:právní-akt-odkaz/6188573;§ 1;INTUSTAN;28259;esel-esb:eli/cz/sb/1991/451/0000-00-00/dokument/norma/par_1;28259;esel-esb:eli/cz/sb/1991/451/0000-00-00/dokument/norma/par_2/odst_1;28259;1991/451;1991/451;1991/451;451/1991 Sb.
esel-esb:eli/cz/sb/1991/451/2024-01-01/dokument/norma/par_2/odst_1/pism_e;56064280;esel-esb:eli/cz/sb/1991/451/2024-01-01/dokument/norma/par_2/odst_1;§ 2 odst. 1 písm. e);NA;e;NA;/2/2/1/4/;esel-esb:právní-akt-fragment/2144505;2144505;2144505;Pismeno_Lb;e) pracovníkem aparátu organů uvedených pod písmenem d) na úseku politického řízení Sboru národní bezpečnosti,;norms;"<a data-odkaz-id=""6188603"" href=""#""  class=""int_odkaz"">písmenem d)</a>";písmenem d);6188603;int_odkaz;NA;NA;NA;NA;esel-esb:právní-akt-odkaz/6188603;písmenem d);INTUSTAN;28259;esel-esb:eli/cz/sb/1991/451/0000-00-00/dokument/norma/par_2/odst_1/pism_d;28259;esel-esb:eli/cz/sb/1991/451/0000-00-00/dokument/norma/par_2/odst_1/pism_e;28259;1991/451;1991/451;1991/451;451/1991 Sb.
esel-esb:eli/cz/sb/1991/451/2024-01-01/dokument/norma/par_3/odst_1;56064285;esel-esb:eli/cz/sb/1991/451/2024-01-01/dokument/norma/par_3;NA;NA;1;NA;/2/3/1/;esel-esb:právní-akt-fragment/2144519;2144519;2144519;Odstavec_Dc;(1) Předpokladem pro výkon funkcí podle § 1 ve federálním ministerstvu vnitra, Federální bezpečnostní informační službě, ve Federálním policejním sboru a Sboru hradní policie je, že občan v období od 25. 2. 1948 do 17. 11. 1989 nebyl;norms;"<a data-odkaz-id=""6188641"" href=""#""  class=""int_odkaz"">§ 1</a>";§ 1;6188641;int_odkaz;NA;NA;NA;NA;esel-esb:právní-akt-odkaz/6188641;§ 1;INTUSTAN;28259;esel-esb:eli/cz/sb/1991/451/0000-00-00/dokument/norma/par_1;28259;esel-esb:eli/cz/sb/1991/451/0000-00-00/dokument/norma/par_3/odst_1;28259;1991/451;1991/451;1991/451;451/1991 Sb.
esel-esb:eli/cz/sb/1991/451/2024-01-01/dokument/norma/par_3/odst_1/pism_e;56064290;esel-esb:eli/cz/sb/1991/451/2024-01-01/dokument/norma/par_3/odst_1;§ 3 odst. 1 písm. e);NA;e;NA;/2/3/1/5/;esel-esb:právní-akt-fragment/2144529;2144529;2144529;Pismeno_Lb;e) osobou uvedenou v § 2 odst. 1 písm. b) až g).;norms;"<a data-odkaz-id=""6188671"" href=""#""  class=""int_odkaz"">§ 2 odst. 1 písm. b) až g)</a>";§ 2 odst. 1 písm. b) až g);6188671;int_odkaz;NA;NA;NA;NA;esel-esb:právní-akt-odkaz/6188671;§ 2 odst. 1 písm. b) až g);INTUSTAN;28259;esel-esb:eli/cz/sb/1991/451/0000-00-00/dokument/norma/par_2/odst_1/pism_b;28259;esel-esb:eli/cz/sb/1991/451/0000-00-00/dokument/norma/par_3/odst_1/pism_e;28259;1991/451;1991/451;1991/451;451/1991 Sb.
esel-esb:eli/cz/sb/1991/451/2024-01-01/dokument/norma/par_4/odst_1;56064292;esel-esb:eli/cz/sb/1991/451/2024-01-01/dokument/norma/par_4;§ 4 odst. 1;NA;1;NA;/2/4/1/;esel-esb:právní-akt-fragment/2144535;2144535;2144535;Odstavec_Dc;(1) Skutečnosti uvedené v § 2 odst. 1 písm. a) a b) dokládá občan osvědčením vydaným federálním ministerstvem vnitra.;norms;"<a data-odkaz-id=""6265159"" href=""#""  class=""int_odkaz"">§ 2 odst. 1 písm. a)</a>";§ 2 odst. 1 písm. a);6265159;int_odkaz;NA;NA;NA;NA;esel-esb:právní-akt-odkaz/6265159;§ 2 odst. 1 písm. a);INTUSTAN;28259;esel-esb:eli/cz/sb/1991/451/0000-00-00/dokument/norma/par_2/odst_1/pism_a;28259;esel-esb:eli/cz/sb/1991/451/0000-00-00/dokument/norma/par_4/odst_1;28259;1991/451;1991/451;1991/451;451/1991 Sb.
esel-esb:eli/cz/sb/1991/451/2024-01-01/dokument/norma/par_4/odst_1;56064292;esel-esb:eli/cz/sb/1991/451/2024-01-01/dokument/norma/par_4;§ 4 odst. 1;NA;1;NA;/2/4/1/;esel-esb:právní-akt-fragment/2144535;2144535;2144535;Odstavec_Dc;(1) Skutečnosti uvedené v § 2 odst. 1 písm. a) a b) dokládá občan osvědčením vydaným federálním ministerstvem vnitra.;norms;"<a data-odkaz-id=""6265189"" href=""#""  class=""int_odkaz"">b)</a>";b);6265189;int_odkaz;NA;NA;NA;NA;esel-esb:právní-akt-odkaz/6265189;b);INTUSTAN;28259;esel-esb:eli/cz/sb/1991/451/0000-00-00/dokument/norma/par_2/odst_1/pism_b;28259;esel-esb:eli/cz/sb/1991/451/0000-00-00/dokument/norma/par_4/odst_1;28259;1991/451;1991/451;1991/451;451/1991 Sb.
esel-esb:eli/cz/sb/1991/451/2024-01-01/dokument/norma/par_4/odst_3;56064293;esel-esb:eli/cz/sb/1991/451/2024-01-01/dokument/norma/par_4;§ 4 odst. 3;NA;3;NA;/2/4/2/;esel-esb:právní-akt-fragment/2144539;2144539;2144539;Odstavec_Dc;(3) Skutečnosti uvedené v § 2 odst. 1 písm. d) až h) dokládá občan čestným prohlášením.;norms;"<a data-odkaz-id=""6265227"" href=""#""  class=""int_odkaz"">§ 2 odst. 1 písm. d) až h)</a>";§ 2 odst. 1 písm. d) až h);6265227;int_odkaz;NA;NA;NA;NA;esel-esb:právní-akt-odkaz/6265227;§ 2 odst. 1 písm. d) až h);INTUSTAN;28259;esel-esb:eli/cz/sb/1991/451/0000-00-00/dokument/norma/par_2/odst_1/pism_d;28259;esel-esb:eli/cz/sb/1991/451/0000-00-00/dokument/norma/par_4/odst_3;28259;1991/451;1991/451;1991/451;451/1991 Sb.
esel-esb:eli/cz/sb/1991/451/2024-01-01/dokument/norma/par_5/frag_2144545;56064295;esel-esb:eli/cz/sb/1991/451/2024-01-01/dokument/norma/par_5;NA;NA;NA;NA;/2/5/1/;esel-esb:právní-akt-fragment/2144545;2144545;2144545;Odstavec_Dc;Občan, který má vykonávat funkci v orgánu nebo organizaci uvedených v § 1, předkládá osvědčení, čestné prohlášení, popřípadě nález vedoucímu tohoto orgánu nebo organizace. O vydání osvědčení žádá federální ministerstvo vnitra občan, pokud dále není uvedeno jinak.;norms;"<a data-odkaz-id=""6265261"" href=""#""  class=""int_odkaz"">§ 1</a>";§ 1;6265261;int_odkaz;NA;NA;NA;NA;esel-esb:právní-akt-odkaz/6265261;§ 1;INTUSTAN;28259;esel-esb:eli/cz/sb/1991/451/0000-00-00/dokument/norma/par_1;28259;esel-esb:eli/cz/sb/1991/451/0000-00-00/dokument/norma/par_5/frag_2144545;28259;1991/451;1991/451;1991/451;451/1991 Sb.
esel-esb:eli/cz/sb/1991/451/2024-01-01/dokument/norma/par_6/odst_1;56064297;esel-esb:eli/cz/sb/1991/451/2024-01-01/dokument/norma/par_6;§ 6 odst. 1;NA;1;NA;/2/6/1/;esel-esb:právní-akt-fragment/2144549;2144549;2144549;Odstavec_Dc;(1) Namísto občana, který má vykonávat funkci uvedenou v § 1, nebo občana, který takovou funkci ke dni účinnosti tohoto zákona vykonává, žádá federální ministerstvo vnitra o vydávání osvědčení,;norms;"<a data-odkaz-id=""6265291"" href=""#""  class=""int_odkaz"">§ 1</a>";§ 1;6265291;int_odkaz;NA;NA;NA;NA;esel-esb:právní-akt-odkaz/6265291;§ 1;INTUSTAN;28259;esel-esb:eli/cz/sb/1991/451/0000-00-00/dokument/norma/par_1;28259;esel-esb:eli/cz/sb/1991/451/0000-00-00/dokument/norma/par_6/odst_1;28259;1991/451;1991/451;1991/451;451/1991 Sb.
esel-esb:eli/cz/sb/1991/451/2024-01-01/dokument/norma/par_6/odst_2;56064302;esel-esb:eli/cz/sb/1991/451/2024-01-01/dokument/norma/par_6;§ 6 odst. 2;NA;2;NA;/2/6/2/;esel-esb:právní-akt-fragment/2144559;2144559;2144559;Odstavec_Dc;(2) Žádost o vydání osvědčení namísto občana, který ke dni účinnosti tohoto zákona vykonává funkci uvedenou v § 1, musí být zaslána federálnímu ministerstvu vnitra nejpozději do 30 dnů ode dne účinnosti tohoto zákona.;norms;"<a data-odkaz-id=""6265321"" href=""#""  class=""int_odkaz"">§ 1</a>";§ 1;6265321;int_odkaz;NA;NA;NA;NA;esel-esb:právní-akt-odkaz/6265321;§ 1;INTUSTAN;28259;esel-esb:eli/cz/sb/1991/451/0000-00-00/dokument/norma/par_1;28259;esel-esb:eli/cz/sb/1991/451/0000-00-00/dokument/norma/par_6/odst_2;28259;1991/451;1991/451;1991/451;451/1991 Sb.
esel-esb:eli/cz/sb/1991/451/2024-01-01/dokument/norma/par_6/odst_4;56064304;esel-esb:eli/cz/sb/1991/451/2024-01-01/dokument/norma/par_6;§ 6 odst. 4;NA;4;NA;/2/6/4/;esel-esb:právní-akt-fragment/2144563;2144563;2144563;Odstavec_Dc;(4) Jestliže občan, který ke dni účinnosti tohoto zákona vykonává funkci uvedenou v § 1, nepředloží osvědčení vedoucímu orgánu nebo organizace do 30 dnů po jeho obdržení, požádá vedoucí orgánu nebo organizace do sedmi dnů federální ministerstvo vnitra o zaslání opisu osvědčení.;norms;"<a data-odkaz-id=""6265351"" href=""#""  class=""int_odkaz"">§ 1</a>";§ 1;6265351;int_odkaz;NA;NA;NA;NA;esel-esb:právní-akt-odkaz/6265351;§ 1;INTUSTAN;28259;esel-esb:eli/cz/sb/1991/451/0000-00-00/dokument/norma/par_1;28259;esel-esb:eli/cz/sb/1991/451/0000-00-00/dokument/norma/par_6/odst_4;28259;1991/451;1991/451;1991/451;451/1991 Sb.
esel-esb:eli/cz/sb/1991/451/2024-01-01/dokument/norma/par_8/odst_1;56064308;esel-esb:eli/cz/sb/1991/451/2024-01-01/dokument/norma/par_8;§ 8 odst. 1;NA;1;NA;/2/8/1/;esel-esb:právní-akt-fragment/2144571;2144571;2144571;Odstavec_Dc;(1) Každý občan starší 18 let má právo si požádat federální ministerstvo vnitra o vydání osvědčení podle § 2 odst. 1 písm. a), b) a c), popřípadě i nálezu podle § 13.;norms;"<a data-odkaz-id=""6265381"" href=""#""  class=""int_odkaz"">§ 2 odst. 1 písm. a)</a>";§ 2 odst. 1 písm. a);6265381;int_odkaz;NA;NA;NA;NA;esel-esb:právní-akt-odkaz/6265381;§ 2 odst. 1 písm. a);INTUSTAN;28259;esel-esb:eli/cz/sb/1991/451/0000-00-00/dokument/norma/par_2/odst_1/pism_a;28259;esel-esb:eli/cz/sb/1991/451/0000-00-00/dokument/norma/par_8/odst_1;28259;1991/451;1991/451;1991/451;451/1991 Sb.
esel-esb:eli/cz/sb/1991/451/2024-01-01/dokument/norma/par_8/odst_1;56064308;esel-esb:eli/cz/sb/1991/451/2024-01-01/dokument/norma/par_8;§ 8 odst. 1;NA;1;NA;/2/8/1/;esel-esb:právní-akt-fragment/2144571;2144571;2144571;Odstavec_Dc;(1) Každý občan starší 18 let má právo si požádat federální ministerstvo vnitra o vydání osvědčení podle § 2 odst. 1 písm. a), b) a c), popřípadě i nálezu podle § 13.;norms;"<a data-odkaz-id=""6265411"" href=""#""  class=""int_odkaz"">b)</a>";b);6265411;int_odkaz;NA;NA;NA;NA;esel-esb:právní-akt-odkaz/6265411;b);INTUSTAN;28259;esel-esb:eli/cz/sb/1991/451/0000-00-00/dokument/norma/par_2/odst_1/pism_b;28259;esel-esb:eli/cz/sb/1991/451/0000-00-00/dokument/norma/par_8/odst_1;28259;1991/451;1991/451;1991/451;451/1991 Sb.
esel-esb:eli/cz/sb/1991/451/2024-01-01/dokument/norma/par_8/odst_1;56064308;esel-esb:eli/cz/sb/1991/451/2024-01-01/dokument/norma/par_8;§ 8 odst. 1;NA;1;NA;/2/8/1/;esel-esb:právní-akt-fragment/2144571;2144571;2144571;Odstavec_Dc;(1) Každý občan starší 18 let má právo si požádat federální ministerstvo vnitra o vydání osvědčení podle § 2 odst. 1 písm. a), b) a c), popřípadě i nálezu podle § 13.;norms;"<a data-odkaz-id=""6265441"" href=""#""  class=""int_odkaz"">c)</a>";c);6265441;int_odkaz;NA;NA;NA;NA;esel-esb:právní-akt-odkaz/6265441;c);INTUSTAN;28259;esel-esb:eli/cz/sb/1991/451/0000-00-00/dokument/norma/par_2/odst_1/pism_c;28259;esel-esb:eli/cz/sb/1991/451/0000-00-00/dokument/norma/par_8/odst_1;28259;1991/451;1991/451;1991/451;451/1991 Sb.
esel-esb:eli/cz/sb/1991/451/2024-01-01/dokument/norma/par_8/odst_1;56064308;esel-esb:eli/cz/sb/1991/451/2024-01-01/dokument/norma/par_8;§ 8 odst. 1;NA;1;NA;/2/8/1/;esel-esb:právní-akt-fragment/2144571;2144571;2144571;Odstavec_Dc;(1) Každý občan starší 18 let má právo si požádat federální ministerstvo vnitra o vydání osvědčení podle § 2 odst. 1 písm. a), b) a c), popřípadě i nálezu podle § 13.;norms;"<a data-odkaz-id=""6265445"" href=""#""  class=""int_odkaz"">§ 13</a>";§ 13;6265445;int_odkaz;NA;NA;NA;NA;esel-esb:právní-akt-odkaz/6265445;§ 13;INTUSTAN;28259;esel-esb:eli/cz/sb/1991/451/0000-00-00/dokument/norma/par_13;28259;esel-esb:eli/cz/sb/1991/451/0000-00-00/dokument/norma/par_8/odst_1;28259;1991/451;1991/451;1991/451;451/1991 Sb.
esel-esb:eli/cz/sb/1991/451/2024-01-01/dokument/norma/par_9/odst_1;56064311;esel-esb:eli/cz/sb/1991/451/2024-01-01/dokument/norma/par_9;§ 9 odst. 1;NA;1;NA;/2/9/1/;esel-esb:právní-akt-fragment/2144577;2144577;2144577;Odstavec_Dc;"(1) Osvědčení vydává federální ministerstvo vnitra a doručuje je občanovi do vlastních rukou; to neplatí, vydává-li osvědčení podle § 7.";norms;"<a data-odkaz-id=""6265457"" href=""#""  class=""int_odkaz"">§ 7</a>";§ 7;6265457;int_odkaz;NA;NA;NA;NA;esel-esb:právní-akt-odkaz/6265457;§ 7;INTUSTAN;28259;esel-esb:eli/cz/sb/1991/451/0000-00-00/dokument/norma/par_7;28259;esel-esb:eli/cz/sb/1991/451/0000-00-00/dokument/norma/par_9/odst_1;28259;1991/451;1991/451;1991/451;451/1991 Sb.
esel-esb:eli/cz/sb/1991/451/2024-01-01/dokument/norma/par_13/odst_3;56064321;esel-esb:eli/cz/sb/1991/451/2024-01-01/dokument/norma/par_13;§ 13 odst. 3;NA;3;NA;/2/11/4/;esel-esb:právní-akt-fragment/2144761;2144761;2144761;Odstavec_Dc;(3) Za přestupek podle odstavce 1 nebo 2 lze uložit pokutu do 50 000 Kč.;norms;"<a data-odkaz-id=""5810613"" href=""#""  class=""int_odkaz"">odstavce 1</a>";odstavce 1;5810613;int_odkaz;NA;NA;NA;NA;esel-esb:právní-akt-odkaz/5810613;odstavce 1;INTUSTAN;91295;esel-esb:eli/cz/sb/1991/451/2017-07-01/dokument/norma/par_13/odst_1;91295;esel-esb:eli/cz/sb/1991/451/2017-07-01/dokument/norma/par_13/odst_3;91295;1991/451;1991/451;1991/451;451/1991 Sb.
esel-esb:eli/cz/sb/1991/451/2024-01-01/dokument/norma/par_13/odst_3;56064321;esel-esb:eli/cz/sb/1991/451/2024-01-01/dokument/norma/par_13;§ 13 odst. 3;NA;3;NA;/2/11/4/;esel-esb:právní-akt-fragment/2144761;2144761;2144761;Odstavec_Dc;(3) Za přestupek podle odstavce 1 nebo 2 lze uložit pokutu do 50 000 Kč.;norms;"<a data-odkaz-id=""5810621"" href=""#""  class=""int_odkaz"">2</a>";2;5810621;int_odkaz;NA;NA;NA;NA;esel-esb:právní-akt-odkaz/5810621;2;INTUSTAN;91295;esel-esb:eli/cz/sb/1991/451/2017-07-01/dokument/norma/par_13/odst_2;91295;esel-esb:eli/cz/sb/1991/451/2017-07-01/dokument/norma/par_13/odst_3;91295;1991/451;1991/451;1991/451;451/1991 Sb.
esel-esb:eli/cz/sb/1991/451/2024-01-01/dokument/norma/par_14/odst_1;56064323;esel-esb:eli/cz/sb/1991/451/2024-01-01/dokument/norma/par_14;§ 14 odst. 1;NA;1;NA;/2/12/1/;esel-esb:právní-akt-fragment/2144629;2144629;2144629;Odstavec_Dc;(1) Nesplňuje-li občan pro výkon funkce předpoklady uvedené v § 2, skončí pracovní poměr výpovědí danou organizací nejpozději do 15 dnů ode dne, kdy se organizace o tom dozvěděla, pokud nedojde ke skončení pracovního poměru dohodou nebo jiným způsobem v dřívějším termínu, nebo nedojde-li k zařazení občana na jinou funkci, než která je uvedená v § 1.;norms;"<a data-odkaz-id=""5808913"" href=""#""  class=""int_odkaz"">§ 2</a>";§ 2;5808913;int_odkaz;NA;NA;NA;NA;esel-esb:právní-akt-odkaz/5808913;§ 2;INTUSTAN;28259;esel-esb:eli/cz/sb/1991/451/0000-00-00/dokument/norma/par_2;28259;esel-esb:eli/cz/sb/1991/451/0000-00-00/dokument/norma/par_14/odst_1;28259;1991/451;1991/451;1991/451;451/1991 Sb.
esel-esb:eli/cz/sb/1991/451/2024-01-01/dokument/norma/par_14/odst_1;56064323;esel-esb:eli/cz/sb/1991/451/2024-01-01/dokument/norma/par_14;§ 14 odst. 1;NA;1;NA;/2/12/1/;esel-esb:právní-akt-fragment/2144629;2144629;2144629;Odstavec_Dc;(1) Nesplňuje-li občan pro výkon funkce předpoklady uvedené v § 2, skončí pracovní poměr výpovědí danou organizací nejpozději do 15 dnů ode dne, kdy se organizace o tom dozvěděla, pokud nedojde ke skončení pracovního poměru dohodou nebo jiným způsobem v dřívějším termínu, nebo nedojde-li k zařazení občana na jinou funkci, než která je uvedená v § 1.;norms;"<a data-odkaz-id=""5808943"" href=""#""  class=""int_odkaz"">§ 1</a>";§ 1;5808943;int_odkaz;NA;NA;NA;NA;esel-esb:právní-akt-odkaz/5808943;§ 1;INTUSTAN;28259;esel-esb:eli/cz/sb/1991/451/0000-00-00/dokument/norma/par_1;28259;esel-esb:eli/cz/sb/1991/451/0000-00-00/dokument/norma/par_14/odst_1;28259;1991/451;1991/451;1991/451;451/1991 Sb.
esel-esb:eli/cz/sb/1991/451/2024-01-01/dokument/norma/par_14/odst_2;56064324;esel-esb:eli/cz/sb/1991/451/2024-01-01/dokument/norma/par_14;§ 14 odst. 2;NA;2;NA;/2/12/2/;esel-esb:právní-akt-fragment/2144631;2144631;2144631;Odstavec_Dc;(2) Ustanovení odstavce 1 platí obdobně pro skončení služebního poměru propuštěním,2) pokud občan nesplňuje pro výkon funkce předpoklady uvedené v § 3.;norms;"<a data-odkaz-id=""5808973"" href=""#""  class=""int_odkaz"">odstavce 1</a>";odstavce 1;5808973;int_odkaz;NA;NA;NA;NA;esel-esb:právní-akt-odkaz/5808973;odstavce 1;INTUSTAN;28259;esel-esb:eli/cz/sb/1991/451/0000-00-00/dokument/norma/par_14/odst_1;28259;esel-esb:eli/cz/sb/1991/451/0000-00-00/dokument/norma/par_14/odst_2;28259;1991/451;1991/451;1991/451;451/1991 Sb.
esel-esb:eli/cz/sb/1991/451/2024-01-01/dokument/norma/par_14/odst_2;56064324;esel-esb:eli/cz/sb/1991/451/2024-01-01/dokument/norma/par_14;§ 14 odst. 2;NA;2;NA;/2/12/2/;esel-esb:právní-akt-fragment/2144631;2144631;2144631;Odstavec_Dc;(2) Ustanovení odstavce 1 platí obdobně pro skončení služebního poměru propuštěním,2) pokud občan nesplňuje pro výkon funkce předpoklady uvedené v § 3.;norms;"<a data-odkaz-id=""5809003"" href=""#""  class=""int_odkaz""><sup>2</sup>)</a>";2);5809003;int_odkaz;NA;NA;NA;NA;esel-esb:právní-akt-odkaz/5809003;<sup>2</sup>);POZNAMKA;28259;esel-esb:eli/cz/sb/1991/451/0000-00-00/dokument/poznamkypodcarou/ppc_2;28259;esel-esb:eli/cz/sb/1991/451/0000-00-00/dokument/norma/par_14/odst_2;28259;1991/451;1991/451;1991/451;451/1991 Sb.
esel-esb:eli/cz/sb/1991/451/2024-01-01/dokument/norma/par_14/odst_2;56064324;esel-esb:eli/cz/sb/1991/451/2024-01-01/dokument/norma/par_14;§ 14 odst. 2;NA;2;NA;/2/12/2/;esel-esb:právní-akt-fragment/2144631;2144631;2144631;Odstavec_Dc;(2) Ustanovení odstavce 1 platí obdobně pro skončení služebního poměru propuštěním,2) pokud občan nesplňuje pro výkon funkce předpoklady uvedené v § 3.;norms;"<a data-odkaz-id=""5809033"" href=""#""  class=""int_odkaz"">§ 3</a>";§ 3;5809033;int_odkaz;NA;NA;NA;NA;esel-esb:právní-akt-odkaz/5809033;§ 3;INTUSTAN;28259;esel-esb:eli/cz/sb/1991/451/0000-00-00/dokument/norma/par_3;28259;esel-esb:eli/cz/sb/1991/451/0000-00-00/dokument/norma/par_14/odst_2;28259;1991/451;1991/451;1991/451;451/1991 Sb.
esel-esb:eli/cz/sb/1991/451/2024-01-01/dokument/norma/par_14/odst_3;56064325;esel-esb:eli/cz/sb/1991/451/2024-01-01/dokument/norma/par_14;§ 14 odst. 3;NA;3;NA;/2/12/3/;esel-esb:právní-akt-fragment/2144633;2144633;2144633;Odstavec_Dc;(3) Odmítl-li občan učinit čestné prohlášení o skutečnostech uvedených v § 2 odst. 1 písm. d) až h), nebo je-li čestné prohlášení nepravdivé, postupuje se podle odstavce 1 nebo 2.;norms;"<a data-odkaz-id=""5809063"" href=""#""  class=""int_odkaz"">§ 2 odst. 1 písm. d) až h)</a>";§ 2 odst. 1 písm. d) až h);5809063;int_odkaz;NA;NA;NA;NA;esel-esb:právní-akt-odkaz/5809063;§ 2 odst. 1 písm. d) až h);INTUSTAN;28259;esel-esb:eli/cz/sb/1991/451/0000-00-00/dokument/norma/par_2/odst_1/pism_d;28259;esel-esb:eli/cz/sb/1991/451/0000-00-00/dokument/norma/par_14/odst_3;28259;1991/451;1991/451;1991/451;451/1991 Sb.
esel-esb:eli/cz/sb/1991/451/2024-01-01/dokument/norma/par_14/odst_3;56064325;esel-esb:eli/cz/sb/1991/451/2024-01-01/dokument/norma/par_14;§ 14 odst. 3;NA;3;NA;/2/12/3/;esel-esb:právní-akt-fragment/2144633;2144633;2144633;Odstavec_Dc;(3) Odmítl-li občan učinit čestné prohlášení o skutečnostech uvedených v § 2 odst. 1 písm. d) až h), nebo je-li čestné prohlášení nepravdivé, postupuje se podle odstavce 1 nebo 2.;norms;"<a data-odkaz-id=""5809093"" href=""#""  class=""int_odkaz"">odstavce 1</a>";odstavce 1;5809093;int_odkaz;NA;NA;NA;NA;esel-esb:právní-akt-odkaz/5809093;odstavce 1;INTUSTAN;28259;esel-esb:eli/cz/sb/1991/451/0000-00-00/dokument/norma/par_14/odst_1;28259;esel-esb:eli/cz/sb/1991/451/0000-00-00/dokument/norma/par_14/odst_3;28259;1991/451;1991/451;1991/451;451/1991 Sb.
esel-esb:eli/cz/sb/1991/451/2024-01-01/dokument/norma/par_14/odst_3;56064325;esel-esb:eli/cz/sb/1991/451/2024-01-01/dokument/norma/par_14;§ 14 odst. 3;NA;3;NA;/2/12/3/;esel-esb:právní-akt-fragment/2144633;2144633;2144633;Odstavec_Dc;(3) Odmítl-li občan učinit čestné prohlášení o skutečnostech uvedených v § 2 odst. 1 písm. d) až h), nebo je-li čestné prohlášení nepravdivé, postupuje se podle odstavce 1 nebo 2.;norms;"<a data-odkaz-id=""5809123"" href=""#""  class=""int_odkaz"">2.</a>";2.;5809123;int_odkaz;NA;NA;NA;NA;esel-esb:právní-akt-odkaz/5809123;2.;INTUSTAN;28259;esel-esb:eli/cz/sb/1991/451/0000-00-00/dokument/norma/par_14/odst_2;28259;esel-esb:eli/cz/sb/1991/451/0000-00-00/dokument/norma/par_14/odst_3;28259;1991/451;1991/451;1991/451;451/1991 Sb.
esel-esb:eli/cz/sb/1991/451/2024-01-01/dokument/norma/par_15/frag_2144637;56064327;esel-esb:eli/cz/sb/1991/451/2024-01-01/dokument/norma/par_15;NA;NA;NA;NA;/2/13/1/;esel-esb:právní-akt-fragment/2144637;2144637;2144637;Odstavec_Dc;Nesplňuje-li prokurátor nebo vyšetřovatel prokuratury pro výkon funkce předpoklady uvedené v § 2, je tato skutečnost důvodem pro skončení jeho pracovního poměru.;norms;"<a data-odkaz-id=""5809153"" href=""#""  class=""int_odkaz"">§ 2</a>";§ 2;5809153;int_odkaz;NA;NA;NA;NA;esel-esb:právní-akt-odkaz/5809153;§ 2;INTUSTAN;28259;esel-esb:eli/cz/sb/1991/451/0000-00-00/dokument/norma/par_2;28259;esel-esb:eli/cz/sb/1991/451/0000-00-00/dokument/norma/par_15/frag_2144637;28259;1991/451;1991/451;1991/451;451/1991 Sb.
esel-esb:eli/cz/sb/1991/451/2024-01-01/dokument/norma/par_16/frag_2144641;56064329;esel-esb:eli/cz/sb/1991/451/2024-01-01/dokument/norma/par_16;NA;NA;NA;NA;/2/14/1/;esel-esb:právní-akt-fragment/2144641;2144641;2144641;Odstavec_Dc;Za podmínek uvedených v § 14 odst. 1 podá příslušný orgán návrh na odvolání soudce nebo přísedícího z jeho funkce.;norms;"<a data-odkaz-id=""5809183"" href=""#""  class=""int_odkaz"">§ 14 odst. 1</a>";§ 14 odst. 1;5809183;int_odkaz;NA;NA;NA;NA;esel-esb:právní-akt-odkaz/5809183;§ 14 odst. 1;INTUSTAN;28259;esel-esb:eli/cz/sb/1991/451/0000-00-00/dokument/norma/par_14/odst_1;28259;esel-esb:eli/cz/sb/1991/451/0000-00-00/dokument/norma/par_16/frag_2144641;28259;1991/451;1991/451;1991/451;451/1991 Sb.
esel-esb:eli/cz/sb/1991/451/2024-01-01/dokument/norma/par_17/frag_2144645;56064331;esel-esb:eli/cz/sb/1991/451/2024-01-01/dokument/norma/par_17;NA;NA;NA;NA;/2/15/1/;esel-esb:právní-akt-fragment/2144645;2144645;2144645;Odstavec_Dc;Na skončení pracovního poměru podle § 14 a 15 se nevztahují ustanovení zákoníku práce o možnosti organizace dát výpověď jen s předchozím souhlasem příslušného odborového orgánu.3);norms;"<a data-odkaz-id=""5809213"" href=""#""  class=""int_odkaz"">§ 14</a>";§ 14;5809213;int_odkaz;NA;NA;NA;NA;esel-esb:právní-akt-odkaz/5809213;§ 14;INTUSTAN;28259;esel-esb:eli/cz/sb/1991/451/0000-00-00/dokument/norma/par_14;28259;esel-esb:eli/cz/sb/1991/451/0000-00-00/dokument/norma/par_17/frag_2144645;28259;1991/451;1991/451;1991/451;451/1991 Sb.
esel-esb:eli/cz/sb/1991/451/2024-01-01/dokument/norma/par_17/frag_2144645;56064331;esel-esb:eli/cz/sb/1991/451/2024-01-01/dokument/norma/par_17;NA;NA;NA;NA;/2/15/1/;esel-esb:právní-akt-fragment/2144645;2144645;2144645;Odstavec_Dc;Na skončení pracovního poměru podle § 14 a 15 se nevztahují ustanovení zákoníku práce o možnosti organizace dát výpověď jen s předchozím souhlasem příslušného odborového orgánu.3);norms;"<a data-odkaz-id=""5809243"" href=""#""  class=""int_odkaz"">15</a>";15;5809243;int_odkaz;NA;NA;NA;NA;esel-esb:právní-akt-odkaz/5809243;15;INTUSTAN;28259;esel-esb:eli/cz/sb/1991/451/0000-00-00/dokument/norma/par_15;28259;esel-esb:eli/cz/sb/1991/451/0000-00-00/dokument/norma/par_17/frag_2144645;28259;1991/451;1991/451;1991/451;451/1991 Sb.
esel-esb:eli/cz/sb/1991/451/2024-01-01/dokument/norma/par_17/frag_2144645;56064331;esel-esb:eli/cz/sb/1991/451/2024-01-01/dokument/norma/par_17;NA;NA;NA;NA;/2/15/1/;esel-esb:právní-akt-fragment/2144645;2144645;2144645;Odstavec_Dc;Na skončení pracovního poměru podle § 14 a 15 se nevztahují ustanovení zákoníku práce o možnosti organizace dát výpověď jen s předchozím souhlasem příslušného odborového orgánu.3);norms;"<a data-odkaz-id=""5809273"" href=""#""  class=""ext_odkaz"">zákoníku práce</a>";zákoníku práce;5809273;ext_odkaz;NA;NA;NA;NA;esel-esb:právní-akt-odkaz/5809273;zákoníku práce;JINYPRED;74957;esel-esb:eli/cz/sb/1965/65/1991-07-31/dokument;28259;esel-esb:eli/cz/sb/1991/451/0000-00-00/dokument/norma/par_17/frag_2144645;28259;1991/451;1965/65;1991/451;451/1991 Sb.
esel-esb:eli/cz/sb/1991/451/2024-01-01/dokument/norma/par_17/frag_2144645;56064331;esel-esb:eli/cz/sb/1991/451/2024-01-01/dokument/norma/par_17;NA;NA;NA;NA;/2/15/1/;esel-esb:právní-akt-fragment/2144645;2144645;2144645;Odstavec_Dc;Na skončení pracovního poměru podle § 14 a 15 se nevztahují ustanovení zákoníku práce o možnosti organizace dát výpověď jen s předchozím souhlasem příslušného odborového orgánu.3);norms;"<a data-odkaz-id=""5809303"" href=""#""  class=""int_odkaz""><sup>3</sup>)</a>";3);5809303;int_odkaz;NA;NA;NA;NA;esel-esb:právní-akt-odkaz/5809303;<sup>3</sup>);POZNAMKA;28259;esel-esb:eli/cz/sb/1991/451/0000-00-00/dokument/poznamkypodcarou/ppc_3;28259;esel-esb:eli/cz/sb/1991/451/0000-00-00/dokument/norma/par_17/frag_2144645;28259;1991/451;1991/451;1991/451;451/1991 Sb.
esel-esb:eli/cz/sb/1991/451/2024-01-01/dokument/norma/par_20/frag_2144663;56064337;esel-esb:eli/cz/sb/1991/451/2024-01-01/dokument/norma/par_20;NA;NA;NA;NA;/2/18/1/;esel-esb:právní-akt-fragment/2144663;2144663;2144663;Odstavec_Dc;Ustanovení § 1 až 3 se nevztahuje na občany narozené po 1. prosinci 1971. Po těchto občanech se nevyžaduje osvědčení ani čestné prohlášení podle § 4 tohoto zákona.;norms;"<a data-odkaz-id=""5809333"" href=""#""  class=""int_odkaz"">§ 1 až 3</a>";§ 1 až 3;5809333;int_odkaz;NA;NA;NA;NA;esel-esb:právní-akt-odkaz/5809333;§ 1 až 3;INTUSTAN;91281;esel-esb:eli/cz/sb/1991/451/2000-12-13/dokument/norma/par_1;91281;esel-esb:eli/cz/sb/1991/451/2000-12-13/dokument/norma/par_20/frag_2144663;91281;1991/451;1991/451;1991/451;451/1991 Sb.
esel-esb:eli/cz/sb/1991/451/2024-01-01/dokument/norma/par_20/frag_2144663;56064337;esel-esb:eli/cz/sb/1991/451/2024-01-01/dokument/norma/par_20;NA;NA;NA;NA;/2/18/1/;esel-esb:právní-akt-fragment/2144663;2144663;2144663;Odstavec_Dc;Ustanovení § 1 až 3 se nevztahuje na občany narozené po 1. prosinci 1971. Po těchto občanech se nevyžaduje osvědčení ani čestné prohlášení podle § 4 tohoto zákona.;norms;"<a data-odkaz-id=""5809355"" href=""#""  class=""int_odkaz"">§ 4</a>";§ 4;5809355;int_odkaz;NA;NA;NA;NA;esel-esb:právní-akt-odkaz/5809355;§ 4;INTUSTAN;91281;esel-esb:eli/cz/sb/1991/451/2000-12-13/dokument/norma/par_4;91281;esel-esb:eli/cz/sb/1991/451/2000-12-13/dokument/norma/par_20/frag_2144663;91281;1991/451;1991/451;1991/451;451/1991 Sb.
esel-esb:eli/cz/sb/1991/451/2024-01-01/dokument/norma/par_21/odst_1;56064339;esel-esb:eli/cz/sb/1991/451/2024-01-01/dokument/norma/par_21;§ 21 odst. 1;NA;1;NA;/2/19/1/;esel-esb:právní-akt-fragment/2144667;2144667;2144667;Odstavec_Dc;"(1) Vydavatelé periodického tisku a provozovatelé rozhlasového a televizního vysílání, agenturního zpravodajství a audiovizuálních pořadů na základě uděleného oprávnění (licence) mohou sami za sebe nebo po předchozím písemném souhlasu za pracovníka, kterého zaměstnávají a který se podílí na tvorbě myšlenkového obsahu uvedených sdělovacích prostředků, požádat federální ministerstvo vnitra o vydání osvědčení nebo komisi o vydání nálezu; ustanovení § 6 odst. 3, § 9 odst. 1, § 10, 12, 13, § 18 až § 20 tohoto zákona platí pro tyto případy obdobně.";norms;"<a data-odkaz-id=""5809377"" href=""#""  class=""int_odkaz"">§ 6 odst. 3</a>";§ 6 odst. 3;5809377;int_odkaz;NA;NA;NA;NA;esel-esb:právní-akt-odkaz/5809377;§ 6 odst. 3;INTUSTAN;28259;esel-esb:eli/cz/sb/1991/451/0000-00-00/dokument/norma/par_6/odst_3;28259;esel-esb:eli/cz/sb/1991/451/0000-00-00/dokument/norma/par_21/odst_1;28259;1991/451;1991/451;1991/451;451/1991 Sb.
esel-esb:eli/cz/sb/1991/451/2024-01-01/dokument/norma/par_21/odst_1;56064339;esel-esb:eli/cz/sb/1991/451/2024-01-01/dokument/norma/par_21;§ 21 odst. 1;NA;1;NA;/2/19/1/;esel-esb:právní-akt-fragment/2144667;2144667;2144667;Odstavec_Dc;"(1) Vydavatelé periodického tisku a provozovatelé rozhlasového a televizního vysílání, agenturního zpravodajství a audiovizuálních pořadů na základě uděleného oprávnění (licence) mohou sami za sebe nebo po předchozím písemném souhlasu za pracovníka, kterého zaměstnávají a který se podílí na tvorbě myšlenkového obsahu uvedených sdělovacích prostředků, požádat federální ministerstvo vnitra o vydání osvědčení nebo komisi o vydání nálezu; ustanovení § 6 odst. 3, § 9 odst. 1, § 10, 12, 13, § 18 až § 20 tohoto zákona platí pro tyto případy obdobně.";norms;"<a data-odkaz-id=""5809407"" href=""#""  class=""int_odkaz"">§ 9 odst. 1</a>";§ 9 odst. 1;5809407;int_odkaz;NA;NA;NA;NA;esel-esb:právní-akt-odkaz/5809407;§ 9 odst. 1;INTUSTAN;28259;esel-esb:eli/cz/sb/1991/451/0000-00-00/dokument/norma/par_9/odst_1;28259;esel-esb:eli/cz/sb/1991/451/0000-00-00/dokument/norma/par_21/odst_1;28259;1991/451;1991/451;1991/451;451/1991 Sb.
esel-esb:eli/cz/sb/1991/451/2024-01-01/dokument/norma/par_21/odst_1;56064339;esel-esb:eli/cz/sb/1991/451/2024-01-01/dokument/norma/par_21;§ 21 odst. 1;NA;1;NA;/2/19/1/;esel-esb:právní-akt-fragment/2144667;2144667;2144667;Odstavec_Dc;"(1) Vydavatelé periodického tisku a provozovatelé rozhlasového a televizního vysílání, agenturního zpravodajství a audiovizuálních pořadů na základě uděleného oprávnění (licence) mohou sami za sebe nebo po předchozím písemném souhlasu za pracovníka, kterého zaměstnávají a který se podílí na tvorbě myšlenkového obsahu uvedených sdělovacích prostředků, požádat federální ministerstvo vnitra o vydání osvědčení nebo komisi o vydání nálezu; ustanovení § 6 odst. 3, § 9 odst. 1, § 10, 12, 13, § 18 až § 20 tohoto zákona platí pro tyto případy obdobně.";norms;"<a data-odkaz-id=""5809437"" href=""#""  class=""int_odkaz"">§ 10</a>";§ 10;5809437;int_odkaz;NA;NA;NA;NA;esel-esb:právní-akt-odkaz/5809437;§ 10;INTUSTAN;28259;esel-esb:eli/cz/sb/1991/451/0000-00-00/dokument/norma/par_10;28259;esel-esb:eli/cz/sb/1991/451/0000-00-00/dokument/norma/par_21/odst_1;28259;1991/451;1991/451;1991/451;451/1991 Sb.
esel-esb:eli/cz/sb/1991/451/2024-01-01/dokument/norma/par_21/odst_1;56064339;esel-esb:eli/cz/sb/1991/451/2024-01-01/dokument/norma/par_21;§ 21 odst. 1;NA;1;NA;/2/19/1/;esel-esb:právní-akt-fragment/2144667;2144667;2144667;Odstavec_Dc;"(1) Vydavatelé periodického tisku a provozovatelé rozhlasového a televizního vysílání, agenturního zpravodajství a audiovizuálních pořadů na základě uděleného oprávnění (licence) mohou sami za sebe nebo po předchozím písemném souhlasu za pracovníka, kterého zaměstnávají a který se podílí na tvorbě myšlenkového obsahu uvedených sdělovacích prostředků, požádat federální ministerstvo vnitra o vydání osvědčení nebo komisi o vydání nálezu; ustanovení § 6 odst. 3, § 9 odst. 1, § 10, 12, 13, § 18 až § 20 tohoto zákona platí pro tyto případy obdobně.";norms;"<a data-odkaz-id=""5809467"" href=""#""  class=""int_odkaz"">12</a>";12;5809467;int_odkaz;NA;NA;NA;NA;esel-esb:právní-akt-odkaz/5809467;12;INTUSTAN;28259;esel-esb:eli/cz/sb/1991/451/0000-00-00/dokument/norma/par_12;28259;esel-esb:eli/cz/sb/1991/451/0000-00-00/dokument/norma/par_21/odst_1;28259;1991/451;1991/451;1991/451;451/1991 Sb.
esel-esb:eli/cz/sb/1991/451/2024-01-01/dokument/norma/par_21/odst_1;56064339;esel-esb:eli/cz/sb/1991/451/2024-01-01/dokument/norma/par_21;§ 21 odst. 1;NA;1;NA;/2/19/1/;esel-esb:právní-akt-fragment/2144667;2144667;2144667;Odstavec_Dc;"(1) Vydavatelé periodického tisku a provozovatelé rozhlasového a televizního vysílání, agenturního zpravodajství a audiovizuálních pořadů na základě uděleného oprávnění (licence) mohou sami za sebe nebo po předchozím písemném souhlasu za pracovníka, kterého zaměstnávají a který se podílí na tvorbě myšlenkového obsahu uvedených sdělovacích prostředků, požádat federální ministerstvo vnitra o vydání osvědčení nebo komisi o vydání nálezu; ustanovení § 6 odst. 3, § 9 odst. 1, § 10, 12, 13, § 18 až § 20 tohoto zákona platí pro tyto případy obdobně.";norms;"<a data-odkaz-id=""5809471"" href=""#""  class=""int_odkaz"">13</a>";13;5809471;int_odkaz;NA;NA;NA;NA;esel-esb:právní-akt-odkaz/5809471;13;INTUSTAN;28259;esel-esb:eli/cz/sb/1991/451/0000-00-00/dokument/norma/par_13;28259;esel-esb:eli/cz/sb/1991/451/0000-00-00/dokument/norma/par_21/odst_1;28259;1991/451;1991/451;1991/451;451/1991 Sb.
esel-esb:eli/cz/sb/1991/451/2024-01-01/dokument/norma/par_21/odst_1;56064339;esel-esb:eli/cz/sb/1991/451/2024-01-01/dokument/norma/par_21;§ 21 odst. 1;NA;1;NA;/2/19/1/;esel-esb:právní-akt-fragment/2144667;2144667;2144667;Odstavec_Dc;"(1) Vydavatelé periodického tisku a provozovatelé rozhlasového a televizního vysílání, agenturního zpravodajství a audiovizuálních pořadů na základě uděleného oprávnění (licence) mohou sami za sebe nebo po předchozím písemném souhlasu za pracovníka, kterého zaměstnávají a který se podílí na tvorbě myšlenkového obsahu uvedených sdělovacích prostředků, požádat federální ministerstvo vnitra o vydání osvědčení nebo komisi o vydání nálezu; ustanovení § 6 odst. 3, § 9 odst. 1, § 10, 12, 13, § 18 až § 20 tohoto zákona platí pro tyto případy obdobně.";norms;"<a data-odkaz-id=""5809483"" href=""#""  class=""int_odkaz"">§ 18 až § 20</a>";§ 18 až § 20;5809483;int_odkaz;NA;NA;NA;NA;esel-esb:právní-akt-odkaz/5809483;§ 18 až § 20;INTUSTAN;28259;esel-esb:eli/cz/sb/1991/451/0000-00-00/dokument/norma/par_18;28259;esel-esb:eli/cz/sb/1991/451/0000-00-00/dokument/norma/par_21/odst_1;28259;1991/451;1991/451;1991/451;451/1991 Sb.
esel-esb:eli/cz/sb/1991/451/2024-01-01/dokument/norma/par_21/odst_2;56064340;esel-esb:eli/cz/sb/1991/451/2024-01-01/dokument/norma/par_21;§ 21 odst. 2;NA;2;NA;/2/19/2/;esel-esb:právní-akt-fragment/2144669;2144669;2144669;Odstavec_Dc;(2) Předsedové nebo jim na roveň postavení představitelé politických stran, politických hnutí a sdružení4) mohou za sebe nebo za člena vedení politické strany, politického hnutí nebo sdružení požádat po jeho předchozím písemném souhlasu federální ministerstvo vnitra o vydání osvědčení nebo komisi ustanovenou podle § 11 o vydání nálezu. Ustanovení uvedená v odstavci 1 platí pro tyto vztahy obdobně.;norms;"<a data-odkaz-id=""5809513"" href=""#""  class=""int_odkaz""><sup>4</sup>)</a>";4);5809513;int_odkaz;NA;NA;NA;NA;esel-esb:právní-akt-odkaz/5809513;<sup>4</sup>);POZNAMKA;28259;esel-esb:eli/cz/sb/1991/451/0000-00-00/dokument/poznamkypodcarou/ppc_4;28259;esel-esb:eli/cz/sb/1991/451/0000-00-00/dokument/norma/par_21/odst_2;28259;1991/451;1991/451;1991/451;451/1991 Sb.
esel-esb:eli/cz/sb/1991/451/2024-01-01/dokument/norma/par_21/odst_2;56064340;esel-esb:eli/cz/sb/1991/451/2024-01-01/dokument/norma/par_21;§ 21 odst. 2;NA;2;NA;/2/19/2/;esel-esb:právní-akt-fragment/2144669;2144669;2144669;Odstavec_Dc;(2) Předsedové nebo jim na roveň postavení představitelé politických stran, politických hnutí a sdružení4) mohou za sebe nebo za člena vedení politické strany, politického hnutí nebo sdružení požádat po jeho předchozím písemném souhlasu federální ministerstvo vnitra o vydání osvědčení nebo komisi ustanovenou podle § 11 o vydání nálezu. Ustanovení uvedená v odstavci 1 platí pro tyto vztahy obdobně.;norms;"<a data-odkaz-id=""5809543"" href=""#""  class=""int_odkaz"">§ 11</a>";§ 11;5809543;int_odkaz;NA;NA;NA;NA;esel-esb:právní-akt-odkaz/5809543;§ 11;INTUSTAN;28259;esel-esb:eli/cz/sb/1991/451/0000-00-00/dokument/norma/par_11;28259;esel-esb:eli/cz/sb/1991/451/0000-00-00/dokument/norma/par_21/odst_2;28259;1991/451;1991/451;1991/451;451/1991 Sb.
esel-esb:eli/cz/sb/1991/451/2024-01-01/dokument/norma/par_21/odst_2;56064340;esel-esb:eli/cz/sb/1991/451/2024-01-01/dokument/norma/par_21;§ 21 odst. 2;NA;2;NA;/2/19/2/;esel-esb:právní-akt-fragment/2144669;2144669;2144669;Odstavec_Dc;(2) Předsedové nebo jim na roveň postavení představitelé politických stran, politických hnutí a sdružení4) mohou za sebe nebo za člena vedení politické strany, politického hnutí nebo sdružení požádat po jeho předchozím písemném souhlasu federální ministerstvo vnitra o vydání osvědčení nebo komisi ustanovenou podle § 11 o vydání nálezu. Ustanovení uvedená v odstavci 1 platí pro tyto vztahy obdobně.;norms;"<a data-odkaz-id=""5809547"" href=""#""  class=""int_odkaz"">odstavci 1</a>";odstavci 1;5809547;int_odkaz;NA;NA;NA;NA;esel-esb:právní-akt-odkaz/5809547;odstavci 1;INTUSTAN;28259;esel-esb:eli/cz/sb/1991/451/0000-00-00/dokument/norma/par_21/odst_1;28259;esel-esb:eli/cz/sb/1991/451/0000-00-00/dokument/norma/par_21/odst_2;28259;1991/451;1991/451;1991/451;451/1991 Sb.
esel-esb:eli/cz/sb/1991/451/2024-01-01/dokument/norma/par_22/odst_1;56064342;esel-esb:eli/cz/sb/1991/451/2024-01-01/dokument/norma/par_22;§ 22 odst. 1;NA;1;NA;/2/20/1/;esel-esb:právní-akt-fragment/2144673;2144673;2144673;Odstavec_Dc;(1) Zmocní-li zákony národních rad ministry vnitra a ministry spravedlnosti České republiky a Slovenské republiky ke zjišťování skutečností uvedených v § 2 odst. 1, jsou federální ministerstvo vnitra a komise povinny vyhovět jejich žádostem o vydání osvědčení nebo nálezu.;norms;"<a data-odkaz-id=""5809577"" href=""#""  class=""int_odkaz"">§ 2 odst. 1</a>";§ 2 odst. 1;5809577;int_odkaz;NA;NA;NA;NA;esel-esb:právní-akt-odkaz/5809577;§ 2 odst. 1;INTUSTAN;28259;esel-esb:eli/cz/sb/1991/451/0000-00-00/dokument/norma/par_2/odst_1;28259;esel-esb:eli/cz/sb/1991/451/0000-00-00/dokument/norma/par_22/odst_1;28259;1991/451;1991/451;1991/451;451/1991 Sb.
esel-esb:eli/cz/sb/1991/451/2024-01-01/dokument/poznamkypodcarou/ppc_1;56064353;esel-esb:eli/cz/sb/1991/451/2024-01-01/dokument/poznamkypodcarou;pozn. 1;NA;1;NA;/5/1/;esel-esb:právní-akt-fragment/2144697;2144697;2144697;PPC;1) § 27 odst. 2 zákona č. 455/1991 Sb., o živnostenském podnikání (živnostenský zákon), a příloha č. 3 tohoto zákona.;notes;"<a data-odkaz-id=""5809607"" href=""#""  class=""ext_odkaz"">§ 27 odst. 2</a>";§ 27 odst. 2;5809607;ext_odkaz;NA;NA;NA;NA;esel-esb:právní-akt-odkaz/5809607;§ 27 odst. 2;JINEUSTAN;28267;esel-esb:eli/cz/sb/1991/455/0000-00-00/dokument/norma/cast_2/hlava_2/par_27/odst_2;28259;esel-esb:eli/cz/sb/1991/451/0000-00-00/dokument/poznamkypodcarou/ppc_1;28259;1991/451;1991/455;1991/451;451/1991 Sb.
esel-esb:eli/cz/sb/1991/451/2024-01-01/dokument/poznamkypodcarou/ppc_1;56064353;esel-esb:eli/cz/sb/1991/451/2024-01-01/dokument/poznamkypodcarou;pozn. 1;NA;1;NA;/5/1/;esel-esb:právní-akt-fragment/2144697;2144697;2144697;PPC;1) § 27 odst. 2 zákona č. 455/1991 Sb., o živnostenském podnikání (živnostenský zákon), a příloha č. 3 tohoto zákona.;notes;"<a data-odkaz-id=""5809937"" href=""#""  class=""ext_odkaz"">zákona č. 455/1991 Sb., o živnostenském podnikání</a>";zákona č. 455/1991 Sb., o živnostenském podnikání;5809937;ext_odkaz;NA;NA;NA;NA;esel-esb:právní-akt-odkaz/5809937;zákona č. 455/1991 Sb.;JINYPRED;28267;esel-esb:eli/cz/sb/1991/455/0000-00-00/dokument;28259;esel-esb:eli/cz/sb/1991/451/0000-00-00/dokument/poznamkypodcarou/ppc_1;28259;1991/451;1991/455;1991/451;451/1991 Sb.
esel-esb:eli/cz/sb/1991/451/2024-01-01/dokument/poznamkypodcarou/ppc_1;56064353;esel-esb:eli/cz/sb/1991/451/2024-01-01/dokument/poznamkypodcarou;pozn. 1;NA;1;NA;/5/1/;esel-esb:právní-akt-fragment/2144697;2144697;2144697;PPC;1) § 27 odst. 2 zákona č. 455/1991 Sb., o živnostenském podnikání (živnostenský zákon), a příloha č. 3 tohoto zákona.;notes;"<a data-odkaz-id=""5809967"" href=""#""  class=""ext_odkaz"">příloha č. 3</a>";příloha č. 3;5809967;ext_odkaz;NA;NA;NA;NA;esel-esb:právní-akt-odkaz/5809967;příloha č. 3;JINEUSTAN;28267;esel-esb:eli/cz/sb/1991/455/0000-00-00/dokument/prilohy/priloha_3;28259;esel-esb:eli/cz/sb/1991/451/0000-00-00/dokument/poznamkypodcarou/ppc_1;28259;1991/451;1991/455;1991/451;451/1991 Sb.
esel-esb:eli/cz/sb/1991/451/2024-01-01/dokument/poznamkypodcarou/ppc_2;56064354;esel-esb:eli/cz/sb/1991/451/2024-01-01/dokument/poznamkypodcarou;pozn. 2;NA;2;NA;/5/2/;esel-esb:právní-akt-fragment/2144699;2144699;2144699;PPC;2) § 16 odst. 1 písm. c) zákona č. 334/1991 Sb., o služebním poměru policistů zařazených ve Federálním policejním sboru a Sboru hradní policie.;notes;"<a data-odkaz-id=""5810297"" href=""#""  class=""ext_odkaz"">§ 16 odst. 1 písm. c)</a>";§ 16 odst. 1 písm. c);5810297;ext_odkaz;NA;NA;NA;NA;esel-esb:právní-akt-odkaz/5810297;§ 16 odst. 1 písm. c);JINEUSTAN;93111;esel-esb:eli/cz/sb/1991/334/1991-08-27/dokument/norma/cast_1/hlava_1/par_16/odst_1/pism_c;28259;esel-esb:eli/cz/sb/1991/451/0000-00-00/dokument/poznamkypodcarou/ppc_2;28259;1991/451;1991/334;1991/451;451/1991 Sb.
esel-esb:eli/cz/sb/1991/451/2024-01-01/dokument/poznamkypodcarou/ppc_2;56064354;esel-esb:eli/cz/sb/1991/451/2024-01-01/dokument/poznamkypodcarou;pozn. 2;NA;2;NA;/5/2/;esel-esb:právní-akt-fragment/2144699;2144699;2144699;PPC;2) § 16 odst. 1 písm. c) zákona č. 334/1991 Sb., o služebním poměru policistů zařazených ve Federálním policejním sboru a Sboru hradní policie.;notes;"<a data-odkaz-id=""5810327"" href=""#""  class=""ext_odkaz"">zákona č. 334/1991 Sb., o služebním poměru policistů zařazených ve Federálním policejním sboru a Sboru hradní policie</a>";zákona č. 334/1991 Sb., o služebním poměru policistů zařazených ve Federálním policejním sboru a Sboru hradní policie;5810327;ext_odkaz;NA;NA;NA;NA;esel-esb:právní-akt-odkaz/5810327;zákona č. 334/1991 Sb., o služebním poměru policistů zařazených ve Federálním policejním sboru a Sboru hradní policie;JINYPRED;93111;esel-esb:eli/cz/sb/1991/334/1991-08-27/dokument;28259;esel-esb:eli/cz/sb/1991/451/0000-00-00/dokument/poznamkypodcarou/ppc_2;28259;1991/451;1991/334;1991/451;451/1991 Sb.
esel-esb:eli/cz/sb/1991/451/2024-01-01/dokument/poznamkypodcarou/ppc_3;56064355;esel-esb:eli/cz/sb/1991/451/2024-01-01/dokument/poznamkypodcarou;pozn. 3;NA;3;NA;/5/3/;esel-esb:právní-akt-fragment/2144701;2144701;2144701;PPC;3) § 59 odst. 2 až 4 zákoníku práce.;notes;"<a data-odkaz-id=""5810357"" href=""#""  class=""ext_odkaz"">§ 59 odst. 2 až 4</a>";§ 59 odst. 2 až 4;5810357;ext_odkaz;NA;NA;NA;NA;esel-esb:právní-akt-odkaz/5810357;§ 59 odst. 2 až 4;JINEUSTAN;74951;esel-esb:eli/cz/sb/1965/65/1988-01-01/dokument/norma/cast_2/hlava_1/oddil_3/par_59/odst_2;28259;esel-esb:eli/cz/sb/1991/451/0000-00-00/dokument/poznamkypodcarou/ppc_3;28259;1991/451;1965/65;1991/451;451/1991 Sb.
esel-esb:eli/cz/sb/1991/451/2024-01-01/dokument/poznamkypodcarou/ppc_3;56064355;esel-esb:eli/cz/sb/1991/451/2024-01-01/dokument/poznamkypodcarou;pozn. 3;NA;3;NA;/5/3/;esel-esb:právní-akt-fragment/2144701;2144701;2144701;PPC;3) § 59 odst. 2 až 4 zákoníku práce.;notes;"<a data-odkaz-id=""5810387"" href=""#""  class=""ext_odkaz"">zákoníku práce</a>";zákoníku práce;5810387;ext_odkaz;NA;NA;NA;NA;esel-esb:právní-akt-odkaz/5810387;zákoníku práce;JINYPRED;74957;esel-esb:eli/cz/sb/1965/65/1991-07-31/dokument;28259;esel-esb:eli/cz/sb/1991/451/0000-00-00/dokument/poznamkypodcarou/ppc_3;28259;1991/451;1965/65;1991/451;451/1991 Sb.
esel-esb:eli/cz/sb/1991/451/2024-01-01/dokument/poznamkypodcarou/ppc_4;56064356;esel-esb:eli/cz/sb/1991/451/2024-01-01/dokument/poznamkypodcarou;pozn. 4;NA;4;NA;/5/4/;esel-esb:právní-akt-fragment/2144703;2144703;2144703;PPC;4) Zákon č. 83/1990 Sb. o sdružování občanů, ve znění zákona č. 300/1990 Sb.;notes;"<a data-odkaz-id=""5810417"" href=""#""  class=""ext_odkaz"" data-version=""19900719"">Zákon č. 83/1990 Sb. o sdružování občanů</a>";Zákon č. 83/1990 Sb. o sdružování občanů;5810417;ext_odkaz;NA;NA;NA;NA;esel-esb:právní-akt-odkaz/5810417;Zákon č. 83/1990 Sb.;JINYPRED;87979;esel-esb:eli/cz/sb/1990/83/1990-07-19/dokument;28259;esel-esb:eli/cz/sb/1991/451/0000-00-00/dokument/poznamkypodcarou/ppc_4;28259;1991/451;1990/83;1991/451;451/1991 Sb.
esel-esb:eli/cz/sb/1991/451/2024-01-01/dokument/poznamkypodcarou/ppc_4;56064356;esel-esb:eli/cz/sb/1991/451/2024-01-01/dokument/poznamkypodcarou;pozn. 4;NA;4;NA;/5/4/;esel-esb:právní-akt-fragment/2144703;2144703;2144703;PPC;4) Zákon č. 83/1990 Sb. o sdružování občanů, ve znění zákona č. 300/1990 Sb.;notes;"<a data-odkaz-id=""5810447"" href=""#""  class=""ext_odkaz"">zákona č. 300/1990 Sb.</a>";zákona č. 300/1990 Sb.;5810447;ext_odkaz;NA;NA;NA;NA;esel-esb:právní-akt-odkaz/5810447;zákona č. 300/1990 Sb.;JINYPRED;88369;esel-esb:eli/cz/sb/1990/300/1990-07-19/dokument;28259;esel-esb:eli/cz/sb/1991/451/0000-00-00/dokument/poznamkypodcarou/ppc_4;28259;1991/451;1990/300;1991/451;451/1991 Sb.
esel-esb:eli/cz/sb/1991/451/2024-01-01/dokument/poznamkypodcarou/ppc_5;56064357;esel-esb:eli/cz/sb/1991/451/2024-01-01/dokument/poznamkypodcarou;pozn. 5;NA;5;NA;/5/5/;esel-esb:právní-akt-fragment/2144705;2144705;2144705;PPC;5) Zákon č. 111/1998 Sb., o vysokých školách a o změně a doplnění dalších zákonů (zákon o vysokých školách), ve znění pozdějších předpisů.;notes;"<a data-odkaz-id=""5810477"" href=""#""  class=""ext_odkaz"">Zákon č. 111/1998 Sb., o vysokých školách a o změně a doplnění dalších zákonů</a>";Zákon č. 111/1998 Sb., o vysokých školách a o změně a doplnění dalších zákonů;5810477;ext_odkaz;NA;NA;NA;NA;esel-esb:právní-akt-odkaz/5810477;Zákon č. 111/1998 Sb.;JINYPRED;105623;esel-esb:eli/cz/sb/1998/111/2001-07-01/dokument;91283;esel-esb:eli/cz/sb/1991/451/2001-07-01/dokument/poznamkypodcarou/ppc_5;91283;1991/451;1998/111;1991/451;451/1991 Sb.
esel-esb:eli/cz/sb/1991/451/2024-01-01/dokument/poznamkypodcarou/ppc_7;56064358;esel-esb:eli/cz/sb/1991/451/2024-01-01/dokument/poznamkypodcarou;pozn. 7;NA;7;NA;/5/6/;esel-esb:právní-akt-fragment/2144713;2144713;2144713;PPC;7) Zákon č. 219/1999 Sb., o ozbrojených silách České republiky, ve znění pozdějších předpisů.;notes;"<a data-odkaz-id=""5810579"" href=""#""  class=""ext_odkaz"">Zákon č. 219/1999 Sb., o ozbrojených silách České republiky</a>";Zákon č. 219/1999 Sb., o ozbrojených silách České republiky;5810579;ext_odkaz;NA;NA;NA;NA;esel-esb:právní-akt-odkaz/5810579;Zákon č. 219/1999 Sb.;JINYPRED;107421;esel-esb:eli/cz/sb/1999/219/2015-01-01/dokument;91289;esel-esb:eli/cz/sb/1991/451/2015-01-01/dokument/poznamkypodcarou/ppc_7;91289;1991/451;1999/219;1991/451;451/1991 Sb.
