fragment.iri;fragment.id;fragment.předek.iri;fragment.citace;fragment.citace.text;fragment.označení.uzlu;fragment.označení.uzlu.text;fragment.hierarchie;akt.fragment.iri;akt.fragment.id;fragment.base.id;typ.fragmentu;fragment.text_clean;source;tag;tag_clean;odkaz.id;class;data_eurlex;data_celexid;data_cellarid;data_orig_href;odkaz.iri;odkaz.citace.cíl;typ.vazba.odkazu;cíl.dokument.id;fragment.cíl.iri;fragment.cíl.dokument.id;fragment.zdroj.iri;fragment.zdroj.dokument.id;iri_z;iri_c;iri_v;akt.citace
esel-esb:eli/cz/sb/1919/462/1946-10-31/dokument/norma/par_1/frag_1483;2395;esel-esb:eli/cz/sb/1919/462/1946-10-31/dokument/norma/par_1;NA;NA;NA;NA;/2/1/1/;esel-esb:právní-akt-fragment/1483;1483;1483;Odstavec_Dc;Legionáři, t. j. vojíni českoslovenští, kteří vyhovují podmínkám stanoveným v § 2, mají nárok žádati za udělení míst ve službě státní a veřejné, též při jiných závodech a podnicích státem podporovaných a zaručených.;norms;"<a data-odkaz-id=""2156711"" href=""#""  class=""int_odkaz"">§ 2</a>";§ 2;2156711;int_odkaz;NA;NA;NA;NA;esel-esb:právní-akt-odkaz/2156711;§ 2;INTUSTAN;37;esel-esb:eli/cz/sb/1919/462/0000-00-00/dokument/norma/par_2;37;esel-esb:eli/cz/sb/1919/462/0000-00-00/dokument/norma/par_1/frag_1483;37;1919/462;1919/462;1919/462;462/1919 Sb.
esel-esb:eli/cz/sb/1919/462/1946-10-31/dokument/norma/par_3/frag_1501;2405;esel-esb:eli/cz/sb/1919/462/1946-10-31/dokument/norma/par_3;NA;NA;NA;NA;/2/3/1/;esel-esb:právní-akt-fragment/1501;1501;1501;Odstavec_Dc;K uplatnění nároku v § 1 vytčeného, vyhražují se legionářům:;norms;"<a data-odkaz-id=""2156717"" href=""#""  class=""int_odkaz"">§ 1</a>";§ 1;2156717;int_odkaz;NA;NA;NA;NA;esel-esb:právní-akt-odkaz/2156717;§ 1;INTUSTAN;37;esel-esb:eli/cz/sb/1919/462/0000-00-00/dokument/norma/par_1;37;esel-esb:eli/cz/sb/1919/462/0000-00-00/dokument/norma/par_3/frag_1501;37;1919/462;1919/462;1919/462;462/1919 Sb.
esel-esb:eli/cz/sb/1919/462/1946-10-31/dokument/norma/par_5/frag_1519;2414;esel-esb:eli/cz/sb/1919/462/1946-10-31/dokument/norma/par_5;NA;NA;NA;NA;/2/5/1/;esel-esb:právní-akt-fragment/1519;1519;1519;Odstavec_Dc;Při obsazování úřednických míst manipulačních a kancelářských u úřadů, soudů a závodů, jmenovaných v § 4 pod lit. a) a b), budiž dávána přednost před jinými spolužadateli legionářům, kteří mají nárok o taková místa žádati a prokáží k nim úplnou způsobilost.;norms;"<a data-odkaz-id=""2156723"" href=""#""  class=""int_odkaz"">§ 4 </a>";§ 4 ;2156723;int_odkaz;NA;NA;NA;NA;esel-esb:právní-akt-odkaz/2156723;§ 4 ;INTUSTAN;37;esel-esb:eli/cz/sb/1919/462/0000-00-00/dokument/norma/par_4/pism_a;37;esel-esb:eli/cz/sb/1919/462/0000-00-00/dokument/norma/par_5/frag_1519;37;1919/462;1919/462;1919/462;462/1919 Sb.
esel-esb:eli/cz/sb/1919/462/1946-10-31/dokument/norma/par_5/frag_1519;2414;esel-esb:eli/cz/sb/1919/462/1946-10-31/dokument/norma/par_5;NA;NA;NA;NA;/2/5/1/;esel-esb:právní-akt-fragment/1519;1519;1519;Odstavec_Dc;Při obsazování úřednických míst manipulačních a kancelářských u úřadů, soudů a závodů, jmenovaných v § 4 pod lit. a) a b), budiž dávána přednost před jinými spolužadateli legionářům, kteří mají nárok o taková místa žádati a prokáží k nim úplnou způsobilost.;norms;"<a data-odkaz-id=""2156729"" href=""#""  class=""int_odkaz"">lit. a)</a>";lit. a);2156729;int_odkaz;NA;NA;NA;NA;esel-esb:právní-akt-odkaz/2156729;lit. a);INTUSTAN;37;esel-esb:eli/cz/sb/1919/462/0000-00-00/dokument/norma/par_4/pism_a;37;esel-esb:eli/cz/sb/1919/462/0000-00-00/dokument/norma/par_5/frag_1519;37;1919/462;1919/462;1919/462;462/1919 Sb.
esel-esb:eli/cz/sb/1919/462/1946-10-31/dokument/norma/par_5/frag_1519;2414;esel-esb:eli/cz/sb/1919/462/1946-10-31/dokument/norma/par_5;NA;NA;NA;NA;/2/5/1/;esel-esb:právní-akt-fragment/1519;1519;1519;Odstavec_Dc;Při obsazování úřednických míst manipulačních a kancelářských u úřadů, soudů a závodů, jmenovaných v § 4 pod lit. a) a b), budiž dávána přednost před jinými spolužadateli legionářům, kteří mají nárok o taková místa žádati a prokáží k nim úplnou způsobilost.;norms;"<a data-odkaz-id=""2156735"" href=""#""  class=""int_odkaz"">b)</a>";b);2156735;int_odkaz;NA;NA;NA;NA;esel-esb:právní-akt-odkaz/2156735;b);INTUSTAN;37;esel-esb:eli/cz/sb/1919/462/0000-00-00/dokument/norma/par_4/pism_b;37;esel-esb:eli/cz/sb/1919/462/0000-00-00/dokument/norma/par_5/frag_1519;37;1919/462;1919/462;1919/462;462/1919 Sb.
esel-esb:eli/cz/sb/1919/462/1946-10-31/dokument/norma/par_7/frag_1535;2422;esel-esb:eli/cz/sb/1919/462/1946-10-31/dokument/norma/par_7;NA;NA;NA;NA;/2/7/4/;esel-esb:právní-akt-fragment/1535;1535;1535;Odstavec_Dc;Úlevy, poskytnuté legionářům na základě zákona ze dne 23. května 1919, č. 282 Sb. z. a n., při přijímání do státních úřadů platí i pro přijímání do jiných služeb v § 4 uvedených.;norms;"<a data-odkaz-id=""2156741"" href=""#""  class=""int_odkaz"">§ 4</a>";§ 4;2156741;int_odkaz;NA;NA;NA;NA;esel-esb:právní-akt-odkaz/2156741;§ 4;INTUSTAN;37;esel-esb:eli/cz/sb/1919/462/0000-00-00/dokument/norma/par_4;37;esel-esb:eli/cz/sb/1919/462/0000-00-00/dokument/norma/par_7/frag_1535;37;1919/462;1919/462;1919/462;462/1919 Sb.
esel-esb:eli/cz/sb/1919/462/1946-10-31/dokument/norma/par_9/frag_1549;2429;esel-esb:eli/cz/sb/1919/462/1946-10-31/dokument/norma/par_9;NA;NA;NA;NA;/2/9/1/;esel-esb:právní-akt-fragment/1549;1549;1549;Odstavec_Dc;Když má býti obsazováno nějaké místo, uvedené v § 4, lit. a) a b) a § 5, jest úřad, ústav nebo závod, jemuž přísluší právo obsazovací, povinen místo veřejně vyhlásiti, vyměřiti přiměřenou lhůtu k podání žádosti a zpraviti o něm ministerstvo Národní obrany.;norms;"<a data-odkaz-id=""2156747"" href=""#""  class=""int_odkaz"">§ 4, lit. a)</a>";§ 4, lit. a);2156747;int_odkaz;NA;NA;NA;NA;esel-esb:právní-akt-odkaz/2156747;§ 4, lit. a);INTUSTAN;37;esel-esb:eli/cz/sb/1919/462/0000-00-00/dokument/norma/par_4/pism_a;37;esel-esb:eli/cz/sb/1919/462/0000-00-00/dokument/norma/par_9/frag_1549;37;1919/462;1919/462;1919/462;462/1919 Sb.
esel-esb:eli/cz/sb/1919/462/1946-10-31/dokument/norma/par_9/frag_1549;2429;esel-esb:eli/cz/sb/1919/462/1946-10-31/dokument/norma/par_9;NA;NA;NA;NA;/2/9/1/;esel-esb:právní-akt-fragment/1549;1549;1549;Odstavec_Dc;Když má býti obsazováno nějaké místo, uvedené v § 4, lit. a) a b) a § 5, jest úřad, ústav nebo závod, jemuž přísluší právo obsazovací, povinen místo veřejně vyhlásiti, vyměřiti přiměřenou lhůtu k podání žádosti a zpraviti o něm ministerstvo Národní obrany.;norms;"<a data-odkaz-id=""2156753"" href=""#""  class=""int_odkaz"">b)</a>";b);2156753;int_odkaz;NA;NA;NA;NA;esel-esb:právní-akt-odkaz/2156753;b);INTUSTAN;37;esel-esb:eli/cz/sb/1919/462/0000-00-00/dokument/norma/par_4/pism_b;37;esel-esb:eli/cz/sb/1919/462/0000-00-00/dokument/norma/par_9/frag_1549;37;1919/462;1919/462;1919/462;462/1919 Sb.
esel-esb:eli/cz/sb/1919/462/1946-10-31/dokument/norma/par_9/frag_1549;2429;esel-esb:eli/cz/sb/1919/462/1946-10-31/dokument/norma/par_9;NA;NA;NA;NA;/2/9/1/;esel-esb:právní-akt-fragment/1549;1549;1549;Odstavec_Dc;Když má býti obsazováno nějaké místo, uvedené v § 4, lit. a) a b) a § 5, jest úřad, ústav nebo závod, jemuž přísluší právo obsazovací, povinen místo veřejně vyhlásiti, vyměřiti přiměřenou lhůtu k podání žádosti a zpraviti o něm ministerstvo Národní obrany.;norms;"<a data-odkaz-id=""2156759"" href=""#""  class=""int_odkaz"">§ 5</a>";§ 5;2156759;int_odkaz;NA;NA;NA;NA;esel-esb:právní-akt-odkaz/2156759;§ 5;INTUSTAN;37;esel-esb:eli/cz/sb/1919/462/0000-00-00/dokument/norma/par_5;37;esel-esb:eli/cz/sb/1919/462/0000-00-00/dokument/norma/par_9/frag_1549;37;1919/462;1919/462;1919/462;462/1919 Sb.
esel-esb:eli/cz/sb/1919/462/1946-10-31/dokument/norma/par_11/frag_1559;2434;esel-esb:eli/cz/sb/1919/462/1946-10-31/dokument/norma/par_11;NA;NA;NA;NA;/2/11/1/;esel-esb:právní-akt-fragment/1559;1559;1559;Odstavec_Dc;Každý žadatel jest povinen předložiti průkaz, že nabyl práva žádati (§ 7), a jest povinen prokázati, že jest způsobilý k službě, za kterou žádá, jakož i že jest občanem Československé republiky.;norms;"<a data-odkaz-id=""2156765"" href=""#""  class=""int_odkaz"">§ 7</a>";§ 7;2156765;int_odkaz;NA;NA;NA;NA;esel-esb:právní-akt-odkaz/2156765;§ 7;INTUSTAN;37;esel-esb:eli/cz/sb/1919/462/0000-00-00/dokument/norma/par_7;37;esel-esb:eli/cz/sb/1919/462/0000-00-00/dokument/norma/par_11/frag_1559;37;1919/462;1919/462;1919/462;462/1919 Sb.
esel-esb:eli/cz/sb/1919/462/1946-10-31/dokument/norma/par_12/frag_1563;2436;esel-esb:eli/cz/sb/1919/462/1946-10-31/dokument/norma/par_12;NA;NA;NA;NA;/2/12/1/;esel-esb:právní-akt-fragment/1563;1563;1563;Odstavec_Dc;Místa v § 4 vyhrazená se mohou propůjčovati pouze legionářům, kteří mají právo o ně žádati (§ 1), leda že by se nehlásil žádný legionář, jenž má právo žádati a jenž jest pro dotyčné místo způsobilý.;norms;"<a data-odkaz-id=""2156771"" href=""#""  class=""int_odkaz"">§ 4</a>";§ 4;2156771;int_odkaz;NA;NA;NA;NA;esel-esb:právní-akt-odkaz/2156771;§ 4;INTUSTAN;37;esel-esb:eli/cz/sb/1919/462/0000-00-00/dokument/norma/par_4;37;esel-esb:eli/cz/sb/1919/462/0000-00-00/dokument/norma/par_12/frag_1563;37;1919/462;1919/462;1919/462;462/1919 Sb.
esel-esb:eli/cz/sb/1919/462/1946-10-31/dokument/norma/par_12/frag_1563;2436;esel-esb:eli/cz/sb/1919/462/1946-10-31/dokument/norma/par_12;NA;NA;NA;NA;/2/12/1/;esel-esb:právní-akt-fragment/1563;1563;1563;Odstavec_Dc;Místa v § 4 vyhrazená se mohou propůjčovati pouze legionářům, kteří mají právo o ně žádati (§ 1), leda že by se nehlásil žádný legionář, jenž má právo žádati a jenž jest pro dotyčné místo způsobilý.;norms;"<a data-odkaz-id=""2156777"" href=""#""  class=""int_odkaz"">§ 1</a>";§ 1;2156777;int_odkaz;NA;NA;NA;NA;esel-esb:právní-akt-odkaz/2156777;§ 1;INTUSTAN;37;esel-esb:eli/cz/sb/1919/462/0000-00-00/dokument/norma/par_1;37;esel-esb:eli/cz/sb/1919/462/0000-00-00/dokument/norma/par_12/frag_1563;37;1919/462;1919/462;1919/462;462/1919 Sb.
esel-esb:eli/cz/sb/1919/462/1946-10-31/dokument/norma/par_14/frag_1575;2442;esel-esb:eli/cz/sb/1919/462/1946-10-31/dokument/norma/par_14;NA;NA;NA;NA;/2/14/2/;esel-esb:právní-akt-fragment/1575;1575;1575;Odstavec_Dc;"Jestliže závody jmenované v § 4, lit. a) a b), obsadí nějaké místo proti ustanovením tohoto zákona, trestají se pokutou 1000 až 5000 K i kdyby obsazení nemohlo již býti prohlášeno za neplatné; pokuta plyne do pomocného fondu československých legií.";norms;"<a data-odkaz-id=""2156783"" href=""#""  class=""int_odkaz"">§ 4, lit. a)</a>";§ 4, lit. a);2156783;int_odkaz;NA;NA;NA;NA;esel-esb:právní-akt-odkaz/2156783;§ 4, lit. a);INTUSTAN;37;esel-esb:eli/cz/sb/1919/462/0000-00-00/dokument/norma/par_4/pism_a;37;esel-esb:eli/cz/sb/1919/462/0000-00-00/dokument/norma/par_14/frag_1575;37;1919/462;1919/462;1919/462;462/1919 Sb.
esel-esb:eli/cz/sb/1919/462/1946-10-31/dokument/norma/par_14/frag_1575;2442;esel-esb:eli/cz/sb/1919/462/1946-10-31/dokument/norma/par_14;NA;NA;NA;NA;/2/14/2/;esel-esb:právní-akt-fragment/1575;1575;1575;Odstavec_Dc;"Jestliže závody jmenované v § 4, lit. a) a b), obsadí nějaké místo proti ustanovením tohoto zákona, trestají se pokutou 1000 až 5000 K i kdyby obsazení nemohlo již býti prohlášeno za neplatné; pokuta plyne do pomocného fondu československých legií.";norms;"<a data-odkaz-id=""2156789"" href=""#""  class=""int_odkaz"">b)</a>";b);2156789;int_odkaz;NA;NA;NA;NA;esel-esb:právní-akt-odkaz/2156789;b);INTUSTAN;37;esel-esb:eli/cz/sb/1919/462/0000-00-00/dokument/norma/par_4/pism_b;37;esel-esb:eli/cz/sb/1919/462/0000-00-00/dokument/norma/par_14/frag_1575;37;1919/462;1919/462;1919/462;462/1919 Sb.
esel-esb:eli/cz/sb/1919/462/1946-10-31/dokument/norma/par_15/frag_1585;2447;esel-esb:eli/cz/sb/1919/462/1946-10-31/dokument/norma/par_15;NA;NA;NA;NA;/2/15/2/;esel-esb:právní-akt-fragment/1585;1585;1585;Odstavec_Dc;Zánik práva na místa vyhrazená nebo zánik práva přednostního budiž poznamenán v seznamu průkazů (§ 7) a vydaný průkaz budiž majiteli odebrán.;norms;"<a data-odkaz-id=""2156795"" href=""#""  class=""int_odkaz"">§ 7</a>";§ 7;2156795;int_odkaz;NA;NA;NA;NA;esel-esb:právní-akt-odkaz/2156795;§ 7;INTUSTAN;37;esel-esb:eli/cz/sb/1919/462/0000-00-00/dokument/norma/par_7;37;esel-esb:eli/cz/sb/1919/462/0000-00-00/dokument/norma/par_15/frag_1585;37;1919/462;1919/462;1919/462;462/1919 Sb.
esel-esb:eli/cz/sb/1919/462/1946-10-31/dokument/norma/par_16/frag_1589;2449;esel-esb:eli/cz/sb/1919/462/1946-10-31/dokument/norma/par_16;NA;NA;NA;NA;/2/16/1/;esel-esb:právní-akt-fragment/1589;1589;1589;Odstavec_Dc;Průkazy vydávané ve smyslu § 7, žádosti o místa, jakož i žádosti za zaznamenání a všechny přílohy k žádostem jsou osvobozeny od kolků.;norms;"<a data-odkaz-id=""2156801"" href=""#""  class=""int_odkaz"">§ 7</a>";§ 7;2156801;int_odkaz;NA;NA;NA;NA;esel-esb:právní-akt-odkaz/2156801;§ 7;INTUSTAN;37;esel-esb:eli/cz/sb/1919/462/0000-00-00/dokument/norma/par_7;37;esel-esb:eli/cz/sb/1919/462/0000-00-00/dokument/norma/par_16/frag_1589;37;1919/462;1919/462;1919/462;462/1919 Sb.
esel-esb:eli/cz/sb/1919/462/1946-10-31/dokument/norma/par_17/frag_1593;2451;esel-esb:eli/cz/sb/1919/462/1946-10-31/dokument/norma/par_17;NA;NA;NA;NA;/2/17/1/;esel-esb:právní-akt-fragment/1593;1593;1593;Odstavec_Dc;Když se povolují koncese závodům a podnikům uvedeným v § 4, budiž v listině povolovací uvedeno, že jsou povinny vyhověti ustanovením tohoto zákona i tehdy, jestliže od státu nepožívají záruky nebo podpory.;norms;"<a data-odkaz-id=""2156807"" href=""#""  class=""int_odkaz"">§ 4</a>";§ 4;2156807;int_odkaz;NA;NA;NA;NA;esel-esb:právní-akt-odkaz/2156807;§ 4;INTUSTAN;37;esel-esb:eli/cz/sb/1919/462/0000-00-00/dokument/norma/par_4;37;esel-esb:eli/cz/sb/1919/462/0000-00-00/dokument/norma/par_17/frag_1593;37;1919/462;1919/462;1919/462;462/1919 Sb.
