fragment.iri;fragment.id;fragment.předek.iri;fragment.citace;fragment.citace.text;fragment.označení.uzlu;fragment.označení.uzlu.text;fragment.hierarchie;akt.fragment.iri;akt.fragment.id;fragment.base.id;typ.fragmentu;fragment.text_clean;source;tag;tag_clean;odkaz.id;class;data_eurlex;data_celexid;data_cellarid;data_orig_href;odkaz.iri;odkaz.citace.cíl;typ.vazba.odkazu;cíl.dokument.id;fragment.cíl.iri;fragment.cíl.dokument.id;fragment.zdroj.iri;fragment.zdroj.dokument.id;iri_z;iri_c;iri_v;akt.citace
esel-esb:eli/cz/sb/2020/539/2020-12-19/dokument/norma/par_1/frag_10655517;23334223;esel-esb:eli/cz/sb/2020/539/2020-12-19/dokument/norma/par_1;NA;NA;NA;NA;/2/1/2/;esel-esb:právní-akt-fragment/10655517;10655517;10655517;Odstavec_Dc;Tento zákon upravuje některá práva a povinnosti v oblasti prokazování kvalifikačních předpokladů stanovené pro výkon práce v ustanovení jiných právních předpisů nebo na jejich základě, jejichž seznam je uveden v příloze k tomuto zákonu (dále jen „kvalifikační předpisy“), a to za účelem snížení negativních dopadů vyvolaných mimořádnými opatřeními při epidemii koronaviru označovaného jako SARS CoV-2.;norms;"<a data-odkaz-id=""21888845"" href=""#""  class=""int_odkaz"">příloze</a>";příloze;21888845;int_odkaz;NA;NA;NA;NA;esel-esb:právní-akt-odkaz/21888845;příloze;INTUSTAN;60869;esel-esb:eli/cz/sb/2020/539/0000-00-00/dokument/prilohy/priloha_0;60869;esel-esb:eli/cz/sb/2020/539/0000-00-00/dokument/norma/par_1/frag_10655517;60869;2020/539;2020/539;2020/539;539/2020 Sb.
esel-esb:eli/cz/sb/2020/539/2020-12-19/dokument/norma/par_3/odst_1;23334229;esel-esb:eli/cz/sb/2020/539/2020-12-19/dokument/norma/par_3;§ 3 odst. 1;NA;1;NA;/2/3/2/;esel-esb:právní-akt-fragment/10655529;10655529;10655529;Odstavec_Dc;(1) U zaměstnance, který splňoval kvalifikační předpoklady stanovené pro výkon práce v kvalifikačních předpisech k 11. březnu 2020, platí, že tyto kvalifikační předpoklady splňuje i po dobu podle § 2.;norms;"<a data-odkaz-id=""21888851"" href=""#""  class=""int_odkaz"">§ 2</a>";§ 2;21888851;int_odkaz;NA;NA;NA;NA;esel-esb:právní-akt-odkaz/21888851;§ 2;INTUSTAN;60869;esel-esb:eli/cz/sb/2020/539/0000-00-00/dokument/norma/par_2;60869;esel-esb:eli/cz/sb/2020/539/0000-00-00/dokument/norma/par_3/odst_1;60869;2020/539;2020/539;2020/539;539/2020 Sb.
esel-esb:eli/cz/sb/2020/539/2020-12-19/dokument/norma/par_3/odst_2;23334230;esel-esb:eli/cz/sb/2020/539/2020-12-19/dokument/norma/par_3;§ 3 odst. 2;NA;2;NA;/2/3/3/;esel-esb:právní-akt-fragment/10655531;10655531;10655531;Odstavec_Dc;(2) Po dobu podle § 2 není zaměstnavatel povinen provádět pravidelně se opakující školení zaměstnanců pro účely prokázání splnění kvalifikačních předpokladů pro výkon práce stanovených v kvalifikačních předpisech. To neplatí v případě, že pravidelně se opakující školení zaměstnavatel provádí elektronickou formou.;norms;"<a data-odkaz-id=""21888857"" href=""#""  class=""int_odkaz"">§ 2</a>";§ 2;21888857;int_odkaz;NA;NA;NA;NA;esel-esb:právní-akt-odkaz/21888857;§ 2;INTUSTAN;60869;esel-esb:eli/cz/sb/2020/539/0000-00-00/dokument/norma/par_2;60869;esel-esb:eli/cz/sb/2020/539/0000-00-00/dokument/norma/par_3/odst_2;60869;2020/539;2020/539;2020/539;539/2020 Sb.
esel-esb:eli/cz/sb/2020/539/2020-12-19/dokument/norma/par_4/frag_10655537;23334233;esel-esb:eli/cz/sb/2020/539/2020-12-19/dokument/norma/par_4/frag_12600487;NA;NA;NA;NA;/2/4/2/1/;esel-esb:právní-akt-fragment/10655537;10655537;10655537;Odstavec_Dc;Doklady prokazující splnění kvalifikačních předpokladů pro výkon práce stanovené v kvalifikačních předpisech se po dobu podle § 2 považují za platné, pokud pracovněprávní vztah mezi zaměstnavatelem a zaměstnancem v mezidobí nezanikl.;norms;"<a data-odkaz-id=""21888863"" href=""#""  class=""int_odkaz"">§ 2</a>";§ 2;21888863;int_odkaz;NA;NA;NA;NA;esel-esb:právní-akt-odkaz/21888863;§ 2;INTUSTAN;60869;esel-esb:eli/cz/sb/2020/539/0000-00-00/dokument/norma/par_2;60869;esel-esb:eli/cz/sb/2020/539/0000-00-00/dokument/norma/par_4/frag_10655537;60869;2020/539;2020/539;2020/539;539/2020 Sb.
esel-esb:eli/cz/sb/2020/539/2020-12-19/dokument/prilohy/priloha_0/bod_1;23334246;esel-esb:eli/cz/sb/2020/539/2020-12-19/dokument/prilohy/priloha_0;NA;NA;1;NA;/5/1/1/2/;esel-esb:právní-akt-fragment/10655565;10655565;10655565;Bod_Dd;"1. Zákon č. 174/1968 Sb., o státním odborném dozoru nad bezpečností práce, ve znění pozdějších předpisů - § 6c odst. 4;";annex;"<a data-odkaz-id=""21888869"" href=""#""  class=""ext_odkaz"">Zákon č. 174/1968 Sb., o státním odborném dozoru nad bezpečností práce</a>";Zákon č. 174/1968 Sb., o státním odborném dozoru nad bezpečností práce;21888869;ext_odkaz;NA;NA;NA;NA;esel-esb:právní-akt-odkaz/21888869;Zákon č. 174/1968 Sb.;JINYPRED;76767;esel-esb:eli/cz/sb/1968/174/2017-01-01/dokument;60869;esel-esb:eli/cz/sb/2020/539/0000-00-00/dokument/prilohy/priloha_0/bod_1;60869;2020/539;1968/174;2020/539;539/2020 Sb.
esel-esb:eli/cz/sb/2020/539/2020-12-19/dokument/prilohy/priloha_0/bod_1;23334246;esel-esb:eli/cz/sb/2020/539/2020-12-19/dokument/prilohy/priloha_0;NA;NA;1;NA;/5/1/1/2/;esel-esb:právní-akt-fragment/10655565;10655565;10655565;Bod_Dd;"1. Zákon č. 174/1968 Sb., o státním odborném dozoru nad bezpečností práce, ve znění pozdějších předpisů - § 6c odst. 4;";annex;"<a data-odkaz-id=""21888875"" href=""#""  class=""ext_odkaz"">§ 6c odst. 4</a>";§ 6c odst. 4;21888875;ext_odkaz;NA;NA;NA;NA;esel-esb:právní-akt-odkaz/21888875;§ 6c odst. 4;JINEUSTAN;76767;esel-esb:eli/cz/sb/1968/174/2017-01-01/dokument/norma/par_6c/odst_4;60869;esel-esb:eli/cz/sb/2020/539/0000-00-00/dokument/prilohy/priloha_0/bod_1;60869;2020/539;1968/174;2020/539;539/2020 Sb.
esel-esb:eli/cz/sb/2020/539/2020-12-19/dokument/prilohy/priloha_0/bod_2;23334247;esel-esb:eli/cz/sb/2020/539/2020-12-19/dokument/prilohy/priloha_0;NA;NA;2;NA;/5/1/1/3/;esel-esb:právní-akt-fragment/10655567;10655567;10655567;Bod_Dd;"2. Vyhláška č. 50/1978 Sb., o odborné způsobilosti v elektrotechnice, ve znění vyhlášky č. 98/1982 Sb. - § 5 odst. 2, § 6 odst. 2, § 7 odst. 2, § 8 odst. 3 a § 10 odst. 2;";annex;"<a data-odkaz-id=""21888881"" href=""#""  class=""ext_odkaz"">Vyhláška č. 50/1978 Sb., o odborné způsobilosti v elektrotechnice</a>";Vyhláška č. 50/1978 Sb., o odborné způsobilosti v elektrotechnice;21888881;ext_odkaz;NA;NA;NA;NA;esel-esb:právní-akt-odkaz/21888881;Vyhláška č. 50/1978 Sb.;JINYPRED;81663;esel-esb:eli/cz/sb/1978/50/1982-09-01/dokument;60869;esel-esb:eli/cz/sb/2020/539/0000-00-00/dokument/prilohy/priloha_0/bod_2;60869;2020/539;1978/50;2020/539;539/2020 Sb.
esel-esb:eli/cz/sb/2020/539/2020-12-19/dokument/prilohy/priloha_0/bod_2;23334247;esel-esb:eli/cz/sb/2020/539/2020-12-19/dokument/prilohy/priloha_0;NA;NA;2;NA;/5/1/1/3/;esel-esb:právní-akt-fragment/10655567;10655567;10655567;Bod_Dd;"2. Vyhláška č. 50/1978 Sb., o odborné způsobilosti v elektrotechnice, ve znění vyhlášky č. 98/1982 Sb. - § 5 odst. 2, § 6 odst. 2, § 7 odst. 2, § 8 odst. 3 a § 10 odst. 2;";annex;"<a data-odkaz-id=""21888887"" href=""#""  class=""ext_odkaz"">vyhlášky č. 98/1982 Sb.</a>";vyhlášky č. 98/1982 Sb.;21888887;ext_odkaz;NA;NA;NA;NA;esel-esb:právní-akt-odkaz/21888887;vyhlášky č. 98/1982 Sb.;JINYPRED;83529;esel-esb:eli/cz/sb/1982/98/1982-09-01/dokument;60869;esel-esb:eli/cz/sb/2020/539/0000-00-00/dokument/prilohy/priloha_0/bod_2;60869;2020/539;1982/98;2020/539;539/2020 Sb.
esel-esb:eli/cz/sb/2020/539/2020-12-19/dokument/prilohy/priloha_0/bod_2;23334247;esel-esb:eli/cz/sb/2020/539/2020-12-19/dokument/prilohy/priloha_0;NA;NA;2;NA;/5/1/1/3/;esel-esb:právní-akt-fragment/10655567;10655567;10655567;Bod_Dd;"2. Vyhláška č. 50/1978 Sb., o odborné způsobilosti v elektrotechnice, ve znění vyhlášky č. 98/1982 Sb. - § 5 odst. 2, § 6 odst. 2, § 7 odst. 2, § 8 odst. 3 a § 10 odst. 2;";annex;"<a data-odkaz-id=""21888893"" href=""#""  class=""ext_odkaz"">§ 5 odst. 2</a>";§ 5 odst. 2;21888893;ext_odkaz;NA;NA;NA;NA;esel-esb:právní-akt-odkaz/21888893;§ 5 odst. 2;JINEUSTAN;81663;esel-esb:eli/cz/sb/1978/50/1982-09-01/dokument/norma/oddil_2/par_5/odst_2;60869;esel-esb:eli/cz/sb/2020/539/0000-00-00/dokument/prilohy/priloha_0/bod_2;60869;2020/539;1978/50;2020/539;539/2020 Sb.
esel-esb:eli/cz/sb/2020/539/2020-12-19/dokument/prilohy/priloha_0/bod_2;23334247;esel-esb:eli/cz/sb/2020/539/2020-12-19/dokument/prilohy/priloha_0;NA;NA;2;NA;/5/1/1/3/;esel-esb:právní-akt-fragment/10655567;10655567;10655567;Bod_Dd;"2. Vyhláška č. 50/1978 Sb., o odborné způsobilosti v elektrotechnice, ve znění vyhlášky č. 98/1982 Sb. - § 5 odst. 2, § 6 odst. 2, § 7 odst. 2, § 8 odst. 3 a § 10 odst. 2;";annex;"<a data-odkaz-id=""21888899"" href=""#""  class=""ext_odkaz"">§ 6 odst. 2</a>";§ 6 odst. 2;21888899;ext_odkaz;NA;NA;NA;NA;esel-esb:právní-akt-odkaz/21888899;§ 6 odst. 2;JINEUSTAN;81663;esel-esb:eli/cz/sb/1978/50/1982-09-01/dokument/norma/oddil_2/par_6/odst_2;60869;esel-esb:eli/cz/sb/2020/539/0000-00-00/dokument/prilohy/priloha_0/bod_2;60869;2020/539;1978/50;2020/539;539/2020 Sb.
esel-esb:eli/cz/sb/2020/539/2020-12-19/dokument/prilohy/priloha_0/bod_2;23334247;esel-esb:eli/cz/sb/2020/539/2020-12-19/dokument/prilohy/priloha_0;NA;NA;2;NA;/5/1/1/3/;esel-esb:právní-akt-fragment/10655567;10655567;10655567;Bod_Dd;"2. Vyhláška č. 50/1978 Sb., o odborné způsobilosti v elektrotechnice, ve znění vyhlášky č. 98/1982 Sb. - § 5 odst. 2, § 6 odst. 2, § 7 odst. 2, § 8 odst. 3 a § 10 odst. 2;";annex;"<a data-odkaz-id=""21888905"" href=""#""  class=""ext_odkaz"">§ 7 odst. 2</a>";§ 7 odst. 2;21888905;ext_odkaz;NA;NA;NA;NA;esel-esb:právní-akt-odkaz/21888905;§ 7 odst. 2;JINEUSTAN;81663;esel-esb:eli/cz/sb/1978/50/1982-09-01/dokument/norma/oddil_2/par_7/odst_2;60869;esel-esb:eli/cz/sb/2020/539/0000-00-00/dokument/prilohy/priloha_0/bod_2;60869;2020/539;1978/50;2020/539;539/2020 Sb.
esel-esb:eli/cz/sb/2020/539/2020-12-19/dokument/prilohy/priloha_0/bod_2;23334247;esel-esb:eli/cz/sb/2020/539/2020-12-19/dokument/prilohy/priloha_0;NA;NA;2;NA;/5/1/1/3/;esel-esb:právní-akt-fragment/10655567;10655567;10655567;Bod_Dd;"2. Vyhláška č. 50/1978 Sb., o odborné způsobilosti v elektrotechnice, ve znění vyhlášky č. 98/1982 Sb. - § 5 odst. 2, § 6 odst. 2, § 7 odst. 2, § 8 odst. 3 a § 10 odst. 2;";annex;"<a data-odkaz-id=""21888911"" href=""#""  class=""ext_odkaz"">§ 8 odst. 3</a>";§ 8 odst. 3;21888911;ext_odkaz;NA;NA;NA;NA;esel-esb:právní-akt-odkaz/21888911;§ 8 odst. 3;JINEUSTAN;81663;esel-esb:eli/cz/sb/1978/50/1982-09-01/dokument/norma/oddil_2/par_8/odst_3;60869;esel-esb:eli/cz/sb/2020/539/0000-00-00/dokument/prilohy/priloha_0/bod_2;60869;2020/539;1978/50;2020/539;539/2020 Sb.
esel-esb:eli/cz/sb/2020/539/2020-12-19/dokument/prilohy/priloha_0/bod_2;23334247;esel-esb:eli/cz/sb/2020/539/2020-12-19/dokument/prilohy/priloha_0;NA;NA;2;NA;/5/1/1/3/;esel-esb:právní-akt-fragment/10655567;10655567;10655567;Bod_Dd;"2. Vyhláška č. 50/1978 Sb., o odborné způsobilosti v elektrotechnice, ve znění vyhlášky č. 98/1982 Sb. - § 5 odst. 2, § 6 odst. 2, § 7 odst. 2, § 8 odst. 3 a § 10 odst. 2;";annex;"<a data-odkaz-id=""21888917"" href=""#""  class=""ext_odkaz"">§ 10 odst. 2</a>";§ 10 odst. 2;21888917;ext_odkaz;NA;NA;NA;NA;esel-esb:právní-akt-odkaz/21888917;§ 10 odst. 2;JINEUSTAN;81663;esel-esb:eli/cz/sb/1978/50/1982-09-01/dokument/norma/oddil_2/par_10/odst_2;60869;esel-esb:eli/cz/sb/2020/539/0000-00-00/dokument/prilohy/priloha_0/bod_2;60869;2020/539;1978/50;2020/539;539/2020 Sb.
esel-esb:eli/cz/sb/2020/539/2020-12-19/dokument/prilohy/priloha_0/bod_3;23334248;esel-esb:eli/cz/sb/2020/539/2020-12-19/dokument/prilohy/priloha_0;NA;NA;3;NA;/5/1/1/4/;esel-esb:právní-akt-fragment/10655569;10655569;10655569;Bod_Dd;"3. Vyhláška č. 21/1979 Sb., kterou se určují vyhrazená plynová zařízení a stanoví některé podmínky k zajištění jejich bezpečnosti, ve znění pozdějších předpisů - § 5 odst. 2;";annex;"<a data-odkaz-id=""21888923"" href=""#""  class=""ext_odkaz"">Vyhláška č. 21/1979 Sb., kterou se určují vyhrazená plynová zařízení a stanoví některé podmínky k zajištění jejich bezpečnosti</a>";Vyhláška č. 21/1979 Sb., kterou se určují vyhrazená plynová zařízení a stanoví některé podmínky k zajištění jejich bezpečnosti;21888923;ext_odkaz;NA;NA;NA;NA;esel-esb:právní-akt-odkaz/21888923;Vyhláška č. 21/1979 Sb.;JINYPRED;82131;esel-esb:eli/cz/sb/1979/21/2004-01-01/dokument;60869;esel-esb:eli/cz/sb/2020/539/0000-00-00/dokument/prilohy/priloha_0/bod_3;60869;2020/539;1979/21;2020/539;539/2020 Sb.
esel-esb:eli/cz/sb/2020/539/2020-12-19/dokument/prilohy/priloha_0/bod_3;23334248;esel-esb:eli/cz/sb/2020/539/2020-12-19/dokument/prilohy/priloha_0;NA;NA;3;NA;/5/1/1/4/;esel-esb:právní-akt-fragment/10655569;10655569;10655569;Bod_Dd;"3. Vyhláška č. 21/1979 Sb., kterou se určují vyhrazená plynová zařízení a stanoví některé podmínky k zajištění jejich bezpečnosti, ve znění pozdějších předpisů - § 5 odst. 2;";annex;"<a data-odkaz-id=""21888929"" href=""#""  class=""ext_odkaz"">§ 5 odst. 2</a>";§ 5 odst. 2;21888929;ext_odkaz;NA;NA;NA;NA;esel-esb:právní-akt-odkaz/21888929;§ 5 odst. 2;JINEUSTAN;82125;esel-esb:eli/cz/sb/1979/21/1979-07-01/dokument/norma/par_5/odst_2;60869;esel-esb:eli/cz/sb/2020/539/0000-00-00/dokument/prilohy/priloha_0/bod_3;60869;2020/539;1979/21;2020/539;539/2020 Sb.
esel-esb:eli/cz/sb/2020/539/2020-12-19/dokument/prilohy/priloha_0/bod_4;23334249;esel-esb:eli/cz/sb/2020/539/2020-12-19/dokument/prilohy/priloha_0;NA;NA;4;NA;/5/1/1/5/;esel-esb:právní-akt-fragment/10655571;10655571;10655571;Bod_Dd;"4. Vyhláška č. 91/1993 Sb., k zajištění bezpečnosti práce v nízkotlakých kotelnách - § 14 odst. 5;";annex;"<a data-odkaz-id=""21888935"" href=""#""  class=""ext_odkaz"">Vyhláška č. 91/1993 Sb., k zajištění bezpečnosti práce v nízkotlakých kotelnách</a>";Vyhláška č. 91/1993 Sb., k zajištění bezpečnosti práce v nízkotlakých kotelnách;21888935;ext_odkaz;NA;NA;NA;NA;esel-esb:právní-akt-odkaz/21888935;Vyhláška č. 91/1993 Sb.;JINYPRED;98245;esel-esb:eli/cz/sb/1993/91/1993-04-01/dokument;60869;esel-esb:eli/cz/sb/2020/539/0000-00-00/dokument/prilohy/priloha_0/bod_4;60869;2020/539;1993/91;2020/539;539/2020 Sb.
esel-esb:eli/cz/sb/2020/539/2020-12-19/dokument/prilohy/priloha_0/bod_4;23334249;esel-esb:eli/cz/sb/2020/539/2020-12-19/dokument/prilohy/priloha_0;NA;NA;4;NA;/5/1/1/5/;esel-esb:právní-akt-fragment/10655571;10655571;10655571;Bod_Dd;"4. Vyhláška č. 91/1993 Sb., k zajištění bezpečnosti práce v nízkotlakých kotelnách - § 14 odst. 5;";annex;"<a data-odkaz-id=""21888941"" href=""#""  class=""ext_odkaz"">§ 14 odst. 5</a>";§ 14 odst. 5;21888941;ext_odkaz;NA;NA;NA;NA;esel-esb:právní-akt-odkaz/21888941;§ 14 odst. 5;JINEUSTAN;98245;esel-esb:eli/cz/sb/1993/91/1993-04-01/dokument/norma/par_14/odst_5;60869;esel-esb:eli/cz/sb/2020/539/0000-00-00/dokument/prilohy/priloha_0/bod_4;60869;2020/539;1993/91;2020/539;539/2020 Sb.
esel-esb:eli/cz/sb/2020/539/2020-12-19/dokument/prilohy/priloha_0/bod_5;23334250;esel-esb:eli/cz/sb/2020/539/2020-12-19/dokument/prilohy/priloha_0;NA;NA;5;NA;/5/1/1/6/;esel-esb:právní-akt-fragment/10655573;10655573;10655573;Bod_Dd;"5. Zákon č. 266/1994 Sb., o dráhách, ve znění pozdějších předpisů - § 22 odst. 1 písm. b) a § 35 odst. 1 písm. b);";annex;"<a data-odkaz-id=""21888947"" href=""#""  class=""ext_odkaz"">Zákon č. 266/1994 Sb., o dráhách</a>";Zákon č. 266/1994 Sb., o dráhách;21888947;ext_odkaz;NA;NA;NA;NA;esel-esb:právní-akt-odkaz/21888947;Zákon č. 266/1994 Sb.;JINYPRED;100433;esel-esb:eli/cz/sb/1994/266/2020-07-01/dokument;60869;esel-esb:eli/cz/sb/2020/539/0000-00-00/dokument/prilohy/priloha_0/bod_5;60869;2020/539;1994/266;2020/539;539/2020 Sb.
esel-esb:eli/cz/sb/2020/539/2020-12-19/dokument/prilohy/priloha_0/bod_5;23334250;esel-esb:eli/cz/sb/2020/539/2020-12-19/dokument/prilohy/priloha_0;NA;NA;5;NA;/5/1/1/6/;esel-esb:právní-akt-fragment/10655573;10655573;10655573;Bod_Dd;"5. Zákon č. 266/1994 Sb., o dráhách, ve znění pozdějších předpisů - § 22 odst. 1 písm. b) a § 35 odst. 1 písm. b);";annex;"<a data-odkaz-id=""21888953"" href=""#""  class=""ext_odkaz"">§ 22 odst. 1 písm. b)</a>";§ 22 odst. 1 písm. b);21888953;ext_odkaz;NA;NA;NA;NA;esel-esb:právní-akt-odkaz/21888953;§ 22 odst. 1 písm. b);JINEUSTAN;100375;esel-esb:eli/cz/sb/1994/266/1999-11-01/dokument/norma/cast_3/par_22/odst_1/pism_b;60869;esel-esb:eli/cz/sb/2020/539/0000-00-00/dokument/prilohy/priloha_0/bod_5;60869;2020/539;1994/266;2020/539;539/2020 Sb.
esel-esb:eli/cz/sb/2020/539/2020-12-19/dokument/prilohy/priloha_0/bod_5;23334250;esel-esb:eli/cz/sb/2020/539/2020-12-19/dokument/prilohy/priloha_0;NA;NA;5;NA;/5/1/1/6/;esel-esb:právní-akt-fragment/10655573;10655573;10655573;Bod_Dd;"5. Zákon č. 266/1994 Sb., o dráhách, ve znění pozdějších předpisů - § 22 odst. 1 písm. b) a § 35 odst. 1 písm. b);";annex;"<a data-odkaz-id=""21888959"" href=""#""  class=""ext_odkaz"">§ 35 odst. 1 písm. b)</a>";§ 35 odst. 1 písm. b);21888959;ext_odkaz;NA;NA;NA;NA;esel-esb:právní-akt-odkaz/21888959;§ 35 odst. 1 písm. b);JINEUSTAN;100375;esel-esb:eli/cz/sb/1994/266/1999-11-01/dokument/norma/cast_4/par_35/odst_1/pism_b;60869;esel-esb:eli/cz/sb/2020/539/0000-00-00/dokument/prilohy/priloha_0/bod_5;60869;2020/539;1994/266;2020/539;539/2020 Sb.
esel-esb:eli/cz/sb/2020/539/2020-12-19/dokument/prilohy/priloha_0/bod_6;23334251;esel-esb:eli/cz/sb/2020/539/2020-12-19/dokument/prilohy/priloha_0;NA;NA;6;NA;/5/1/1/7/;esel-esb:právní-akt-fragment/10655575;10655575;10655575;Bod_Dd;"6. Zákon č. 258/2000 Sb., o ochraně veřejného zdraví a o změně některých souvisejících zákonů, ve znění pozdějších předpisů - § 44a odst. 6 a § 44b odst. 4;";annex;"<a data-odkaz-id=""21888965"" href=""#""  class=""ext_odkaz"">Zákon č. 258/2000 Sb., o ochraně veřejného zdraví a o změně některých souvisejících zákonů</a>";Zákon č. 258/2000 Sb., o ochraně veřejného zdraví a o změně některých souvisejících zákonů;21888965;ext_odkaz;NA;NA;NA;NA;esel-esb:právní-akt-odkaz/21888965;Zákon č. 258/2000 Sb.;JINYPRED;111421;esel-esb:eli/cz/sb/2000/258/2020-07-01/dokument;60869;esel-esb:eli/cz/sb/2020/539/0000-00-00/dokument/prilohy/priloha_0/bod_6;60869;2020/539;2000/258;2020/539;539/2020 Sb.
esel-esb:eli/cz/sb/2020/539/2020-12-19/dokument/prilohy/priloha_0/bod_6;23334251;esel-esb:eli/cz/sb/2020/539/2020-12-19/dokument/prilohy/priloha_0;NA;NA;6;NA;/5/1/1/7/;esel-esb:právní-akt-fragment/10655575;10655575;10655575;Bod_Dd;"6. Zákon č. 258/2000 Sb., o ochraně veřejného zdraví a o změně některých souvisejících zákonů, ve znění pozdějších předpisů - § 44a odst. 6 a § 44b odst. 4;";annex;"<a data-odkaz-id=""21888971"" href=""#""  class=""ext_odkaz"">§ 44a odst. 6</a>";§ 44a odst. 6;21888971;ext_odkaz;NA;NA;NA;NA;esel-esb:právní-akt-odkaz/21888971;§ 44a odst. 6;JINEUSTAN;111339;esel-esb:eli/cz/sb/2000/258/2005-07-01/dokument/norma/cast_1/hlava_2/dil_8/par_44a/odst_8;60869;esel-esb:eli/cz/sb/2020/539/0000-00-00/dokument/prilohy/priloha_0/bod_6;60869;2020/539;2000/258;2020/539;539/2020 Sb.
esel-esb:eli/cz/sb/2020/539/2020-12-19/dokument/prilohy/priloha_0/bod_6;23334251;esel-esb:eli/cz/sb/2020/539/2020-12-19/dokument/prilohy/priloha_0;NA;NA;6;NA;/5/1/1/7/;esel-esb:právní-akt-fragment/10655575;10655575;10655575;Bod_Dd;"6. Zákon č. 258/2000 Sb., o ochraně veřejného zdraví a o změně některých souvisejících zákonů, ve znění pozdějších předpisů - § 44a odst. 6 a § 44b odst. 4;";annex;"<a data-odkaz-id=""21888977"" href=""#""  class=""ext_odkaz"">§ 44b odst. 4</a>";§ 44b odst. 4;21888977;ext_odkaz;NA;NA;NA;NA;esel-esb:právní-akt-odkaz/21888977;§ 44b odst. 4;JINEUSTAN;111331;esel-esb:eli/cz/sb/2000/258/2004-05-01/dokument/norma/cast_1/hlava_2/dil_8/par_44b/odst_5;60869;esel-esb:eli/cz/sb/2020/539/0000-00-00/dokument/prilohy/priloha_0/bod_6;60869;2020/539;2000/258;2020/539;539/2020 Sb.
esel-esb:eli/cz/sb/2020/539/2020-12-19/dokument/prilohy/priloha_0/bod_7;23334252;esel-esb:eli/cz/sb/2020/539/2020-12-19/dokument/prilohy/priloha_0;NA;NA;7;NA;/5/1/1/8/;esel-esb:právní-akt-fragment/10655577;10655577;10655577;Bod_Dd;"7. Zákon č. 406/2000 Sb., o hospodaření energií, ve znění pozdějších předpisů - § 10 odst. 8 a § 10d odst. 2;";annex;"<a data-odkaz-id=""21888983"" href=""#""  class=""ext_odkaz"">Zákon č. 406/2000 Sb., o hospodaření energií</a>";Zákon č. 406/2000 Sb., o hospodaření energií;21888983;ext_odkaz;NA;NA;NA;NA;esel-esb:právní-akt-odkaz/21888983;Zákon č. 406/2000 Sb.;JINYPRED;112317;esel-esb:eli/cz/sb/2000/406/2020-01-25/dokument;60869;esel-esb:eli/cz/sb/2020/539/0000-00-00/dokument/prilohy/priloha_0/bod_7;60869;2020/539;2000/406;2020/539;539/2020 Sb.
esel-esb:eli/cz/sb/2020/539/2020-12-19/dokument/prilohy/priloha_0/bod_7;23334252;esel-esb:eli/cz/sb/2020/539/2020-12-19/dokument/prilohy/priloha_0;NA;NA;7;NA;/5/1/1/8/;esel-esb:právní-akt-fragment/10655577;10655577;10655577;Bod_Dd;"7. Zákon č. 406/2000 Sb., o hospodaření energií, ve znění pozdějších předpisů - § 10 odst. 8 a § 10d odst. 2;";annex;"<a data-odkaz-id=""21888989"" href=""#""  class=""ext_odkaz"">§ 10 odst. 8</a>";§ 10 odst. 8;21888989;ext_odkaz;NA;NA;NA;NA;esel-esb:právní-akt-odkaz/21888989;§ 10 odst. 8;JINEUSTAN;112301;esel-esb:eli/cz/sb/2000/406/2012-05-30/dokument/norma/cast_1/hlava_4/par_10/odst_8;60869;esel-esb:eli/cz/sb/2020/539/0000-00-00/dokument/prilohy/priloha_0/bod_7;60869;2020/539;2000/406;2020/539;539/2020 Sb.
esel-esb:eli/cz/sb/2020/539/2020-12-19/dokument/prilohy/priloha_0/bod_7;23334252;esel-esb:eli/cz/sb/2020/539/2020-12-19/dokument/prilohy/priloha_0;NA;NA;7;NA;/5/1/1/8/;esel-esb:právní-akt-fragment/10655577;10655577;10655577;Bod_Dd;"7. Zákon č. 406/2000 Sb., o hospodaření energií, ve znění pozdějších předpisů - § 10 odst. 8 a § 10d odst. 2;";annex;"<a data-odkaz-id=""21888995"" href=""#""  class=""ext_odkaz"">§ 10d odst. 2</a>";§ 10d odst. 2;21888995;ext_odkaz;NA;NA;NA;NA;esel-esb:právní-akt-odkaz/21888995;§ 10d odst. 2;JINEUSTAN;112303;esel-esb:eli/cz/sb/2000/406/2013-01-01/dokument/norma/cast_1/hlava_4/par_10d/odst_2;60869;esel-esb:eli/cz/sb/2020/539/0000-00-00/dokument/prilohy/priloha_0/bod_7;60869;2020/539;2000/406;2020/539;539/2020 Sb.
esel-esb:eli/cz/sb/2020/539/2020-12-19/dokument/prilohy/priloha_0/bod_8;23334253;esel-esb:eli/cz/sb/2020/539/2020-12-19/dokument/prilohy/priloha_0;NA;NA;8;NA;/5/1/1/9/;esel-esb:právní-akt-fragment/10655579;10655579;10655579;Bod_Dd;"8. Zákon č. 185/2001 Sb., o odpadech, ve znění pozdějších předpisů - § 7 odst. 2;";annex;"<a data-odkaz-id=""21889001"" href=""#""  class=""ext_odkaz"">Zákon č. 185/2001 Sb.</a>";Zákon č. 185/2001 Sb.;21889001;ext_odkaz;NA;NA;NA;NA;esel-esb:právní-akt-odkaz/21889001;Zákon č. 185/2001 Sb.;JINYPRED;114055;esel-esb:eli/cz/sb/2001/185/2020-01-01/dokument;60869;esel-esb:eli/cz/sb/2020/539/0000-00-00/dokument/prilohy/priloha_0/bod_8;60869;2020/539;2001/185;2020/539;539/2020 Sb.
esel-esb:eli/cz/sb/2020/539/2020-12-19/dokument/prilohy/priloha_0/bod_8;23334253;esel-esb:eli/cz/sb/2020/539/2020-12-19/dokument/prilohy/priloha_0;NA;NA;8;NA;/5/1/1/9/;esel-esb:právní-akt-fragment/10655579;10655579;10655579;Bod_Dd;"8. Zákon č. 185/2001 Sb., o odpadech, ve znění pozdějších předpisů - § 7 odst. 2;";annex;"<a data-odkaz-id=""21889007"" href=""#""  class=""ext_odkaz"">§ 7 odst. 2</a>";§ 7 odst. 2;21889007;ext_odkaz;NA;NA;NA;NA;esel-esb:právní-akt-odkaz/21889007;§ 7 odst. 2;JINEUSTAN;113963;esel-esb:eli/cz/sb/2001/185/2003-01-01/dokument/norma/cast_2/hlava_2/par_7/odst_3;60869;esel-esb:eli/cz/sb/2020/539/0000-00-00/dokument/prilohy/priloha_0/bod_8;60869;2020/539;2001/185;2020/539;539/2020 Sb.
esel-esb:eli/cz/sb/2020/539/2020-12-19/dokument/prilohy/priloha_0/bod_9;23334254;esel-esb:eli/cz/sb/2020/539/2020-12-19/dokument/prilohy/priloha_0;NA;NA;9;NA;/5/1/1/10/;esel-esb:právní-akt-fragment/10655581;10655581;10655581;Bod_Dd;"9. Vyhláška č. 246/2001 Sb., o stanovení podmínek požární bezpečnosti a výkonu státního požárního dozoru (vyhláška o požární prevenci), ve znění vyhlášky č. 221/2014 Sb. - § 22, § 23 odst. 2 a 3 a § 25 odst. 1;";annex;"<a data-odkaz-id=""21889013"" href=""#""  class=""ext_odkaz"">Vyhláška č. 246/2001 Sb., o stanovení podmínek požární bezpečnosti a výkonu státního požárního dozoru</a>";Vyhláška č. 246/2001 Sb., o stanovení podmínek požární bezpečnosti a výkonu státního požárního dozoru;21889013;ext_odkaz;NA;NA;NA;NA;esel-esb:právní-akt-odkaz/21889013;Vyhláška č. 246/2001 Sb.;JINYPRED;114453;esel-esb:eli/cz/sb/2001/246/2014-11-01/dokument;60869;esel-esb:eli/cz/sb/2020/539/0000-00-00/dokument/prilohy/priloha_0/bod_9;60869;2020/539;2001/246;2020/539;539/2020 Sb.
esel-esb:eli/cz/sb/2020/539/2020-12-19/dokument/prilohy/priloha_0/bod_9;23334254;esel-esb:eli/cz/sb/2020/539/2020-12-19/dokument/prilohy/priloha_0;NA;NA;9;NA;/5/1/1/10/;esel-esb:právní-akt-fragment/10655581;10655581;10655581;Bod_Dd;"9. Vyhláška č. 246/2001 Sb., o stanovení podmínek požární bezpečnosti a výkonu státního požárního dozoru (vyhláška o požární prevenci), ve znění vyhlášky č. 221/2014 Sb. - § 22, § 23 odst. 2 a 3 a § 25 odst. 1;";annex;"<a data-odkaz-id=""21889019"" href=""#""  class=""ext_odkaz"">o požární prevenci</a>";o požární prevenci;21889019;ext_odkaz;NA;NA;NA;NA;esel-esb:právní-akt-odkaz/21889019;o požární prevenci;JINYPRED;114453;esel-esb:eli/cz/sb/2001/246/2014-11-01/dokument;60869;esel-esb:eli/cz/sb/2020/539/0000-00-00/dokument/prilohy/priloha_0/bod_9;60869;2020/539;2001/246;2020/539;539/2020 Sb.
esel-esb:eli/cz/sb/2020/539/2020-12-19/dokument/prilohy/priloha_0/bod_9;23334254;esel-esb:eli/cz/sb/2020/539/2020-12-19/dokument/prilohy/priloha_0;NA;NA;9;NA;/5/1/1/10/;esel-esb:právní-akt-fragment/10655581;10655581;10655581;Bod_Dd;"9. Vyhláška č. 246/2001 Sb., o stanovení podmínek požární bezpečnosti a výkonu státního požárního dozoru (vyhláška o požární prevenci), ve znění vyhlášky č. 221/2014 Sb. - § 22, § 23 odst. 2 a 3 a § 25 odst. 1;";annex;"<a data-odkaz-id=""21889025"" href=""#""  class=""ext_odkaz"">vyhlášky č. 221/2014 Sb.</a>";vyhlášky č. 221/2014 Sb.;21889025;ext_odkaz;NA;NA;NA;NA;esel-esb:právní-akt-odkaz/21889025;vyhlášky č. 221/2014 Sb.;JINYPRED;146357;esel-esb:eli/cz/sb/2014/221/2014-11-01/dokument;60869;esel-esb:eli/cz/sb/2020/539/0000-00-00/dokument/prilohy/priloha_0/bod_9;60869;2020/539;2014/221;2020/539;539/2020 Sb.
esel-esb:eli/cz/sb/2020/539/2020-12-19/dokument/prilohy/priloha_0/bod_9;23334254;esel-esb:eli/cz/sb/2020/539/2020-12-19/dokument/prilohy/priloha_0;NA;NA;9;NA;/5/1/1/10/;esel-esb:právní-akt-fragment/10655581;10655581;10655581;Bod_Dd;"9. Vyhláška č. 246/2001 Sb., o stanovení podmínek požární bezpečnosti a výkonu státního požárního dozoru (vyhláška o požární prevenci), ve znění vyhlášky č. 221/2014 Sb. - § 22, § 23 odst. 2 a 3 a § 25 odst. 1;";annex;"<a data-odkaz-id=""21889031"" href=""#""  class=""ext_odkaz"">§ 22</a>";§ 22;21889031;ext_odkaz;NA;NA;NA;NA;esel-esb:právní-akt-odkaz/21889031;§ 22;JINEUSTAN;114453;esel-esb:eli/cz/sb/2001/246/2014-11-01/dokument/norma/cast_2/oddil_6/par_22;60869;esel-esb:eli/cz/sb/2020/539/0000-00-00/dokument/prilohy/priloha_0/bod_9;60869;2020/539;2001/246;2020/539;539/2020 Sb.
esel-esb:eli/cz/sb/2020/539/2020-12-19/dokument/prilohy/priloha_0/bod_9;23334254;esel-esb:eli/cz/sb/2020/539/2020-12-19/dokument/prilohy/priloha_0;NA;NA;9;NA;/5/1/1/10/;esel-esb:právní-akt-fragment/10655581;10655581;10655581;Bod_Dd;"9. Vyhláška č. 246/2001 Sb., o stanovení podmínek požární bezpečnosti a výkonu státního požárního dozoru (vyhláška o požární prevenci), ve znění vyhlášky č. 221/2014 Sb. - § 22, § 23 odst. 2 a 3 a § 25 odst. 1;";annex;"<a data-odkaz-id=""21889037"" href=""#""  class=""ext_odkaz"">§ 23 odst. 2</a>";§ 23 odst. 2;21889037;ext_odkaz;NA;NA;NA;NA;esel-esb:právní-akt-odkaz/21889037;§ 23 odst. 2;JINEUSTAN;114453;esel-esb:eli/cz/sb/2001/246/2014-11-01/dokument/norma/cast_2/oddil_6/par_23/odst_2;60869;esel-esb:eli/cz/sb/2020/539/0000-00-00/dokument/prilohy/priloha_0/bod_9;60869;2020/539;2001/246;2020/539;539/2020 Sb.
esel-esb:eli/cz/sb/2020/539/2020-12-19/dokument/prilohy/priloha_0/bod_9;23334254;esel-esb:eli/cz/sb/2020/539/2020-12-19/dokument/prilohy/priloha_0;NA;NA;9;NA;/5/1/1/10/;esel-esb:právní-akt-fragment/10655581;10655581;10655581;Bod_Dd;"9. Vyhláška č. 246/2001 Sb., o stanovení podmínek požární bezpečnosti a výkonu státního požárního dozoru (vyhláška o požární prevenci), ve znění vyhlášky č. 221/2014 Sb. - § 22, § 23 odst. 2 a 3 a § 25 odst. 1;";annex;"<a data-odkaz-id=""21889043"" href=""#""  class=""ext_odkaz"">3</a>";3;21889043;ext_odkaz;NA;NA;NA;NA;esel-esb:právní-akt-odkaz/21889043;3;JINEUSTAN;114453;esel-esb:eli/cz/sb/2001/246/2014-11-01/dokument/norma/cast_2/oddil_6/par_23/odst_3;60869;esel-esb:eli/cz/sb/2020/539/0000-00-00/dokument/prilohy/priloha_0/bod_9;60869;2020/539;2001/246;2020/539;539/2020 Sb.
esel-esb:eli/cz/sb/2020/539/2020-12-19/dokument/prilohy/priloha_0/bod_9;23334254;esel-esb:eli/cz/sb/2020/539/2020-12-19/dokument/prilohy/priloha_0;NA;NA;9;NA;/5/1/1/10/;esel-esb:právní-akt-fragment/10655581;10655581;10655581;Bod_Dd;"9. Vyhláška č. 246/2001 Sb., o stanovení podmínek požární bezpečnosti a výkonu státního požárního dozoru (vyhláška o požární prevenci), ve znění vyhlášky č. 221/2014 Sb. - § 22, § 23 odst. 2 a 3 a § 25 odst. 1;";annex;"<a data-odkaz-id=""21889049"" href=""#""  class=""ext_odkaz"">§ 25 odst. 1</a>";§ 25 odst. 1;21889049;ext_odkaz;NA;NA;NA;NA;esel-esb:právní-akt-odkaz/21889049;§ 25 odst. 1;JINEUSTAN;114453;esel-esb:eli/cz/sb/2001/246/2014-11-01/dokument/norma/cast_2/oddil_6/par_25/odst_1;60869;esel-esb:eli/cz/sb/2020/539/0000-00-00/dokument/prilohy/priloha_0/bod_9;60869;2020/539;2001/246;2020/539;539/2020 Sb.
esel-esb:eli/cz/sb/2020/539/2020-12-19/dokument/prilohy/priloha_0/bod_10;23334255;esel-esb:eli/cz/sb/2020/539/2020-12-19/dokument/prilohy/priloha_0;NA;NA;10;NA;/5/1/1/11/;esel-esb:právní-akt-fragment/10655583;10655583;10655583;Bod_Dd;"10. Vyhláška č. 75/2002 Sb., o bezpečnosti provozu elektrických technických zařízení používaných při hornické činnosti a činnosti prováděné hornickým způsobem, ve znění vyhlášky č. 381/2012 Sb. - § 8 odst. 5 a § 9 odst. 3 písm. f);";annex;"<a data-odkaz-id=""21889055"" href=""#""  class=""ext_odkaz"">Vyhláška č. 75/2002 Sb., o bezpečnosti provozu elektrických technických zařízení používaných při hornické činnosti a činnosti prováděné hornickým způsobem</a>";Vyhláška č. 75/2002 Sb., o bezpečnosti provozu elektrických technických zařízení používaných při hornické činnosti a činnosti prováděné hornickým způsobem;21889055;ext_odkaz;NA;NA;NA;NA;esel-esb:právní-akt-odkaz/21889055;Vyhláška č. 75/2002 Sb.;JINYPRED;116353;esel-esb:eli/cz/sb/2002/75/2012-12-01/dokument;60869;esel-esb:eli/cz/sb/2020/539/0000-00-00/dokument/prilohy/priloha_0/bod_10;60869;2020/539;2002/75;2020/539;539/2020 Sb.
esel-esb:eli/cz/sb/2020/539/2020-12-19/dokument/prilohy/priloha_0/bod_10;23334255;esel-esb:eli/cz/sb/2020/539/2020-12-19/dokument/prilohy/priloha_0;NA;NA;10;NA;/5/1/1/11/;esel-esb:právní-akt-fragment/10655583;10655583;10655583;Bod_Dd;"10. Vyhláška č. 75/2002 Sb., o bezpečnosti provozu elektrických technických zařízení používaných při hornické činnosti a činnosti prováděné hornickým způsobem, ve znění vyhlášky č. 381/2012 Sb. - § 8 odst. 5 a § 9 odst. 3 písm. f);";annex;"<a data-odkaz-id=""21889061"" href=""#""  class=""ext_odkaz"">vyhlášky č. 381/2012 Sb.</a>";vyhlášky č. 381/2012 Sb.;21889061;ext_odkaz;NA;NA;NA;NA;esel-esb:právní-akt-odkaz/21889061;vyhlášky č. 381/2012 Sb.;JINYPRED;143021;esel-esb:eli/cz/sb/2012/381/2012-12-01/dokument;60869;esel-esb:eli/cz/sb/2020/539/0000-00-00/dokument/prilohy/priloha_0/bod_10;60869;2020/539;2012/381;2020/539;539/2020 Sb.
esel-esb:eli/cz/sb/2020/539/2020-12-19/dokument/prilohy/priloha_0/bod_10;23334255;esel-esb:eli/cz/sb/2020/539/2020-12-19/dokument/prilohy/priloha_0;NA;NA;10;NA;/5/1/1/11/;esel-esb:právní-akt-fragment/10655583;10655583;10655583;Bod_Dd;"10. Vyhláška č. 75/2002 Sb., o bezpečnosti provozu elektrických technických zařízení používaných při hornické činnosti a činnosti prováděné hornickým způsobem, ve znění vyhlášky č. 381/2012 Sb. - § 8 odst. 5 a § 9 odst. 3 písm. f);";annex;"<a data-odkaz-id=""21889067"" href=""#""  class=""ext_odkaz"">§ 8 odst. 5</a>";§ 8 odst. 5;21889067;ext_odkaz;NA;NA;NA;NA;esel-esb:právní-akt-odkaz/21889067;§ 8 odst. 5;JINEUSTAN;116353;esel-esb:eli/cz/sb/2002/75/2012-12-01/dokument/norma/par_8/odst_5;60869;esel-esb:eli/cz/sb/2020/539/0000-00-00/dokument/prilohy/priloha_0/bod_10;60869;2020/539;2002/75;2020/539;539/2020 Sb.
esel-esb:eli/cz/sb/2020/539/2020-12-19/dokument/prilohy/priloha_0/bod_10;23334255;esel-esb:eli/cz/sb/2020/539/2020-12-19/dokument/prilohy/priloha_0;NA;NA;10;NA;/5/1/1/11/;esel-esb:právní-akt-fragment/10655583;10655583;10655583;Bod_Dd;"10. Vyhláška č. 75/2002 Sb., o bezpečnosti provozu elektrických technických zařízení používaných při hornické činnosti a činnosti prováděné hornickým způsobem, ve znění vyhlášky č. 381/2012 Sb. - § 8 odst. 5 a § 9 odst. 3 písm. f);";annex;"<a data-odkaz-id=""21889073"" href=""#""  class=""ext_odkaz"">§ 9 odst. 3 písm. f)</a>";§ 9 odst. 3 písm. f);21889073;ext_odkaz;NA;NA;NA;NA;esel-esb:právní-akt-odkaz/21889073;§ 9 odst. 3 písm. f);JINEUSTAN;116353;esel-esb:eli/cz/sb/2002/75/2012-12-01/dokument/norma/par_9/odst_3/pism_f;60869;esel-esb:eli/cz/sb/2020/539/0000-00-00/dokument/prilohy/priloha_0/bod_10;60869;2020/539;2002/75;2020/539;539/2020 Sb.
esel-esb:eli/cz/sb/2020/539/2020-12-19/dokument/prilohy/priloha_0/bod_11;23334256;esel-esb:eli/cz/sb/2020/539/2020-12-19/dokument/prilohy/priloha_0;NA;NA;11;NA;/5/1/1/12/;esel-esb:právní-akt-fragment/10655585;10655585;10655585;Bod_Dd;"11. Vyhláška č. 392/2003 Sb., o bezpečnosti provozu technických zařízení a o požadavcích na vyhrazená technická zařízení tlaková, zdvihací a plynová při hornické činnosti a činnosti prováděné hornickým způsobem, ve znění pozdějších předpisů - § 14 odst. 7 a § 19 odst. 5;";annex;"<a data-odkaz-id=""21889079"" href=""#""  class=""ext_odkaz"">Vyhláška č. 392/2003 Sb., o bezpečnosti provozu technických zařízení a o požadavcích na vyhrazená technická zařízení tlaková, zdvihací a plynová při hornické činnosti a činnosti prováděné hornickým způsobem</a>";Vyhláška č. 392/2003 Sb., o bezpečnosti provozu technických zařízení a o požadavcích na vyhrazená technická zařízení tlaková, zdvihací a plynová při hornické činnosti a činnosti prováděné hornickým způsobem;21889079;ext_odkaz;NA;NA;NA;NA;esel-esb:právní-akt-odkaz/21889079;Vyhláška č. 392/2003 Sb.;JINYPRED;121193;esel-esb:eli/cz/sb/2003/392/2017-06-01/dokument;60869;esel-esb:eli/cz/sb/2020/539/0000-00-00/dokument/prilohy/priloha_0/bod_11;60869;2020/539;2003/392;2020/539;539/2020 Sb.
esel-esb:eli/cz/sb/2020/539/2020-12-19/dokument/prilohy/priloha_0/bod_11;23334256;esel-esb:eli/cz/sb/2020/539/2020-12-19/dokument/prilohy/priloha_0;NA;NA;11;NA;/5/1/1/12/;esel-esb:právní-akt-fragment/10655585;10655585;10655585;Bod_Dd;"11. Vyhláška č. 392/2003 Sb., o bezpečnosti provozu technických zařízení a o požadavcích na vyhrazená technická zařízení tlaková, zdvihací a plynová při hornické činnosti a činnosti prováděné hornickým způsobem, ve znění pozdějších předpisů - § 14 odst. 7 a § 19 odst. 5;";annex;"<a data-odkaz-id=""21889085"" href=""#""  class=""ext_odkaz"">§ 14 odst. 7</a>";§ 14 odst. 7;21889085;ext_odkaz;NA;NA;NA;NA;esel-esb:právní-akt-odkaz/21889085;§ 14 odst. 7;JINEUSTAN;121193;esel-esb:eli/cz/sb/2003/392/2017-06-01/dokument/norma/cast_3/par_14/odst_7;60869;esel-esb:eli/cz/sb/2020/539/0000-00-00/dokument/prilohy/priloha_0/bod_11;60869;2020/539;2003/392;2020/539;539/2020 Sb.
esel-esb:eli/cz/sb/2020/539/2020-12-19/dokument/prilohy/priloha_0/bod_11;23334256;esel-esb:eli/cz/sb/2020/539/2020-12-19/dokument/prilohy/priloha_0;NA;NA;11;NA;/5/1/1/12/;esel-esb:právní-akt-fragment/10655585;10655585;10655585;Bod_Dd;"11. Vyhláška č. 392/2003 Sb., o bezpečnosti provozu technických zařízení a o požadavcích na vyhrazená technická zařízení tlaková, zdvihací a plynová při hornické činnosti a činnosti prováděné hornickým způsobem, ve znění pozdějších předpisů - § 14 odst. 7 a § 19 odst. 5;";annex;"<a data-odkaz-id=""21889091"" href=""#""  class=""ext_odkaz"">§ 19 odst. 5</a>";§ 19 odst. 5;21889091;ext_odkaz;NA;NA;NA;NA;esel-esb:právní-akt-odkaz/21889091;§ 19 odst. 5;JINEUSTAN;121193;esel-esb:eli/cz/sb/2003/392/2017-06-01/dokument/norma/cast_3/par_19/odst_5;60869;esel-esb:eli/cz/sb/2020/539/0000-00-00/dokument/prilohy/priloha_0/bod_11;60869;2020/539;2003/392;2020/539;539/2020 Sb.
esel-esb:eli/cz/sb/2020/539/2020-12-19/dokument/prilohy/priloha_0/bod_12;23334257;esel-esb:eli/cz/sb/2020/539/2020-12-19/dokument/prilohy/priloha_0;NA;NA;12;NA;/5/1/1/13/;esel-esb:právní-akt-fragment/10655587;10655587;10655587;Bod_Dd;"12. Zákon č. 309/2006 Sb., kterým se upravují další požadavky bezpečnosti a ochrany zdraví při práci v pracovněprávních vztazích a o zajištění bezpečnosti a ochrany zdraví při činnosti nebo poskytování služeb mimo pracovněprávní vztahy (zákon o zajištění dalších podmínek bezpečnosti a ochrany zdraví při práci), ve znění pozdějších předpisů - § 10 odst. 3 a § 11 odst. 4;";annex;"<a data-odkaz-id=""21889097"" href=""#""  class=""ext_odkaz"">Zákon č. 309/2006 Sb., kterým se upravují další požadavky bezpečnosti a ochrany zdraví při práci v pracovněprávních vztazích a o zajištění bezpečnosti a ochrany zdraví při činnosti nebo poskytování služeb mimo pracovněprávní vztahy</a>";Zákon č. 309/2006 Sb., kterým se upravují další požadavky bezpečnosti a ochrany zdraví při práci v pracovněprávních vztazích a o zajištění bezpečnosti a ochrany zdraví při činnosti nebo poskytování služeb mimo pracovněprávní vztahy;21889097;ext_odkaz;NA;NA;NA;NA;esel-esb:právní-akt-odkaz/21889097;Zákon č. 309/2006 Sb.;JINYPRED;130705;esel-esb:eli/cz/sb/2006/309/2016-05-01/dokument;60869;esel-esb:eli/cz/sb/2020/539/0000-00-00/dokument/prilohy/priloha_0/bod_12;60869;2020/539;2006/309;2020/539;539/2020 Sb.
esel-esb:eli/cz/sb/2020/539/2020-12-19/dokument/prilohy/priloha_0/bod_12;23334257;esel-esb:eli/cz/sb/2020/539/2020-12-19/dokument/prilohy/priloha_0;NA;NA;12;NA;/5/1/1/13/;esel-esb:právní-akt-fragment/10655587;10655587;10655587;Bod_Dd;"12. Zákon č. 309/2006 Sb., kterým se upravují další požadavky bezpečnosti a ochrany zdraví při práci v pracovněprávních vztazích a o zajištění bezpečnosti a ochrany zdraví při činnosti nebo poskytování služeb mimo pracovněprávní vztahy (zákon o zajištění dalších podmínek bezpečnosti a ochrany zdraví při práci), ve znění pozdějších předpisů - § 10 odst. 3 a § 11 odst. 4;";annex;"<a data-odkaz-id=""21889103"" href=""#""  class=""ext_odkaz"">o zajištění dalších podmínek bezpečnosti a ochrany zdraví při práci</a>";o zajištění dalších podmínek bezpečnosti a ochrany zdraví při práci;21889103;ext_odkaz;NA;NA;NA;NA;esel-esb:právní-akt-odkaz/21889103;o zajištění dalších podmínek bezpečnosti a ochrany zdraví při práci;JINYPRED;130705;esel-esb:eli/cz/sb/2006/309/2016-05-01/dokument;60869;esel-esb:eli/cz/sb/2020/539/0000-00-00/dokument/prilohy/priloha_0/bod_12;60869;2020/539;2006/309;2020/539;539/2020 Sb.
esel-esb:eli/cz/sb/2020/539/2020-12-19/dokument/prilohy/priloha_0/bod_12;23334257;esel-esb:eli/cz/sb/2020/539/2020-12-19/dokument/prilohy/priloha_0;NA;NA;12;NA;/5/1/1/13/;esel-esb:právní-akt-fragment/10655587;10655587;10655587;Bod_Dd;"12. Zákon č. 309/2006 Sb., kterým se upravují další požadavky bezpečnosti a ochrany zdraví při práci v pracovněprávních vztazích a o zajištění bezpečnosti a ochrany zdraví při činnosti nebo poskytování služeb mimo pracovněprávní vztahy (zákon o zajištění dalších podmínek bezpečnosti a ochrany zdraví při práci), ve znění pozdějších předpisů - § 10 odst. 3 a § 11 odst. 4;";annex;"<a data-odkaz-id=""21889109"" href=""#""  class=""ext_odkaz"">§ 10 odst. 3</a>";§ 10 odst. 3;21889109;ext_odkaz;NA;NA;NA;NA;esel-esb:právní-akt-odkaz/21889109;§ 10 odst. 3;JINEUSTAN;130703;esel-esb:eli/cz/sb/2006/309/2012-07-01/dokument/norma/cast_1/hlava_3/par_10/odst_3;60869;esel-esb:eli/cz/sb/2020/539/0000-00-00/dokument/prilohy/priloha_0/bod_12;60869;2020/539;2006/309;2020/539;539/2020 Sb.
esel-esb:eli/cz/sb/2020/539/2020-12-19/dokument/prilohy/priloha_0/bod_12;23334257;esel-esb:eli/cz/sb/2020/539/2020-12-19/dokument/prilohy/priloha_0;NA;NA;12;NA;/5/1/1/13/;esel-esb:právní-akt-fragment/10655587;10655587;10655587;Bod_Dd;"12. Zákon č. 309/2006 Sb., kterým se upravují další požadavky bezpečnosti a ochrany zdraví při práci v pracovněprávních vztazích a o zajištění bezpečnosti a ochrany zdraví při činnosti nebo poskytování služeb mimo pracovněprávní vztahy (zákon o zajištění dalších podmínek bezpečnosti a ochrany zdraví při práci), ve znění pozdějších předpisů - § 10 odst. 3 a § 11 odst. 4;";annex;"<a data-odkaz-id=""21889115"" href=""#""  class=""ext_odkaz"">§ 11 odst. 4</a>";§ 11 odst. 4;21889115;ext_odkaz;NA;NA;NA;NA;esel-esb:právní-akt-odkaz/21889115;§ 11 odst. 4;JINEUSTAN;130705;esel-esb:eli/cz/sb/2006/309/2016-05-01/dokument/norma/cast_1/hlava_3/par_11/odst_4;60869;esel-esb:eli/cz/sb/2020/539/0000-00-00/dokument/prilohy/priloha_0/bod_12;60869;2020/539;2006/309;2020/539;539/2020 Sb.
esel-esb:eli/cz/sb/2020/539/2020-12-19/dokument/prilohy/priloha_0/bod_13;23334258;esel-esb:eli/cz/sb/2020/539/2020-12-19/dokument/prilohy/priloha_0;NA;NA;13;NA;/5/1/1/14/;esel-esb:právní-akt-fragment/10655589;10655589;10655589;Bod_Dd;"13. Zákon č. 73/2012 Sb., o látkách, které poškozují ozonovou vrstvu, a o fluorovaných skleníkových plynech, ve znění pozdějších předpisů - § 17b odst. 2 písm. g);";annex;"<a data-odkaz-id=""21889121"" href=""#""  class=""ext_odkaz"">Zákon č. 73/2012 Sb., o látkách, které poškozují ozonovou vrstvu, a o fluorovaných skleníkových plynech</a>";Zákon č. 73/2012 Sb., o látkách, které poškozují ozonovou vrstvu, a o fluorovaných skleníkových plynech;21889121;ext_odkaz;NA;NA;NA;NA;esel-esb:právní-akt-odkaz/21889121;Zákon č. 73/2012 Sb.;JINYPRED;141707;esel-esb:eli/cz/sb/2012/73/2017-07-01/dokument;60869;esel-esb:eli/cz/sb/2020/539/0000-00-00/dokument/prilohy/priloha_0/bod_13;60869;2020/539;2012/73;2020/539;539/2020 Sb.
esel-esb:eli/cz/sb/2020/539/2020-12-19/dokument/prilohy/priloha_0/bod_13;23334258;esel-esb:eli/cz/sb/2020/539/2020-12-19/dokument/prilohy/priloha_0;NA;NA;13;NA;/5/1/1/14/;esel-esb:právní-akt-fragment/10655589;10655589;10655589;Bod_Dd;"13. Zákon č. 73/2012 Sb., o látkách, které poškozují ozonovou vrstvu, a o fluorovaných skleníkových plynech, ve znění pozdějších předpisů - § 17b odst. 2 písm. g);";annex;"<a data-odkaz-id=""21889127"" href=""#""  class=""ext_odkaz"">§ 17b odst. 2 písm. g)</a>";§ 17b odst. 2 písm. g);21889127;ext_odkaz;NA;NA;NA;NA;esel-esb:právní-akt-odkaz/21889127;§ 17b odst. 2 písm. g);JINEUSTAN;141707;esel-esb:eli/cz/sb/2012/73/2017-07-01/dokument/norma/par_17b/odst_2/pism_g;60869;esel-esb:eli/cz/sb/2020/539/0000-00-00/dokument/prilohy/priloha_0/bod_13;60869;2020/539;2012/73;2020/539;539/2020 Sb.
esel-esb:eli/cz/sb/2020/539/2020-12-19/dokument/prilohy/priloha_0/bod_14;23334259;esel-esb:eli/cz/sb/2020/539/2020-12-19/dokument/prilohy/priloha_0;NA;NA;14;NA;/5/1/1/15/;esel-esb:právní-akt-fragment/10655591;10655591;10655591;Bod_Dd;"14. Zákon č. 263/2016 Sb., atomový zákon, ve znění zákona č. 183/2017 Sb. - § 32 odst. 8;";annex;"<a data-odkaz-id=""21889133"" href=""#""  class=""ext_odkaz"">Zákon č. 263/2016 Sb., atomový zákon</a>";Zákon č. 263/2016 Sb., atomový zákon;21889133;ext_odkaz;NA;NA;NA;NA;esel-esb:právní-akt-odkaz/21889133;Zákon č. 263/2016 Sb., atomový zákon;JINYPRED;149943;esel-esb:eli/cz/sb/2016/263/2017-07-01/dokument;60869;esel-esb:eli/cz/sb/2020/539/0000-00-00/dokument/prilohy/priloha_0/bod_14;60869;2020/539;2016/263;2020/539;539/2020 Sb.
esel-esb:eli/cz/sb/2020/539/2020-12-19/dokument/prilohy/priloha_0/bod_14;23334259;esel-esb:eli/cz/sb/2020/539/2020-12-19/dokument/prilohy/priloha_0;NA;NA;14;NA;/5/1/1/15/;esel-esb:právní-akt-fragment/10655591;10655591;10655591;Bod_Dd;"14. Zákon č. 263/2016 Sb., atomový zákon, ve znění zákona č. 183/2017 Sb. - § 32 odst. 8;";annex;"<a data-odkaz-id=""21889139"" href=""#""  class=""ext_odkaz"">zákona č. 183/2017 Sb.</a>";zákona č. 183/2017 Sb.;21889139;ext_odkaz;NA;NA;NA;NA;esel-esb:právní-akt-odkaz/21889139;zákona č. 183/2017 Sb.;JINYPRED;151429;esel-esb:eli/cz/sb/2017/183/2019-04-24/dokument;60869;esel-esb:eli/cz/sb/2020/539/0000-00-00/dokument/prilohy/priloha_0/bod_14;60869;2020/539;2017/183;2020/539;539/2020 Sb.
esel-esb:eli/cz/sb/2020/539/2020-12-19/dokument/prilohy/priloha_0/bod_14;23334259;esel-esb:eli/cz/sb/2020/539/2020-12-19/dokument/prilohy/priloha_0;NA;NA;14;NA;/5/1/1/15/;esel-esb:právní-akt-fragment/10655591;10655591;10655591;Bod_Dd;"14. Zákon č. 263/2016 Sb., atomový zákon, ve znění zákona č. 183/2017 Sb. - § 32 odst. 8;";annex;"<a data-odkaz-id=""21889145"" href=""#""  class=""ext_odkaz"">§ 32 odst. 8</a>";§ 32 odst. 8;21889145;ext_odkaz;NA;NA;NA;NA;esel-esb:právní-akt-odkaz/21889145;§ 32 odst. 8;JINEUSTAN;149943;esel-esb:eli/cz/sb/2016/263/2017-07-01/dokument/norma/cast_1/hlava_2/dil_2/par_32/odst_8;60869;esel-esb:eli/cz/sb/2020/539/0000-00-00/dokument/prilohy/priloha_0/bod_14;60869;2020/539;2016/263;2020/539;539/2020 Sb.
esel-esb:eli/cz/sb/2020/539/2020-12-19/dokument/prilohy/priloha_0/bod_15;23334260;esel-esb:eli/cz/sb/2020/539/2020-12-19/dokument/prilohy/priloha_0;NA;NA;15;NA;/5/1/1/16/;esel-esb:právní-akt-fragment/10655593;10655593;10655593;Bod_Dd;"15. Vyhláška č. 361/2016 Sb., o zabezpečení jaderného zařízení a jaderného materiálu - § 12 odst. 6, § 15 odst. 3, § 17 odst. 3 a § 23 odst. 5 písm. d);";annex;"<a data-odkaz-id=""21889151"" href=""#""  class=""ext_odkaz"">Vyhláška č. 361/2016 Sb., o zabezpečení jaderného zařízení a jaderného materiálu</a>";Vyhláška č. 361/2016 Sb., o zabezpečení jaderného zařízení a jaderného materiálu;21889151;ext_odkaz;NA;NA;NA;NA;esel-esb:právní-akt-odkaz/21889151;Vyhláška č. 361/2016 Sb.;JINYPRED;150337;esel-esb:eli/cz/sb/2016/361/2017-01-01/dokument;60869;esel-esb:eli/cz/sb/2020/539/0000-00-00/dokument/prilohy/priloha_0/bod_15;60869;2020/539;2016/361;2020/539;539/2020 Sb.
esel-esb:eli/cz/sb/2020/539/2020-12-19/dokument/prilohy/priloha_0/bod_15;23334260;esel-esb:eli/cz/sb/2020/539/2020-12-19/dokument/prilohy/priloha_0;NA;NA;15;NA;/5/1/1/16/;esel-esb:právní-akt-fragment/10655593;10655593;10655593;Bod_Dd;"15. Vyhláška č. 361/2016 Sb., o zabezpečení jaderného zařízení a jaderného materiálu - § 12 odst. 6, § 15 odst. 3, § 17 odst. 3 a § 23 odst. 5 písm. d);";annex;"<a data-odkaz-id=""21889157"" href=""#""  class=""ext_odkaz"">§ 12 odst. 6</a>";§ 12 odst. 6;21889157;ext_odkaz;NA;NA;NA;NA;esel-esb:právní-akt-odkaz/21889157;§ 12 odst. 6;JINEUSTAN;150337;esel-esb:eli/cz/sb/2016/361/2017-01-01/dokument/norma/cast_2/par_12/odst_6;60869;esel-esb:eli/cz/sb/2020/539/0000-00-00/dokument/prilohy/priloha_0/bod_15;60869;2020/539;2016/361;2020/539;539/2020 Sb.
esel-esb:eli/cz/sb/2020/539/2020-12-19/dokument/prilohy/priloha_0/bod_15;23334260;esel-esb:eli/cz/sb/2020/539/2020-12-19/dokument/prilohy/priloha_0;NA;NA;15;NA;/5/1/1/16/;esel-esb:právní-akt-fragment/10655593;10655593;10655593;Bod_Dd;"15. Vyhláška č. 361/2016 Sb., o zabezpečení jaderného zařízení a jaderného materiálu - § 12 odst. 6, § 15 odst. 3, § 17 odst. 3 a § 23 odst. 5 písm. d);";annex;"<a data-odkaz-id=""21889163"" href=""#""  class=""ext_odkaz"">§ 15 odst. 3</a>";§ 15 odst. 3;21889163;ext_odkaz;NA;NA;NA;NA;esel-esb:právní-akt-odkaz/21889163;§ 15 odst. 3;JINEUSTAN;150337;esel-esb:eli/cz/sb/2016/361/2017-01-01/dokument/norma/cast_2/par_15/odst_3;60869;esel-esb:eli/cz/sb/2020/539/0000-00-00/dokument/prilohy/priloha_0/bod_15;60869;2020/539;2016/361;2020/539;539/2020 Sb.
esel-esb:eli/cz/sb/2020/539/2020-12-19/dokument/prilohy/priloha_0/bod_15;23334260;esel-esb:eli/cz/sb/2020/539/2020-12-19/dokument/prilohy/priloha_0;NA;NA;15;NA;/5/1/1/16/;esel-esb:právní-akt-fragment/10655593;10655593;10655593;Bod_Dd;"15. Vyhláška č. 361/2016 Sb., o zabezpečení jaderného zařízení a jaderného materiálu - § 12 odst. 6, § 15 odst. 3, § 17 odst. 3 a § 23 odst. 5 písm. d);";annex;"<a data-odkaz-id=""21889169"" href=""#""  class=""ext_odkaz"">§ 17 odst. 3</a>";§ 17 odst. 3;21889169;ext_odkaz;NA;NA;NA;NA;esel-esb:právní-akt-odkaz/21889169;§ 17 odst. 3;JINEUSTAN;150337;esel-esb:eli/cz/sb/2016/361/2017-01-01/dokument/norma/cast_2/par_17/odst_3;60869;esel-esb:eli/cz/sb/2020/539/0000-00-00/dokument/prilohy/priloha_0/bod_15;60869;2020/539;2016/361;2020/539;539/2020 Sb.
esel-esb:eli/cz/sb/2020/539/2020-12-19/dokument/prilohy/priloha_0/bod_15;23334260;esel-esb:eli/cz/sb/2020/539/2020-12-19/dokument/prilohy/priloha_0;NA;NA;15;NA;/5/1/1/16/;esel-esb:právní-akt-fragment/10655593;10655593;10655593;Bod_Dd;"15. Vyhláška č. 361/2016 Sb., o zabezpečení jaderného zařízení a jaderného materiálu - § 12 odst. 6, § 15 odst. 3, § 17 odst. 3 a § 23 odst. 5 písm. d);";annex;"<a data-odkaz-id=""21889175"" href=""#""  class=""ext_odkaz"">§ 23 odst. 5 písm. d)</a>";§ 23 odst. 5 písm. d);21889175;ext_odkaz;NA;NA;NA;NA;esel-esb:právní-akt-odkaz/21889175;§ 23 odst. 5 písm. d);JINEUSTAN;150337;esel-esb:eli/cz/sb/2016/361/2017-01-01/dokument/norma/cast_4/par_23/odst_5/pism_d;60869;esel-esb:eli/cz/sb/2020/539/0000-00-00/dokument/prilohy/priloha_0/bod_15;60869;2020/539;2016/361;2020/539;539/2020 Sb.
esel-esb:eli/cz/sb/2020/539/2020-12-19/dokument/prilohy/priloha_0/bod_16;23334261;esel-esb:eli/cz/sb/2020/539/2020-12-19/dokument/prilohy/priloha_0;NA;NA;16;NA;/5/1/1/17/;esel-esb:právní-akt-fragment/10655595;10655595;10655595;Bod_Dd;"16. Vyhláška č. 409/2016 Sb., o činnostech zvláště důležitých z hlediska jaderné bezpečnosti a radiační ochrany, zvláštní odborné způsobilosti a přípravě osoby zajišťující radiační ochranu registranta - § 17 odst. 1 a 2, § 18 odst. 4, § 19 a § 20 odst. 2;";annex;"<a data-odkaz-id=""21889181"" href=""#""  class=""ext_odkaz"">Vyhláška č. 409/2016 Sb., o činnostech zvláště důležitých z hlediska jaderné bezpečnosti a radiační ochrany, zvláštní odborné způsobilosti a přípravě osoby zajišťující radiační ochranu registranta</a>";Vyhláška č. 409/2016 Sb., o činnostech zvláště důležitých z hlediska jaderné bezpečnosti a radiační ochrany, zvláštní odborné způsobilosti a přípravě osoby zajišťující radiační ochranu registranta;21889181;ext_odkaz;NA;NA;NA;NA;esel-esb:právní-akt-odkaz/21889181;Vyhláška č. 409/2016 Sb.;JINYPRED;150505;esel-esb:eli/cz/sb/2016/409/2017-01-01/dokument;60869;esel-esb:eli/cz/sb/2020/539/0000-00-00/dokument/prilohy/priloha_0/bod_16;60869;2020/539;2016/409;2020/539;539/2020 Sb.
esel-esb:eli/cz/sb/2020/539/2020-12-19/dokument/prilohy/priloha_0/bod_16;23334261;esel-esb:eli/cz/sb/2020/539/2020-12-19/dokument/prilohy/priloha_0;NA;NA;16;NA;/5/1/1/17/;esel-esb:právní-akt-fragment/10655595;10655595;10655595;Bod_Dd;"16. Vyhláška č. 409/2016 Sb., o činnostech zvláště důležitých z hlediska jaderné bezpečnosti a radiační ochrany, zvláštní odborné způsobilosti a přípravě osoby zajišťující radiační ochranu registranta - § 17 odst. 1 a 2, § 18 odst. 4, § 19 a § 20 odst. 2;";annex;"<a data-odkaz-id=""21889187"" href=""#""  class=""ext_odkaz"">§ 17 odst. 1</a>";§ 17 odst. 1;21889187;ext_odkaz;NA;NA;NA;NA;esel-esb:právní-akt-odkaz/21889187;§ 17 odst. 1;JINEUSTAN;150505;esel-esb:eli/cz/sb/2016/409/2017-01-01/dokument/norma/par_17/odst_1;60869;esel-esb:eli/cz/sb/2020/539/0000-00-00/dokument/prilohy/priloha_0/bod_16;60869;2020/539;2016/409;2020/539;539/2020 Sb.
esel-esb:eli/cz/sb/2020/539/2020-12-19/dokument/prilohy/priloha_0/bod_16;23334261;esel-esb:eli/cz/sb/2020/539/2020-12-19/dokument/prilohy/priloha_0;NA;NA;16;NA;/5/1/1/17/;esel-esb:právní-akt-fragment/10655595;10655595;10655595;Bod_Dd;"16. Vyhláška č. 409/2016 Sb., o činnostech zvláště důležitých z hlediska jaderné bezpečnosti a radiační ochrany, zvláštní odborné způsobilosti a přípravě osoby zajišťující radiační ochranu registranta - § 17 odst. 1 a 2, § 18 odst. 4, § 19 a § 20 odst. 2;";annex;"<a data-odkaz-id=""21889193"" href=""#""  class=""ext_odkaz"">2</a>";2;21889193;ext_odkaz;NA;NA;NA;NA;esel-esb:právní-akt-odkaz/21889193;2;JINEUSTAN;150505;esel-esb:eli/cz/sb/2016/409/2017-01-01/dokument/norma/par_17/odst_2;60869;esel-esb:eli/cz/sb/2020/539/0000-00-00/dokument/prilohy/priloha_0/bod_16;60869;2020/539;2016/409;2020/539;539/2020 Sb.
esel-esb:eli/cz/sb/2020/539/2020-12-19/dokument/prilohy/priloha_0/bod_16;23334261;esel-esb:eli/cz/sb/2020/539/2020-12-19/dokument/prilohy/priloha_0;NA;NA;16;NA;/5/1/1/17/;esel-esb:právní-akt-fragment/10655595;10655595;10655595;Bod_Dd;"16. Vyhláška č. 409/2016 Sb., o činnostech zvláště důležitých z hlediska jaderné bezpečnosti a radiační ochrany, zvláštní odborné způsobilosti a přípravě osoby zajišťující radiační ochranu registranta - § 17 odst. 1 a 2, § 18 odst. 4, § 19 a § 20 odst. 2;";annex;"<a data-odkaz-id=""21889199"" href=""#""  class=""ext_odkaz"">§ 18 odst. 4</a>";§ 18 odst. 4;21889199;ext_odkaz;NA;NA;NA;NA;esel-esb:právní-akt-odkaz/21889199;§ 18 odst. 4;JINEUSTAN;150505;esel-esb:eli/cz/sb/2016/409/2017-01-01/dokument/norma/par_18/odst_4;60869;esel-esb:eli/cz/sb/2020/539/0000-00-00/dokument/prilohy/priloha_0/bod_16;60869;2020/539;2016/409;2020/539;539/2020 Sb.
esel-esb:eli/cz/sb/2020/539/2020-12-19/dokument/prilohy/priloha_0/bod_16;23334261;esel-esb:eli/cz/sb/2020/539/2020-12-19/dokument/prilohy/priloha_0;NA;NA;16;NA;/5/1/1/17/;esel-esb:právní-akt-fragment/10655595;10655595;10655595;Bod_Dd;"16. Vyhláška č. 409/2016 Sb., o činnostech zvláště důležitých z hlediska jaderné bezpečnosti a radiační ochrany, zvláštní odborné způsobilosti a přípravě osoby zajišťující radiační ochranu registranta - § 17 odst. 1 a 2, § 18 odst. 4, § 19 a § 20 odst. 2;";annex;"<a data-odkaz-id=""21889205"" href=""#""  class=""ext_odkaz"">§ 19</a>";§ 19;21889205;ext_odkaz;NA;NA;NA;NA;esel-esb:právní-akt-odkaz/21889205;§ 19;JINEUSTAN;150505;esel-esb:eli/cz/sb/2016/409/2017-01-01/dokument/norma/par_19;60869;esel-esb:eli/cz/sb/2020/539/0000-00-00/dokument/prilohy/priloha_0/bod_16;60869;2020/539;2016/409;2020/539;539/2020 Sb.
esel-esb:eli/cz/sb/2020/539/2020-12-19/dokument/prilohy/priloha_0/bod_16;23334261;esel-esb:eli/cz/sb/2020/539/2020-12-19/dokument/prilohy/priloha_0;NA;NA;16;NA;/5/1/1/17/;esel-esb:právní-akt-fragment/10655595;10655595;10655595;Bod_Dd;"16. Vyhláška č. 409/2016 Sb., o činnostech zvláště důležitých z hlediska jaderné bezpečnosti a radiační ochrany, zvláštní odborné způsobilosti a přípravě osoby zajišťující radiační ochranu registranta - § 17 odst. 1 a 2, § 18 odst. 4, § 19 a § 20 odst. 2;";annex;"<a data-odkaz-id=""21889211"" href=""#""  class=""ext_odkaz"">§ 20 odst. 2</a>";§ 20 odst. 2;21889211;ext_odkaz;NA;NA;NA;NA;esel-esb:právní-akt-odkaz/21889211;§ 20 odst. 2;JINEUSTAN;150505;esel-esb:eli/cz/sb/2016/409/2017-01-01/dokument/norma/par_20/odst_2;60869;esel-esb:eli/cz/sb/2020/539/0000-00-00/dokument/prilohy/priloha_0/bod_16;60869;2020/539;2016/409;2020/539;539/2020 Sb.
esel-esb:eli/cz/sb/2020/539/2020-12-19/dokument/prilohy/priloha_0/bod_17;23334262;esel-esb:eli/cz/sb/2020/539/2020-12-19/dokument/prilohy/priloha_0;NA;NA;17;NA;/5/1/1/18/;esel-esb:právní-akt-fragment/10655597;10655597;10655597;Bod_Dd;17. Vyhláška č. 422/2016 Sb., o radiační ochraně a zabezpečení radionuklidového zdroje - § 50 odst. 5.;annex;"<a data-odkaz-id=""21889217"" href=""#""  class=""ext_odkaz"">Vyhláška č. 422/2016 Sb., o radiační ochraně a zabezpečení radionuklidového zdroje</a>";Vyhláška č. 422/2016 Sb., o radiační ochraně a zabezpečení radionuklidového zdroje;21889217;ext_odkaz;NA;NA;NA;NA;esel-esb:právní-akt-odkaz/21889217;Vyhláška č. 422/2016 Sb.;JINYPRED;150739;esel-esb:eli/cz/sb/2016/422/2018-02-01/dokument;60869;esel-esb:eli/cz/sb/2020/539/0000-00-00/dokument/prilohy/priloha_0/bod_17;60869;2020/539;2016/422;2020/539;539/2020 Sb.
esel-esb:eli/cz/sb/2020/539/2020-12-19/dokument/prilohy/priloha_0/bod_17;23334262;esel-esb:eli/cz/sb/2020/539/2020-12-19/dokument/prilohy/priloha_0;NA;NA;17;NA;/5/1/1/18/;esel-esb:právní-akt-fragment/10655597;10655597;10655597;Bod_Dd;17. Vyhláška č. 422/2016 Sb., o radiační ochraně a zabezpečení radionuklidového zdroje - § 50 odst. 5.;annex;"<a data-odkaz-id=""21889223"" href=""#""  class=""ext_odkaz"">§ 50 odst. 5</a>";§ 50 odst. 5;21889223;ext_odkaz;NA;NA;NA;NA;esel-esb:právní-akt-odkaz/21889223;§ 50 odst. 5;JINEUSTAN;150739;esel-esb:eli/cz/sb/2016/422/2018-02-01/dokument/norma/cast_2/hlava_2/dil_3/par_50/odst_5;60869;esel-esb:eli/cz/sb/2020/539/0000-00-00/dokument/prilohy/priloha_0/bod_17;60869;2020/539;2016/422;2020/539;539/2020 Sb.
