fragment.iri;fragment.id;fragment.předek.iri;fragment.citace;fragment.citace.text;fragment.označení.uzlu;fragment.označení.uzlu.text;fragment.hierarchie;akt.fragment.iri;akt.fragment.id;fragment.base.id;typ.fragmentu;fragment.text_clean;source;tag;tag_clean;odkaz.id;class;data_eurlex;data_celexid;data_cellarid;data_orig_href;odkaz.iri;odkaz.citace.cíl;typ.vazba.odkazu;cíl.dokument.id;fragment.cíl.iri;fragment.cíl.dokument.id;fragment.zdroj.iri;fragment.zdroj.dokument.id;iri_z;iri_c;iri_v;akt.citace
esel-esb:eli/cz/sb/1991/570/2015-01-01/dokument/norma/par_1/pism_a;4796654;esel-esb:eli/cz/sb/1991/570/2015-01-01/dokument/norma/par_1/frag_2197409;§ 1 písm. a);NA;a;NA;/2/1/2/1/;esel-esb:právní-akt-fragment/2197415;2197415;2197411;Pismeno_Lb;a) obecní živnostenské úřady, kterými jsou odbory obecních úřadů obcí s rozšířenou působností,1) a na území hlavního města Prahy živnostenské odbory úřadů městských částí určených Statutem hlavního města Prahy,2);norms;"<a data-odkaz-id=""6012975"" href=""#""  class=""int_odkaz""><sup>1</sup>)</a>";1);6012975;int_odkaz;NA;NA;NA;NA;esel-esb:právní-akt-odkaz/6012975;<sup>1</sup>);POZNAMKA;92335;esel-esb:eli/cz/sb/1991/570/2003-01-01/dokument/poznamkypodcarou/ppc_1;92335;esel-esb:eli/cz/sb/1991/570/2003-01-01/dokument/norma/par_1/pism_a;92335;1991/570;1991/570;1991/570;570/1991 Sb.
esel-esb:eli/cz/sb/1991/570/2015-01-01/dokument/norma/par_1/pism_a;4796654;esel-esb:eli/cz/sb/1991/570/2015-01-01/dokument/norma/par_1/frag_2197409;§ 1 písm. a);NA;a;NA;/2/1/2/1/;esel-esb:právní-akt-fragment/2197415;2197415;2197411;Pismeno_Lb;a) obecní živnostenské úřady, kterými jsou odbory obecních úřadů obcí s rozšířenou působností,1) a na území hlavního města Prahy živnostenské odbory úřadů městských částí určených Statutem hlavního města Prahy,2);norms;"<a data-odkaz-id=""6012989"" href=""#""  class=""int_odkaz""><sup>2</sup>)</a>";2);6012989;int_odkaz;NA;NA;NA;NA;esel-esb:právní-akt-odkaz/6012989;<sup>2</sup>);POZNAMKA;92335;esel-esb:eli/cz/sb/1991/570/2003-01-01/dokument/poznamkypodcarou/ppc_2;92335;esel-esb:eli/cz/sb/1991/570/2003-01-01/dokument/norma/par_1/pism_a;92335;1991/570;1991/570;1991/570;570/1991 Sb.
esel-esb:eli/cz/sb/1991/570/2015-01-01/dokument/norma/par_1/pism_b;4796655;esel-esb:eli/cz/sb/1991/570/2015-01-01/dokument/norma/par_1/frag_2197409;§ 1 písm. b);NA;b;NA;/2/1/2/2/;esel-esb:právní-akt-fragment/2197421;2197421;2197417;Pismeno_Lb;b) krajské živnostenské úřady, kterými jsou odbory krajských úřadů,3) a na území hlavního města Prahy živnostenský odbor Magistrátu hlavního města Prahy,4);norms;"<a data-odkaz-id=""6012937"" href=""#""  class=""int_odkaz""><sup>3</sup>)</a>";3);6012937;int_odkaz;NA;NA;NA;NA;esel-esb:právní-akt-odkaz/6012937;<sup>3</sup>);POZNAMKA;92335;esel-esb:eli/cz/sb/1991/570/2003-01-01/dokument/poznamkypodcarou/ppc_3;92335;esel-esb:eli/cz/sb/1991/570/2003-01-01/dokument/norma/par_1/pism_b;92335;1991/570;1991/570;1991/570;570/1991 Sb.
esel-esb:eli/cz/sb/1991/570/2015-01-01/dokument/norma/par_1/pism_b;4796655;esel-esb:eli/cz/sb/1991/570/2015-01-01/dokument/norma/par_1/frag_2197409;§ 1 písm. b);NA;b;NA;/2/1/2/2/;esel-esb:právní-akt-fragment/2197421;2197421;2197417;Pismeno_Lb;b) krajské živnostenské úřady, kterými jsou odbory krajských úřadů,3) a na území hlavního města Prahy živnostenský odbor Magistrátu hlavního města Prahy,4);norms;"<a data-odkaz-id=""6012951"" href=""#""  class=""int_odkaz""><sup>4</sup>)</a>";4);6012951;int_odkaz;NA;NA;NA;NA;esel-esb:právní-akt-odkaz/6012951;<sup>4</sup>);POZNAMKA;92335;esel-esb:eli/cz/sb/1991/570/2003-01-01/dokument/poznamkypodcarou/ppc_4;92335;esel-esb:eli/cz/sb/1991/570/2003-01-01/dokument/norma/par_1/pism_b;92335;1991/570;1991/570;1991/570;570/1991 Sb.
esel-esb:eli/cz/sb/1991/570/2015-01-01/dokument/norma/par_2/odst_1;4796659;esel-esb:eli/cz/sb/1991/570/2015-01-01/dokument/norma/par_2;§ 2 odst. 1;NA;1;NA;/2/2/2/;esel-esb:právní-akt-fragment/2197451;2197451;2197447;Odstavec_Dc;(1) Obecní živnostenský úřad vykonává činnosti v rozsahu stanoveném živnostenským zákonem5), plní další úkoly stanovené zvláštními právními předpisy a dále jako centrální registrační místo;norms;"<a data-odkaz-id=""6012911"" href=""#""  class=""int_odkaz""><sup>5</sup>)</a>";5);6012911;int_odkaz;NA;NA;NA;NA;esel-esb:právní-akt-odkaz/6012911;<sup>5</sup>);POZNAMKA;92341;esel-esb:eli/cz/sb/1991/570/2006-08-01/dokument/poznamkypodcarou/ppc_5;92341;esel-esb:eli/cz/sb/1991/570/2006-08-01/dokument/norma/par_2/odst_1;92341;1991/570;1991/570;1991/570;570/1991 Sb.
esel-esb:eli/cz/sb/1991/570/2015-01-01/dokument/norma/par_2/odst_1/pism_b;4796661;esel-esb:eli/cz/sb/1991/570/2015-01-01/dokument/norma/par_2/odst_1;§ 2 odst. 1 písm. b);NA;b;NA;/2/2/2/2/;esel-esb:právní-akt-fragment/2197471;2197471;2197465;Pismeno_Lb;b) přijímá oznámení a hlášení v oblasti sociálního zabezpečení od fyzických osob podnikajících na základě živnostenského oprávnění, a to v rozsahu stanoveném zvláštními právními předpisy5b),;norms;"<a data-odkaz-id=""6012837"" href=""#""  class=""int_odkaz""><sup>5b</sup>)</a>";5b);6012837;int_odkaz;NA;NA;NA;NA;esel-esb:právní-akt-odkaz/6012837;<sup>5b</sup>);POZNAMKA;92341;esel-esb:eli/cz/sb/1991/570/2006-08-01/dokument/poznamkypodcarou/ppc_5b;92341;esel-esb:eli/cz/sb/1991/570/2006-08-01/dokument/norma/par_2/odst_1/pism_b;92341;1991/570;1991/570;1991/570;570/1991 Sb.
esel-esb:eli/cz/sb/1991/570/2015-01-01/dokument/norma/par_2/odst_1/pism_c;4796662;esel-esb:eli/cz/sb/1991/570/2015-01-01/dokument/norma/par_2/odst_1;§ 2 odst. 1 písm. c);NA;c;NA;/2/2/2/3/;esel-esb:právní-akt-fragment/2197479;2197479;2197473;Pismeno_Lb;c) přijímá oznámení osob podnikajících na základě živnostenského oprávnění o vzniku volných pracovních míst nebo jejich obsazení5c),;norms;"<a data-odkaz-id=""6012799"" href=""#""  class=""int_odkaz""><sup>5c</sup>)</a>";5c);6012799;int_odkaz;NA;NA;NA;NA;esel-esb:právní-akt-odkaz/6012799;<sup>5c</sup>);POZNAMKA;92341;esel-esb:eli/cz/sb/1991/570/2006-08-01/dokument/poznamkypodcarou/ppc_5c;92341;esel-esb:eli/cz/sb/1991/570/2006-08-01/dokument/norma/par_2/odst_1/pism_c;92341;1991/570;1991/570;1991/570;570/1991 Sb.
esel-esb:eli/cz/sb/1991/570/2015-01-01/dokument/norma/par_2/odst_1/pism_d;4796663;esel-esb:eli/cz/sb/1991/570/2015-01-01/dokument/norma/par_2/odst_1;§ 2 odst. 1 písm. d);NA;d;NA;/2/2/2/4/;esel-esb:právní-akt-fragment/2197487;2197487;2197481;Pismeno_Lb;d) přijímá oznámení a hlášení fyzických osob podnikajících na základě živnostenského oprávnění vůči zdravotním pojišťovnám v rozsahu stanoveném zvláštním právním předpisem5d).;norms;"<a data-odkaz-id=""6012791"" href=""#""  class=""int_odkaz""><sup>5d</sup>)</a>";5d);6012791;int_odkaz;NA;NA;NA;NA;esel-esb:právní-akt-odkaz/6012791;<sup>5d</sup>);POZNAMKA;92341;esel-esb:eli/cz/sb/1991/570/2006-08-01/dokument/poznamkypodcarou/ppc_5d;92341;esel-esb:eli/cz/sb/1991/570/2006-08-01/dokument/norma/par_2/odst_1/pism_d;92341;1991/570;1991/570;1991/570;570/1991 Sb.
esel-esb:eli/cz/sb/1991/570/2015-01-01/dokument/norma/par_2/odst_2;4796664;esel-esb:eli/cz/sb/1991/570/2015-01-01/dokument/norma/par_2;§ 2 odst. 2;NA;2;NA;/2/2/3/;esel-esb:právní-akt-fragment/2197495;2197495;2197491;Odstavec_Dc;(2) Obecní živnostenský úřad předává ve lhůtě stanovené zvláštním právním předpisem5e) podání, která obdrží podle odstavce 1, příslušným správním úřadům5f), které dále postupují podle příslušných zvláštních právních předpisů. Přitom obecní živnostenský úřad neposuzuje úplnost nebo věcnou správnost těchto podání.;norms;"<a data-odkaz-id=""6012741"" href=""#""  class=""int_odkaz""><sup>5e</sup>)</a>";5e);6012741;int_odkaz;NA;NA;NA;NA;esel-esb:právní-akt-odkaz/6012741;<sup>5e</sup>);POZNAMKA;92341;esel-esb:eli/cz/sb/1991/570/2006-08-01/dokument/poznamkypodcarou/ppc_5e;92341;esel-esb:eli/cz/sb/1991/570/2006-08-01/dokument/norma/par_2/odst_2;92341;1991/570;1991/570;1991/570;570/1991 Sb.
esel-esb:eli/cz/sb/1991/570/2015-01-01/dokument/norma/par_2/odst_2;4796664;esel-esb:eli/cz/sb/1991/570/2015-01-01/dokument/norma/par_2;§ 2 odst. 2;NA;2;NA;/2/2/3/;esel-esb:právní-akt-fragment/2197495;2197495;2197491;Odstavec_Dc;(2) Obecní živnostenský úřad předává ve lhůtě stanovené zvláštním právním předpisem5e) podání, která obdrží podle odstavce 1, příslušným správním úřadům5f), které dále postupují podle příslušných zvláštních právních předpisů. Přitom obecní živnostenský úřad neposuzuje úplnost nebo věcnou správnost těchto podání.;norms;"<a data-odkaz-id=""6012749"" href=""#""  class=""int_odkaz"">odstavce 1</a>";odstavce 1;6012749;int_odkaz;NA;NA;NA;NA;esel-esb:právní-akt-odkaz/6012749;odstavce 1;INTUSTAN;92341;esel-esb:eli/cz/sb/1991/570/2006-08-01/dokument/norma/par_2/odst_1;92341;esel-esb:eli/cz/sb/1991/570/2006-08-01/dokument/norma/par_2/odst_2;92341;1991/570;1991/570;1991/570;570/1991 Sb.
esel-esb:eli/cz/sb/1991/570/2015-01-01/dokument/norma/par_2/odst_2;4796664;esel-esb:eli/cz/sb/1991/570/2015-01-01/dokument/norma/par_2;§ 2 odst. 2;NA;2;NA;/2/2/3/;esel-esb:právní-akt-fragment/2197495;2197495;2197491;Odstavec_Dc;(2) Obecní živnostenský úřad předává ve lhůtě stanovené zvláštním právním předpisem5e) podání, která obdrží podle odstavce 1, příslušným správním úřadům5f), které dále postupují podle příslušných zvláštních právních předpisů. Přitom obecní živnostenský úřad neposuzuje úplnost nebo věcnou správnost těchto podání.;norms;"<a data-odkaz-id=""6012757"" href=""#""  class=""int_odkaz""><sup>5f</sup>)</a>";5f);6012757;int_odkaz;NA;NA;NA;NA;esel-esb:právní-akt-odkaz/6012757;<sup>5f</sup>);POZNAMKA;92341;esel-esb:eli/cz/sb/1991/570/2006-08-01/dokument/poznamkypodcarou/ppc_5f;92341;esel-esb:eli/cz/sb/1991/570/2006-08-01/dokument/norma/par_2/odst_2;92341;1991/570;1991/570;1991/570;570/1991 Sb.
esel-esb:eli/cz/sb/1991/570/2015-01-01/dokument/norma/par_2/odst_3;4796665;esel-esb:eli/cz/sb/1991/570/2015-01-01/dokument/norma/par_2;§ 2 odst. 3;NA;3;NA;/2/2/4/;esel-esb:právní-akt-fragment/2197497;2197497;2197497;Odstavec_Dc;(3) Obecní živnostenský úřad je provozovatelem5g) živnostenského rejstříku.;norms;"<a data-odkaz-id=""6012733"" href=""#""  class=""int_odkaz""><sup>5g</sup>)</a>";5g);6012733;int_odkaz;NA;NA;NA;NA;esel-esb:právní-akt-odkaz/6012733;<sup>5g</sup>);POZNAMKA;92341;esel-esb:eli/cz/sb/1991/570/2006-08-01/dokument/poznamkypodcarou/ppc_5g;92341;esel-esb:eli/cz/sb/1991/570/2006-08-01/dokument/norma/par_2/odst_3;92341;1991/570;1991/570;1991/570;570/1991 Sb.
esel-esb:eli/cz/sb/1991/570/2015-01-01/dokument/norma/par_2/odst_4;4796666;esel-esb:eli/cz/sb/1991/570/2015-01-01/dokument/norma/par_2;§ 2 odst. 4;NA;4;NA;/2/2/5/;esel-esb:právní-akt-fragment/2197499;2197499;2197499;Odstavec_Dc;(4) Obecní živnostenský úřad plní funkci jednotného kontaktního místa podle zvláštního právního předpisu5h).;norms;"<a data-odkaz-id=""6012729"" href=""#""  class=""int_odkaz""><sup>5h</sup>)</a>";5h);6012729;int_odkaz;NA;NA;NA;NA;esel-esb:právní-akt-odkaz/6012729;<sup>5h</sup>);POZNAMKA;92345;esel-esb:eli/cz/sb/1991/570/2009-12-28/dokument/poznamkypodcarou/ppc_5h;92345;esel-esb:eli/cz/sb/1991/570/2009-12-28/dokument/norma/par_2/odst_4;92345;1991/570;1991/570;1991/570;570/1991 Sb.
esel-esb:eli/cz/sb/1991/570/2015-01-01/dokument/norma/par_3/odst_1/pism_b;4796671;esel-esb:eli/cz/sb/1991/570/2015-01-01/dokument/norma/par_3/odst_1;§ 3 odst. 1 písm. b);NA;b;NA;/2/3/2/2/;esel-esb:právní-akt-fragment/2197535;2197535;2197535;Pismeno_Lb;b) rozhoduje o odvolání proti rozhodnutím obecních živnostenských úřadů6) ve svém správním obvodu,;norms;"<a data-odkaz-id=""6012573"" href=""#""  class=""int_odkaz""><sup>6</sup>)</a>";6);6012573;int_odkaz;NA;NA;NA;NA;esel-esb:právní-akt-odkaz/6012573;<sup>6</sup>);POZNAMKA;92335;esel-esb:eli/cz/sb/1991/570/2003-01-01/dokument/poznamkypodcarou/ppc_6;92335;esel-esb:eli/cz/sb/1991/570/2003-01-01/dokument/norma/par_3/odst_1/pism_b;92335;1991/570;1991/570;1991/570;570/1991 Sb.
esel-esb:eli/cz/sb/1991/570/2015-01-01/dokument/norma/par_3/odst_1/pism_e;4796674;esel-esb:eli/cz/sb/1991/570/2015-01-01/dokument/norma/par_3/odst_1;§ 3 odst. 1 písm. e);NA;e;NA;/2/3/2/5/;esel-esb:právní-akt-fragment/2197543;2197543;2197541;Pismeno_Lb;e) je provozovatelem5g) živnostenského rejstříku,;norms;"<a data-odkaz-id=""6012565"" href=""#""  class=""int_odkaz""><sup>5g</sup>)</a>";5g);6012565;int_odkaz;NA;NA;NA;NA;esel-esb:právní-akt-odkaz/6012565;<sup>5g</sup>);POZNAMKA;92341;esel-esb:eli/cz/sb/1991/570/2006-08-01/dokument/poznamkypodcarou/ppc_5g;92341;esel-esb:eli/cz/sb/1991/570/2006-08-01/dokument/norma/par_3/odst_1/pism_e;92341;1991/570;1991/570;1991/570;570/1991 Sb.
esel-esb:eli/cz/sb/1991/570/2015-01-01/dokument/norma/par_3/odst_2;4796676;esel-esb:eli/cz/sb/1991/570/2015-01-01/dokument/norma/par_3;§ 3 odst. 2;NA;2;NA;/2/3/3/;esel-esb:právní-akt-fragment/2197547;2197547;2197547;Odstavec_Dc;(2) Stanoviska a vyjádření podle odstavce 1 písm. d) jsou příslušné orgány povinny sdělit krajskému živnostenskému úřadu do 15 dnů.;norms;"<a data-odkaz-id=""6012551"" href=""#""  class=""int_odkaz"">odstavce 1 písm. d)</a>";odstavce 1 písm. d);6012551;int_odkaz;NA;NA;NA;NA;esel-esb:právní-akt-odkaz/6012551;odstavce 1 písm. d);INTUSTAN;92335;esel-esb:eli/cz/sb/1991/570/2003-01-01/dokument/norma/par_3/odst_1/pism_d;92335;esel-esb:eli/cz/sb/1991/570/2003-01-01/dokument/norma/par_3/odst_2;92335;1991/570;1991/570;1991/570;570/1991 Sb.
esel-esb:eli/cz/sb/1991/570/2015-01-01/dokument/norma/par_5/odst_1/pism_d;4796683;esel-esb:eli/cz/sb/1991/570/2015-01-01/dokument/norma/par_5/odst_1;§ 5 odst. 1 písm. d);NA;d;NA;/2/4/2/4/;esel-esb:právní-akt-fragment/2197587;2197587;2197585;Pismeno_Lb;d) rozhoduje o odvolání proti rozhodnutím krajských živnostenských úřadů,6);norms;"<a data-odkaz-id=""6012499"" href=""#""  class=""int_odkaz""><sup>6</sup>)</a>";6);6012499;int_odkaz;NA;NA;NA;NA;esel-esb:právní-akt-odkaz/6012499;<sup>6</sup>);POZNAMKA;92335;esel-esb:eli/cz/sb/1991/570/2003-01-01/dokument/poznamkypodcarou/ppc_6;92335;esel-esb:eli/cz/sb/1991/570/2003-01-01/dokument/norma/par_5/odst_1/pism_d;92335;1991/570;1991/570;1991/570;570/1991 Sb.
esel-esb:eli/cz/sb/1991/570/2015-01-01/dokument/norma/par_5/odst_1/pism_e;4796684;esel-esb:eli/cz/sb/1991/570/2015-01-01/dokument/norma/par_5/odst_1;§ 5 odst. 1 písm. e);NA;e;NA;/2/4/2/5/;esel-esb:právní-akt-fragment/2197591;2197591;2197589;Pismeno_Lb;e) je správcem5g) živnostenského rejstříku,;norms;"<a data-odkaz-id=""6298851"" href=""#""  class=""int_odkaz""><sup>5g</sup>)</a>";5g);6298851;int_odkaz;NA;NA;NA;NA;esel-esb:právní-akt-odkaz/6298851;<sup>5g</sup>);POZNAMKA;92341;esel-esb:eli/cz/sb/1991/570/2006-08-01/dokument/poznamkypodcarou/ppc_5g;92341;esel-esb:eli/cz/sb/1991/570/2006-08-01/dokument/norma/par_5/odst_1/pism_e;92341;1991/570;1991/570;1991/570;570/1991 Sb.
esel-esb:eli/cz/sb/1991/570/2015-01-01/dokument/norma/par_5/odst_2;4796688;esel-esb:eli/cz/sb/1991/570/2015-01-01/dokument/norma/par_5;§ 5 odst. 2;NA;2;NA;/2/4/3/;esel-esb:právní-akt-fragment/2197603;2197603;2197599;Odstavec_Dc;(2) Stanoviska a vyjádření podle odstavce 1 písm. g) jsou příslušné orgány povinny sdělit Živnostenskému úřadu České republiky do 15 dnů.;norms;"<a data-odkaz-id=""6298821"" href=""#""  class=""int_odkaz"">odstavce 1 písm. g)</a>";odstavce 1 písm. g);6298821;int_odkaz;NA;NA;NA;NA;esel-esb:právní-akt-odkaz/6298821;odstavce 1 písm. g);INTUSTAN;92335;esel-esb:eli/cz/sb/1991/570/2003-01-01/dokument/norma/par_5/odst_1/pism_g;92335;esel-esb:eli/cz/sb/1991/570/2003-01-01/dokument/norma/par_5/odst_2;92335;1991/570;1991/570;1991/570;570/1991 Sb.
esel-esb:eli/cz/sb/1991/570/2015-01-01/dokument/poznamkypodcarou/ppc_1;4796709;esel-esb:eli/cz/sb/1991/570/2015-01-01/dokument/poznamkypodcarou;pozn. 1;NA;1;NA;/4/1/;esel-esb:právní-akt-fragment/2197665;2197665;2197663;PPC;1) § 66 zákona č. 128/2000 Sb., o obcích (obecní zřízení), ve znění pozdějších předpisů.  Zákon č. 314/2002 Sb., o stanovení obcí s pověřeným obecním úřadem a stanovení obcí s rozšířenou působností.;notes;"<a data-odkaz-id=""6298453"" href=""#""  class=""ext_odkaz"">§ 66</a>";§ 66;6298453;ext_odkaz;NA;NA;NA;NA;esel-esb:právní-akt-odkaz/6298453;§ 66;JINEUSTAN;109579;esel-esb:eli/cz/sb/2000/128/2002-01-01/dokument/norma/cast_1/hlava_3/par_66;92335;esel-esb:eli/cz/sb/1991/570/2003-01-01/dokument/poznamkypodcarou/ppc_1;92335;1991/570;2000/128;1991/570;570/1991 Sb.
esel-esb:eli/cz/sb/1991/570/2015-01-01/dokument/poznamkypodcarou/ppc_1;4796709;esel-esb:eli/cz/sb/1991/570/2015-01-01/dokument/poznamkypodcarou;pozn. 1;NA;1;NA;/4/1/;esel-esb:právní-akt-fragment/2197665;2197665;2197663;PPC;1) § 66 zákona č. 128/2000 Sb., o obcích (obecní zřízení), ve znění pozdějších předpisů.  Zákon č. 314/2002 Sb., o stanovení obcí s pověřeným obecním úřadem a stanovení obcí s rozšířenou působností.;notes;"<a data-odkaz-id=""6298467"" href=""#""  class=""ext_odkaz"">zákona č. 128/2000 Sb., o obcích</a>";zákona č. 128/2000 Sb., o obcích;6298467;ext_odkaz;NA;NA;NA;NA;esel-esb:právní-akt-odkaz/6298467;zákona č. 128/2000 Sb.;JINYPRED;109583;esel-esb:eli/cz/sb/2000/128/2003-01-01/dokument;92335;esel-esb:eli/cz/sb/1991/570/2003-01-01/dokument/poznamkypodcarou/ppc_1;92335;1991/570;2000/128;1991/570;570/1991 Sb.
esel-esb:eli/cz/sb/1991/570/2015-01-01/dokument/poznamkypodcarou/ppc_1;4796709;esel-esb:eli/cz/sb/1991/570/2015-01-01/dokument/poznamkypodcarou;pozn. 1;NA;1;NA;/4/1/;esel-esb:právní-akt-fragment/2197665;2197665;2197663;PPC;1) § 66 zákona č. 128/2000 Sb., o obcích (obecní zřízení), ve znění pozdějších předpisů.  Zákon č. 314/2002 Sb., o stanovení obcí s pověřeným obecním úřadem a stanovení obcí s rozšířenou působností.;notes;"<a data-odkaz-id=""6298481"" href=""#""  class=""ext_odkaz"">Zákon č. 314/2002 Sb., o stanovení obcí s pověřeným obecním úřadem a stanovení obcí s rozšířenou působností</a>";Zákon č. 314/2002 Sb., o stanovení obcí s pověřeným obecním úřadem a stanovení obcí s rozšířenou působností;6298481;ext_odkaz;NA;NA;NA;NA;esel-esb:právní-akt-odkaz/6298481;Zákon č. 314/2002 Sb.;JINYPRED;118081;esel-esb:eli/cz/sb/2002/314/2003-01-01/dokument;92335;esel-esb:eli/cz/sb/1991/570/2003-01-01/dokument/poznamkypodcarou/ppc_1;92335;1991/570;2002/314;1991/570;570/1991 Sb.
esel-esb:eli/cz/sb/1991/570/2015-01-01/dokument/poznamkypodcarou/ppc_2;4796710;esel-esb:eli/cz/sb/1991/570/2015-01-01/dokument/poznamkypodcarou;pozn. 2;NA;2;NA;/4/2/;esel-esb:právní-akt-fragment/2197669;2197669;2197667;PPC;2) § 17 odst. 1 písm. a) zákona č. 131/2000 Sb., o hlavním městě Praze.;notes;"<a data-odkaz-id=""6298385"" href=""#""  class=""ext_odkaz"">§ 17 odst. 1 písm. a)</a>";§ 17 odst. 1 písm. a);6298385;ext_odkaz;NA;NA;NA;NA;esel-esb:právní-akt-odkaz/6298385;§ 17 odst. 1 písm. a);JINEUSTAN;109783;esel-esb:eli/cz/sb/2000/131/2003-01-01/dokument/norma/cast_1/hlava_4/par_17/odst_1/pism_a;92335;esel-esb:eli/cz/sb/1991/570/2003-01-01/dokument/poznamkypodcarou/ppc_2;92335;1991/570;2000/131;1991/570;570/1991 Sb.
esel-esb:eli/cz/sb/1991/570/2015-01-01/dokument/poznamkypodcarou/ppc_2;4796710;esel-esb:eli/cz/sb/1991/570/2015-01-01/dokument/poznamkypodcarou;pozn. 2;NA;2;NA;/4/2/;esel-esb:právní-akt-fragment/2197669;2197669;2197667;PPC;2) § 17 odst. 1 písm. a) zákona č. 131/2000 Sb., o hlavním městě Praze.;notes;"<a data-odkaz-id=""6298399"" href=""#""  class=""ext_odkaz"">zákona č. 131/2000 Sb., o hlavním městě Praze</a>";zákona č. 131/2000 Sb., o hlavním městě Praze;6298399;ext_odkaz;NA;NA;NA;NA;esel-esb:právní-akt-odkaz/6298399;zákona č. 131/2000 Sb.;JINYPRED;109783;esel-esb:eli/cz/sb/2000/131/2003-01-01/dokument;92335;esel-esb:eli/cz/sb/1991/570/2003-01-01/dokument/poznamkypodcarou/ppc_2;92335;1991/570;2000/131;1991/570;570/1991 Sb.
esel-esb:eli/cz/sb/1991/570/2015-01-01/dokument/poznamkypodcarou/ppc_3;4796711;esel-esb:eli/cz/sb/1991/570/2015-01-01/dokument/poznamkypodcarou;pozn. 3;NA;3;NA;/4/3/;esel-esb:právní-akt-fragment/2197673;2197673;2197671;PPC;3) § 68 odst. 2 zákona č. 129/2000 Sb., o krajích (krajské zřízení), ve znění pozdějších předpisů.;notes;"<a data-odkaz-id=""6298323"" href=""#""  class=""ext_odkaz"">§ 68 odst. 2</a>";§ 68 odst. 2;6298323;ext_odkaz;NA;NA;NA;NA;esel-esb:právní-akt-odkaz/6298323;§ 68 odst. 2;JINEUSTAN;109675;esel-esb:eli/cz/sb/2000/129/2002-09-06/dokument/norma/hlava_4/dil_5/par_68/odst_2;92335;esel-esb:eli/cz/sb/1991/570/2003-01-01/dokument/poznamkypodcarou/ppc_3;92335;1991/570;2000/129;1991/570;570/1991 Sb.
esel-esb:eli/cz/sb/1991/570/2015-01-01/dokument/poznamkypodcarou/ppc_3;4796711;esel-esb:eli/cz/sb/1991/570/2015-01-01/dokument/poznamkypodcarou;pozn. 3;NA;3;NA;/4/3/;esel-esb:právní-akt-fragment/2197673;2197673;2197671;PPC;3) § 68 odst. 2 zákona č. 129/2000 Sb., o krajích (krajské zřízení), ve znění pozdějších předpisů.;notes;"<a data-odkaz-id=""6298337"" href=""#""  class=""ext_odkaz"">zákona č. 129/2000 Sb., o krajích</a>";zákona č. 129/2000 Sb., o krajích;6298337;ext_odkaz;NA;NA;NA;NA;esel-esb:právní-akt-odkaz/6298337;zákona č. 129/2000 Sb.;JINYPRED;109677;esel-esb:eli/cz/sb/2000/129/2003-01-01/dokument;92335;esel-esb:eli/cz/sb/1991/570/2003-01-01/dokument/poznamkypodcarou/ppc_3;92335;1991/570;2000/129;1991/570;570/1991 Sb.
esel-esb:eli/cz/sb/1991/570/2015-01-01/dokument/poznamkypodcarou/ppc_3;4796711;esel-esb:eli/cz/sb/1991/570/2015-01-01/dokument/poznamkypodcarou;pozn. 3;NA;3;NA;/4/3/;esel-esb:právní-akt-fragment/2197673;2197673;2197671;PPC;3) § 68 odst. 2 zákona č. 129/2000 Sb., o krajích (krajské zřízení), ve znění pozdějších předpisů.;notes;"<a data-odkaz-id=""6298351"" href=""#""  class=""ext_odkaz"">krajské zřízení</a>";krajské zřízení;6298351;ext_odkaz;NA;NA;NA;NA;esel-esb:právní-akt-odkaz/6298351;krajské zřízení;JINYPRED;109677;esel-esb:eli/cz/sb/2000/129/2003-01-01/dokument;92335;esel-esb:eli/cz/sb/1991/570/2003-01-01/dokument/poznamkypodcarou/ppc_3;92335;1991/570;2000/129;1991/570;570/1991 Sb.
esel-esb:eli/cz/sb/1991/570/2015-01-01/dokument/poznamkypodcarou/ppc_4;4796712;esel-esb:eli/cz/sb/1991/570/2015-01-01/dokument/poznamkypodcarou;pozn. 4;NA;4;NA;/4/4/;esel-esb:právní-akt-fragment/2197677;2197677;2197675;PPC;4) § 81 odst. 4 zákona č. 131/2000 Sb., ve znění zákona č. 145/2001 Sb.;notes;"<a data-odkaz-id=""6298261"" href=""#""  class=""ext_odkaz"" data-version=""20010427"">§ 81 odst. 4</a>";§ 81 odst. 4;6298261;ext_odkaz;NA;NA;NA;NA;esel-esb:právní-akt-odkaz/6298261;§ 81 odst. 4;JINEUSTAN;109773;esel-esb:eli/cz/sb/2000/131/2001-04-27/dokument/norma/cast_1/hlava_8/dil_5/par_81/odst_4;92335;esel-esb:eli/cz/sb/1991/570/2003-01-01/dokument/poznamkypodcarou/ppc_4;92335;1991/570;2000/131;1991/570;570/1991 Sb.
esel-esb:eli/cz/sb/1991/570/2015-01-01/dokument/poznamkypodcarou/ppc_4;4796712;esel-esb:eli/cz/sb/1991/570/2015-01-01/dokument/poznamkypodcarou;pozn. 4;NA;4;NA;/4/4/;esel-esb:právní-akt-fragment/2197677;2197677;2197675;PPC;4) § 81 odst. 4 zákona č. 131/2000 Sb., ve znění zákona č. 145/2001 Sb.;notes;"<a data-odkaz-id=""6298275"" href=""#""  class=""ext_odkaz"" data-version=""20010427"">zákona č. 131/2000 Sb.</a>";zákona č. 131/2000 Sb.;6298275;ext_odkaz;NA;NA;NA;NA;esel-esb:právní-akt-odkaz/6298275;zákona č. 131/2000 Sb.;JINYPRED;109773;esel-esb:eli/cz/sb/2000/131/2001-04-27/dokument;92335;esel-esb:eli/cz/sb/1991/570/2003-01-01/dokument/poznamkypodcarou/ppc_4;92335;1991/570;2000/131;1991/570;570/1991 Sb.
esel-esb:eli/cz/sb/1991/570/2015-01-01/dokument/poznamkypodcarou/ppc_4;4796712;esel-esb:eli/cz/sb/1991/570/2015-01-01/dokument/poznamkypodcarou;pozn. 4;NA;4;NA;/4/4/;esel-esb:právní-akt-fragment/2197677;2197677;2197675;PPC;4) § 81 odst. 4 zákona č. 131/2000 Sb., ve znění zákona č. 145/2001 Sb.;notes;"<a data-odkaz-id=""6298289"" href=""#""  class=""ext_odkaz"">zákona č. 145/2001 Sb.</a>";zákona č. 145/2001 Sb.;6298289;ext_odkaz;NA;NA;NA;NA;esel-esb:právní-akt-odkaz/6298289;zákona č. 145/2001 Sb.;JINYPRED;113787;esel-esb:eli/cz/sb/2001/145/2001-04-27/dokument;92335;esel-esb:eli/cz/sb/1991/570/2003-01-01/dokument/poznamkypodcarou/ppc_4;92335;1991/570;2001/145;1991/570;570/1991 Sb.
esel-esb:eli/cz/sb/1991/570/2015-01-01/dokument/poznamkypodcarou/ppc_5;4796713;esel-esb:eli/cz/sb/1991/570/2015-01-01/dokument/poznamkypodcarou;pozn. 5;NA;5;NA;/4/5/;esel-esb:právní-akt-fragment/2197683;2197683;2197679;PPC;5) Zákon č. 455/1991 Sb., o živnostenském podnikání (živnostenský zákon), ve znění pozdějších předpisů.;notes;"<a data-odkaz-id=""6298197"" href=""#""  class=""ext_odkaz"">Zákon č. 455/1991 Sb., o živnostenském podnikání</a>";Zákon č. 455/1991 Sb., o živnostenském podnikání;6298197;ext_odkaz;NA;NA;NA;NA;esel-esb:právní-akt-odkaz/6298197;Zákon č. 455/1991 Sb.;JINYPRED;91459;esel-esb:eli/cz/sb/1991/455/2006-08-01/dokument;92341;esel-esb:eli/cz/sb/1991/570/2006-08-01/dokument/poznamkypodcarou/ppc_5;92341;1991/570;1991/455;1991/570;570/1991 Sb.
esel-esb:eli/cz/sb/1991/570/2015-01-01/dokument/poznamkypodcarou/ppc_5;4796713;esel-esb:eli/cz/sb/1991/570/2015-01-01/dokument/poznamkypodcarou;pozn. 5;NA;5;NA;/4/5/;esel-esb:právní-akt-fragment/2197683;2197683;2197679;PPC;5) Zákon č. 455/1991 Sb., o živnostenském podnikání (živnostenský zákon), ve znění pozdějších předpisů.;notes;"<a data-odkaz-id=""6298205"" href=""#""  class=""ext_odkaz"">živnostenský zákon</a>";živnostenský zákon;6298205;ext_odkaz;NA;NA;NA;NA;esel-esb:právní-akt-odkaz/6298205;živnostenský zákon;JINYPRED;91459;esel-esb:eli/cz/sb/1991/455/2006-08-01/dokument;92341;esel-esb:eli/cz/sb/1991/570/2006-08-01/dokument/poznamkypodcarou/ppc_5;92341;1991/570;1991/455;1991/570;570/1991 Sb.
esel-esb:eli/cz/sb/1991/570/2015-01-01/dokument/poznamkypodcarou/ppc_5a;4796714;esel-esb:eli/cz/sb/1991/570/2015-01-01/dokument/poznamkypodcarou;pozn. 5a;NA;5a;NA;/4/6/;esel-esb:právní-akt-fragment/2197685;2197685;2197685;PPC;5a) § 33 zákona č. 337/1992 Sb., o správě daní a poplatků, ve znění pozdějších předpisů.;notes;"<a data-odkaz-id=""6298181"" href=""#""  class=""ext_odkaz"">§ 33</a>";§ 33;6298181;ext_odkaz;NA;NA;NA;NA;esel-esb:právní-akt-odkaz/6298181;§ 33;JINEUSTAN;96701;esel-esb:eli/cz/sb/1992/337/2006-08-01/dokument/norma/cast_2/par_33;92341;esel-esb:eli/cz/sb/1991/570/2006-08-01/dokument/poznamkypodcarou/ppc_5a;92341;1991/570;1992/337;1991/570;570/1991 Sb.
esel-esb:eli/cz/sb/1991/570/2015-01-01/dokument/poznamkypodcarou/ppc_5a;4796714;esel-esb:eli/cz/sb/1991/570/2015-01-01/dokument/poznamkypodcarou;pozn. 5a;NA;5a;NA;/4/6/;esel-esb:právní-akt-fragment/2197685;2197685;2197685;PPC;5a) § 33 zákona č. 337/1992 Sb., o správě daní a poplatků, ve znění pozdějších předpisů.;notes;"<a data-odkaz-id=""6298189"" href=""#""  class=""ext_odkaz"">zákona č. 337/1992 Sb., o správě daní a poplatků</a>";zákona č. 337/1992 Sb., o správě daní a poplatků;6298189;ext_odkaz;NA;NA;NA;NA;esel-esb:právní-akt-odkaz/6298189;zákona č. 337/1992 Sb.;JINYPRED;96701;esel-esb:eli/cz/sb/1992/337/2006-08-01/dokument;92341;esel-esb:eli/cz/sb/1991/570/2006-08-01/dokument/poznamkypodcarou/ppc_5a;92341;1991/570;1992/337;1991/570;570/1991 Sb.
esel-esb:eli/cz/sb/1991/570/2015-01-01/dokument/poznamkypodcarou/ppc_5b;4796715;esel-esb:eli/cz/sb/1991/570/2015-01-01/dokument/poznamkypodcarou;pozn. 5b;NA;5b;NA;/4/7/;esel-esb:právní-akt-fragment/2197687;2197687;2197687;PPC;5b) § 10a zákona č. 582/1991 Sb., o organizaci a provádění sociálního zabezpečení, ve znění zákona č. 214/2006 Sb.;notes;"<a data-odkaz-id=""6298157"" href=""#""  class=""ext_odkaz"" data-version=""20060801"">§ 10a</a>";§ 10a;6298157;ext_odkaz;NA;NA;NA;NA;esel-esb:právní-akt-odkaz/6298157;§ 10a;JINEUSTAN;92459;esel-esb:eli/cz/sb/1991/582/2006-08-01/dokument/norma/cast_2/par_10a;92341;esel-esb:eli/cz/sb/1991/570/2006-08-01/dokument/poznamkypodcarou/ppc_5b;92341;1991/570;1991/582;1991/570;570/1991 Sb.
esel-esb:eli/cz/sb/1991/570/2015-01-01/dokument/poznamkypodcarou/ppc_5b;4796715;esel-esb:eli/cz/sb/1991/570/2015-01-01/dokument/poznamkypodcarou;pozn. 5b;NA;5b;NA;/4/7/;esel-esb:právní-akt-fragment/2197687;2197687;2197687;PPC;5b) § 10a zákona č. 582/1991 Sb., o organizaci a provádění sociálního zabezpečení, ve znění zákona č. 214/2006 Sb.;notes;"<a data-odkaz-id=""6298165"" href=""#""  class=""ext_odkaz"" data-version=""20060801"">zákona č. 582/1991 Sb., o organizaci a provádění sociálního zabezpečení</a>";zákona č. 582/1991 Sb., o organizaci a provádění sociálního zabezpečení;6298165;ext_odkaz;NA;NA;NA;NA;esel-esb:právní-akt-odkaz/6298165;zákona č. 582/1991 Sb.;JINYPRED;92459;esel-esb:eli/cz/sb/1991/582/2006-08-01/dokument;92341;esel-esb:eli/cz/sb/1991/570/2006-08-01/dokument/poznamkypodcarou/ppc_5b;92341;1991/570;1991/582;1991/570;570/1991 Sb.
esel-esb:eli/cz/sb/1991/570/2015-01-01/dokument/poznamkypodcarou/ppc_5b;4796715;esel-esb:eli/cz/sb/1991/570/2015-01-01/dokument/poznamkypodcarou;pozn. 5b;NA;5b;NA;/4/7/;esel-esb:právní-akt-fragment/2197687;2197687;2197687;PPC;5b) § 10a zákona č. 582/1991 Sb., o organizaci a provádění sociálního zabezpečení, ve znění zákona č. 214/2006 Sb.;notes;"<a data-odkaz-id=""6298173"" href=""#""  class=""ext_odkaz"">zákona č. 214/2006 Sb.</a>";zákona č. 214/2006 Sb.;6298173;ext_odkaz;NA;NA;NA;NA;esel-esb:právní-akt-odkaz/6298173;zákona č. 214/2006 Sb.;JINYPRED;130155;esel-esb:eli/cz/sb/2006/214/2006-08-01/dokument;92341;esel-esb:eli/cz/sb/1991/570/2006-08-01/dokument/poznamkypodcarou/ppc_5b;92341;1991/570;2006/214;1991/570;570/1991 Sb.
esel-esb:eli/cz/sb/1991/570/2015-01-01/dokument/poznamkypodcarou/ppc_5c;4796716;esel-esb:eli/cz/sb/1991/570/2015-01-01/dokument/poznamkypodcarou;pozn. 5c;NA;5c;NA;/4/8/;esel-esb:právní-akt-fragment/2197689;2197689;2197689;PPC;5c) § 35 zákona č. 435/2004 Sb., o zaměstnanosti, ve znění pozdějších předpisů.;notes;"<a data-odkaz-id=""6298141"" href=""#""  class=""ext_odkaz"">§ 35</a>";§ 35;6298141;ext_odkaz;NA;NA;NA;NA;esel-esb:právní-akt-odkaz/6298141;§ 35;JINEUSTAN;124257;esel-esb:eli/cz/sb/2004/435/2006-08-01/dokument/norma/cast_2/hlava_2/par_35;92341;esel-esb:eli/cz/sb/1991/570/2006-08-01/dokument/poznamkypodcarou/ppc_5c;92341;1991/570;2004/435;1991/570;570/1991 Sb.
esel-esb:eli/cz/sb/1991/570/2015-01-01/dokument/poznamkypodcarou/ppc_5c;4796716;esel-esb:eli/cz/sb/1991/570/2015-01-01/dokument/poznamkypodcarou;pozn. 5c;NA;5c;NA;/4/8/;esel-esb:právní-akt-fragment/2197689;2197689;2197689;PPC;5c) § 35 zákona č. 435/2004 Sb., o zaměstnanosti, ve znění pozdějších předpisů.;notes;"<a data-odkaz-id=""6298149"" href=""#""  class=""ext_odkaz"">zákona č. 435/2004 Sb., o zaměstnanosti</a>";zákona č. 435/2004 Sb., o zaměstnanosti;6298149;ext_odkaz;NA;NA;NA;NA;esel-esb:právní-akt-odkaz/6298149;zákona č. 435/2004 Sb.;JINYPRED;124257;esel-esb:eli/cz/sb/2004/435/2006-08-01/dokument;92341;esel-esb:eli/cz/sb/1991/570/2006-08-01/dokument/poznamkypodcarou/ppc_5c;92341;1991/570;2004/435;1991/570;570/1991 Sb.
esel-esb:eli/cz/sb/1991/570/2015-01-01/dokument/poznamkypodcarou/ppc_5d;4796717;esel-esb:eli/cz/sb/1991/570/2015-01-01/dokument/poznamkypodcarou;pozn. 5d;NA;5d;NA;/4/9/;esel-esb:právní-akt-fragment/2197691;2197691;2197691;PPC;5d) § 10a zákona č. 48/1997 Sb., o veřejném zdravotním pojištění a o změně a doplnění některých souvisejících zákonů, ve znění zákona č. 214/2006 Sb.;notes;"<a data-odkaz-id=""6298117"" href=""#""  class=""ext_odkaz"">§ 10a</a>";§ 10a;6298117;ext_odkaz;NA;NA;NA;NA;esel-esb:právní-akt-odkaz/6298117;§ 10a;JINEUSTAN;103699;esel-esb:eli/cz/sb/1997/48/2006-08-01/dokument/norma/cast_3/par_10a;92341;esel-esb:eli/cz/sb/1991/570/2006-08-01/dokument/poznamkypodcarou/ppc_5d;92341;1991/570;1997/48;1991/570;570/1991 Sb.
esel-esb:eli/cz/sb/1991/570/2015-01-01/dokument/poznamkypodcarou/ppc_5d;4796717;esel-esb:eli/cz/sb/1991/570/2015-01-01/dokument/poznamkypodcarou;pozn. 5d;NA;5d;NA;/4/9/;esel-esb:právní-akt-fragment/2197691;2197691;2197691;PPC;5d) § 10a zákona č. 48/1997 Sb., o veřejném zdravotním pojištění a o změně a doplnění některých souvisejících zákonů, ve znění zákona č. 214/2006 Sb.;notes;"<a data-odkaz-id=""6298125"" href=""#""  class=""ext_odkaz"">zákona č. 48/1997 Sb., o veřejném zdravotním pojištění a o změně a doplnění některých souvisejících zákonů</a>";zákona č. 48/1997 Sb., o veřejném zdravotním pojištění a o změně a doplnění některých souvisejících zákonů;6298125;ext_odkaz;NA;NA;NA;NA;esel-esb:právní-akt-odkaz/6298125;zákona č. 48/1997 Sb.;JINYPRED;103699;esel-esb:eli/cz/sb/1997/48/2006-08-01/dokument;92341;esel-esb:eli/cz/sb/1991/570/2006-08-01/dokument/poznamkypodcarou/ppc_5d;92341;1991/570;1997/48;1991/570;570/1991 Sb.
esel-esb:eli/cz/sb/1991/570/2015-01-01/dokument/poznamkypodcarou/ppc_5d;4796717;esel-esb:eli/cz/sb/1991/570/2015-01-01/dokument/poznamkypodcarou;pozn. 5d;NA;5d;NA;/4/9/;esel-esb:právní-akt-fragment/2197691;2197691;2197691;PPC;5d) § 10a zákona č. 48/1997 Sb., o veřejném zdravotním pojištění a o změně a doplnění některých souvisejících zákonů, ve znění zákona č. 214/2006 Sb.;notes;"<a data-odkaz-id=""6298133"" href=""#""  class=""ext_odkaz"">zákona č. 214/2006 Sb.</a>";zákona č. 214/2006 Sb.;6298133;ext_odkaz;NA;NA;NA;NA;esel-esb:právní-akt-odkaz/6298133;zákona č. 214/2006 Sb.;JINYPRED;130155;esel-esb:eli/cz/sb/2006/214/2006-08-01/dokument;92341;esel-esb:eli/cz/sb/1991/570/2006-08-01/dokument/poznamkypodcarou/ppc_5d;92341;1991/570;2006/214;1991/570;570/1991 Sb.
esel-esb:eli/cz/sb/1991/570/2015-01-01/dokument/poznamkypodcarou/ppc_5e;4796718;esel-esb:eli/cz/sb/1991/570/2015-01-01/dokument/poznamkypodcarou;pozn. 5e;NA;5e;NA;/4/10/;esel-esb:právní-akt-fragment/2197693;2197693;2197693;PPC;5e) § 45a odst. 6 živnostenského zákona.;notes;"<a data-odkaz-id=""6298101"" href=""#""  class=""ext_odkaz"">§ 45a odst. 6</a>";§ 45a odst. 6;6298101;ext_odkaz;NA;NA;NA;NA;esel-esb:právní-akt-odkaz/6298101;§ 45a odst. 6;JINEUSTAN;91459;esel-esb:eli/cz/sb/1991/455/2006-08-01/dokument/norma/cast_4/hlava_1/par_45a/odst_6;92341;esel-esb:eli/cz/sb/1991/570/2006-08-01/dokument/poznamkypodcarou/ppc_5e;92341;1991/570;1991/455;1991/570;570/1991 Sb.
esel-esb:eli/cz/sb/1991/570/2015-01-01/dokument/poznamkypodcarou/ppc_5e;4796718;esel-esb:eli/cz/sb/1991/570/2015-01-01/dokument/poznamkypodcarou;pozn. 5e;NA;5e;NA;/4/10/;esel-esb:právní-akt-fragment/2197693;2197693;2197693;PPC;5e) § 45a odst. 6 živnostenského zákona.;notes;"<a data-odkaz-id=""6298109"" href=""#""  class=""ext_odkaz"">živnostenského zákona</a>";živnostenského zákona;6298109;ext_odkaz;NA;NA;NA;NA;esel-esb:právní-akt-odkaz/6298109;živnostenského zákona;JINYPRED;91459;esel-esb:eli/cz/sb/1991/455/2006-08-01/dokument;92341;esel-esb:eli/cz/sb/1991/570/2006-08-01/dokument/poznamkypodcarou/ppc_5e;92341;1991/570;1991/455;1991/570;570/1991 Sb.
esel-esb:eli/cz/sb/1991/570/2015-01-01/dokument/poznamkypodcarou/ppc_5f;4796719;esel-esb:eli/cz/sb/1991/570/2015-01-01/dokument/poznamkypodcarou;pozn. 5f;NA;5f;NA;/4/11/;esel-esb:právní-akt-fragment/2197695;2197695;2197695;PPC;5f) § 45a odst. 4 živnostenského zákona.;notes;"<a data-odkaz-id=""6298085"" href=""#""  class=""ext_odkaz"">§ 45a odst. 4</a>";§ 45a odst. 4;6298085;ext_odkaz;NA;NA;NA;NA;esel-esb:právní-akt-odkaz/6298085;§ 45a odst. 4;JINEUSTAN;91459;esel-esb:eli/cz/sb/1991/455/2006-08-01/dokument/norma/cast_4/hlava_1/par_45a/odst_4;92341;esel-esb:eli/cz/sb/1991/570/2006-08-01/dokument/poznamkypodcarou/ppc_5f;92341;1991/570;1991/455;1991/570;570/1991 Sb.
esel-esb:eli/cz/sb/1991/570/2015-01-01/dokument/poznamkypodcarou/ppc_5f;4796719;esel-esb:eli/cz/sb/1991/570/2015-01-01/dokument/poznamkypodcarou;pozn. 5f;NA;5f;NA;/4/11/;esel-esb:právní-akt-fragment/2197695;2197695;2197695;PPC;5f) § 45a odst. 4 živnostenského zákona.;notes;"<a data-odkaz-id=""6298093"" href=""#""  class=""ext_odkaz"">živnostenského zákona</a>";živnostenského zákona;6298093;ext_odkaz;NA;NA;NA;NA;esel-esb:právní-akt-odkaz/6298093;živnostenského zákona;JINYPRED;91459;esel-esb:eli/cz/sb/1991/455/2006-08-01/dokument;92341;esel-esb:eli/cz/sb/1991/570/2006-08-01/dokument/poznamkypodcarou/ppc_5f;92341;1991/570;1991/455;1991/570;570/1991 Sb.
esel-esb:eli/cz/sb/1991/570/2015-01-01/dokument/poznamkypodcarou/ppc_5g;4796720;esel-esb:eli/cz/sb/1991/570/2015-01-01/dokument/poznamkypodcarou;pozn. 5g;NA;5g;NA;/4/12/;esel-esb:právní-akt-fragment/2197697;2197697;2197697;PPC;5g) § 2 zákona č. 365/2000 Sb., o informačních systémech veřejné správy a o změně některých dalších zákonů, ve znění zákona č. 517/2002 Sb.;notes;"<a data-odkaz-id=""6298061"" href=""#""  class=""ext_odkaz"" data-version=""20030101"">§ 2</a>";§ 2;6298061;ext_odkaz;NA;NA;NA;NA;esel-esb:právní-akt-odkaz/6298061;§ 2;JINEUSTAN;112081;esel-esb:eli/cz/sb/2000/365/2003-01-01/dokument/norma/cast_1/par_2;92341;esel-esb:eli/cz/sb/1991/570/2006-08-01/dokument/poznamkypodcarou/ppc_5g;92341;1991/570;2000/365;1991/570;570/1991 Sb.
esel-esb:eli/cz/sb/1991/570/2015-01-01/dokument/poznamkypodcarou/ppc_5g;4796720;esel-esb:eli/cz/sb/1991/570/2015-01-01/dokument/poznamkypodcarou;pozn. 5g;NA;5g;NA;/4/12/;esel-esb:právní-akt-fragment/2197697;2197697;2197697;PPC;5g) § 2 zákona č. 365/2000 Sb., o informačních systémech veřejné správy a o změně některých dalších zákonů, ve znění zákona č. 517/2002 Sb.;notes;"<a data-odkaz-id=""6298069"" href=""#""  class=""ext_odkaz"" data-version=""20030101"">zákona č. 365/2000 Sb., o informačních systémech veřejné správy a o změně některých dalších zákonů</a>";zákona č. 365/2000 Sb., o informačních systémech veřejné správy a o změně některých dalších zákonů;6298069;ext_odkaz;NA;NA;NA;NA;esel-esb:právní-akt-odkaz/6298069;zákona č. 365/2000 Sb.;JINYPRED;112081;esel-esb:eli/cz/sb/2000/365/2003-01-01/dokument;92341;esel-esb:eli/cz/sb/1991/570/2006-08-01/dokument/poznamkypodcarou/ppc_5g;92341;1991/570;2000/365;1991/570;570/1991 Sb.
esel-esb:eli/cz/sb/1991/570/2015-01-01/dokument/poznamkypodcarou/ppc_5g;4796720;esel-esb:eli/cz/sb/1991/570/2015-01-01/dokument/poznamkypodcarou;pozn. 5g;NA;5g;NA;/4/12/;esel-esb:právní-akt-fragment/2197697;2197697;2197697;PPC;5g) § 2 zákona č. 365/2000 Sb., o informačních systémech veřejné správy a o změně některých dalších zákonů, ve znění zákona č. 517/2002 Sb.;notes;"<a data-odkaz-id=""6298077"" href=""#""  class=""ext_odkaz"">zákona č. 517/2002 Sb.</a>";zákona č. 517/2002 Sb.;6298077;ext_odkaz;NA;NA;NA;NA;esel-esb:právní-akt-odkaz/6298077;zákona č. 517/2002 Sb.;JINYPRED;119015;esel-esb:eli/cz/sb/2002/517/2005-05-01/dokument;92341;esel-esb:eli/cz/sb/1991/570/2006-08-01/dokument/poznamkypodcarou/ppc_5g;92341;1991/570;2002/517;1991/570;570/1991 Sb.
esel-esb:eli/cz/sb/1991/570/2015-01-01/dokument/poznamkypodcarou/ppc_5h;4796721;esel-esb:eli/cz/sb/1991/570/2015-01-01/dokument/poznamkypodcarou;pozn. 5h;NA;5h;NA;/4/13/;esel-esb:právní-akt-fragment/2197699;2197699;2197699;PPC;5h) Zákon č. 222/2009 Sb., o volném pohybu služeb.;notes;"<a data-odkaz-id=""6298057"" href=""#""  class=""ext_odkaz"">Zákon č. 222/2009 Sb., o volném pohybu služeb</a>";Zákon č. 222/2009 Sb., o volném pohybu služeb;6298057;ext_odkaz;NA;NA;NA;NA;esel-esb:právní-akt-odkaz/6298057;Zákon č. 222/2009 Sb.;JINYPRED;136611;esel-esb:eli/cz/sb/2009/222/2009-12-28/dokument;92345;esel-esb:eli/cz/sb/1991/570/2009-12-28/dokument/poznamkypodcarou/ppc_5h;92345;1991/570;2009/222;1991/570;570/1991 Sb.
esel-esb:eli/cz/sb/1991/570/2015-01-01/dokument/poznamkypodcarou/ppc_6;4796722;esel-esb:eli/cz/sb/1991/570/2015-01-01/dokument/poznamkypodcarou;pozn. 6;NA;6;NA;/4/14/;esel-esb:právní-akt-fragment/2197703;2197703;2197701;PPC;6) Zákon č. 71/1967 Sb., o správním řízení (správní řád), ve znění pozdějších předpisů.;notes;"<a data-odkaz-id=""6298009"" href=""#""  class=""ext_odkaz"">Zákon č. 71/1967 Sb., o správním řízení</a>";Zákon č. 71/1967 Sb., o správním řízení;6298009;ext_odkaz;NA;NA;NA;NA;esel-esb:právní-akt-odkaz/6298009;Zákon č. 71/1967 Sb.;JINYPRED;76207;esel-esb:eli/cz/sb/1967/71/2002-07-01/dokument;92335;esel-esb:eli/cz/sb/1991/570/2003-01-01/dokument/poznamkypodcarou/ppc_6;92335;1991/570;1967/71;1991/570;570/1991 Sb.
esel-esb:eli/cz/sb/1991/570/2015-01-01/dokument/poznamkypodcarou/ppc_6;4796722;esel-esb:eli/cz/sb/1991/570/2015-01-01/dokument/poznamkypodcarou;pozn. 6;NA;6;NA;/4/14/;esel-esb:právní-akt-fragment/2197703;2197703;2197701;PPC;6) Zákon č. 71/1967 Sb., o správním řízení (správní řád), ve znění pozdějších předpisů.;notes;"<a data-odkaz-id=""6298023"" href=""#""  class=""ext_odkaz"">správní řád</a>";správní řád;6298023;ext_odkaz;NA;NA;NA;NA;esel-esb:právní-akt-odkaz/6298023;správní řád;JINYPRED;76207;esel-esb:eli/cz/sb/1967/71/2002-07-01/dokument;92335;esel-esb:eli/cz/sb/1991/570/2003-01-01/dokument/poznamkypodcarou/ppc_6;92335;1991/570;1967/71;1991/570;570/1991 Sb.
esel-esb:eli/cz/sb/1991/570/2015-01-01/dokument/poznamkypodcarou/ppc_8;4796723;esel-esb:eli/cz/sb/1991/570/2015-01-01/dokument/poznamkypodcarou;pozn. 8;NA;8;NA;/4/15/;esel-esb:právní-akt-fragment/2197709;2197709;2197709;PPC;8) § 66 zákona č. 455/1991 Sb.;notes;"<a data-odkaz-id=""6297923"" href=""#""  class=""ext_odkaz"">§ 66</a>";§ 66;6297923;ext_odkaz;NA;NA;NA;NA;esel-esb:právní-akt-odkaz/6297923;§ 66;JINEUSTAN;91307;esel-esb:eli/cz/sb/1991/455/1991-11-15/dokument/norma/cast_5/hlava_3/par_66;28519;esel-esb:eli/cz/sb/1991/570/0000-00-00/dokument/poznamkypodcarou/ppc_8;28519;1991/570;1991/455;1991/570;570/1991 Sb.
esel-esb:eli/cz/sb/1991/570/2015-01-01/dokument/poznamkypodcarou/ppc_8;4796723;esel-esb:eli/cz/sb/1991/570/2015-01-01/dokument/poznamkypodcarou;pozn. 8;NA;8;NA;/4/15/;esel-esb:právní-akt-fragment/2197709;2197709;2197709;PPC;8) § 66 zákona č. 455/1991 Sb.;notes;"<a data-odkaz-id=""6297947"" href=""#""  class=""ext_odkaz"">zákona č. 455/1991 Sb.</a>";zákona č. 455/1991 Sb.;6297947;ext_odkaz;NA;NA;NA;NA;esel-esb:právní-akt-odkaz/6297947;zákona č. 455/1991 Sb.;JINYPRED;91307;esel-esb:eli/cz/sb/1991/455/1991-11-15/dokument;28519;esel-esb:eli/cz/sb/1991/570/0000-00-00/dokument/poznamkypodcarou/ppc_8;28519;1991/570;1991/455;1991/570;570/1991 Sb.
esel-esb:eli/cz/sb/1991/570/2015-01-01/dokument/poznamkypodcarou/ppc_9;4796724;esel-esb:eli/cz/sb/1991/570/2015-01-01/dokument/poznamkypodcarou;pozn. 9;NA;9;NA;/4/16/;esel-esb:právní-akt-fragment/2197711;2197711;2197711;PPC;9) § 60 odst. 1 zákona č. 455/1991 Sb.;notes;"<a data-odkaz-id=""6297875"" href=""#""  class=""ext_odkaz"">§ 60 odst. 1</a>";§ 60 odst. 1;6297875;ext_odkaz;NA;NA;NA;NA;esel-esb:právní-akt-odkaz/6297875;§ 60 odst. 1;JINEUSTAN;91307;esel-esb:eli/cz/sb/1991/455/1991-11-15/dokument/norma/cast_4/hlava_4/par_60/odst_1;28519;esel-esb:eli/cz/sb/1991/570/0000-00-00/dokument/poznamkypodcarou/ppc_9;28519;1991/570;1991/455;1991/570;570/1991 Sb.
esel-esb:eli/cz/sb/1991/570/2015-01-01/dokument/poznamkypodcarou/ppc_9;4796724;esel-esb:eli/cz/sb/1991/570/2015-01-01/dokument/poznamkypodcarou;pozn. 9;NA;9;NA;/4/16/;esel-esb:právní-akt-fragment/2197711;2197711;2197711;PPC;9) § 60 odst. 1 zákona č. 455/1991 Sb.;notes;"<a data-odkaz-id=""6297899"" href=""#""  class=""ext_odkaz"">zákona č. 455/1991 Sb.</a>";zákona č. 455/1991 Sb.;6297899;ext_odkaz;NA;NA;NA;NA;esel-esb:právní-akt-odkaz/6297899;zákona č. 455/1991 Sb.;JINYPRED;91307;esel-esb:eli/cz/sb/1991/455/1991-11-15/dokument;28519;esel-esb:eli/cz/sb/1991/570/0000-00-00/dokument/poznamkypodcarou/ppc_9;28519;1991/570;1991/455;1991/570;570/1991 Sb.
esel-esb:eli/cz/sb/1991/570/2015-01-01/dokument/poznamkypodcarou/ppc_10;4796725;esel-esb:eli/cz/sb/1991/570/2015-01-01/dokument/poznamkypodcarou;pozn. 10;NA;10;NA;/4/17/;esel-esb:právní-akt-fragment/2197713;2197713;2197713;PPC;10) § 49 odst. 2 zákona č. 455/1991 Sb.;notes;"<a data-odkaz-id=""6297827"" href=""#""  class=""ext_odkaz"">§ 49 odst. 2</a>";§ 49 odst. 2;6297827;ext_odkaz;NA;NA;NA;NA;esel-esb:právní-akt-odkaz/6297827;§ 49 odst. 2;JINEUSTAN;91307;esel-esb:eli/cz/sb/1991/455/1991-11-15/dokument/norma/cast_4/hlava_1/par_49/odst_2;28519;esel-esb:eli/cz/sb/1991/570/0000-00-00/dokument/poznamkypodcarou/ppc_10;28519;1991/570;1991/455;1991/570;570/1991 Sb.
esel-esb:eli/cz/sb/1991/570/2015-01-01/dokument/poznamkypodcarou/ppc_10;4796725;esel-esb:eli/cz/sb/1991/570/2015-01-01/dokument/poznamkypodcarou;pozn. 10;NA;10;NA;/4/17/;esel-esb:právní-akt-fragment/2197713;2197713;2197713;PPC;10) § 49 odst. 2 zákona č. 455/1991 Sb.;notes;"<a data-odkaz-id=""6297851"" href=""#""  class=""ext_odkaz"">zákona č. 455/1991 Sb.</a>";zákona č. 455/1991 Sb.;6297851;ext_odkaz;NA;NA;NA;NA;esel-esb:právní-akt-odkaz/6297851;zákona č. 455/1991 Sb.;JINYPRED;91307;esel-esb:eli/cz/sb/1991/455/1991-11-15/dokument;28519;esel-esb:eli/cz/sb/1991/570/0000-00-00/dokument/poznamkypodcarou/ppc_10;28519;1991/570;1991/455;1991/570;570/1991 Sb.
esel-esb:eli/cz/sb/1991/570/2015-01-01/dokument/poznamkypodcarou/ppc_11;4796726;esel-esb:eli/cz/sb/1991/570/2015-01-01/dokument/poznamkypodcarou;pozn. 11;NA;11;NA;/4/18/;esel-esb:právní-akt-fragment/2197715;2197715;2197715;PPC;11) Např. zákon č. 169/1949 Sb., o vojenských újezdech, zákon č. 102/1971 Sb., o ochraně státního tajemství, v platném znění.;notes;"<a data-odkaz-id=""6297779"" href=""#""  class=""ext_odkaz"">zákon č. 169/1949 Sb., o vojenských újezdech</a>";zákon č. 169/1949 Sb., o vojenských újezdech;6297779;ext_odkaz;NA;NA;NA;NA;esel-esb:právní-akt-odkaz/6297779;zákon č. 169/1949 Sb.;JINYPRED;67517;esel-esb:eli/cz/sb/1949/169/1949-07-02/dokument;28519;esel-esb:eli/cz/sb/1991/570/0000-00-00/dokument/poznamkypodcarou/ppc_11;28519;1991/570;1949/169;1991/570;570/1991 Sb.
esel-esb:eli/cz/sb/1991/570/2015-01-01/dokument/poznamkypodcarou/ppc_11;4796726;esel-esb:eli/cz/sb/1991/570/2015-01-01/dokument/poznamkypodcarou;pozn. 11;NA;11;NA;/4/18/;esel-esb:právní-akt-fragment/2197715;2197715;2197715;PPC;11) Např. zákon č. 169/1949 Sb., o vojenských újezdech, zákon č. 102/1971 Sb., o ochraně státního tajemství, v platném znění.;notes;"<a data-odkaz-id=""6297803"" href=""#""  class=""ext_odkaz"">zákon č. 102/1971 Sb., o ochraně státního tajemství</a>";zákon č. 102/1971 Sb., o ochraně státního tajemství;6297803;ext_odkaz;NA;NA;NA;NA;esel-esb:právní-akt-odkaz/6297803;zákon č. 102/1971 Sb.;JINYPRED;78687;esel-esb:eli/cz/sb/1971/102/1990-10-15/dokument;28519;esel-esb:eli/cz/sb/1991/570/0000-00-00/dokument/poznamkypodcarou/ppc_11;28519;1991/570;1971/102;1991/570;570/1991 Sb.
esel-esb:eli/cz/sb/1991/570/2015-01-01/dokument/norma/par_6/odst_2/frag_2197631;4796694;esel-esb:eli/cz/sb/1991/570/2015-01-01/dokument/norma/par_6/odst_2;NA;NA;NA;NA;/2/6/2/1/;esel-esb:právní-akt-fragment/2197631;2197631;2197625;Pokracovani_Text;zachovávat mlčenlivost o skutečnostech, o kterých se dozvěděli v souvislosti s výkonem své činnosti. Porušením povinnosti mlčenlivosti není plnění povinností vůči příslušnému orgánu podle zvláštního právního předpisu o boji proti legalizaci výnosů z trestné činnosti nebo zvláštního právního předpisu o provádění mezinárodních sankcí za účelem udržování mezinárodního míru a bezpečnosti, ochrany základních lidských práv a boje proti terorismu.;norms;NA;NA;NA;NA;NA;NA;NA;NA;NA;NA;NA;NA;NA;NA;NA;NA;1991/570;NA;NA;570/1991 Sb.
