fragment.iri;fragment.id;fragment.předek.iri;fragment.citace;fragment.citace.text;fragment.označení.uzlu;fragment.označení.uzlu.text;fragment.hierarchie;akt.fragment.iri;akt.fragment.id;fragment.base.id;typ.fragmentu;fragment.text_clean;source;tag;tag_clean;odkaz.id;class;data_eurlex;data_celexid;data_cellarid;data_orig_href;odkaz.iri;odkaz.citace.cíl;typ.vazba.odkazu;cíl.dokument.id;fragment.cíl.iri;fragment.cíl.dokument.id;fragment.zdroj.iri;fragment.zdroj.dokument.id;iri_z;iri_c;iri_v;akt.citace
esel-esb:eli/cz/sb/2006/572/2006-12-27/dokument/norma/par_1/odst_1;17113034;esel-esb:eli/cz/sb/2006/572/2006-12-27/dokument/norma/par_1;§ 1 odst. 1;NA;1;NA;/2/1/1/;esel-esb:právní-akt-fragment/7271797;7271797;7271797;Odstavec_Dc;(1) Česká republika je oprávněna přijmout úvěr od Evropské investiční banky na financování potřeb souvisejících s prováděním programů Podpora prevence před povodněmi II a Podpora obnovy, odbahnění a rekonstrukce rybníků a výstavby vodních nádrží, evidovaných v Informačním systému financování reprodukce majetku podle zvláštního právního předpisu1). Úvěr může činit nejvýše 9 000 000 000 Kč a musí být splatný ve lhůtě do 30 let ode dne podpisu smlouvy o úvěru.;norms;"<a data-odkaz-id=""16867845"" href=""#""  class=""int_odkaz""><sup>1</sup>)</a>";1);16867845;int_odkaz;NA;NA;NA;NA;esel-esb:právní-akt-odkaz/16867845;<sup>1</sup>);POZNAMKA;45733;esel-esb:eli/cz/sb/2006/572/0000-00-00/dokument/poznamkypodcarou/ppc_1;45733;esel-esb:eli/cz/sb/2006/572/0000-00-00/dokument/norma/par_1/odst_1;45733;2006/572;2006/572;2006/572;572/2006 Sb.
esel-esb:eli/cz/sb/2006/572/2006-12-27/dokument/norma/par_1/odst_2;17113035;esel-esb:eli/cz/sb/2006/572/2006-12-27/dokument/norma/par_1;§ 1 odst. 2;NA;2;NA;/2/1/2/;esel-esb:právní-akt-fragment/7271799;7271799;7271799;Odstavec_Dc;(2) Úvěrovou smlouvu k přijetí úvěru podle odstavce 1 sjedná a uzavře jménem České republiky ministr financí.;norms;"<a data-odkaz-id=""16867849"" href=""#""  class=""int_odkaz"">odstavce 1</a>";odstavce 1;16867849;int_odkaz;NA;NA;NA;NA;esel-esb:právní-akt-odkaz/16867849;odstavce 1;INTUSTAN;45733;esel-esb:eli/cz/sb/2006/572/0000-00-00/dokument/norma/par_1/odst_1;45733;esel-esb:eli/cz/sb/2006/572/0000-00-00/dokument/norma/par_1/odst_2;45733;2006/572;2006/572;2006/572;572/2006 Sb.
esel-esb:eli/cz/sb/2006/572/2006-12-27/dokument/norma/par_2/frag_7271803;17113037;esel-esb:eli/cz/sb/2006/572/2006-12-27/dokument/norma/par_2;NA;NA;NA;NA;/2/2/1/;esel-esb:právní-akt-fragment/7271803;7271803;7271803;Odstavec_Dc;O výši prostředků získaných úvěrem podle § 1 lze překročit celkové výdaje státního rozpočtu schválené zákonem o státním rozpočtu v rozpočtovém roce, ve kterém budou takto získané prostředky použity. O tuto výši se v příslušném rozpočtovém roce změní saldo státního rozpočtu a financující položky.;norms;"<a data-odkaz-id=""16867853"" href=""#""  class=""int_odkaz"">§ 1</a>";§ 1;16867853;int_odkaz;NA;NA;NA;NA;esel-esb:právní-akt-odkaz/16867853;§ 1;INTUSTAN;45733;esel-esb:eli/cz/sb/2006/572/0000-00-00/dokument/norma/par_1;45733;esel-esb:eli/cz/sb/2006/572/0000-00-00/dokument/norma/par_2/frag_7271803;45733;2006/572;2006/572;2006/572;572/2006 Sb.
esel-esb:eli/cz/sb/2006/572/2006-12-27/dokument/poznamkypodcarou/ppc_1;17113045;esel-esb:eli/cz/sb/2006/572/2006-12-27/dokument/poznamkypodcarou;pozn. 1;NA;1;NA;/4/1/;esel-esb:právní-akt-fragment/7271813;7271813;7271813;PPC;1) § 12 a 13 zákona č. 218/2000 Sb., o rozpočtových pravidlech a o změně některých souvisejících zákonů (rozpočtová pravidla).;notes;"<a data-odkaz-id=""16867857"" href=""#""  class=""ext_odkaz"">§ 12</a>";§ 12;16867857;ext_odkaz;NA;NA;NA;NA;esel-esb:právní-akt-odkaz/16867857;§ 12;JINEUSTAN;110539;esel-esb:eli/cz/sb/2000/218/2006-07-01/dokument/norma/cast_1/hlava_3/dil_1/par_12;45733;esel-esb:eli/cz/sb/2006/572/0000-00-00/dokument/poznamkypodcarou/ppc_1;45733;2006/572;2000/218;2006/572;572/2006 Sb.
esel-esb:eli/cz/sb/2006/572/2006-12-27/dokument/poznamkypodcarou/ppc_1;17113045;esel-esb:eli/cz/sb/2006/572/2006-12-27/dokument/poznamkypodcarou;pozn. 1;NA;1;NA;/4/1/;esel-esb:právní-akt-fragment/7271813;7271813;7271813;PPC;1) § 12 a 13 zákona č. 218/2000 Sb., o rozpočtových pravidlech a o změně některých souvisejících zákonů (rozpočtová pravidla).;notes;"<a data-odkaz-id=""16867861"" href=""#""  class=""ext_odkaz"">13</a>";13;16867861;ext_odkaz;NA;NA;NA;NA;esel-esb:právní-akt-odkaz/16867861;13;JINEUSTAN;110539;esel-esb:eli/cz/sb/2000/218/2006-07-01/dokument/norma/cast_1/hlava_3/dil_1/par_13;45733;esel-esb:eli/cz/sb/2006/572/0000-00-00/dokument/poznamkypodcarou/ppc_1;45733;2006/572;2000/218;2006/572;572/2006 Sb.
esel-esb:eli/cz/sb/2006/572/2006-12-27/dokument/poznamkypodcarou/ppc_1;17113045;esel-esb:eli/cz/sb/2006/572/2006-12-27/dokument/poznamkypodcarou;pozn. 1;NA;1;NA;/4/1/;esel-esb:právní-akt-fragment/7271813;7271813;7271813;PPC;1) § 12 a 13 zákona č. 218/2000 Sb., o rozpočtových pravidlech a o změně některých souvisejících zákonů (rozpočtová pravidla).;notes;"<a data-odkaz-id=""16867865"" href=""#""  class=""ext_odkaz"">zákona č. 218/2000 Sb., o rozpočtových pravidlech a o změně některých souvisejících zákonů</a>";zákona č. 218/2000 Sb., o rozpočtových pravidlech a o změně některých souvisejících zákonů;16867865;ext_odkaz;NA;NA;NA;NA;esel-esb:právní-akt-odkaz/16867865;zákona č. 218/2000 Sb.;JINYPRED;110539;esel-esb:eli/cz/sb/2000/218/2006-07-01/dokument;45733;esel-esb:eli/cz/sb/2006/572/0000-00-00/dokument/poznamkypodcarou/ppc_1;45733;2006/572;2000/218;2006/572;572/2006 Sb.
