fragment.iri;fragment.id;fragment.předek.iri;fragment.citace;fragment.citace.text;fragment.označení.uzlu;fragment.označení.uzlu.text;fragment.hierarchie;akt.fragment.iri;akt.fragment.id;fragment.base.id;typ.fragmentu;fragment.text_clean;source;tag;tag_clean;odkaz.id;class;data_eurlex;data_celexid;data_cellarid;data_orig_href;odkaz.iri;odkaz.citace.cíl;typ.vazba.odkazu;cíl.dokument.id;fragment.cíl.iri;fragment.cíl.dokument.id;fragment.zdroj.iri;fragment.zdroj.dokument.id;iri_z;iri_c;iri_v;akt.citace
esel-esb:eli/cz/sb/1992/599/1992-12-28/dokument/norma/par_2/odst_1;5793265;esel-esb:eli/cz/sb/1992/599/1992-12-28/dokument/norma/par_2;§ 2 odst. 1;NA;1;NA;/2/2/1/;esel-esb:právní-akt-fragment/2466269;2466269;2466269;Odstavec_Dc;(1) Nemovité a movité věci, majetková práva s výjimkou majetkových práv nehmotné povahy ve vlastnictví České a Slovenské Federativní Republiky, k nimž přísluší právo hospodaření Československé akademii věd, dále práva a povinnosti z pracovněprávních vztahů, jakož i jiná práva a závazky Československé akademie věd na území České republiky přecházejí dnem uvedeným v § 1 na organizaci určenou zákonem České národní rady.;norms;"<a data-odkaz-id=""7331871"" href=""#""  class=""int_odkaz"">§ 1</a>";§ 1;7331871;int_odkaz;NA;NA;NA;NA;esel-esb:právní-akt-odkaz/7331871;§ 1;INTUSTAN;30001;esel-esb:eli/cz/sb/1992/599/0000-00-00/dokument/norma/par_1;30001;esel-esb:eli/cz/sb/1992/599/0000-00-00/dokument/norma/par_2/odst_1;30001;1992/599;1992/599;1992/599;599/1992 Sb.
esel-esb:eli/cz/sb/1992/599/1992-12-28/dokument/norma/par_2/odst_2;5793266;esel-esb:eli/cz/sb/1992/599/1992-12-28/dokument/norma/par_2;§ 2 odst. 2;NA;2;NA;/2/2/2/;esel-esb:právní-akt-fragment/2466271;2466271;2466271;Odstavec_Dc;(2) Nemovité a movité věci, majetková práva s výjimkou majetkových práv nehmotné povahy ve vlastnictví České a Slovenské Federativní Republiky, k nimž přísluší právo hospodaření Československé akademii věd, dále práva a povinnosti z pracovněprávních vztahů, jakož i jiná práva a závazky Československé akademie věd na území Slovenské republiky přecházejí dnem uvedeným v § 1 na organizaci určenou zákonem Národní rady Slovenské republiky.;norms;"<a data-odkaz-id=""7331875"" href=""#""  class=""int_odkaz"">§ 1</a>";§ 1;7331875;int_odkaz;NA;NA;NA;NA;esel-esb:právní-akt-odkaz/7331875;§ 1;INTUSTAN;30001;esel-esb:eli/cz/sb/1992/599/0000-00-00/dokument/norma/par_1;30001;esel-esb:eli/cz/sb/1992/599/0000-00-00/dokument/norma/par_2/odst_2;30001;1992/599;1992/599;1992/599;599/1992 Sb.
esel-esb:eli/cz/sb/1992/599/1992-12-28/dokument/norma/par_2/odst_3;5793267;esel-esb:eli/cz/sb/1992/599/1992-12-28/dokument/norma/par_2;§ 2 odst. 3;NA;3;NA;/2/2/3/;esel-esb:právní-akt-fragment/2466273;2466273;2466273;Odstavec_Dc;(3) Majetková práva nehmotné povahy se převádějí na základě smlouvy podle zvláštních předpisů.1);norms;"<a data-odkaz-id=""7331879"" href=""#""  class=""int_odkaz""><sup>1</sup>)</a>";1);7331879;int_odkaz;NA;NA;NA;NA;esel-esb:právní-akt-odkaz/7331879;<sup>1</sup>);POZNAMKA;30001;esel-esb:eli/cz/sb/1992/599/0000-00-00/dokument/poznamkypodcarou/ppc_1;30001;esel-esb:eli/cz/sb/1992/599/0000-00-00/dokument/norma/par_2/odst_3;30001;1992/599;1992/599;1992/599;599/1992 Sb.
esel-esb:eli/cz/sb/1992/599/1992-12-28/dokument/norma/par_2/odst_4;5793268;esel-esb:eli/cz/sb/1992/599/1992-12-28/dokument/norma/par_2;§ 2 odst. 4;NA;4;NA;/2/2/4/;esel-esb:právní-akt-fragment/2466275;2466275;2466275;Odstavec_Dc;(4) Majetek České a Slovenské Federativní Republiky, k němuž přísluší právo hospodaření Československé akademii věd a který leží mimo území České a Slovenské Federativní Republiky, bude ke dni uvedenému v § 1 vypořádán podle zásady odpovídající podílu počtu obyvatel České republiky a Slovenské republiky, podle něhož přechází majetek na nástupnické organizace v České republice a na nástupnické organizace ve Slovenské republice v poměru dva ku jedné.;norms;"<a data-odkaz-id=""7331883"" href=""#""  class=""int_odkaz"">§ 1</a>";§ 1;7331883;int_odkaz;NA;NA;NA;NA;esel-esb:právní-akt-odkaz/7331883;§ 1;INTUSTAN;30001;esel-esb:eli/cz/sb/1992/599/0000-00-00/dokument/norma/par_1;30001;esel-esb:eli/cz/sb/1992/599/0000-00-00/dokument/norma/par_2/odst_4;30001;1992/599;1992/599;1992/599;599/1992 Sb.
esel-esb:eli/cz/sb/1992/599/1992-12-28/dokument/poznamkypodcarou/ppc_1;5793282;esel-esb:eli/cz/sb/1992/599/1992-12-28/dokument/poznamkypodcarou;pozn. 1;NA;1;NA;/4/1/;esel-esb:právní-akt-fragment/2466299;2466299;2466299;PPC;1) Např. zákon č. 174/1988 Sb., o ochranných známkách, zákon č. 527/1990 Sb., o vynálezech, průmyslových vzorech a zlepšovacích návrzích, zákon č. 35/1965 Sb., o literárních, vědeckých a uměleckých dílech (autorský zákon) - (úplné znění č. 247/1990 Sb.).;notes;"<a data-odkaz-id=""7331947"" href=""#""  class=""ext_odkaz"">zákon č. 174/1988 Sb., o ochranných známkách</a>";zákon č. 174/1988 Sb., o ochranných známkách;7331947;ext_odkaz;NA;NA;NA;NA;esel-esb:právní-akt-odkaz/7331947;zákon č. 174/1988 Sb.;JINYPRED;86617;esel-esb:eli/cz/sb/1988/174/1989-01-01/dokument;30001;esel-esb:eli/cz/sb/1992/599/0000-00-00/dokument/poznamkypodcarou/ppc_1;30001;1992/599;1988/174;1992/599;599/1992 Sb.
esel-esb:eli/cz/sb/1992/599/1992-12-28/dokument/poznamkypodcarou/ppc_1;5793282;esel-esb:eli/cz/sb/1992/599/1992-12-28/dokument/poznamkypodcarou;pozn. 1;NA;1;NA;/4/1/;esel-esb:právní-akt-fragment/2466299;2466299;2466299;PPC;1) Např. zákon č. 174/1988 Sb., o ochranných známkách, zákon č. 527/1990 Sb., o vynálezech, průmyslových vzorech a zlepšovacích návrzích, zákon č. 35/1965 Sb., o literárních, vědeckých a uměleckých dílech (autorský zákon) - (úplné znění č. 247/1990 Sb.).;notes;"<a data-odkaz-id=""7331951"" href=""#""  class=""ext_odkaz"">zákon č. 527/1990 Sb., o vynálezech, průmyslových vzorech a zlepšovacích návrzích</a>";zákon č. 527/1990 Sb., o vynálezech, průmyslových vzorech a zlepšovacích návrzích;7331951;ext_odkaz;NA;NA;NA;NA;esel-esb:právní-akt-odkaz/7331951;zákon č. 527/1990 Sb.;JINYPRED;88625;esel-esb:eli/cz/sb/1990/527/1992-01-01/dokument;30001;esel-esb:eli/cz/sb/1992/599/0000-00-00/dokument/poznamkypodcarou/ppc_1;30001;1992/599;1990/527;1992/599;599/1992 Sb.
esel-esb:eli/cz/sb/1992/599/1992-12-28/dokument/poznamkypodcarou/ppc_1;5793282;esel-esb:eli/cz/sb/1992/599/1992-12-28/dokument/poznamkypodcarou;pozn. 1;NA;1;NA;/4/1/;esel-esb:právní-akt-fragment/2466299;2466299;2466299;PPC;1) Např. zákon č. 174/1988 Sb., o ochranných známkách, zákon č. 527/1990 Sb., o vynálezech, průmyslových vzorech a zlepšovacích návrzích, zákon č. 35/1965 Sb., o literárních, vědeckých a uměleckých dílech (autorský zákon) - (úplné znění č. 247/1990 Sb.).;notes;"<a data-odkaz-id=""7331955"" href=""#""  class=""ext_odkaz"">zákon č. 35/1965 Sb.</a>";zákon č. 35/1965 Sb.;7331955;ext_odkaz;NA;NA;NA;NA;esel-esb:právní-akt-odkaz/7331955;zákon č. 35/1965 Sb.;JINYPRED;75139;esel-esb:eli/cz/sb/1965/35/1991-11-22/dokument;30001;esel-esb:eli/cz/sb/1992/599/0000-00-00/dokument/poznamkypodcarou/ppc_1;30001;1992/599;1965/35;1992/599;599/1992 Sb.
esel-esb:eli/cz/sb/1992/599/1992-12-28/dokument/poznamkypodcarou/ppc_1;5793282;esel-esb:eli/cz/sb/1992/599/1992-12-28/dokument/poznamkypodcarou;pozn. 1;NA;1;NA;/4/1/;esel-esb:právní-akt-fragment/2466299;2466299;2466299;PPC;1) Např. zákon č. 174/1988 Sb., o ochranných známkách, zákon č. 527/1990 Sb., o vynálezech, průmyslových vzorech a zlepšovacích návrzích, zákon č. 35/1965 Sb., o literárních, vědeckých a uměleckých dílech (autorský zákon) - (úplné znění č. 247/1990 Sb.).;notes;"<a data-odkaz-id=""7331959"" href=""#""  class=""ext_odkaz"">autorský zákon</a>";autorský zákon;7331959;ext_odkaz;NA;NA;NA;NA;esel-esb:právní-akt-odkaz/7331959;autorský zákon;JINYPRED;75139;esel-esb:eli/cz/sb/1965/35/1991-11-22/dokument;30001;esel-esb:eli/cz/sb/1992/599/0000-00-00/dokument/poznamkypodcarou/ppc_1;30001;1992/599;1965/35;1992/599;599/1992 Sb.
esel-esb:eli/cz/sb/1992/599/1992-12-28/dokument/poznamkypodcarou/ppc_1;5793282;esel-esb:eli/cz/sb/1992/599/1992-12-28/dokument/poznamkypodcarou;pozn. 1;NA;1;NA;/4/1/;esel-esb:právní-akt-fragment/2466299;2466299;2466299;PPC;1) Např. zákon č. 174/1988 Sb., o ochranných známkách, zákon č. 527/1990 Sb., o vynálezech, průmyslových vzorech a zlepšovacích návrzích, zákon č. 35/1965 Sb., o literárních, vědeckých a uměleckých dílech (autorský zákon) - (úplné znění č. 247/1990 Sb.).;notes;"<a data-odkaz-id=""7331963"" href=""#""  class=""ext_odkaz"">247/1990 Sb.</a>";247/1990 Sb.;7331963;ext_odkaz;NA;NA;NA;NA;esel-esb:právní-akt-odkaz/7331963;247/1990 Sb.;JINYPRED;26397;esel-esb:eli/cz/sb/1990/247/0000-00-00/dokument;30001;esel-esb:eli/cz/sb/1992/599/0000-00-00/dokument/poznamkypodcarou/ppc_1;30001;1992/599;1990/247;1992/599;599/1992 Sb.
