fragment.iri;fragment.id;fragment.předek.iri;fragment.citace;fragment.citace.text;fragment.označení.uzlu;fragment.označení.uzlu.text;fragment.hierarchie;akt.fragment.iri;akt.fragment.id;fragment.base.id;typ.fragmentu;fragment.text_clean;source;tag;tag_clean;odkaz.id;class;data_eurlex;data_celexid;data_cellarid;data_orig_href;odkaz.iri;odkaz.citace.cíl;typ.vazba.odkazu;cíl.dokument.id;fragment.cíl.iri;fragment.cíl.dokument.id;fragment.zdroj.iri;fragment.zdroj.dokument.id;iri_z;iri_c;iri_v;akt.citace
esel-esb:eli/cz/sb/2000/63/2024-01-01/dokument/norma/cast_1/hlava_1/par_2/pism_d;9819369;esel-esb:eli/cz/sb/2000/63/2024-01-01/dokument/norma/cast_1/hlava_1/par_2/frag_4378965;§ 2 písm. d);NA;d;NA;/2/1/2/3/2/4/;esel-esb:právní-akt-fragment/4378973;4378973;4378973;Pismeno_Lb;d) napadnutelnou subvencí subvence, která způsobuje újmu zjišťovanou a posuzovanou podle § 4 a není subvencí nenapadnutelnou nebo zakázanou, včetně subvence na zemědělský výrobek, která je v souladu se závazky na vývozní a jiné subvence,;norms;"<a data-odkaz-id=""10950431"" href=""#""  class=""int_odkaz"">§ 4</a>";§ 4;10950431;int_odkaz;NA;NA;NA;NA;esel-esb:právní-akt-odkaz/10950431;§ 4;INTUSTAN;35967;esel-esb:eli/cz/sb/2000/63/0000-00-00/dokument/norma/cast_1/hlava_1/par_4;35967;esel-esb:eli/cz/sb/2000/63/0000-00-00/dokument/norma/cast_1/hlava_1/par_2/pism_d;35967;2000/63;2000/63;2000/63;63/2000 Sb.
esel-esb:eli/cz/sb/2000/63/2024-01-01/dokument/norma/cast_1/hlava_1/par_2/pism_f;9819371;esel-esb:eli/cz/sb/2000/63/2024-01-01/dokument/norma/cast_1/hlava_1/par_2/frag_4378965;§ 2 písm. f);NA;f;NA;/2/1/2/3/2/6/;esel-esb:právní-akt-fragment/4378977;4378977;4378977;Pismeno_Lb;f) nenapadnutelnou subvencí nespecifická subvence, specifická subvence, u níž nebyla shledána újma zjišťovaná a posuzovaná podle § 4, subvence poskytnutá na zemědělský výrobek v souladu s kritérii uvedenými v příloze č. 2 tohoto zákona a dále subvence, kterou poskytla subvencující země;norms;"<a data-odkaz-id=""10950399"" href=""#""  class=""int_odkaz"">§ 4</a>";§ 4;10950399;int_odkaz;NA;NA;NA;NA;esel-esb:právní-akt-odkaz/10950399;§ 4;INTUSTAN;35967;esel-esb:eli/cz/sb/2000/63/0000-00-00/dokument/norma/cast_1/hlava_1/par_4;35967;esel-esb:eli/cz/sb/2000/63/0000-00-00/dokument/norma/cast_1/hlava_1/par_2/pism_f;35967;2000/63;2000/63;2000/63;63/2000 Sb.
esel-esb:eli/cz/sb/2000/63/2024-01-01/dokument/norma/cast_1/hlava_1/par_2/pism_f;9819371;esel-esb:eli/cz/sb/2000/63/2024-01-01/dokument/norma/cast_1/hlava_1/par_2/frag_4378965;§ 2 písm. f);NA;f;NA;/2/1/2/3/2/6/;esel-esb:právní-akt-fragment/4378977;4378977;4378977;Pismeno_Lb;f) nenapadnutelnou subvencí nespecifická subvence, specifická subvence, u níž nebyla shledána újma zjišťovaná a posuzovaná podle § 4, subvence poskytnutá na zemědělský výrobek v souladu s kritérii uvedenými v příloze č. 2 tohoto zákona a dále subvence, kterou poskytla subvencující země;norms;"<a data-odkaz-id=""10950415"" href=""#""  class=""int_odkaz"">příloze č. 2</a>";příloze č. 2;10950415;int_odkaz;NA;NA;NA;NA;esel-esb:právní-akt-odkaz/10950415;příloze č. 2;INTUSTAN;35967;esel-esb:eli/cz/sb/2000/63/0000-00-00/dokument/prilohy/priloha_2;35967;esel-esb:eli/cz/sb/2000/63/0000-00-00/dokument/norma/cast_1/hlava_1/par_2/pism_f;35967;2000/63;2000/63;2000/63;63/2000 Sb.
esel-esb:eli/cz/sb/2000/63/2024-01-01/dokument/norma/cast_1/hlava_1/par_2/pism_k;9819379;esel-esb:eli/cz/sb/2000/63/2024-01-01/dokument/norma/cast_1/hlava_1/par_2/frag_4378965;§ 2 písm. k);NA;k;NA;/2/1/2/3/2/11/;esel-esb:právní-akt-fragment/4378993;4378993;4378993;Pismeno_Lb;k) vývozní cenou cena,1) za niž je výrobek prodáván do České republiky,;norms;"<a data-odkaz-id=""10950383"" href=""#""  class=""int_odkaz""><sup>1</sup>)</a>";1);10950383;int_odkaz;NA;NA;NA;NA;esel-esb:právní-akt-odkaz/10950383;<sup>1</sup>);POZNAMKA;35967;esel-esb:eli/cz/sb/2000/63/0000-00-00/dokument/poznamkypodcarou/ppc_1;35967;esel-esb:eli/cz/sb/2000/63/0000-00-00/dokument/norma/cast_1/hlava_1/par_2/pism_k;35967;2000/63;2000/63;2000/63;63/2000 Sb.
esel-esb:eli/cz/sb/2000/63/2024-01-01/dokument/norma/cast_1/hlava_1/par_2/pism_n;9819382;esel-esb:eli/cz/sb/2000/63/2024-01-01/dokument/norma/cast_1/hlava_1/par_2/frag_4378965;§ 2 písm. n);NA;n;NA;/2/1/2/3/2/14/;esel-esb:právní-akt-fragment/4378999;4378999;4378999;Pismeno_Lb;n) zemědělským výrobkem výrobek uvedený v příloze č. 1 tohoto zákona,;norms;"<a data-odkaz-id=""10950367"" href=""#""  class=""int_odkaz"">příloze č. 1</a>";příloze č. 1;10950367;int_odkaz;NA;NA;NA;NA;esel-esb:právní-akt-odkaz/10950367;příloze č. 1;INTUSTAN;35967;esel-esb:eli/cz/sb/2000/63/0000-00-00/dokument/prilohy/frag_4379741;35967;esel-esb:eli/cz/sb/2000/63/0000-00-00/dokument/norma/cast_1/hlava_1/par_2/pism_n;35967;2000/63;2000/63;2000/63;63/2000 Sb.
esel-esb:eli/cz/sb/2000/63/2024-01-01/dokument/norma/cast_1/hlava_1/par_4/odst_1;9819389;esel-esb:eli/cz/sb/2000/63/2024-01-01/dokument/norma/cast_1/hlava_1/par_4;§ 4 odst. 1;NA;1;NA;/2/1/2/6/1/;esel-esb:právní-akt-fragment/4379013;4379013;4379013;Odstavec_Dc;(1) Vznik újmy nebo její hrozby, která je důsledkem dovozu subvencovaného výrobku, je podmínkou pro uplatnění vyrovnávacího cla (§ 19). Při zjišťování újmy nebo její hrozby se přezkoumává zejména;norms;"<a data-odkaz-id=""10950351"" href=""#""  class=""int_odkaz"">§ 19</a>";§ 19;10950351;int_odkaz;NA;NA;NA;NA;esel-esb:právní-akt-odkaz/10950351;§ 19;INTUSTAN;35967;esel-esb:eli/cz/sb/2000/63/0000-00-00/dokument/norma/cast_1/hlava_4/par_19;35967;esel-esb:eli/cz/sb/2000/63/0000-00-00/dokument/norma/cast_1/hlava_1/par_4/odst_1;35967;2000/63;2000/63;2000/63;63/2000 Sb.
esel-esb:eli/cz/sb/2000/63/2024-01-01/dokument/norma/cast_1/hlava_2/par_7/odst_1;9819415;esel-esb:eli/cz/sb/2000/63/2024-01-01/dokument/norma/cast_1/hlava_2/par_7;§ 7 odst. 1;NA;1;NA;/2/1/3/2/1/;esel-esb:právní-akt-fragment/4379065;4379065;4379065;Odstavec_Dc;(1) Fyzická osoba s trvalým nebo dlouhodobým pobytem2) na území České republiky nebo právnická osoba se sídlem na území České republiky (dále jen „žadatel“) může podat ministerstvu písemný podnět k šetření, zda došlo k dovozu subvencovaného výrobku.;norms;"<a data-odkaz-id=""10950335"" href=""#""  class=""int_odkaz""><sup>2</sup>)</a>";2);10950335;int_odkaz;NA;NA;NA;NA;esel-esb:právní-akt-odkaz/10950335;<sup>2</sup>);POZNAMKA;35967;esel-esb:eli/cz/sb/2000/63/0000-00-00/dokument/poznamkypodcarou/ppc_2;35967;esel-esb:eli/cz/sb/2000/63/0000-00-00/dokument/norma/cast_1/hlava_2/par_7/odst_1;35967;2000/63;2000/63;2000/63;63/2000 Sb.
esel-esb:eli/cz/sb/2000/63/2024-01-01/dokument/norma/cast_1/hlava_2/par_7/odst_3;9819426;esel-esb:eli/cz/sb/2000/63/2024-01-01/dokument/norma/cast_1/hlava_2/par_7;§ 7 odst. 3;NA;3;NA;/2/1/3/2/3/;esel-esb:právní-akt-fragment/4379089;4379089;4379089;Odstavec_Dc;(3) Na postup podle této hlavy zákona se nevztahuje správní řád.4);norms;"<a data-odkaz-id=""10950291"" href=""#""  class=""ext_odkaz"">správní řád</a>";správní řád;10950291;ext_odkaz;NA;NA;NA;NA;esel-esb:právní-akt-odkaz/10950291;správní řád;JINYPRED;76201;esel-esb:eli/cz/sb/1967/71/1968-01-01/dokument;35967;esel-esb:eli/cz/sb/2000/63/0000-00-00/dokument/norma/cast_1/hlava_2/par_7/odst_3;35967;2000/63;1967/71;2000/63;63/2000 Sb.
esel-esb:eli/cz/sb/2000/63/2024-01-01/dokument/norma/cast_1/hlava_2/par_7/odst_3;9819426;esel-esb:eli/cz/sb/2000/63/2024-01-01/dokument/norma/cast_1/hlava_2/par_7;§ 7 odst. 3;NA;3;NA;/2/1/3/2/3/;esel-esb:právní-akt-fragment/4379089;4379089;4379089;Odstavec_Dc;(3) Na postup podle této hlavy zákona se nevztahuje správní řád.4);norms;"<a data-odkaz-id=""10950307"" href=""#""  class=""int_odkaz""><sup>4</sup>)</a>";4);10950307;int_odkaz;NA;NA;NA;NA;esel-esb:právní-akt-odkaz/10950307;<sup>4</sup>);POZNAMKA;35967;esel-esb:eli/cz/sb/2000/63/0000-00-00/dokument/poznamkypodcarou/ppc_4;35967;esel-esb:eli/cz/sb/2000/63/0000-00-00/dokument/norma/cast_1/hlava_2/par_7/odst_3;35967;2000/63;2000/63;2000/63;63/2000 Sb.
esel-esb:eli/cz/sb/2000/63/2024-01-01/dokument/norma/cast_1/hlava_2/par_7/odst_5;9819428;esel-esb:eli/cz/sb/2000/63/2024-01-01/dokument/norma/cast_1/hlava_2/par_7;§ 7 odst. 5;NA;5;NA;/2/1/3/2/5/;esel-esb:právní-akt-fragment/4379093;4379093;4379093;Odstavec_Dc;(5) Pokud kauce není vrácena podle odstavce 4, stává se příjmem státního rozpočtu.;norms;"<a data-odkaz-id=""10950275"" href=""#""  class=""int_odkaz"">odstavce 4</a>";odstavce 4;10950275;int_odkaz;NA;NA;NA;NA;esel-esb:právní-akt-odkaz/10950275;odstavce 4;INTUSTAN;35967;esel-esb:eli/cz/sb/2000/63/0000-00-00/dokument/norma/cast_1/hlava_2/par_7/odst_4;35967;esel-esb:eli/cz/sb/2000/63/0000-00-00/dokument/norma/cast_1/hlava_2/par_7/odst_5;35967;2000/63;2000/63;2000/63;63/2000 Sb.
esel-esb:eli/cz/sb/2000/63/2024-01-01/dokument/norma/cast_1/hlava_2/par_8/odst_1;9819430;esel-esb:eli/cz/sb/2000/63/2024-01-01/dokument/norma/cast_1/hlava_2/par_8;§ 8 odst. 1;NA;1;NA;/2/1/3/3/1/;esel-esb:právní-akt-fragment/4379097;4379097;4379097;Odstavec_Dc;(1) Šetření zahajuje ministerstvo na podnět podle § 7. Šetření může ministerstvo zahájit i z vlastního podnětu, má-li dostatečné informace o dovozu subvencovaného výrobku a o újmě způsobené domácímu výrobnímu odvětví.;norms;"<a data-odkaz-id=""10950259"" href=""#""  class=""int_odkaz"">§ 7</a>";§ 7;10950259;int_odkaz;NA;NA;NA;NA;esel-esb:právní-akt-odkaz/10950259;§ 7;INTUSTAN;35967;esel-esb:eli/cz/sb/2000/63/0000-00-00/dokument/norma/cast_1/hlava_2/par_7;35967;esel-esb:eli/cz/sb/2000/63/0000-00-00/dokument/norma/cast_1/hlava_2/par_8/odst_1;35967;2000/63;2000/63;2000/63;63/2000 Sb.
esel-esb:eli/cz/sb/2000/63/2024-01-01/dokument/norma/cast_1/hlava_2/par_8/odst_5;9819434;esel-esb:eli/cz/sb/2000/63/2024-01-01/dokument/norma/cast_1/hlava_2/par_8;§ 8 odst. 5;NA;5;NA;/2/1/3/3/5/;esel-esb:právní-akt-fragment/4379105;4379105;4379105;Odstavec_Dc;(5) Pokud nebudou vyžádaná stanoviska a vyjádření předložena v termínu podle odstavců 3 a 4, provede ministerstvo šetření na základě údajů, které má k dispozici.;norms;"<a data-odkaz-id=""10950227"" href=""#""  class=""int_odkaz"">odstavců 3</a>";odstavců 3;10950227;int_odkaz;NA;NA;NA;NA;esel-esb:právní-akt-odkaz/10950227;odstavců 3;INTUSTAN;35967;esel-esb:eli/cz/sb/2000/63/0000-00-00/dokument/norma/cast_1/hlava_2/par_8/odst_3;35967;esel-esb:eli/cz/sb/2000/63/0000-00-00/dokument/norma/cast_1/hlava_2/par_8/odst_5;35967;2000/63;2000/63;2000/63;63/2000 Sb.
esel-esb:eli/cz/sb/2000/63/2024-01-01/dokument/norma/cast_1/hlava_2/par_8/odst_5;9819434;esel-esb:eli/cz/sb/2000/63/2024-01-01/dokument/norma/cast_1/hlava_2/par_8;§ 8 odst. 5;NA;5;NA;/2/1/3/3/5/;esel-esb:právní-akt-fragment/4379105;4379105;4379105;Odstavec_Dc;(5) Pokud nebudou vyžádaná stanoviska a vyjádření předložena v termínu podle odstavců 3 a 4, provede ministerstvo šetření na základě údajů, které má k dispozici.;norms;"<a data-odkaz-id=""10950243"" href=""#""  class=""int_odkaz"">4</a>";4;10950243;int_odkaz;NA;NA;NA;NA;esel-esb:právní-akt-odkaz/10950243;4;INTUSTAN;35967;esel-esb:eli/cz/sb/2000/63/0000-00-00/dokument/norma/cast_1/hlava_2/par_8/odst_4;35967;esel-esb:eli/cz/sb/2000/63/0000-00-00/dokument/norma/cast_1/hlava_2/par_8/odst_5;35967;2000/63;2000/63;2000/63;63/2000 Sb.
esel-esb:eli/cz/sb/2000/63/2024-01-01/dokument/norma/cast_1/hlava_2/par_8/odst_6/pism_a;9819436;esel-esb:eli/cz/sb/2000/63/2024-01-01/dokument/norma/cast_1/hlava_2/par_8/odst_6;§ 8 odst. 6 písm. a);NA;a;NA;/2/1/3/3/6/1/;esel-esb:právní-akt-fragment/4379109;4379109;4379109;Pismeno_Lb;"a) zda podnět obsahuje všechny předepsané náležitosti podle § 7; pokud podnět nemá všechny požadované náležitosti, ministerstvo vyzve žadatele, aby je ve stanovené lhůtě doplnil; lhůta k doplnění nesmí přesáhnout 30 dnů ode dne obdržení výzvy,";norms;"<a data-odkaz-id=""10950211"" href=""#""  class=""int_odkaz"">§ 7</a>";§ 7;10950211;int_odkaz;NA;NA;NA;NA;esel-esb:právní-akt-odkaz/10950211;§ 7;INTUSTAN;35967;esel-esb:eli/cz/sb/2000/63/0000-00-00/dokument/norma/cast_1/hlava_2/par_7;35967;esel-esb:eli/cz/sb/2000/63/0000-00-00/dokument/norma/cast_1/hlava_2/par_8/odst_6/pism_a;35967;2000/63;2000/63;2000/63;63/2000 Sb.
esel-esb:eli/cz/sb/2000/63/2024-01-01/dokument/norma/cast_1/hlava_2/par_8/odst_6/pism_b;9819437;esel-esb:eli/cz/sb/2000/63/2024-01-01/dokument/norma/cast_1/hlava_2/par_8/odst_6;§ 8 odst. 6 písm. b);NA;b;NA;/2/1/3/3/6/2/;esel-esb:právní-akt-fragment/4379111;4379111;4379111;Pismeno_Lb;b) zda existuje dostatečná podpora podnětu v souladu s ustanovením odstavce 9 písm. b),;norms;"<a data-odkaz-id=""10950195"" href=""#""  class=""int_odkaz"">odstavce 9 písm. b)</a>";odstavce 9 písm. b);10950195;int_odkaz;NA;NA;NA;NA;esel-esb:právní-akt-odkaz/10950195;odstavce 9 písm. b);INTUSTAN;35967;esel-esb:eli/cz/sb/2000/63/0000-00-00/dokument/norma/cast_1/hlava_2/par_8/odst_9/pism_b;35967;esel-esb:eli/cz/sb/2000/63/0000-00-00/dokument/norma/cast_1/hlava_2/par_8/odst_6/pism_b;35967;2000/63;2000/63;2000/63;63/2000 Sb.
esel-esb:eli/cz/sb/2000/63/2024-01-01/dokument/norma/cast_1/hlava_2/par_8/odst_6/pism_d;9819439;esel-esb:eli/cz/sb/2000/63/2024-01-01/dokument/norma/cast_1/hlava_2/par_8/odst_6;§ 8 odst. 6 písm. d);NA;d;NA;/2/1/3/3/6/4/;esel-esb:právní-akt-fragment/4379115;4379115;4379115;Pismeno_Lb;d) na základě vlastního šetření a stanovisek ministerstev a jiných správních úřadů podle odstavce 4, zda byla způsobena nebo hrozí újma domácímu výrobnímu odvětví.;norms;"<a data-odkaz-id=""10950179"" href=""#""  class=""int_odkaz"">odstavce 4</a>";odstavce 4;10950179;int_odkaz;NA;NA;NA;NA;esel-esb:právní-akt-odkaz/10950179;odstavce 4;INTUSTAN;35967;esel-esb:eli/cz/sb/2000/63/0000-00-00/dokument/norma/cast_1/hlava_2/par_8/odst_4;35967;esel-esb:eli/cz/sb/2000/63/0000-00-00/dokument/norma/cast_1/hlava_2/par_8/odst_6/pism_d;35967;2000/63;2000/63;2000/63;63/2000 Sb.
esel-esb:eli/cz/sb/2000/63/2024-01-01/dokument/norma/cast_1/hlava_2/par_8/odst_9/pism_a;9819443;esel-esb:eli/cz/sb/2000/63/2024-01-01/dokument/norma/cast_1/hlava_2/par_8/odst_9;§ 8 odst. 9 písm. a);NA;a;NA;/2/1/3/3/9/1/;esel-esb:právní-akt-fragment/4379123;4379123;4379123;Pismeno_Lb;a) podnět obsahuje zjevně nepravdivé údaje nebo neobsahuje dostupné informace podle § 7 odst. 2 nebo osoba, která podnět podala, jeho nedostatky neodstranila ani po písemné výzvě ministerstva ve stanovené lhůtě, nebo;norms;"<a data-odkaz-id=""10950163"" href=""#""  class=""int_odkaz"">§ 7 odst. 2</a>";§ 7 odst. 2;10950163;int_odkaz;NA;NA;NA;NA;esel-esb:právní-akt-odkaz/10950163;§ 7 odst. 2;INTUSTAN;35967;esel-esb:eli/cz/sb/2000/63/0000-00-00/dokument/norma/cast_1/hlava_2/par_7/odst_2;35967;esel-esb:eli/cz/sb/2000/63/0000-00-00/dokument/norma/cast_1/hlava_2/par_8/odst_9/pism_a;35967;2000/63;2000/63;2000/63;63/2000 Sb.
esel-esb:eli/cz/sb/2000/63/2024-01-01/dokument/norma/cast_1/hlava_2/par_8/odst_10;9819447;esel-esb:eli/cz/sb/2000/63/2024-01-01/dokument/norma/cast_1/hlava_2/par_8;§ 8 odst. 10;NA;10;NA;/2/1/3/3/10/;esel-esb:právní-akt-fragment/4379131;4379131;4379131;Odstavec_Dc;(10) V případě, že ministerstvo nezjistí důvody pro odložení věci, zahájí konzultace podle hlavy III.;norms;"<a data-odkaz-id=""10950147"" href=""#""  class=""int_odkaz"">hlavy III</a>";hlavy III;10950147;int_odkaz;NA;NA;NA;NA;esel-esb:právní-akt-odkaz/10950147;hlavy III;INTUSTAN;35967;esel-esb:eli/cz/sb/2000/63/0000-00-00/dokument/norma/cast_1/hlava_3;35967;esel-esb:eli/cz/sb/2000/63/0000-00-00/dokument/norma/cast_1/hlava_2/par_8/odst_10;35967;2000/63;2000/63;2000/63;63/2000 Sb.
esel-esb:eli/cz/sb/2000/63/2024-01-01/dokument/norma/cast_1/hlava_3/par_9/odst_3;9819453;esel-esb:eli/cz/sb/2000/63/2024-01-01/dokument/norma/cast_1/hlava_3/par_9;§ 9 odst. 3;NA;3;NA;/2/1/4/2/3/;esel-esb:právní-akt-fragment/4379143;4379143;4379143;Odstavec_Dc;(3) Pokud k takovému řešení nedojde, ministerstvo předloží věc orgánům Světové obchodní organizace,5) která na základě toho může přijmout odpovídající nápravná opatření, a současně ministerstvo zahájí řízení podle hlavy IV.;norms;"<a data-odkaz-id=""10950115"" href=""#""  class=""int_odkaz""><sup>5</sup>)</a>";5);10950115;int_odkaz;NA;NA;NA;NA;esel-esb:právní-akt-odkaz/10950115;<sup>5</sup>);POZNAMKA;35967;esel-esb:eli/cz/sb/2000/63/0000-00-00/dokument/poznamkypodcarou/ppc_5;35967;esel-esb:eli/cz/sb/2000/63/0000-00-00/dokument/norma/cast_1/hlava_3/par_9/odst_3;35967;2000/63;2000/63;2000/63;63/2000 Sb.
esel-esb:eli/cz/sb/2000/63/2024-01-01/dokument/norma/cast_1/hlava_3/par_9/odst_3;9819453;esel-esb:eli/cz/sb/2000/63/2024-01-01/dokument/norma/cast_1/hlava_3/par_9;§ 9 odst. 3;NA;3;NA;/2/1/4/2/3/;esel-esb:právní-akt-fragment/4379143;4379143;4379143;Odstavec_Dc;(3) Pokud k takovému řešení nedojde, ministerstvo předloží věc orgánům Světové obchodní organizace,5) která na základě toho může přijmout odpovídající nápravná opatření, a současně ministerstvo zahájí řízení podle hlavy IV.;norms;"<a data-odkaz-id=""10950131"" href=""#""  class=""int_odkaz"">hlavy IV</a>";hlavy IV;10950131;int_odkaz;NA;NA;NA;NA;esel-esb:právní-akt-odkaz/10950131;hlavy IV;INTUSTAN;35967;esel-esb:eli/cz/sb/2000/63/0000-00-00/dokument/norma/cast_1/hlava_4;35967;esel-esb:eli/cz/sb/2000/63/0000-00-00/dokument/norma/cast_1/hlava_3/par_9/odst_3;35967;2000/63;2000/63;2000/63;63/2000 Sb.
esel-esb:eli/cz/sb/2000/63/2024-01-01/dokument/norma/cast_1/hlava_4/par_10/odst_1;9819458;esel-esb:eli/cz/sb/2000/63/2024-01-01/dokument/norma/cast_1/hlava_4/par_10;§ 10 odst. 1;NA;1;NA;/2/1/5/2/2/;esel-esb:právní-akt-fragment/4379153;4379153;4379153;Odstavec_Dc;(1) Ministerstvo zahájí řízení, pokud výsledkem šetření je předběžné zjištění dovozu subvencovaného výrobku, že tento dovoz způsobuje újmu nebo její hrozbu a že zároveň nejsou dány důvody k odložení podle § 8 odst. 9. Řízení se zahájí, jestliže dvoustranné konzultace podle § 9 nevedly ke vzájemně přijatelnému řešení. Řízení je zahájeno dnem, kdy ministerstvo zveřejní oznámení o zahájení řízení bez zbytečného odkladu v Obchodním věstníku a prostřednictvím sítě Internet, nejpozději však do 30 dnů ode dne ukončení šetření podnětu.;norms;"<a data-odkaz-id=""10950083"" href=""#""  class=""int_odkaz"">§ 8 odst. 9.</a>";§ 8 odst. 9.;10950083;int_odkaz;NA;NA;NA;NA;esel-esb:právní-akt-odkaz/10950083;§ 8 odst. 9.;INTUSTAN;35967;esel-esb:eli/cz/sb/2000/63/0000-00-00/dokument/norma/cast_1/hlava_2/par_8/odst_9;35967;esel-esb:eli/cz/sb/2000/63/0000-00-00/dokument/norma/cast_1/hlava_4/par_10/odst_1;35967;2000/63;2000/63;2000/63;63/2000 Sb.
esel-esb:eli/cz/sb/2000/63/2024-01-01/dokument/norma/cast_1/hlava_4/par_10/odst_1;9819458;esel-esb:eli/cz/sb/2000/63/2024-01-01/dokument/norma/cast_1/hlava_4/par_10;§ 10 odst. 1;NA;1;NA;/2/1/5/2/2/;esel-esb:právní-akt-fragment/4379153;4379153;4379153;Odstavec_Dc;(1) Ministerstvo zahájí řízení, pokud výsledkem šetření je předběžné zjištění dovozu subvencovaného výrobku, že tento dovoz způsobuje újmu nebo její hrozbu a že zároveň nejsou dány důvody k odložení podle § 8 odst. 9. Řízení se zahájí, jestliže dvoustranné konzultace podle § 9 nevedly ke vzájemně přijatelnému řešení. Řízení je zahájeno dnem, kdy ministerstvo zveřejní oznámení o zahájení řízení bez zbytečného odkladu v Obchodním věstníku a prostřednictvím sítě Internet, nejpozději však do 30 dnů ode dne ukončení šetření podnětu.;norms;"<a data-odkaz-id=""10950099"" href=""#""  class=""int_odkaz"">§ 9</a>";§ 9;10950099;int_odkaz;NA;NA;NA;NA;esel-esb:právní-akt-odkaz/10950099;§ 9;INTUSTAN;35967;esel-esb:eli/cz/sb/2000/63/0000-00-00/dokument/norma/cast_1/hlava_3/par_9;35967;esel-esb:eli/cz/sb/2000/63/0000-00-00/dokument/norma/cast_1/hlava_4/par_10/odst_1;35967;2000/63;2000/63;2000/63;63/2000 Sb.
esel-esb:eli/cz/sb/2000/63/2024-01-01/dokument/norma/cast_1/hlava_4/par_10/odst_2/pism_a;9819460;esel-esb:eli/cz/sb/2000/63/2024-01-01/dokument/norma/cast_1/hlava_4/par_10/odst_2;§ 10 odst. 2 písm. a);NA;a;NA;/2/1/5/2/3/1/;esel-esb:právní-akt-fragment/4379157;4379157;4379157;Pismeno_Lb;a) označení žadatele, výrobce a vývozce výrobku označovaného za subvencovaný a účastníků řízení podle § 11,;norms;"<a data-odkaz-id=""10950067"" href=""#""  class=""int_odkaz"">§ 11</a>";§ 11;10950067;int_odkaz;NA;NA;NA;NA;esel-esb:právní-akt-odkaz/10950067;§ 11;INTUSTAN;35967;esel-esb:eli/cz/sb/2000/63/0000-00-00/dokument/norma/cast_1/hlava_4/par_11;35967;esel-esb:eli/cz/sb/2000/63/0000-00-00/dokument/norma/cast_1/hlava_4/par_10/odst_2/pism_a;35967;2000/63;2000/63;2000/63;63/2000 Sb.
esel-esb:eli/cz/sb/2000/63/2024-01-01/dokument/norma/cast_1/hlava_4/par_11/odst_2;9819477;esel-esb:eli/cz/sb/2000/63/2024-01-01/dokument/norma/cast_1/hlava_4/par_11;§ 11 odst. 2;NA;2;NA;/2/1/5/3/2/;esel-esb:právní-akt-fragment/4379191;4379191;4379191;Odstavec_Dc;(2) Účastníky řízení nejsou osoby uvedené v odstavci 1 písm. b), c) a d) v případě tak vysokého jejich počtu, který by znemožňoval hospodárné a účelné vedení správního řízení, pokud výslovně neprojeví zájem být účastníkem řízení.;norms;"<a data-odkaz-id=""10950007"" href=""#""  class=""int_odkaz"">odstavci 1 písm. b)</a>";odstavci 1 písm. b);10950007;int_odkaz;NA;NA;NA;NA;esel-esb:právní-akt-odkaz/10950007;odstavci 1 písm. b);INTUSTAN;35967;esel-esb:eli/cz/sb/2000/63/0000-00-00/dokument/norma/cast_1/hlava_4/par_11/odst_1/pism_b;35967;esel-esb:eli/cz/sb/2000/63/0000-00-00/dokument/norma/cast_1/hlava_4/par_11/odst_2;35967;2000/63;2000/63;2000/63;63/2000 Sb.
esel-esb:eli/cz/sb/2000/63/2024-01-01/dokument/norma/cast_1/hlava_4/par_11/odst_2;9819477;esel-esb:eli/cz/sb/2000/63/2024-01-01/dokument/norma/cast_1/hlava_4/par_11;§ 11 odst. 2;NA;2;NA;/2/1/5/3/2/;esel-esb:právní-akt-fragment/4379191;4379191;4379191;Odstavec_Dc;(2) Účastníky řízení nejsou osoby uvedené v odstavci 1 písm. b), c) a d) v případě tak vysokého jejich počtu, který by znemožňoval hospodárné a účelné vedení správního řízení, pokud výslovně neprojeví zájem být účastníkem řízení.;norms;"<a data-odkaz-id=""10950023"" href=""#""  class=""int_odkaz"">c)</a>";c);10950023;int_odkaz;NA;NA;NA;NA;esel-esb:právní-akt-odkaz/10950023;c);INTUSTAN;35967;esel-esb:eli/cz/sb/2000/63/0000-00-00/dokument/norma/cast_1/hlava_4/par_11/odst_1/pism_c;35967;esel-esb:eli/cz/sb/2000/63/0000-00-00/dokument/norma/cast_1/hlava_4/par_11/odst_2;35967;2000/63;2000/63;2000/63;63/2000 Sb.
esel-esb:eli/cz/sb/2000/63/2024-01-01/dokument/norma/cast_1/hlava_4/par_11/odst_2;9819477;esel-esb:eli/cz/sb/2000/63/2024-01-01/dokument/norma/cast_1/hlava_4/par_11;§ 11 odst. 2;NA;2;NA;/2/1/5/3/2/;esel-esb:právní-akt-fragment/4379191;4379191;4379191;Odstavec_Dc;(2) Účastníky řízení nejsou osoby uvedené v odstavci 1 písm. b), c) a d) v případě tak vysokého jejich počtu, který by znemožňoval hospodárné a účelné vedení správního řízení, pokud výslovně neprojeví zájem být účastníkem řízení.;norms;"<a data-odkaz-id=""10950039"" href=""#""  class=""int_odkaz"">d)</a>";d);10950039;int_odkaz;NA;NA;NA;NA;esel-esb:právní-akt-odkaz/10950039;d);INTUSTAN;35967;esel-esb:eli/cz/sb/2000/63/0000-00-00/dokument/norma/cast_1/hlava_4/par_11/odst_1/pism_d;35967;esel-esb:eli/cz/sb/2000/63/0000-00-00/dokument/norma/cast_1/hlava_4/par_11/odst_2;35967;2000/63;2000/63;2000/63;63/2000 Sb.
esel-esb:eli/cz/sb/2000/63/2024-01-01/dokument/norma/cast_1/hlava_4/par_11/odst_3;9819478;esel-esb:eli/cz/sb/2000/63/2024-01-01/dokument/norma/cast_1/hlava_4/par_11;§ 11 odst. 3;NA;3;NA;/2/1/5/3/3/;esel-esb:právní-akt-fragment/4379193;4379193;4379193;Odstavec_Dc;(3) Účastníkem řízení může být příslušný zájmový svaz osob uvedených pod písmeny b), c) a d) v případě, nejsou-li tyto osoby samy účastníky řízení podle odstavce 2.;norms;"<a data-odkaz-id=""10949943"" href=""#""  class=""int_odkaz"">písmeny b)</a>";písmeny b);10949943;int_odkaz;NA;NA;NA;NA;esel-esb:právní-akt-odkaz/10949943;písmeny b);INTUSTAN;35967;esel-esb:eli/cz/sb/2000/63/0000-00-00/dokument/norma/cast_1/hlava_4/par_11/odst_1/pism_b;35967;esel-esb:eli/cz/sb/2000/63/0000-00-00/dokument/norma/cast_1/hlava_4/par_11/odst_3;35967;2000/63;2000/63;2000/63;63/2000 Sb.
esel-esb:eli/cz/sb/2000/63/2024-01-01/dokument/norma/cast_1/hlava_4/par_11/odst_3;9819478;esel-esb:eli/cz/sb/2000/63/2024-01-01/dokument/norma/cast_1/hlava_4/par_11;§ 11 odst. 3;NA;3;NA;/2/1/5/3/3/;esel-esb:právní-akt-fragment/4379193;4379193;4379193;Odstavec_Dc;(3) Účastníkem řízení může být příslušný zájmový svaz osob uvedených pod písmeny b), c) a d) v případě, nejsou-li tyto osoby samy účastníky řízení podle odstavce 2.;norms;"<a data-odkaz-id=""10949959"" href=""#""  class=""int_odkaz"">c)</a>";c);10949959;int_odkaz;NA;NA;NA;NA;esel-esb:právní-akt-odkaz/10949959;c);INTUSTAN;35967;esel-esb:eli/cz/sb/2000/63/0000-00-00/dokument/norma/cast_1/hlava_4/par_11/odst_1/pism_c;35967;esel-esb:eli/cz/sb/2000/63/0000-00-00/dokument/norma/cast_1/hlava_4/par_11/odst_3;35967;2000/63;2000/63;2000/63;63/2000 Sb.
esel-esb:eli/cz/sb/2000/63/2024-01-01/dokument/norma/cast_1/hlava_4/par_11/odst_3;9819478;esel-esb:eli/cz/sb/2000/63/2024-01-01/dokument/norma/cast_1/hlava_4/par_11;§ 11 odst. 3;NA;3;NA;/2/1/5/3/3/;esel-esb:právní-akt-fragment/4379193;4379193;4379193;Odstavec_Dc;(3) Účastníkem řízení může být příslušný zájmový svaz osob uvedených pod písmeny b), c) a d) v případě, nejsou-li tyto osoby samy účastníky řízení podle odstavce 2.;norms;"<a data-odkaz-id=""10949975"" href=""#""  class=""int_odkaz"">d)</a>";d);10949975;int_odkaz;NA;NA;NA;NA;esel-esb:právní-akt-odkaz/10949975;d);INTUSTAN;35967;esel-esb:eli/cz/sb/2000/63/0000-00-00/dokument/norma/cast_1/hlava_4/par_11/odst_1/pism_d;35967;esel-esb:eli/cz/sb/2000/63/0000-00-00/dokument/norma/cast_1/hlava_4/par_11/odst_3;35967;2000/63;2000/63;2000/63;63/2000 Sb.
esel-esb:eli/cz/sb/2000/63/2024-01-01/dokument/norma/cast_1/hlava_4/par_11/odst_3;9819478;esel-esb:eli/cz/sb/2000/63/2024-01-01/dokument/norma/cast_1/hlava_4/par_11;§ 11 odst. 3;NA;3;NA;/2/1/5/3/3/;esel-esb:právní-akt-fragment/4379193;4379193;4379193;Odstavec_Dc;(3) Účastníkem řízení může být příslušný zájmový svaz osob uvedených pod písmeny b), c) a d) v případě, nejsou-li tyto osoby samy účastníky řízení podle odstavce 2.;norms;"<a data-odkaz-id=""10949991"" href=""#""  class=""int_odkaz"">odstavce 2.</a>";odstavce 2.;10949991;int_odkaz;NA;NA;NA;NA;esel-esb:právní-akt-odkaz/10949991;odstavce 2.;INTUSTAN;35967;esel-esb:eli/cz/sb/2000/63/0000-00-00/dokument/norma/cast_1/hlava_4/par_11/odst_2;35967;esel-esb:eli/cz/sb/2000/63/0000-00-00/dokument/norma/cast_1/hlava_4/par_11/odst_3;35967;2000/63;2000/63;2000/63;63/2000 Sb.
esel-esb:eli/cz/sb/2000/63/2024-01-01/dokument/norma/cast_1/hlava_4/par_11/odst_4;9819479;esel-esb:eli/cz/sb/2000/63/2024-01-01/dokument/norma/cast_1/hlava_4/par_11;§ 11 odst. 4;NA;4;NA;/2/1/5/3/4/;esel-esb:právní-akt-fragment/4379195;4379195;4379195;Odstavec_Dc;(4) V případě, nejsou-li osoby uvedené v odstavci 1 písm. b) a c) účastníky řízení, předloží ministerstvo kromě oznámení o zahájení řízení i podklady pro rozhodnutí bez zbytečného odkladu úřadům subvencující země, které je předají příslušným vývozcům a výrobcům (nebo jejich zájmovým svazům) k případnému vyjádření. Tyto osoby mohou zaslat ministerstvu své vyjádření ve lhůtě 60 dnů ode dne jejich doručení subvencující zemi.;norms;"<a data-odkaz-id=""10949911"" href=""#""  class=""int_odkaz"">odstavci 1 písm. b)</a>";odstavci 1 písm. b);10949911;int_odkaz;NA;NA;NA;NA;esel-esb:právní-akt-odkaz/10949911;odstavci 1 písm. b);INTUSTAN;35967;esel-esb:eli/cz/sb/2000/63/0000-00-00/dokument/norma/cast_1/hlava_4/par_11/odst_1/pism_b;35967;esel-esb:eli/cz/sb/2000/63/0000-00-00/dokument/norma/cast_1/hlava_4/par_11/odst_4;35967;2000/63;2000/63;2000/63;63/2000 Sb.
esel-esb:eli/cz/sb/2000/63/2024-01-01/dokument/norma/cast_1/hlava_4/par_11/odst_4;9819479;esel-esb:eli/cz/sb/2000/63/2024-01-01/dokument/norma/cast_1/hlava_4/par_11;§ 11 odst. 4;NA;4;NA;/2/1/5/3/4/;esel-esb:právní-akt-fragment/4379195;4379195;4379195;Odstavec_Dc;(4) V případě, nejsou-li osoby uvedené v odstavci 1 písm. b) a c) účastníky řízení, předloží ministerstvo kromě oznámení o zahájení řízení i podklady pro rozhodnutí bez zbytečného odkladu úřadům subvencující země, které je předají příslušným vývozcům a výrobcům (nebo jejich zájmovým svazům) k případnému vyjádření. Tyto osoby mohou zaslat ministerstvu své vyjádření ve lhůtě 60 dnů ode dne jejich doručení subvencující zemi.;norms;"<a data-odkaz-id=""10949927"" href=""#""  class=""int_odkaz"">c)</a>";c);10949927;int_odkaz;NA;NA;NA;NA;esel-esb:právní-akt-odkaz/10949927;c);INTUSTAN;35967;esel-esb:eli/cz/sb/2000/63/0000-00-00/dokument/norma/cast_1/hlava_4/par_11/odst_1/pism_c;35967;esel-esb:eli/cz/sb/2000/63/0000-00-00/dokument/norma/cast_1/hlava_4/par_11/odst_4;35967;2000/63;2000/63;2000/63;63/2000 Sb.
esel-esb:eli/cz/sb/2000/63/2024-01-01/dokument/norma/cast_1/hlava_4/par_12/odst_2;9819483;esel-esb:eli/cz/sb/2000/63/2024-01-01/dokument/norma/cast_1/hlava_4/par_12;§ 12 odst. 2;NA;2;NA;/2/1/5/4/3/;esel-esb:právní-akt-fragment/4379205;4379205;4379203;Odstavec_Dc;(2) Ustanovením odstavce 1 nejsou dotčena ustanovení zvláštních předpisů týkající se ochrany utajovaných informací, osobních údajů v informačních systémech, obchodního a bankovního tajemství nebo zákonem uznané povinnosti mlčenlivosti.6);norms;"<a data-odkaz-id=""10949879"" href=""#""  class=""int_odkaz"">odstavce 1</a>";odstavce 1;10949879;int_odkaz;NA;NA;NA;NA;esel-esb:právní-akt-odkaz/10949879;odstavce 1;INTUSTAN;109063;esel-esb:eli/cz/sb/2000/63/2006-01-01/dokument/norma/cast_1/hlava_4/par_12/odst_1;109063;esel-esb:eli/cz/sb/2000/63/2006-01-01/dokument/norma/cast_1/hlava_4/par_12/odst_2;109063;2000/63;2000/63;2000/63;63/2000 Sb.
esel-esb:eli/cz/sb/2000/63/2024-01-01/dokument/norma/cast_1/hlava_4/par_12/odst_2;9819483;esel-esb:eli/cz/sb/2000/63/2024-01-01/dokument/norma/cast_1/hlava_4/par_12;§ 12 odst. 2;NA;2;NA;/2/1/5/4/3/;esel-esb:právní-akt-fragment/4379205;4379205;4379203;Odstavec_Dc;(2) Ustanovením odstavce 1 nejsou dotčena ustanovení zvláštních předpisů týkající se ochrany utajovaných informací, osobních údajů v informačních systémech, obchodního a bankovního tajemství nebo zákonem uznané povinnosti mlčenlivosti.6);norms;"<a data-odkaz-id=""10949889"" href=""#""  class=""int_odkaz""><sup>6</sup>)</a>";6);10949889;int_odkaz;NA;NA;NA;NA;esel-esb:právní-akt-odkaz/10949889;<sup>6</sup>);POZNAMKA;109063;esel-esb:eli/cz/sb/2000/63/2006-01-01/dokument/poznamkypodcarou/ppc_6;109063;esel-esb:eli/cz/sb/2000/63/2006-01-01/dokument/norma/cast_1/hlava_4/par_12/odst_2;109063;2000/63;2000/63;2000/63;63/2000 Sb.
esel-esb:eli/cz/sb/2000/63/2024-01-01/dokument/norma/cast_1/hlava_4/par_15/odst_3;9819498;esel-esb:eli/cz/sb/2000/63/2024-01-01/dokument/norma/cast_1/hlava_4/par_15;§ 15 odst. 3;NA;3;NA;/2/1/5/7/4/;esel-esb:právní-akt-fragment/4379235;4379235;4379235;Odstavec_Dc;(3) Termín ústního jednání podle odstavce 1 zveřejní ministerstvo bez zbytečného odkladu v Obchodním věstníku a prostřednictvím sítě Internet a současně písemně informuje účastníky řízení.;norms;"<a data-odkaz-id=""10949863"" href=""#""  class=""int_odkaz"">odstavce 1</a>";odstavce 1;10949863;int_odkaz;NA;NA;NA;NA;esel-esb:právní-akt-odkaz/10949863;odstavce 1;INTUSTAN;35967;esel-esb:eli/cz/sb/2000/63/0000-00-00/dokument/norma/cast_1/hlava_4/par_15/odst_1;35967;esel-esb:eli/cz/sb/2000/63/0000-00-00/dokument/norma/cast_1/hlava_4/par_15/odst_3;35967;2000/63;2000/63;2000/63;63/2000 Sb.
esel-esb:eli/cz/sb/2000/63/2024-01-01/dokument/norma/cast_1/hlava_4/par_16/odst_1;9819501;esel-esb:eli/cz/sb/2000/63/2024-01-01/dokument/norma/cast_1/hlava_4/par_16;§ 16 odst. 1;NA;1;NA;/2/1/5/8/2/;esel-esb:právní-akt-fragment/4379241;4379241;4379241;Odstavec_Dc;(1) V průběhu řízení umožní ministerstvo účastníkům řízení a osobám uvedeným v § 11 písm. b), c) a d), nejsou-li účastníky řízení, na jejich žádost seznámit se se všemi písemnostmi důležitými pro rozhodnutí, které neobsahují důvěrné informace, a s písemnostmi předloženými některým z účastníků řízení. K těmto písemnostem se účastníci řízení mohou vyjádřit v ministerstvem stanovené přiměřené lhůtě, která nepřekročí 30 dnů.;norms;"<a data-odkaz-id=""10949815"" href=""#""  class=""int_odkaz"">§ 11 písm. b)</a>";§ 11 písm. b);10949815;int_odkaz;NA;NA;NA;NA;esel-esb:právní-akt-odkaz/10949815;§ 11 písm. b);INTUSTAN;35967;esel-esb:eli/cz/sb/2000/63/0000-00-00/dokument/norma/cast_1/hlava_4/par_11/odst_1/pism_b;35967;esel-esb:eli/cz/sb/2000/63/0000-00-00/dokument/norma/cast_1/hlava_4/par_16/odst_1;35967;2000/63;2000/63;2000/63;63/2000 Sb.
esel-esb:eli/cz/sb/2000/63/2024-01-01/dokument/norma/cast_1/hlava_4/par_16/odst_1;9819501;esel-esb:eli/cz/sb/2000/63/2024-01-01/dokument/norma/cast_1/hlava_4/par_16;§ 16 odst. 1;NA;1;NA;/2/1/5/8/2/;esel-esb:právní-akt-fragment/4379241;4379241;4379241;Odstavec_Dc;(1) V průběhu řízení umožní ministerstvo účastníkům řízení a osobám uvedeným v § 11 písm. b), c) a d), nejsou-li účastníky řízení, na jejich žádost seznámit se se všemi písemnostmi důležitými pro rozhodnutí, které neobsahují důvěrné informace, a s písemnostmi předloženými některým z účastníků řízení. K těmto písemnostem se účastníci řízení mohou vyjádřit v ministerstvem stanovené přiměřené lhůtě, která nepřekročí 30 dnů.;norms;"<a data-odkaz-id=""10949831"" href=""#""  class=""int_odkaz"">c)</a>";c);10949831;int_odkaz;NA;NA;NA;NA;esel-esb:právní-akt-odkaz/10949831;c);INTUSTAN;35967;esel-esb:eli/cz/sb/2000/63/0000-00-00/dokument/norma/cast_1/hlava_4/par_11/odst_1/pism_c;35967;esel-esb:eli/cz/sb/2000/63/0000-00-00/dokument/norma/cast_1/hlava_4/par_16/odst_1;35967;2000/63;2000/63;2000/63;63/2000 Sb.
esel-esb:eli/cz/sb/2000/63/2024-01-01/dokument/norma/cast_1/hlava_4/par_16/odst_1;9819501;esel-esb:eli/cz/sb/2000/63/2024-01-01/dokument/norma/cast_1/hlava_4/par_16;§ 16 odst. 1;NA;1;NA;/2/1/5/8/2/;esel-esb:právní-akt-fragment/4379241;4379241;4379241;Odstavec_Dc;(1) V průběhu řízení umožní ministerstvo účastníkům řízení a osobám uvedeným v § 11 písm. b), c) a d), nejsou-li účastníky řízení, na jejich žádost seznámit se se všemi písemnostmi důležitými pro rozhodnutí, které neobsahují důvěrné informace, a s písemnostmi předloženými některým z účastníků řízení. K těmto písemnostem se účastníci řízení mohou vyjádřit v ministerstvem stanovené přiměřené lhůtě, která nepřekročí 30 dnů.;norms;"<a data-odkaz-id=""10949847"" href=""#""  class=""int_odkaz"">d)</a>";d);10949847;int_odkaz;NA;NA;NA;NA;esel-esb:právní-akt-odkaz/10949847;d);INTUSTAN;35967;esel-esb:eli/cz/sb/2000/63/0000-00-00/dokument/norma/cast_1/hlava_4/par_11/odst_1/pism_d;35967;esel-esb:eli/cz/sb/2000/63/0000-00-00/dokument/norma/cast_1/hlava_4/par_16/odst_1;35967;2000/63;2000/63;2000/63;63/2000 Sb.
esel-esb:eli/cz/sb/2000/63/2024-01-01/dokument/norma/cast_1/hlava_4/par_18/odst_1/pism_a;9819509;esel-esb:eli/cz/sb/2000/63/2024-01-01/dokument/norma/cast_1/hlava_4/par_18/odst_1;§ 18 odst. 1 písm. a);NA;a;NA;/2/1/5/10/2/1/;esel-esb:právní-akt-fragment/4379257;4379257;4379257;Pismeno_Lb;a) objem dovozů subvencovaného výrobku je zanedbatelný podle § 5 písm. b),;norms;"<a data-odkaz-id=""10949799"" href=""#""  class=""int_odkaz"">§ 5 písm. b)</a>";§ 5 písm. b);10949799;int_odkaz;NA;NA;NA;NA;esel-esb:právní-akt-odkaz/10949799;§ 5 písm. b);INTUSTAN;35967;esel-esb:eli/cz/sb/2000/63/0000-00-00/dokument/norma/cast_1/hlava_1/par_5/pism_b;35967;esel-esb:eli/cz/sb/2000/63/0000-00-00/dokument/norma/cast_1/hlava_4/par_18/odst_1/pism_a;35967;2000/63;2000/63;2000/63;63/2000 Sb.
esel-esb:eli/cz/sb/2000/63/2024-01-01/dokument/norma/cast_1/hlava_4/par_18/odst_1/pism_b;9819510;esel-esb:eli/cz/sb/2000/63/2024-01-01/dokument/norma/cast_1/hlava_4/par_18/odst_1;§ 18 odst. 1 písm. b);NA;b;NA;/2/1/5/10/2/2/;esel-esb:právní-akt-fragment/4379259;4379259;4379259;Pismeno_Lb;b) výrobek není subvencován vůbec nebo poskytnutá subvence nepřekračuje mez stanovenou v § 5 písm. a),;norms;"<a data-odkaz-id=""10949783"" href=""#""  class=""int_odkaz"">§ 5 písm. a)</a>";§ 5 písm. a);10949783;int_odkaz;NA;NA;NA;NA;esel-esb:právní-akt-odkaz/10949783;§ 5 písm. a);INTUSTAN;35967;esel-esb:eli/cz/sb/2000/63/0000-00-00/dokument/norma/cast_1/hlava_1/par_5/pism_a;35967;esel-esb:eli/cz/sb/2000/63/0000-00-00/dokument/norma/cast_1/hlava_4/par_18/odst_1/pism_b;35967;2000/63;2000/63;2000/63;63/2000 Sb.
esel-esb:eli/cz/sb/2000/63/2024-01-01/dokument/norma/cast_1/hlava_4/par_18/odst_1/pism_e;9819513;esel-esb:eli/cz/sb/2000/63/2024-01-01/dokument/norma/cast_1/hlava_4/par_18/odst_1;§ 18 odst. 1 písm. e);NA;e;NA;/2/1/5/10/2/5/;esel-esb:právní-akt-fragment/4379265;4379265;4379265;Pismeno_Lb;e) přijme závazek vývozce podle § 21,;norms;"<a data-odkaz-id=""10949767"" href=""#""  class=""int_odkaz"">§ 21</a>";§ 21;10949767;int_odkaz;NA;NA;NA;NA;esel-esb:právní-akt-odkaz/10949767;§ 21;INTUSTAN;35967;esel-esb:eli/cz/sb/2000/63/0000-00-00/dokument/norma/cast_1/hlava_4/par_21;35967;esel-esb:eli/cz/sb/2000/63/0000-00-00/dokument/norma/cast_1/hlava_4/par_18/odst_1/pism_e;35967;2000/63;2000/63;2000/63;63/2000 Sb.
esel-esb:eli/cz/sb/2000/63/2024-01-01/dokument/norma/cast_1/hlava_4/par_19/odst_6;9819537;esel-esb:eli/cz/sb/2000/63/2024-01-01/dokument/norma/cast_1/hlava_4/par_19;§ 19 odst. 6;NA;6;NA;/2/1/5/11/7/;esel-esb:právní-akt-fragment/4379759;4379759;4379313;Odstavec_Dc;(6) Pokud nejsou známi všichni vývozci subvencovaného výrobku nebo pokud je jejich počet vysoký podle § 11 odst. 2, v rozhodnutí se místo jmen vývozců uvede subvencující země. V takovém případě se rozhodnutí o uložení vyrovnávacího cla vztahuje na všechny deklaranty, kteří navrhují propuštění subvencovaného výrobku do celního režimu volného oběhu v době platnosti tohoto rozhodnutí, je-li zemí vývozu nebo původu země, která je v rozhodnutí označena jako subvencující.;norms;"<a data-odkaz-id=""10948217"" href=""#""  class=""int_odkaz"">§ 11 odst. 2</a>";§ 11 odst. 2;10948217;int_odkaz;NA;NA;NA;NA;esel-esb:právní-akt-odkaz/10948217;§ 11 odst. 2;INTUSTAN;109069;esel-esb:eli/cz/sb/2000/63/2016-07-29/dokument/norma/cast_1/hlava_4/par_11/odst_2;109069;esel-esb:eli/cz/sb/2000/63/2016-07-29/dokument/norma/cast_1/hlava_4/par_19/odst_6;109069;2000/63;2000/63;2000/63;63/2000 Sb.
esel-esb:eli/cz/sb/2000/63/2024-01-01/dokument/norma/cast_1/hlava_4/par_19/odst_7;9819538;esel-esb:eli/cz/sb/2000/63/2024-01-01/dokument/norma/cast_1/hlava_4/par_19;§ 19 odst. 7;NA;7;NA;/2/1/5/11/8/;esel-esb:právní-akt-fragment/4379315;4379315;4379315;Odstavec_Dc;(7) Každé vyrovnávací clo může být uplatňováno po dobu nezbytně nutnou, nejdéle 5 let od jeho uložení nebo od data jeho posledního přezkoumání, s výjimkou postupu podle § 28.;norms;"<a data-odkaz-id=""10949703"" href=""#""  class=""int_odkaz"">§ 28</a>";§ 28;10949703;int_odkaz;NA;NA;NA;NA;esel-esb:právní-akt-odkaz/10949703;§ 28;INTUSTAN;35967;esel-esb:eli/cz/sb/2000/63/0000-00-00/dokument/norma/cast_1/hlava_4/par_28;35967;esel-esb:eli/cz/sb/2000/63/0000-00-00/dokument/norma/cast_1/hlava_4/par_19/odst_7;35967;2000/63;2000/63;2000/63;63/2000 Sb.
esel-esb:eli/cz/sb/2000/63/2024-01-01/dokument/norma/cast_1/hlava_4/par_20/odst_3/pism_a;9819546;esel-esb:eli/cz/sb/2000/63/2024-01-01/dokument/norma/cast_1/hlava_4/par_20/odst_3;§ 20 odst. 3 písm. a);NA;a;NA;/2/1/5/12/4/1/;esel-esb:právní-akt-fragment/4379333;4379333;4379333;Pismeno_Lb;a) bylo zahájeno řízení podle § 10 a od zahájení šetření podle § 8 uplynulo nejméně 60 dnů,;norms;"<a data-odkaz-id=""10949659"" href=""#""  class=""int_odkaz"">§ 10</a>";§ 10;10949659;int_odkaz;NA;NA;NA;NA;esel-esb:právní-akt-odkaz/10949659;§ 10;INTUSTAN;35967;esel-esb:eli/cz/sb/2000/63/0000-00-00/dokument/norma/cast_1/hlava_4/par_10;35967;esel-esb:eli/cz/sb/2000/63/0000-00-00/dokument/norma/cast_1/hlava_4/par_20/odst_3/pism_a;35967;2000/63;2000/63;2000/63;63/2000 Sb.
esel-esb:eli/cz/sb/2000/63/2024-01-01/dokument/norma/cast_1/hlava_4/par_20/odst_3/pism_a;9819546;esel-esb:eli/cz/sb/2000/63/2024-01-01/dokument/norma/cast_1/hlava_4/par_20/odst_3;§ 20 odst. 3 písm. a);NA;a;NA;/2/1/5/12/4/1/;esel-esb:právní-akt-fragment/4379333;4379333;4379333;Pismeno_Lb;a) bylo zahájeno řízení podle § 10 a od zahájení šetření podle § 8 uplynulo nejméně 60 dnů,;norms;"<a data-odkaz-id=""10949675"" href=""#""  class=""int_odkaz"">§ 8</a>";§ 8;10949675;int_odkaz;NA;NA;NA;NA;esel-esb:právní-akt-odkaz/10949675;§ 8;INTUSTAN;35967;esel-esb:eli/cz/sb/2000/63/0000-00-00/dokument/norma/cast_1/hlava_2/par_8;35967;esel-esb:eli/cz/sb/2000/63/0000-00-00/dokument/norma/cast_1/hlava_4/par_20/odst_3/pism_a;35967;2000/63;2000/63;2000/63;63/2000 Sb.
esel-esb:eli/cz/sb/2000/63/2024-01-01/dokument/norma/cast_1/hlava_4/par_22/odst_3;9819568;esel-esb:eli/cz/sb/2000/63/2024-01-01/dokument/norma/cast_1/hlava_4/par_22;§ 22 odst. 3;NA;3;NA;/2/1/5/14/4/;esel-esb:právní-akt-fragment/4379377;4379377;4379377;Odstavec_Dc;(3) Pokud bylo znovu zahájeno řízení z důvodu porušení závazku, nepoužije se lhůta 60 dnů stanovená v § 20 odst. 3 a prozatímní clo lze uložit s účinností ode dne porušení závazku.;norms;"<a data-odkaz-id=""10949643"" href=""#""  class=""int_odkaz"">§ 20 odst. 3</a>";§ 20 odst. 3;10949643;int_odkaz;NA;NA;NA;NA;esel-esb:právní-akt-odkaz/10949643;§ 20 odst. 3;INTUSTAN;35967;esel-esb:eli/cz/sb/2000/63/0000-00-00/dokument/norma/cast_1/hlava_4/par_20/odst_3;35967;esel-esb:eli/cz/sb/2000/63/0000-00-00/dokument/norma/cast_1/hlava_4/par_22/odst_3;35967;2000/63;2000/63;2000/63;63/2000 Sb.
esel-esb:eli/cz/sb/2000/63/2024-01-01/dokument/norma/cast_1/hlava_4/par_23/odst_2;9819577;esel-esb:eli/cz/sb/2000/63/2024-01-01/dokument/norma/cast_1/hlava_4/par_23;§ 23 odst. 2;NA;2;NA;/2/1/5/15/3/;esel-esb:právní-akt-fragment/4379395;4379395;4379395;Odstavec_Dc;(2) Konečné vyrovnávací clo se ukládá na dobu určitou nebo na dobu neurčitou podle § 19 odst. 7 a 8 s účinností ode dne, kdy toto rozhodnutí nabylo právní moci. Je-li zjištěna újma nebo její hrozba domácímu výrobnímu odvětví, lze jej uložit již ode dne účinnosti prozatímního cla. V případě, že je zjištěna pouze hrozba újmy, konečné vyrovnávací clo lze uložit ode dne jejího zjištění. Bylo-li prozatímní clo nižší, než je clo konečné, příslušný rozdíl celní úřad nevyměří a nevybere.;norms;"<a data-odkaz-id=""10949611"" href=""#""  class=""int_odkaz"">§ 19 odst. 7</a>";§ 19 odst. 7;10949611;int_odkaz;NA;NA;NA;NA;esel-esb:právní-akt-odkaz/10949611;§ 19 odst. 7;INTUSTAN;35967;esel-esb:eli/cz/sb/2000/63/0000-00-00/dokument/norma/cast_1/hlava_4/par_19/odst_7;35967;esel-esb:eli/cz/sb/2000/63/0000-00-00/dokument/norma/cast_1/hlava_4/par_23/odst_2;35967;2000/63;2000/63;2000/63;63/2000 Sb.
esel-esb:eli/cz/sb/2000/63/2024-01-01/dokument/norma/cast_1/hlava_4/par_23/odst_2;9819577;esel-esb:eli/cz/sb/2000/63/2024-01-01/dokument/norma/cast_1/hlava_4/par_23;§ 23 odst. 2;NA;2;NA;/2/1/5/15/3/;esel-esb:právní-akt-fragment/4379395;4379395;4379395;Odstavec_Dc;(2) Konečné vyrovnávací clo se ukládá na dobu určitou nebo na dobu neurčitou podle § 19 odst. 7 a 8 s účinností ode dne, kdy toto rozhodnutí nabylo právní moci. Je-li zjištěna újma nebo její hrozba domácímu výrobnímu odvětví, lze jej uložit již ode dne účinnosti prozatímního cla. V případě, že je zjištěna pouze hrozba újmy, konečné vyrovnávací clo lze uložit ode dne jejího zjištění. Bylo-li prozatímní clo nižší, než je clo konečné, příslušný rozdíl celní úřad nevyměří a nevybere.;norms;"<a data-odkaz-id=""10949627"" href=""#""  class=""int_odkaz"">8</a>";8;10949627;int_odkaz;NA;NA;NA;NA;esel-esb:právní-akt-odkaz/10949627;8;INTUSTAN;35967;esel-esb:eli/cz/sb/2000/63/0000-00-00/dokument/norma/cast_1/hlava_4/par_19/odst_8;35967;esel-esb:eli/cz/sb/2000/63/0000-00-00/dokument/norma/cast_1/hlava_4/par_23/odst_2;35967;2000/63;2000/63;2000/63;63/2000 Sb.
esel-esb:eli/cz/sb/2000/63/2024-01-01/dokument/norma/cast_1/hlava_4/par_24/odst_1/pism_a;9819581;esel-esb:eli/cz/sb/2000/63/2024-01-01/dokument/norma/cast_1/hlava_4/par_24/odst_1;§ 24 odst. 1 písm. a);NA;a;NA;/2/1/5/16/2/1/;esel-esb:právní-akt-fragment/4379403;4379403;4379403;Pismeno_Lb;a) ministerstvo řízení zastaví podle § 18, nebo;norms;"<a data-odkaz-id=""10949583"" href=""#""  class=""int_odkaz"">§ 18</a>";§ 18;10949583;int_odkaz;NA;NA;NA;NA;esel-esb:právní-akt-odkaz/10949583;§ 18;INTUSTAN;35967;esel-esb:eli/cz/sb/2000/63/0000-00-00/dokument/norma/cast_1/hlava_4/par_18;35967;esel-esb:eli/cz/sb/2000/63/0000-00-00/dokument/norma/cast_1/hlava_4/par_24/odst_1/pism_a;35967;2000/63;2000/63;2000/63;63/2000 Sb.
esel-esb:eli/cz/sb/2000/63/2024-01-01/dokument/norma/cast_1/hlava_4/par_27/odst_2/pism_a;9819600;esel-esb:eli/cz/sb/2000/63/2024-01-01/dokument/norma/cast_1/hlava_4/par_27/odst_2;§ 27 odst. 2 písm. a);NA;a;NA;/2/1/5/19/3/1/;esel-esb:právní-akt-fragment/4379441;4379441;4379441;Pismeno_Lb;a) po přijetí závazku podle § 21, nebo;norms;"<a data-odkaz-id=""10949567"" href=""#""  class=""int_odkaz"">§ 21</a>";§ 21;10949567;int_odkaz;NA;NA;NA;NA;esel-esb:právní-akt-odkaz/10949567;§ 21;INTUSTAN;35967;esel-esb:eli/cz/sb/2000/63/0000-00-00/dokument/norma/cast_1/hlava_4/par_21;35967;esel-esb:eli/cz/sb/2000/63/0000-00-00/dokument/norma/cast_1/hlava_4/par_27/odst_2/pism_a;35967;2000/63;2000/63;2000/63;63/2000 Sb.
esel-esb:eli/cz/sb/2000/63/2024-01-01/dokument/norma/cast_1/hlava_4/par_27/odst_2/pism_b;9819601;esel-esb:eli/cz/sb/2000/63/2024-01-01/dokument/norma/cast_1/hlava_4/par_27/odst_2;§ 27 odst. 2 písm. b);NA;b;NA;/2/1/5/19/3/2/;esel-esb:právní-akt-fragment/4379443;4379443;4379443;Pismeno_Lb;b) po zastavení řízení podle § 18, nebo;norms;"<a data-odkaz-id=""10949551"" href=""#""  class=""int_odkaz"">§ 18</a>";§ 18;10949551;int_odkaz;NA;NA;NA;NA;esel-esb:právní-akt-odkaz/10949551;§ 18;INTUSTAN;35967;esel-esb:eli/cz/sb/2000/63/0000-00-00/dokument/norma/cast_1/hlava_4/par_18;35967;esel-esb:eli/cz/sb/2000/63/0000-00-00/dokument/norma/cast_1/hlava_4/par_27/odst_2/pism_b;35967;2000/63;2000/63;2000/63;63/2000 Sb.
esel-esb:eli/cz/sb/2000/63/2024-01-01/dokument/norma/cast_1/hlava_4/par_28/odst_3;9819609;esel-esb:eli/cz/sb/2000/63/2024-01-01/dokument/norma/cast_1/hlava_4/par_28;§ 28 odst. 3;NA;3;NA;/2/1/5/20/4/;esel-esb:právní-akt-fragment/4379459;4379459;4379459;Odstavec_Dc;(3) Po dobu řízení o prodloužení uplatňování konečného vyrovnávacího cla může toto clo zůstat v platnosti. Při prodloužení konečného vyrovnávacího cla podle odstavců 1 a 2 může uplatňování tohoto cla přesáhnout 5 let.;norms;"<a data-odkaz-id=""10949519"" href=""#""  class=""int_odkaz"">odstavců 1</a>";odstavců 1;10949519;int_odkaz;NA;NA;NA;NA;esel-esb:právní-akt-odkaz/10949519;odstavců 1;INTUSTAN;35967;esel-esb:eli/cz/sb/2000/63/0000-00-00/dokument/norma/cast_1/hlava_4/par_28/odst_1;35967;esel-esb:eli/cz/sb/2000/63/0000-00-00/dokument/norma/cast_1/hlava_4/par_28/odst_3;35967;2000/63;2000/63;2000/63;63/2000 Sb.
esel-esb:eli/cz/sb/2000/63/2024-01-01/dokument/norma/cast_1/hlava_4/par_28/odst_3;9819609;esel-esb:eli/cz/sb/2000/63/2024-01-01/dokument/norma/cast_1/hlava_4/par_28;§ 28 odst. 3;NA;3;NA;/2/1/5/20/4/;esel-esb:právní-akt-fragment/4379459;4379459;4379459;Odstavec_Dc;(3) Po dobu řízení o prodloužení uplatňování konečného vyrovnávacího cla může toto clo zůstat v platnosti. Při prodloužení konečného vyrovnávacího cla podle odstavců 1 a 2 může uplatňování tohoto cla přesáhnout 5 let.;norms;"<a data-odkaz-id=""10949535"" href=""#""  class=""int_odkaz"">2</a>";2;10949535;int_odkaz;NA;NA;NA;NA;esel-esb:právní-akt-odkaz/10949535;2;INTUSTAN;35967;esel-esb:eli/cz/sb/2000/63/0000-00-00/dokument/norma/cast_1/hlava_4/par_28/odst_2;35967;esel-esb:eli/cz/sb/2000/63/0000-00-00/dokument/norma/cast_1/hlava_4/par_28/odst_3;35967;2000/63;2000/63;2000/63;63/2000 Sb.
esel-esb:eli/cz/sb/2000/63/2024-01-01/dokument/norma/cast_1/hlava_4/par_29/odst_1;9819613;esel-esb:eli/cz/sb/2000/63/2024-01-01/dokument/norma/cast_1/hlava_4/par_29;§ 29 odst. 1;NA;1;NA;/2/1/5/21/2/;esel-esb:právní-akt-fragment/4379467;4379467;4379467;Odstavec_Dc;(1) Proti rozhodnutím vydaným podle § 18 odst. 1, § 23 a § 26 až 28 může účastník řízení podat rozklad ve lhůtě 15 dnů ode dne doručení rozhodnutí. Podání rozkladu nemá odkladný účinek. Proti ostatním rozhodnutím vydaným podle tohoto zákona nelze podat rozklad ani nejsou soudně přezkoumatelná.;norms;"<a data-odkaz-id=""10949471"" href=""#""  class=""int_odkaz"">§ 18 odst. 1</a>";§ 18 odst. 1;10949471;int_odkaz;NA;NA;NA;NA;esel-esb:právní-akt-odkaz/10949471;§ 18 odst. 1;INTUSTAN;35967;esel-esb:eli/cz/sb/2000/63/0000-00-00/dokument/norma/cast_1/hlava_4/par_18/odst_1;35967;esel-esb:eli/cz/sb/2000/63/0000-00-00/dokument/norma/cast_1/hlava_4/par_29/odst_1;35967;2000/63;2000/63;2000/63;63/2000 Sb.
esel-esb:eli/cz/sb/2000/63/2024-01-01/dokument/norma/cast_1/hlava_4/par_29/odst_1;9819613;esel-esb:eli/cz/sb/2000/63/2024-01-01/dokument/norma/cast_1/hlava_4/par_29;§ 29 odst. 1;NA;1;NA;/2/1/5/21/2/;esel-esb:právní-akt-fragment/4379467;4379467;4379467;Odstavec_Dc;(1) Proti rozhodnutím vydaným podle § 18 odst. 1, § 23 a § 26 až 28 může účastník řízení podat rozklad ve lhůtě 15 dnů ode dne doručení rozhodnutí. Podání rozkladu nemá odkladný účinek. Proti ostatním rozhodnutím vydaným podle tohoto zákona nelze podat rozklad ani nejsou soudně přezkoumatelná.;norms;"<a data-odkaz-id=""10949487"" href=""#""  class=""int_odkaz"">§ 23</a>";§ 23;10949487;int_odkaz;NA;NA;NA;NA;esel-esb:právní-akt-odkaz/10949487;§ 23;INTUSTAN;35967;esel-esb:eli/cz/sb/2000/63/0000-00-00/dokument/norma/cast_1/hlava_4/par_23;35967;esel-esb:eli/cz/sb/2000/63/0000-00-00/dokument/norma/cast_1/hlava_4/par_29/odst_1;35967;2000/63;2000/63;2000/63;63/2000 Sb.
esel-esb:eli/cz/sb/2000/63/2024-01-01/dokument/norma/cast_1/hlava_4/par_29/odst_1;9819613;esel-esb:eli/cz/sb/2000/63/2024-01-01/dokument/norma/cast_1/hlava_4/par_29;§ 29 odst. 1;NA;1;NA;/2/1/5/21/2/;esel-esb:právní-akt-fragment/4379467;4379467;4379467;Odstavec_Dc;(1) Proti rozhodnutím vydaným podle § 18 odst. 1, § 23 a § 26 až 28 může účastník řízení podat rozklad ve lhůtě 15 dnů ode dne doručení rozhodnutí. Podání rozkladu nemá odkladný účinek. Proti ostatním rozhodnutím vydaným podle tohoto zákona nelze podat rozklad ani nejsou soudně přezkoumatelná.;norms;"<a data-odkaz-id=""10949503"" href=""#""  class=""int_odkaz"">§ 26 až 28</a>";§ 26 až 28;10949503;int_odkaz;NA;NA;NA;NA;esel-esb:právní-akt-odkaz/10949503;§ 26 až 28;INTUSTAN;35967;esel-esb:eli/cz/sb/2000/63/0000-00-00/dokument/norma/cast_1/hlava_4/par_26;35967;esel-esb:eli/cz/sb/2000/63/0000-00-00/dokument/norma/cast_1/hlava_4/par_29/odst_1;35967;2000/63;2000/63;2000/63;63/2000 Sb.
esel-esb:eli/cz/sb/2000/63/2024-01-01/dokument/norma/cast_1/hlava_4/par_29/odst_3;9819615;esel-esb:eli/cz/sb/2000/63/2024-01-01/dokument/norma/cast_1/hlava_4/par_29;§ 29 odst. 3;NA;3;NA;/2/1/5/21/4/;esel-esb:právní-akt-fragment/4379471;4379471;4379471;Odstavec_Dc;(3) Účastník řízení nemůže v řízení podle tohoto zákona podat návrh na obnovu řízení ani podnět k přezkoumání rozhodnutí mimo odvolací řízení.4);norms;"<a data-odkaz-id=""10949455"" href=""#""  class=""int_odkaz""><sup>4</sup>)</a>";4);10949455;int_odkaz;NA;NA;NA;NA;esel-esb:právní-akt-odkaz/10949455;<sup>4</sup>);POZNAMKA;35967;esel-esb:eli/cz/sb/2000/63/0000-00-00/dokument/poznamkypodcarou/ppc_4;35967;esel-esb:eli/cz/sb/2000/63/0000-00-00/dokument/norma/cast_1/hlava_4/par_29/odst_3;35967;2000/63;2000/63;2000/63;63/2000 Sb.
esel-esb:eli/cz/sb/2000/63/2024-01-01/dokument/norma/cast_1/hlava_5/par_31/frag_4379487;9819623;esel-esb:eli/cz/sb/2000/63/2024-01-01/dokument/norma/cast_1/hlava_5/par_31;NA;NA;NA;NA;/2/1/6/2/2/;esel-esb:právní-akt-fragment/4379487;4379487;4379487;Odstavec_Dc;Není-li v tomto zákoně stanoveno jinak, vztahuje se na správní řízení podle tohoto zákona správní řád.4);norms;"<a data-odkaz-id=""10949423"" href=""#""  class=""ext_odkaz"">správní řád</a>";správní řád;10949423;ext_odkaz;NA;NA;NA;NA;esel-esb:právní-akt-odkaz/10949423;správní řád;JINYPRED;76201;esel-esb:eli/cz/sb/1967/71/1968-01-01/dokument;35967;esel-esb:eli/cz/sb/2000/63/0000-00-00/dokument/norma/cast_1/hlava_5/par_31/frag_4379487;35967;2000/63;1967/71;2000/63;63/2000 Sb.
esel-esb:eli/cz/sb/2000/63/2024-01-01/dokument/norma/cast_1/hlava_5/par_31/frag_4379487;9819623;esel-esb:eli/cz/sb/2000/63/2024-01-01/dokument/norma/cast_1/hlava_5/par_31;NA;NA;NA;NA;/2/1/6/2/2/;esel-esb:právní-akt-fragment/4379487;4379487;4379487;Odstavec_Dc;Není-li v tomto zákoně stanoveno jinak, vztahuje se na správní řízení podle tohoto zákona správní řád.4);norms;"<a data-odkaz-id=""10949439"" href=""#""  class=""int_odkaz""><sup>4</sup>)</a>";4);10949439;int_odkaz;NA;NA;NA;NA;esel-esb:právní-akt-odkaz/10949439;<sup>4</sup>);POZNAMKA;35967;esel-esb:eli/cz/sb/2000/63/0000-00-00/dokument/poznamkypodcarou/ppc_4;35967;esel-esb:eli/cz/sb/2000/63/0000-00-00/dokument/norma/cast_1/hlava_5/par_31/frag_4379487;35967;2000/63;2000/63;2000/63;63/2000 Sb.
esel-esb:eli/cz/sb/2000/63/2024-01-01/dokument/norma/cast_1/hlava_5/par_33/frag_4379761;9819629;esel-esb:eli/cz/sb/2000/63/2024-01-01/dokument/norma/cast_1/hlava_5/par_33;NA;NA;NA;NA;/2/1/6/4/2/;esel-esb:právní-akt-fragment/4379761;4379761;4379499;Odstavec_Dc;Ustanovení tohoto zákona se použijí, jen pokud nestanoví něco jiného mezinárodní smlouva, kterou je Česká republika vázána a která byla vyhlášena ve Sbírce zákonů a mezinárodních smluv nebo v předcházející obdobné sbírce.5),8);norms;"<a data-odkaz-id=""10948213"" href=""#""  class=""int_odkaz""><sup>5</sup>)</a>";5);10948213;int_odkaz;NA;NA;NA;NA;esel-esb:právní-akt-odkaz/10948213;<sup>5</sup>);POZNAMKA;109071;esel-esb:eli/cz/sb/2000/63/2024-01-01/dokument/poznamkypodcarou/ppc_5;109071;esel-esb:eli/cz/sb/2000/63/2024-01-01/dokument/norma/cast_1/hlava_5/par_33/frag_4379761;109071;2000/63;2000/63;2000/63;63/2000 Sb.
esel-esb:eli/cz/sb/2000/63/2024-01-01/dokument/norma/cast_1/hlava_5/par_33/frag_4379761;9819629;esel-esb:eli/cz/sb/2000/63/2024-01-01/dokument/norma/cast_1/hlava_5/par_33;NA;NA;NA;NA;/2/1/6/4/2/;esel-esb:právní-akt-fragment/4379761;4379761;4379499;Odstavec_Dc;Ustanovení tohoto zákona se použijí, jen pokud nestanoví něco jiného mezinárodní smlouva, kterou je Česká republika vázána a která byla vyhlášena ve Sbírce zákonů a mezinárodních smluv nebo v předcházející obdobné sbírce.5),8);norms;"<a data-odkaz-id=""10948215"" href=""#""  class=""int_odkaz""><sup>8</sup>)</a>";8);10948215;int_odkaz;NA;NA;NA;NA;esel-esb:právní-akt-odkaz/10948215;<sup>8</sup>);POZNAMKA;109071;esel-esb:eli/cz/sb/2000/63/2024-01-01/dokument/poznamkypodcarou/ppc_8;109071;esel-esb:eli/cz/sb/2000/63/2024-01-01/dokument/norma/cast_1/hlava_5/par_33/frag_4379761;109071;2000/63;2000/63;2000/63;63/2000 Sb.
esel-esb:eli/cz/sb/2000/63/2024-01-01/dokument/prilohy/priloha_2/bod_2/frag_4379583;9819661;esel-esb:eli/cz/sb/2000/63/2024-01-01/dokument/prilohy/priloha_2/bod_2;NA;NA;NA;NA;/6/2/1/4/1/;esel-esb:právní-akt-fragment/4379583;4379583;4379583;Odstavec_Dc;Subvence v této kategorii zahrnují výdaje (nebo ušlé příjmy) ve vztahu k programům, které poskytují služby nebo výhody zemědělským nebo venkovským obcím. Nebudou zahrnovat přímé subvence výrobcům nebo zpracovatelům. Takové programy jsou zejména programy uvedené v následujícím seznamu, které splňují všeobecná kritéria stanovená v odstavci 1 a specifické podmínky, které jsou uvedeny níže:;annex;"<a data-odkaz-id=""10948663"" href=""#""  class=""int_odkaz"">odstavci 1</a>";odstavci 1;10948663;int_odkaz;NA;NA;NA;NA;esel-esb:právní-akt-odkaz/10948663;odstavci 1;INTUSTAN;35967;esel-esb:eli/cz/sb/2000/63/0000-00-00/dokument/prilohy/priloha_2/bod_1;35967;esel-esb:eli/cz/sb/2000/63/0000-00-00/dokument/prilohy/priloha_2/bod_2/frag_4379583;35967;2000/63;2000/63;2000/63;63/2000 Sb.
esel-esb:eli/cz/sb/2000/63/2024-01-01/dokument/prilohy/priloha_2/bod_3;9819669;esel-esb:eli/cz/sb/2000/63/2024-01-01/dokument/prilohy/priloha_2;NA;NA;3;NA;/6/2/1/5/;esel-esb:právní-akt-fragment/4379599;4379599;4379599;Bod_Dd;3. Subvence poskytované na veřejné skladové hospodářství pro účely potravinového zabezpečení9);annex;"<a data-odkaz-id=""10948647"" href=""#""  class=""int_odkaz""><sup>9</sup>)</a>";9);10948647;int_odkaz;NA;NA;NA;NA;esel-esb:právní-akt-odkaz/10948647;<sup>9</sup>);POZNAMKA;35967;esel-esb:eli/cz/sb/2000/63/0000-00-00/dokument/poznamkypodcarou/ppc_9;35967;esel-esb:eli/cz/sb/2000/63/0000-00-00/dokument/prilohy/priloha_2/bod_3;35967;2000/63;2000/63;2000/63;63/2000 Sb.
esel-esb:eli/cz/sb/2000/63/2024-01-01/dokument/prilohy/priloha_2/bod_4;9819672;esel-esb:eli/cz/sb/2000/63/2024-01-01/dokument/prilohy/priloha_2;NA;NA;4;NA;/6/2/1/6/;esel-esb:právní-akt-fragment/4379605;4379605;4379605;Bod_Dd;4. Subvence poskytované v rámci domácí potravinové pomoci10);annex;"<a data-odkaz-id=""10948631"" href=""#""  class=""int_odkaz""><sup>10</sup>)</a>";10);10948631;int_odkaz;NA;NA;NA;NA;esel-esb:právní-akt-odkaz/10948631;<sup>10</sup>);POZNAMKA;35967;esel-esb:eli/cz/sb/2000/63/0000-00-00/dokument/poznamkypodcarou/ppc_10;35967;esel-esb:eli/cz/sb/2000/63/0000-00-00/dokument/prilohy/priloha_2/bod_4;35967;2000/63;2000/63;2000/63;63/2000 Sb.
esel-esb:eli/cz/sb/2000/63/2024-01-01/dokument/prilohy/priloha_2/bod_5/frag_4379611;9819675;esel-esb:eli/cz/sb/2000/63/2024-01-01/dokument/prilohy/priloha_2/bod_5;NA;NA;NA;NA;/6/2/1/7/1/;esel-esb:právní-akt-fragment/4379611;4379611;4379611;Odstavec_Dc;Subvence poskytovaná prostřednictvím přímých plateb (nebo ušlých příjmů, včetně plateb v naturáliích) výrobcům, pro kterou je požadováno osvobození od závazků na snížení, musí splňovat základní kritéria, stanovená v odstavci 1, a dále specifická kritéria, uplatňovaná na jednotlivé druhy přímých plateb, stanovená v odstavcích 6 až 13. Jestliže je osvobození od snížení požadováno na jakýkoliv existující nebo nový druh přímé subvence, jiný, než které jsou uvedeny v odstavcích 6 až 13., musí odpovídat kritériím b) až e) v odstavci 6, vedle všeobecných kritérií, stanovených v odstavci 1.;annex;"<a data-odkaz-id=""10948551"" href=""#""  class=""int_odkaz"">odstavci 1</a>";odstavci 1;10948551;int_odkaz;NA;NA;NA;NA;esel-esb:právní-akt-odkaz/10948551;odstavci 1;INTUSTAN;35967;esel-esb:eli/cz/sb/2000/63/0000-00-00/dokument/prilohy/priloha_2/bod_1;35967;esel-esb:eli/cz/sb/2000/63/0000-00-00/dokument/prilohy/priloha_2/bod_5/frag_4379611;35967;2000/63;2000/63;2000/63;63/2000 Sb.
esel-esb:eli/cz/sb/2000/63/2024-01-01/dokument/prilohy/priloha_2/bod_5/frag_4379611;9819675;esel-esb:eli/cz/sb/2000/63/2024-01-01/dokument/prilohy/priloha_2/bod_5;NA;NA;NA;NA;/6/2/1/7/1/;esel-esb:právní-akt-fragment/4379611;4379611;4379611;Odstavec_Dc;Subvence poskytovaná prostřednictvím přímých plateb (nebo ušlých příjmů, včetně plateb v naturáliích) výrobcům, pro kterou je požadováno osvobození od závazků na snížení, musí splňovat základní kritéria, stanovená v odstavci 1, a dále specifická kritéria, uplatňovaná na jednotlivé druhy přímých plateb, stanovená v odstavcích 6 až 13. Jestliže je osvobození od snížení požadováno na jakýkoliv existující nebo nový druh přímé subvence, jiný, než které jsou uvedeny v odstavcích 6 až 13., musí odpovídat kritériím b) až e) v odstavci 6, vedle všeobecných kritérií, stanovených v odstavci 1.;annex;"<a data-odkaz-id=""10948567"" href=""#""  class=""int_odkaz"">odstavcích 6 až 13.</a>";odstavcích 6 až 13.;10948567;int_odkaz;NA;NA;NA;NA;esel-esb:právní-akt-odkaz/10948567;odstavcích 6 až 13.;INTUSTAN;35967;esel-esb:eli/cz/sb/2000/63/0000-00-00/dokument/prilohy/priloha_2/bod_6;35967;esel-esb:eli/cz/sb/2000/63/0000-00-00/dokument/prilohy/priloha_2/bod_5/frag_4379611;35967;2000/63;2000/63;2000/63;63/2000 Sb.
esel-esb:eli/cz/sb/2000/63/2024-01-01/dokument/prilohy/priloha_2/bod_5/frag_4379611;9819675;esel-esb:eli/cz/sb/2000/63/2024-01-01/dokument/prilohy/priloha_2/bod_5;NA;NA;NA;NA;/6/2/1/7/1/;esel-esb:právní-akt-fragment/4379611;4379611;4379611;Odstavec_Dc;Subvence poskytovaná prostřednictvím přímých plateb (nebo ušlých příjmů, včetně plateb v naturáliích) výrobcům, pro kterou je požadováno osvobození od závazků na snížení, musí splňovat základní kritéria, stanovená v odstavci 1, a dále specifická kritéria, uplatňovaná na jednotlivé druhy přímých plateb, stanovená v odstavcích 6 až 13. Jestliže je osvobození od snížení požadováno na jakýkoliv existující nebo nový druh přímé subvence, jiný, než které jsou uvedeny v odstavcích 6 až 13., musí odpovídat kritériím b) až e) v odstavci 6, vedle všeobecných kritérií, stanovených v odstavci 1.;annex;"<a data-odkaz-id=""10948583"" href=""#""  class=""int_odkaz"">odstavcích 6 až 13.</a>";odstavcích 6 až 13.;10948583;int_odkaz;NA;NA;NA;NA;esel-esb:právní-akt-odkaz/10948583;odstavcích 6 až 13.;INTUSTAN;35967;esel-esb:eli/cz/sb/2000/63/0000-00-00/dokument/prilohy/priloha_2/bod_6;35967;esel-esb:eli/cz/sb/2000/63/0000-00-00/dokument/prilohy/priloha_2/bod_5/frag_4379611;35967;2000/63;2000/63;2000/63;63/2000 Sb.
esel-esb:eli/cz/sb/2000/63/2024-01-01/dokument/prilohy/priloha_2/bod_5/frag_4379611;9819675;esel-esb:eli/cz/sb/2000/63/2024-01-01/dokument/prilohy/priloha_2/bod_5;NA;NA;NA;NA;/6/2/1/7/1/;esel-esb:právní-akt-fragment/4379611;4379611;4379611;Odstavec_Dc;Subvence poskytovaná prostřednictvím přímých plateb (nebo ušlých příjmů, včetně plateb v naturáliích) výrobcům, pro kterou je požadováno osvobození od závazků na snížení, musí splňovat základní kritéria, stanovená v odstavci 1, a dále specifická kritéria, uplatňovaná na jednotlivé druhy přímých plateb, stanovená v odstavcích 6 až 13. Jestliže je osvobození od snížení požadováno na jakýkoliv existující nebo nový druh přímé subvence, jiný, než které jsou uvedeny v odstavcích 6 až 13., musí odpovídat kritériím b) až e) v odstavci 6, vedle všeobecných kritérií, stanovených v odstavci 1.;annex;"<a data-odkaz-id=""10948599"" href=""#""  class=""int_odkaz"">odstavci 6</a>";odstavci 6;10948599;int_odkaz;NA;NA;NA;NA;esel-esb:právní-akt-odkaz/10948599;odstavci 6;INTUSTAN;35967;esel-esb:eli/cz/sb/2000/63/0000-00-00/dokument/prilohy/priloha_2/bod_6;35967;esel-esb:eli/cz/sb/2000/63/0000-00-00/dokument/prilohy/priloha_2/bod_5/frag_4379611;35967;2000/63;2000/63;2000/63;63/2000 Sb.
esel-esb:eli/cz/sb/2000/63/2024-01-01/dokument/prilohy/priloha_2/bod_5/frag_4379611;9819675;esel-esb:eli/cz/sb/2000/63/2024-01-01/dokument/prilohy/priloha_2/bod_5;NA;NA;NA;NA;/6/2/1/7/1/;esel-esb:právní-akt-fragment/4379611;4379611;4379611;Odstavec_Dc;Subvence poskytovaná prostřednictvím přímých plateb (nebo ušlých příjmů, včetně plateb v naturáliích) výrobcům, pro kterou je požadováno osvobození od závazků na snížení, musí splňovat základní kritéria, stanovená v odstavci 1, a dále specifická kritéria, uplatňovaná na jednotlivé druhy přímých plateb, stanovená v odstavcích 6 až 13. Jestliže je osvobození od snížení požadováno na jakýkoliv existující nebo nový druh přímé subvence, jiný, než které jsou uvedeny v odstavcích 6 až 13., musí odpovídat kritériím b) až e) v odstavci 6, vedle všeobecných kritérií, stanovených v odstavci 1.;annex;"<a data-odkaz-id=""10948615"" href=""#""  class=""int_odkaz"">odstavci 1</a>";odstavci 1;10948615;int_odkaz;NA;NA;NA;NA;esel-esb:právní-akt-odkaz/10948615;odstavci 1;INTUSTAN;35967;esel-esb:eli/cz/sb/2000/63/0000-00-00/dokument/prilohy/priloha_2/bod_1;35967;esel-esb:eli/cz/sb/2000/63/0000-00-00/dokument/prilohy/priloha_2/bod_5/frag_4379611;35967;2000/63;2000/63;2000/63;63/2000 Sb.
esel-esb:eli/cz/sb/2000/63/2024-01-01/dokument/prilohy/priloha_2/bod_7/pism_d;9819686;esel-esb:eli/cz/sb/2000/63/2024-01-01/dokument/prilohy/priloha_2/bod_7;NA;NA;d;NA;/6/2/1/9/4/;esel-esb:právní-akt-fragment/4379633;4379633;4379633;Pismeno_Lb;d) Jestliže výrobce obdrží ve stejném roce subvence podle tohoto odstavce a podle odstavce 8 (subvence poskytovaná z důvodu přírodních katastrof), souhrn těchto plateb bude nižší než 100 % celkové ztráty výrobce.;annex;"<a data-odkaz-id=""10948535"" href=""#""  class=""int_odkaz"">odstavce 8</a>";odstavce 8;10948535;int_odkaz;NA;NA;NA;NA;esel-esb:právní-akt-odkaz/10948535;odstavce 8;INTUSTAN;35967;esel-esb:eli/cz/sb/2000/63/0000-00-00/dokument/prilohy/priloha_2/bod_8;35967;esel-esb:eli/cz/sb/2000/63/0000-00-00/dokument/prilohy/priloha_2/bod_7/pism_d;35967;2000/63;2000/63;2000/63;63/2000 Sb.
esel-esb:eli/cz/sb/2000/63/2024-01-01/dokument/prilohy/priloha_2/bod_8/pism_e;9819692;esel-esb:eli/cz/sb/2000/63/2024-01-01/dokument/prilohy/priloha_2/bod_8;NA;NA;e;NA;/6/2/1/10/5/;esel-esb:právní-akt-fragment/4379645;4379645;4379645;Pismeno_Lb;e) Jestliže výrobce obdrží ve stejném roce subvence podle tohoto odstavce a podle odstavce 7 (pojištění příjmu a příjmu z programů záchranné sítě), souhrn těchto plateb bude nižší než 100 % celkové ztráty výrobce.;annex;"<a data-odkaz-id=""10948519"" href=""#""  class=""int_odkaz"">odstavce 7</a>";odstavce 7;10948519;int_odkaz;NA;NA;NA;NA;esel-esb:právní-akt-odkaz/10948519;odstavce 7;INTUSTAN;35967;esel-esb:eli/cz/sb/2000/63/0000-00-00/dokument/prilohy/priloha_2/bod_7;35967;esel-esb:eli/cz/sb/2000/63/0000-00-00/dokument/prilohy/priloha_2/bod_8/pism_e;35967;2000/63;2000/63;2000/63;63/2000 Sb.
esel-esb:eli/cz/sb/2000/63/2024-01-01/dokument/poznamkypodcarou/ppc_1;9819719;esel-esb:eli/cz/sb/2000/63/2024-01-01/dokument/poznamkypodcarou;pozn. 1;NA;1;NA;/7/1/;esel-esb:právní-akt-fragment/4379697;4379697;4379697;PPC;1) Zákon č. 526/1990 Sb., o cenách, ve znění pozdějších předpisů.;notes;"<a data-odkaz-id=""10948503"" href=""#""  class=""ext_odkaz"">Zákon č. 526/1990 Sb., o cenách</a>";Zákon č. 526/1990 Sb., o cenách;10948503;ext_odkaz;NA;NA;NA;NA;esel-esb:právní-akt-odkaz/10948503;Zákon č. 526/1990 Sb.;JINYPRED;88581;esel-esb:eli/cz/sb/1990/526/1998-01-01/dokument;35967;esel-esb:eli/cz/sb/2000/63/0000-00-00/dokument/poznamkypodcarou/ppc_1;35967;2000/63;1990/526;2000/63;63/2000 Sb.
esel-esb:eli/cz/sb/2000/63/2024-01-01/dokument/poznamkypodcarou/ppc_2;9819720;esel-esb:eli/cz/sb/2000/63/2024-01-01/dokument/poznamkypodcarou;pozn. 2;NA;2;NA;/7/2/;esel-esb:právní-akt-fragment/4379699;4379699;4379699;PPC;2) Zákon č. 326/1999 Sb., o pobytu cizinců na území České republiky a o změně některých zákonů.;notes;"<a data-odkaz-id=""10948487"" href=""#""  class=""ext_odkaz"">Zákon č. 326/1999 Sb., o pobytu cizinců na území České republiky a o změně některých zákonů</a>";Zákon č. 326/1999 Sb., o pobytu cizinců na území České republiky a o změně některých zákonů;10948487;ext_odkaz;NA;NA;NA;NA;esel-esb:právní-akt-odkaz/10948487;Zákon č. 326/1999 Sb.;JINYPRED;108089;esel-esb:eli/cz/sb/1999/326/2000-01-01/dokument;35967;esel-esb:eli/cz/sb/2000/63/0000-00-00/dokument/poznamkypodcarou/ppc_2;35967;2000/63;1999/326;2000/63;63/2000 Sb.
esel-esb:eli/cz/sb/2000/63/2024-01-01/dokument/poznamkypodcarou/ppc_4;9819721;esel-esb:eli/cz/sb/2000/63/2024-01-01/dokument/poznamkypodcarou;pozn. 4;NA;4;NA;/7/3/;esel-esb:právní-akt-fragment/4379703;4379703;4379703;PPC;4) Zákon č. 71/1967 Sb., o správním řízení (správní řád), ve znění zákona č. 29/2000 Sb.;notes;"<a data-odkaz-id=""10948427"" href=""#""  class=""ext_odkaz"" data-version=""20000701"">Zákon č. 71/1967 Sb., o správním řízení</a>";Zákon č. 71/1967 Sb., o správním řízení;10948427;ext_odkaz;NA;NA;NA;NA;esel-esb:právní-akt-odkaz/10948427;Zákon č. 71/1967 Sb.;JINYPRED;76203;esel-esb:eli/cz/sb/1967/71/2000-07-01/dokument;35967;esel-esb:eli/cz/sb/2000/63/0000-00-00/dokument/poznamkypodcarou/ppc_4;35967;2000/63;1967/71;2000/63;63/2000 Sb.
esel-esb:eli/cz/sb/2000/63/2024-01-01/dokument/poznamkypodcarou/ppc_4;9819721;esel-esb:eli/cz/sb/2000/63/2024-01-01/dokument/poznamkypodcarou;pozn. 4;NA;4;NA;/7/3/;esel-esb:právní-akt-fragment/4379703;4379703;4379703;PPC;4) Zákon č. 71/1967 Sb., o správním řízení (správní řád), ve znění zákona č. 29/2000 Sb.;notes;"<a data-odkaz-id=""10948443"" href=""#""  class=""ext_odkaz"" data-version=""20000701"">správní řád</a>";správní řád;10948443;ext_odkaz;NA;NA;NA;NA;esel-esb:právní-akt-odkaz/10948443;správní řád;JINYPRED;76203;esel-esb:eli/cz/sb/1967/71/2000-07-01/dokument;35967;esel-esb:eli/cz/sb/2000/63/0000-00-00/dokument/poznamkypodcarou/ppc_4;35967;2000/63;1967/71;2000/63;63/2000 Sb.
esel-esb:eli/cz/sb/2000/63/2024-01-01/dokument/poznamkypodcarou/ppc_4;9819721;esel-esb:eli/cz/sb/2000/63/2024-01-01/dokument/poznamkypodcarou;pozn. 4;NA;4;NA;/7/3/;esel-esb:právní-akt-fragment/4379703;4379703;4379703;PPC;4) Zákon č. 71/1967 Sb., o správním řízení (správní řád), ve znění zákona č. 29/2000 Sb.;notes;"<a data-odkaz-id=""10948459"" href=""#""  class=""ext_odkaz"">zákona č. 29/2000 Sb.</a>";zákona č. 29/2000 Sb.;10948459;ext_odkaz;NA;NA;NA;NA;esel-esb:právní-akt-odkaz/10948459;zákona č. 29/2000 Sb.;JINYPRED;108843;esel-esb:eli/cz/sb/2000/29/2000-02-22/dokument;35967;esel-esb:eli/cz/sb/2000/63/0000-00-00/dokument/poznamkypodcarou/ppc_4;35967;2000/63;2000/29;2000/63;63/2000 Sb.
esel-esb:eli/cz/sb/2000/63/2024-01-01/dokument/poznamkypodcarou/ppc_5;9819722;esel-esb:eli/cz/sb/2000/63/2024-01-01/dokument/poznamkypodcarou;pozn. 5;NA;5;NA;/7/4/;esel-esb:právní-akt-fragment/4379705;4379705;4379705;PPC;5) Sdělení Ministerstva zahraničních věcí č. 191/1995 Sb., o sjednání Dohody o zřízení Světové obchodní organizace (WTO).;notes;"<a data-odkaz-id=""10948411"" href=""#""  class=""ext_odkaz"">Sdělení Ministerstva zahraničních věcí č. 191/1995 Sb., o sjednání Dohody o zřízení Světové obchodní organizace (WTO)</a>";Sdělení Ministerstva zahraničních věcí č. 191/1995 Sb., o sjednání Dohody o zřízení Světové obchodní organizace (WTO);10948411;ext_odkaz;NA;NA;NA;NA;esel-esb:právní-akt-odkaz/10948411;Sdělení Ministerstva zahraničních věcí č. 191/1995 Sb.;JINYPRED;32133;esel-esb:eli/cz/sb/1995/191/0000-00-00/dokument;35967;esel-esb:eli/cz/sb/2000/63/0000-00-00/dokument/poznamkypodcarou/ppc_5;35967;2000/63;1995/191;2000/63;63/2000 Sb.
esel-esb:eli/cz/sb/2000/63/2024-01-01/dokument/poznamkypodcarou/ppc_6;9819723;esel-esb:eli/cz/sb/2000/63/2024-01-01/dokument/poznamkypodcarou;pozn. 6;NA;6;NA;/7/5/;esel-esb:právní-akt-fragment/4379709;4379709;4379707;PPC;6) Například zákon č. 412/2005 Sb., o ochraně utajovaných informací a o bezpečnostní způsobilosti, zákon č. 101/2000 Sb., o ochraně osobních údajů a o změně některých zákonů, ve znění pozdějších předpisů, zákon č. 21/1992 Sb., o bankách, ve znění pozdějších předpisů.;notes;"<a data-odkaz-id=""10948357"" href=""#""  class=""ext_odkaz"">zákon č. 412/2005 Sb., o ochraně utajovaných informací a o bezpečnostní způsobilosti</a>";zákon č. 412/2005 Sb., o ochraně utajovaných informací a o bezpečnostní způsobilosti;10948357;ext_odkaz;NA;NA;NA;NA;esel-esb:právní-akt-odkaz/10948357;zákon č. 412/2005 Sb.;JINYPRED;127957;esel-esb:eli/cz/sb/2005/412/2006-01-01/dokument;109063;esel-esb:eli/cz/sb/2000/63/2006-01-01/dokument/poznamkypodcarou/ppc_6;109063;2000/63;2005/412;2000/63;63/2000 Sb.
esel-esb:eli/cz/sb/2000/63/2024-01-01/dokument/poznamkypodcarou/ppc_6;9819723;esel-esb:eli/cz/sb/2000/63/2024-01-01/dokument/poznamkypodcarou;pozn. 6;NA;6;NA;/7/5/;esel-esb:právní-akt-fragment/4379709;4379709;4379707;PPC;6) Například zákon č. 412/2005 Sb., o ochraně utajovaných informací a o bezpečnostní způsobilosti, zákon č. 101/2000 Sb., o ochraně osobních údajů a o změně některých zákonů, ve znění pozdějších předpisů, zákon č. 21/1992 Sb., o bankách, ve znění pozdějších předpisů.;notes;"<a data-odkaz-id=""10948367"" href=""#""  class=""ext_odkaz"">zákon č. 101/2000 Sb., o ochraně osobních údajů a o změně některých zákonů</a>";zákon č. 101/2000 Sb., o ochraně osobních údajů a o změně některých zákonů;10948367;ext_odkaz;NA;NA;NA;NA;esel-esb:právní-akt-odkaz/10948367;zákon č. 101/2000 Sb.;JINYPRED;109269;esel-esb:eli/cz/sb/2000/101/2006-01-01/dokument;109063;esel-esb:eli/cz/sb/2000/63/2006-01-01/dokument/poznamkypodcarou/ppc_6;109063;2000/63;2000/101;2000/63;63/2000 Sb.
esel-esb:eli/cz/sb/2000/63/2024-01-01/dokument/poznamkypodcarou/ppc_6;9819723;esel-esb:eli/cz/sb/2000/63/2024-01-01/dokument/poznamkypodcarou;pozn. 6;NA;6;NA;/7/5/;esel-esb:právní-akt-fragment/4379709;4379709;4379707;PPC;6) Například zákon č. 412/2005 Sb., o ochraně utajovaných informací a o bezpečnostní způsobilosti, zákon č. 101/2000 Sb., o ochraně osobních údajů a o změně některých zákonů, ve znění pozdějších předpisů, zákon č. 21/1992 Sb., o bankách, ve znění pozdějších předpisů.;notes;"<a data-odkaz-id=""10948377"" href=""#""  class=""ext_odkaz"">zákon č. 21/1992 Sb., o bankách</a>";zákon č. 21/1992 Sb., o bankách;10948377;ext_odkaz;NA;NA;NA;NA;esel-esb:právní-akt-odkaz/10948377;zákon č. 21/1992 Sb.;JINYPRED;93821;esel-esb:eli/cz/sb/1992/21/2006-01-01/dokument;109063;esel-esb:eli/cz/sb/2000/63/2006-01-01/dokument/poznamkypodcarou/ppc_6;109063;2000/63;1992/21;2000/63;63/2000 Sb.
esel-esb:eli/cz/sb/2000/63/2024-01-01/dokument/poznamkypodcarou/ppc_8;9819724;esel-esb:eli/cz/sb/2000/63/2024-01-01/dokument/poznamkypodcarou;pozn. 8;NA;8;NA;/7/6/;esel-esb:právní-akt-fragment/4379713;4379713;4379713;PPC;8) Sdělení Ministerstva zahraničních věcí č. 7/1995 Sb., o sjednání Evropské dohody zakládající přidružení mezi Českou republikou na jedné straně a Evropskými společenstvími a jejich členskými státy na straně druhé.;notes;"<a data-odkaz-id=""10948317"" href=""#""  class=""ext_odkaz"">Sdělení Ministerstva zahraničních věcí č. 7/1995 Sb., o sjednání Evropské dohody zakládající přidružení mezi Českou republikou na jedné straně a Evropskými společenstvími a jejich členskými státy na straně druhé</a>";Sdělení Ministerstva zahraničních věcí č. 7/1995 Sb., o sjednání Evropské dohody zakládající přidružení mezi Českou republikou na jedné straně a Evropskými společenstvími a jejich členskými státy na straně druhé;10948317;ext_odkaz;NA;NA;NA;NA;esel-esb:právní-akt-odkaz/10948317;Sdělení Ministerstva zahraničních věcí č. 7/1995 Sb.;JINYPRED;31695;esel-esb:eli/cz/sb/1995/7/0000-00-00/dokument;35967;esel-esb:eli/cz/sb/2000/63/0000-00-00/dokument/poznamkypodcarou/ppc_8;35967;2000/63;1995/7;2000/63;63/2000 Sb.
esel-esb:eli/cz/sb/2000/63/2024-01-01/dokument/poznamkypodcarou/ppc_9;9819725;esel-esb:eli/cz/sb/2000/63/2024-01-01/dokument/poznamkypodcarou;pozn. 9;NA;9;NA;/7/7/;esel-esb:právní-akt-fragment/4379715;4379715;4379715;PPC;9) Pro účely ustanovení odstavce 3 této přílohy se budou vládní programy skladového hospodářství pro účely potravinového zabezpečení v rozvojových zemích, jejichž činnost je transparentní a které jsou vedeny v souladu s úředně publikovanými objektivními kritérii nebo normami, považovat za slučitelné s ustanoveními tohoto odstavce, včetně programů, podle kterých jsou zásoby potravin pro potravinové zabezpečení nabývány a uvolňovány za úředně stanovené ceny za předpokladu, že rozdíl mezi pořizovací cenou a vnější referenční cenou je započítán do domácích subvencí daných Dohodou GATT a listinou závazků a koncesí člena WTO.;notes;"<a data-odkaz-id=""10948269"" href=""#""  class=""int_odkaz"">odstavce 3</a>";odstavce 3;10948269;int_odkaz;NA;NA;NA;NA;esel-esb:právní-akt-odkaz/10948269;odstavce 3;INTUSTAN;35967;esel-esb:eli/cz/sb/2000/63/0000-00-00/dokument/prilohy/priloha_2/bod_3;35967;esel-esb:eli/cz/sb/2000/63/0000-00-00/dokument/poznamkypodcarou/ppc_9;35967;2000/63;2000/63;2000/63;63/2000 Sb.
esel-esb:eli/cz/sb/2000/63/2024-01-01/dokument/poznamkypodcarou/ppc_9;9819725;esel-esb:eli/cz/sb/2000/63/2024-01-01/dokument/poznamkypodcarou;pozn. 9;NA;9;NA;/7/7/;esel-esb:právní-akt-fragment/4379715;4379715;4379715;PPC;9) Pro účely ustanovení odstavce 3 této přílohy se budou vládní programy skladového hospodářství pro účely potravinového zabezpečení v rozvojových zemích, jejichž činnost je transparentní a které jsou vedeny v souladu s úředně publikovanými objektivními kritérii nebo normami, považovat za slučitelné s ustanoveními tohoto odstavce, včetně programů, podle kterých jsou zásoby potravin pro potravinové zabezpečení nabývány a uvolňovány za úředně stanovené ceny za předpokladu, že rozdíl mezi pořizovací cenou a vnější referenční cenou je započítán do domácích subvencí daných Dohodou GATT a listinou závazků a koncesí člena WTO.;notes;"<a data-odkaz-id=""10948285"" href=""#""  class=""int_odkaz"">této přílohy</a>";této přílohy;10948285;int_odkaz;NA;NA;NA;NA;esel-esb:právní-akt-odkaz/10948285;této přílohy;INTUSTAN;35967;esel-esb:eli/cz/sb/2000/63/0000-00-00/dokument/prilohy/priloha_2;35967;esel-esb:eli/cz/sb/2000/63/0000-00-00/dokument/poznamkypodcarou/ppc_9;35967;2000/63;2000/63;2000/63;63/2000 Sb.
esel-esb:eli/cz/sb/2000/63/2024-01-01/dokument/poznamkypodcarou/ppc_9;9819725;esel-esb:eli/cz/sb/2000/63/2024-01-01/dokument/poznamkypodcarou;pozn. 9;NA;9;NA;/7/7/;esel-esb:právní-akt-fragment/4379715;4379715;4379715;PPC;9) Pro účely ustanovení odstavce 3 této přílohy se budou vládní programy skladového hospodářství pro účely potravinového zabezpečení v rozvojových zemích, jejichž činnost je transparentní a které jsou vedeny v souladu s úředně publikovanými objektivními kritérii nebo normami, považovat za slučitelné s ustanoveními tohoto odstavce, včetně programů, podle kterých jsou zásoby potravin pro potravinové zabezpečení nabývány a uvolňovány za úředně stanovené ceny za předpokladu, že rozdíl mezi pořizovací cenou a vnější referenční cenou je započítán do domácích subvencí daných Dohodou GATT a listinou závazků a koncesí člena WTO.;notes;"<a data-odkaz-id=""10948301"" href=""#""  class=""ext_odkaz"">Dohodou GATT</a>";Dohodou GATT;10948301;ext_odkaz;NA;NA;NA;NA;esel-esb:právní-akt-odkaz/10948301;Dohodou GATT;JINEUSTAN;32133;esel-esb:eli/cz/sb/1995/191/0000-00-00/dokument/prilohy/priloha_1/priloha_1A/frag_3010287;35967;esel-esb:eli/cz/sb/2000/63/0000-00-00/dokument/poznamkypodcarou/ppc_9;35967;2000/63;1995/191;2000/63;63/2000 Sb.
esel-esb:eli/cz/sb/2000/63/2024-01-01/dokument/poznamkypodcarou/ppc_10;9819726;esel-esb:eli/cz/sb/2000/63/2024-01-01/dokument/poznamkypodcarou;pozn. 10;NA;10;NA;/7/8/;esel-esb:právní-akt-fragment/4379717;4379717;4379717;PPC;10) Pro účely ustanovení odstavců 3 a 4 této přílohy se budou dodávky potravinářských výrobků za subvencované ceny mající za účel pokrýt potravinové potřeby chudého městského a venkovského obyvatelstva rozvojových zemí, uskutečňované na řádně stanoveném základě za rozumné ceny, považovat za slučitelné s ustanovením tohoto odstavce.;notes;"<a data-odkaz-id=""10948221"" href=""#""  class=""int_odkaz"">odstavců 3</a>";odstavců 3;10948221;int_odkaz;NA;NA;NA;NA;esel-esb:právní-akt-odkaz/10948221;odstavců 3;INTUSTAN;35967;esel-esb:eli/cz/sb/2000/63/0000-00-00/dokument/prilohy/priloha_2/bod_3;35967;esel-esb:eli/cz/sb/2000/63/0000-00-00/dokument/poznamkypodcarou/ppc_10;35967;2000/63;2000/63;2000/63;63/2000 Sb.
esel-esb:eli/cz/sb/2000/63/2024-01-01/dokument/poznamkypodcarou/ppc_10;9819726;esel-esb:eli/cz/sb/2000/63/2024-01-01/dokument/poznamkypodcarou;pozn. 10;NA;10;NA;/7/8/;esel-esb:právní-akt-fragment/4379717;4379717;4379717;PPC;10) Pro účely ustanovení odstavců 3 a 4 této přílohy se budou dodávky potravinářských výrobků za subvencované ceny mající za účel pokrýt potravinové potřeby chudého městského a venkovského obyvatelstva rozvojových zemí, uskutečňované na řádně stanoveném základě za rozumné ceny, považovat za slučitelné s ustanovením tohoto odstavce.;notes;"<a data-odkaz-id=""10948237"" href=""#""  class=""int_odkaz"">4</a>";4;10948237;int_odkaz;NA;NA;NA;NA;esel-esb:právní-akt-odkaz/10948237;4;INTUSTAN;35967;esel-esb:eli/cz/sb/2000/63/0000-00-00/dokument/prilohy/priloha_2/bod_4;35967;esel-esb:eli/cz/sb/2000/63/0000-00-00/dokument/poznamkypodcarou/ppc_10;35967;2000/63;2000/63;2000/63;63/2000 Sb.
esel-esb:eli/cz/sb/2000/63/2024-01-01/dokument/poznamkypodcarou/ppc_10;9819726;esel-esb:eli/cz/sb/2000/63/2024-01-01/dokument/poznamkypodcarou;pozn. 10;NA;10;NA;/7/8/;esel-esb:právní-akt-fragment/4379717;4379717;4379717;PPC;10) Pro účely ustanovení odstavců 3 a 4 této přílohy se budou dodávky potravinářských výrobků za subvencované ceny mající za účel pokrýt potravinové potřeby chudého městského a venkovského obyvatelstva rozvojových zemí, uskutečňované na řádně stanoveném základě za rozumné ceny, považovat za slučitelné s ustanovením tohoto odstavce.;notes;"<a data-odkaz-id=""10948253"" href=""#""  class=""int_odkaz"">této přílohy</a>";této přílohy;10948253;int_odkaz;NA;NA;NA;NA;esel-esb:právní-akt-odkaz/10948253;této přílohy;INTUSTAN;35967;esel-esb:eli/cz/sb/2000/63/0000-00-00/dokument/prilohy/priloha_2;35967;esel-esb:eli/cz/sb/2000/63/0000-00-00/dokument/poznamkypodcarou/ppc_10;35967;2000/63;2000/63;2000/63;63/2000 Sb.
