fragment.iri;fragment.id;fragment.předek.iri;fragment.citace;fragment.citace.text;fragment.označení.uzlu;fragment.označení.uzlu.text;fragment.hierarchie;akt.fragment.iri;akt.fragment.id;fragment.base.id;typ.fragmentu;fragment.text_clean;source;tag;tag_clean;odkaz.id;class;data_eurlex;data_celexid;data_cellarid;data_orig_href;odkaz.iri;odkaz.citace.cíl;typ.vazba.odkazu;cíl.dokument.id;fragment.cíl.iri;fragment.cíl.dokument.id;fragment.zdroj.iri;fragment.zdroj.dokument.id;iri_z;iri_c;iri_v;akt.citace
esel-esb:eli/cz/sb/2022/66/2024-01-01/dokument/norma/cast_1/par_1/frag_10936603;56435033;esel-esb:eli/cz/sb/2022/66/2024-01-01/dokument/norma/cast_1/par_1;NA;NA;NA;NA;/2/1/2/2/;esel-esb:právní-akt-fragment/10936603;10936603;10936603;Odstavec_Dc;Tento zákon upravuje opatření v oblasti zaměstnanosti a oblasti sociálního zabezpečení1), která se vztahují na cizince, kterému byla v České republice poskytnuta dočasná ochrana podle zákona o některých opatřeních v souvislosti s ozbrojeným konfliktem na území Ukrajiny vyvolaným invazí vojsk Ruské federace2) v návaznosti na prováděcí rozhodnutí Rady (EU) 2022/382 ze dne 4. března 2022, kterým se stanoví, že nastal případ hromadného přílivu vysídlených osob z Ukrajiny ve smyslu článku 5 směrnice 2001/55/ES, a kterým se zavádí jejich dočasná ochrana, (dále jen „cizinec s dočasnou ochranou“).;norms;"<a data-odkaz-id=""22530313"" href=""#""  class=""int_odkaz""><sup>1</sup>)</a>";1);22530313;int_odkaz;NA;NA;NA;NA;esel-esb:právní-akt-odkaz/22530313;<sup>1</sup>);POZNAMKA;62411;esel-esb:eli/cz/sb/2022/66/0000-00-00/dokument/poznamkypodcarou/ppc_1;62411;esel-esb:eli/cz/sb/2022/66/0000-00-00/dokument/norma/cast_1/par_1/frag_10936603;62411;2022/66;2022/66;2022/66;66/2022 Sb.
esel-esb:eli/cz/sb/2022/66/2024-01-01/dokument/norma/cast_1/par_1/frag_10936603;56435033;esel-esb:eli/cz/sb/2022/66/2024-01-01/dokument/norma/cast_1/par_1;NA;NA;NA;NA;/2/1/2/2/;esel-esb:právní-akt-fragment/10936603;10936603;10936603;Odstavec_Dc;Tento zákon upravuje opatření v oblasti zaměstnanosti a oblasti sociálního zabezpečení1), která se vztahují na cizince, kterému byla v České republice poskytnuta dočasná ochrana podle zákona o některých opatřeních v souvislosti s ozbrojeným konfliktem na území Ukrajiny vyvolaným invazí vojsk Ruské federace2) v návaznosti na prováděcí rozhodnutí Rady (EU) 2022/382 ze dne 4. března 2022, kterým se stanoví, že nastal případ hromadného přílivu vysídlených osob z Ukrajiny ve smyslu článku 5 směrnice 2001/55/ES, a kterým se zavádí jejich dočasná ochrana, (dále jen „cizinec s dočasnou ochranou“).;norms;"<a data-odkaz-id=""22530329"" href=""#""  class=""int_odkaz""><sup>2</sup>)</a>";2);22530329;int_odkaz;NA;NA;NA;NA;esel-esb:právní-akt-odkaz/22530329;<sup>2</sup>);POZNAMKA;62411;esel-esb:eli/cz/sb/2022/66/0000-00-00/dokument/poznamkypodcarou/ppc_2;62411;esel-esb:eli/cz/sb/2022/66/0000-00-00/dokument/norma/cast_1/par_1/frag_10936603;62411;2022/66;2022/66;2022/66;66/2022 Sb.
esel-esb:eli/cz/sb/2022/66/2024-01-01/dokument/norma/cast_1/par_1/frag_10936603;56435033;esel-esb:eli/cz/sb/2022/66/2024-01-01/dokument/norma/cast_1/par_1;NA;NA;NA;NA;/2/1/2/2/;esel-esb:právní-akt-fragment/10936603;10936603;10936603;Odstavec_Dc;Tento zákon upravuje opatření v oblasti zaměstnanosti a oblasti sociálního zabezpečení1), která se vztahují na cizince, kterému byla v České republice poskytnuta dočasná ochrana podle zákona o některých opatřeních v souvislosti s ozbrojeným konfliktem na území Ukrajiny vyvolaným invazí vojsk Ruské federace2) v návaznosti na prováděcí rozhodnutí Rady (EU) 2022/382 ze dne 4. března 2022, kterým se stanoví, že nastal případ hromadného přílivu vysídlených osob z Ukrajiny ve smyslu článku 5 směrnice 2001/55/ES, a kterým se zavádí jejich dočasná ochrana, (dále jen „cizinec s dočasnou ochranou“).;norms;"<a data-odkaz-id=""23546781"" href=""#""  class=""ext_odkaz"" data-eurlex=""true"" data-celexid=""32022D0382"" data-cellarid=""588c8958-9bdf-11ec-83e1-01aa75ed71a1"" data-orig-href=""http://eur-lex.europa.eu/legal-content/CS/AUTO/?uri=cellar:588c8958-9bdf-11ec-83e1-01aa75ed71a1"">2022/382</a>";2022/382;23546781;ext_odkaz;true;32022D0382;588c8958-9bdf-11ec-83e1-01aa75ed71a1;http://eur-lex.europa.eu/legal-content/CS/AUTO/?uri=cellar:588c8958-9bdf-11ec-83e1-01aa75ed71a1;esel-esb:právní-akt-odkaz/23546781;2022/382;PREDPEU;332679;NA;NA;esel-esb:eli/cz/sb/2022/66/0000-00-00/dokument/norma/cast_1/par_1/frag_10936603;62411;2022/66;NA;2022/66;66/2022 Sb.
esel-esb:eli/cz/sb/2022/66/2024-01-01/dokument/norma/cast_1/par_1/frag_10936603;56435033;esel-esb:eli/cz/sb/2022/66/2024-01-01/dokument/norma/cast_1/par_1;NA;NA;NA;NA;/2/1/2/2/;esel-esb:právní-akt-fragment/10936603;10936603;10936603;Odstavec_Dc;Tento zákon upravuje opatření v oblasti zaměstnanosti a oblasti sociálního zabezpečení1), která se vztahují na cizince, kterému byla v České republice poskytnuta dočasná ochrana podle zákona o některých opatřeních v souvislosti s ozbrojeným konfliktem na území Ukrajiny vyvolaným invazí vojsk Ruské federace2) v návaznosti na prováděcí rozhodnutí Rady (EU) 2022/382 ze dne 4. března 2022, kterým se stanoví, že nastal případ hromadného přílivu vysídlených osob z Ukrajiny ve smyslu článku 5 směrnice 2001/55/ES, a kterým se zavádí jejich dočasná ochrana, (dále jen „cizinec s dočasnou ochranou“).;norms;"<a data-odkaz-id=""23546797"" href=""#""  class=""ext_odkaz"" data-eurlex=""true"" data-celexid=""32001L0055"" data-cellarid=""c73f3c3d-13b6-4e10-a3ff-472aee1bdfa4"" data-orig-href=""http://eur-lex.europa.eu/legal-content/CS/AUTO/?uri=cellar:c73f3c3d-13b6-4e10-a3ff-472aee1bdfa4"">2001/55/ES</a>";2001/55/ES;23546797;ext_odkaz;true;32001L0055;c73f3c3d-13b6-4e10-a3ff-472aee1bdfa4;http://eur-lex.europa.eu/legal-content/CS/AUTO/?uri=cellar:c73f3c3d-13b6-4e10-a3ff-472aee1bdfa4;esel-esb:právní-akt-odkaz/23546797;2001/55/ES;PREDPEU;422099;NA;NA;esel-esb:eli/cz/sb/2022/66/0000-00-00/dokument/norma/cast_1/par_1/frag_10936603;62411;2022/66;NA;2022/66;66/2022 Sb.
esel-esb:eli/cz/sb/2022/66/2024-01-01/dokument/norma/cast_2/par_2/frag_10936611;56435037;esel-esb:eli/cz/sb/2022/66/2024-01-01/dokument/norma/cast_2/par_2;NA;NA;NA;NA;/2/2/2/1/;esel-esb:právní-akt-fragment/10936611;10936611;10936611;Odstavec_Dc;Cizinec s dočasnou ochranou se pro účely zákona o zaměstnanosti považuje za cizince s povoleným trvalým pobytem podle zákona o pobytu cizinců na území České republiky.;norms;"<a data-odkaz-id=""22530345"" href=""#""  class=""ext_odkaz"">zákona o zaměstnanosti</a>";zákona o zaměstnanosti;22530345;ext_odkaz;NA;NA;NA;NA;esel-esb:právní-akt-odkaz/22530345;zákona o zaměstnanosti;JINYPRED;124377;esel-esb:eli/cz/sb/2004/435/2022-02-01/dokument;62411;esel-esb:eli/cz/sb/2022/66/0000-00-00/dokument/norma/cast_2/par_2/frag_10936611;62411;2022/66;2004/435;2022/66;66/2022 Sb.
esel-esb:eli/cz/sb/2022/66/2024-01-01/dokument/norma/cast_2/par_2/frag_10936611;56435037;esel-esb:eli/cz/sb/2022/66/2024-01-01/dokument/norma/cast_2/par_2;NA;NA;NA;NA;/2/2/2/1/;esel-esb:právní-akt-fragment/10936611;10936611;10936611;Odstavec_Dc;Cizinec s dočasnou ochranou se pro účely zákona o zaměstnanosti považuje za cizince s povoleným trvalým pobytem podle zákona o pobytu cizinců na území České republiky.;norms;"<a data-odkaz-id=""22530361"" href=""#""  class=""ext_odkaz"">zákona o pobytu cizinců</a>";zákona o pobytu cizinců;22530361;ext_odkaz;NA;NA;NA;NA;esel-esb:právní-akt-odkaz/22530361;zákona o pobytu cizinců;JINYPRED;108207;esel-esb:eli/cz/sb/1999/326/2022-02-01/dokument;62411;esel-esb:eli/cz/sb/2022/66/0000-00-00/dokument/norma/cast_2/par_2/frag_10936611;62411;2022/66;1999/326;2022/66;66/2022 Sb.
esel-esb:eli/cz/sb/2022/66/2024-01-01/dokument/norma/cast_3/par_3/odst_2;56435042;esel-esb:eli/cz/sb/2022/66/2024-01-01/dokument/norma/cast_3/par_3;§ 3 odst. 2;NA;2;NA;/2/3/2/2/;esel-esb:právní-akt-fragment/10936621;10936621;10936621;Odstavec_Dc;"(2) Po dobu 6 měsíců ode dne udělení dočasné ochrany dítěti, které je cizincem s dočasnou ochranou, se splnění podmínky podle § 20a odst. 2 zákona o poskytování služby péče o dítě v dětské skupině pro vznik nároku na příspěvek na provoz dětské skupiny, spočívající v obsazení kapacitního místa dítětem, jehož rodič, který uzavírá smlouvu o poskytování služby péče o dítě v dětské skupině, je zaměstnán, studuje v denní formě studia, je evidován jako uchazeč o zaměstnání nebo je osobou samostatně výdělečně činnou, která má povinnost platit zálohy na pojistné na důchodové pojištění a příspěvek na státní politiku zaměstnanosti, nevyžaduje; § 11 odst. 1 písm. i) zákona o poskytování služby péče o dítě v dětské skupině se po tuto dobu nepoužije.";norms;"<a data-odkaz-id=""22530377"" href=""#""  class=""ext_odkaz"">§ 20a odst. 2</a>";§ 20a odst. 2;22530377;ext_odkaz;NA;NA;NA;NA;esel-esb:právní-akt-odkaz/22530377;§ 20a odst. 2;JINEUSTAN;146515;esel-esb:eli/cz/sb/2014/247/2021-10-01/dokument/norma/cast_1/hlava_5/par_20a/odst_2;62411;esel-esb:eli/cz/sb/2022/66/0000-00-00/dokument/norma/cast_3/par_3/odst_2;62411;2022/66;2014/247;2022/66;66/2022 Sb.
esel-esb:eli/cz/sb/2022/66/2024-01-01/dokument/norma/cast_3/par_3/odst_2;56435042;esel-esb:eli/cz/sb/2022/66/2024-01-01/dokument/norma/cast_3/par_3;§ 3 odst. 2;NA;2;NA;/2/3/2/2/;esel-esb:právní-akt-fragment/10936621;10936621;10936621;Odstavec_Dc;"(2) Po dobu 6 měsíců ode dne udělení dočasné ochrany dítěti, které je cizincem s dočasnou ochranou, se splnění podmínky podle § 20a odst. 2 zákona o poskytování služby péče o dítě v dětské skupině pro vznik nároku na příspěvek na provoz dětské skupiny, spočívající v obsazení kapacitního místa dítětem, jehož rodič, který uzavírá smlouvu o poskytování služby péče o dítě v dětské skupině, je zaměstnán, studuje v denní formě studia, je evidován jako uchazeč o zaměstnání nebo je osobou samostatně výdělečně činnou, která má povinnost platit zálohy na pojistné na důchodové pojištění a příspěvek na státní politiku zaměstnanosti, nevyžaduje; § 11 odst. 1 písm. i) zákona o poskytování služby péče o dítě v dětské skupině se po tuto dobu nepoužije.";norms;"<a data-odkaz-id=""22530393"" href=""#""  class=""ext_odkaz"">o poskytování služby péče o dítě v dětské skupině</a>";o poskytování služby péče o dítě v dětské skupině;22530393;ext_odkaz;NA;NA;NA;NA;esel-esb:právní-akt-odkaz/22530393;o poskytování služby péče o dítě v dětské skupině;JINYPRED;146515;esel-esb:eli/cz/sb/2014/247/2021-10-01/dokument;62411;esel-esb:eli/cz/sb/2022/66/0000-00-00/dokument/norma/cast_3/par_3/odst_2;62411;2022/66;2014/247;2022/66;66/2022 Sb.
esel-esb:eli/cz/sb/2022/66/2024-01-01/dokument/norma/cast_3/par_3/odst_2;56435042;esel-esb:eli/cz/sb/2022/66/2024-01-01/dokument/norma/cast_3/par_3;§ 3 odst. 2;NA;2;NA;/2/3/2/2/;esel-esb:právní-akt-fragment/10936621;10936621;10936621;Odstavec_Dc;"(2) Po dobu 6 měsíců ode dne udělení dočasné ochrany dítěti, které je cizincem s dočasnou ochranou, se splnění podmínky podle § 20a odst. 2 zákona o poskytování služby péče o dítě v dětské skupině pro vznik nároku na příspěvek na provoz dětské skupiny, spočívající v obsazení kapacitního místa dítětem, jehož rodič, který uzavírá smlouvu o poskytování služby péče o dítě v dětské skupině, je zaměstnán, studuje v denní formě studia, je evidován jako uchazeč o zaměstnání nebo je osobou samostatně výdělečně činnou, která má povinnost platit zálohy na pojistné na důchodové pojištění a příspěvek na státní politiku zaměstnanosti, nevyžaduje; § 11 odst. 1 písm. i) zákona o poskytování služby péče o dítě v dětské skupině se po tuto dobu nepoužije.";norms;"<a data-odkaz-id=""22530409"" href=""#""  class=""ext_odkaz"">§ 11 odst. 1 písm. i)</a>";§ 11 odst. 1 písm. i);22530409;ext_odkaz;NA;NA;NA;NA;esel-esb:právní-akt-odkaz/22530409;§ 11 odst. 1 písm. i);JINEUSTAN;146513;esel-esb:eli/cz/sb/2014/247/2017-07-01/dokument/norma/cast_1/hlava_2/par_11/odst_1/pism_i;62411;esel-esb:eli/cz/sb/2022/66/0000-00-00/dokument/norma/cast_3/par_3/odst_2;62411;2022/66;2014/247;2022/66;66/2022 Sb.
esel-esb:eli/cz/sb/2022/66/2024-01-01/dokument/norma/cast_3/par_3/odst_2;56435042;esel-esb:eli/cz/sb/2022/66/2024-01-01/dokument/norma/cast_3/par_3;§ 3 odst. 2;NA;2;NA;/2/3/2/2/;esel-esb:právní-akt-fragment/10936621;10936621;10936621;Odstavec_Dc;"(2) Po dobu 6 měsíců ode dne udělení dočasné ochrany dítěti, které je cizincem s dočasnou ochranou, se splnění podmínky podle § 20a odst. 2 zákona o poskytování služby péče o dítě v dětské skupině pro vznik nároku na příspěvek na provoz dětské skupiny, spočívající v obsazení kapacitního místa dítětem, jehož rodič, který uzavírá smlouvu o poskytování služby péče o dítě v dětské skupině, je zaměstnán, studuje v denní formě studia, je evidován jako uchazeč o zaměstnání nebo je osobou samostatně výdělečně činnou, která má povinnost platit zálohy na pojistné na důchodové pojištění a příspěvek na státní politiku zaměstnanosti, nevyžaduje; § 11 odst. 1 písm. i) zákona o poskytování služby péče o dítě v dětské skupině se po tuto dobu nepoužije.";norms;"<a data-odkaz-id=""22530425"" href=""#""  class=""ext_odkaz"">o poskytování služby péče o dítě v dětské skupině</a>";o poskytování služby péče o dítě v dětské skupině;22530425;ext_odkaz;NA;NA;NA;NA;esel-esb:právní-akt-odkaz/22530425;o poskytování služby péče o dítě v dětské skupině;JINYPRED;146515;esel-esb:eli/cz/sb/2014/247/2021-10-01/dokument;62411;esel-esb:eli/cz/sb/2022/66/0000-00-00/dokument/norma/cast_3/par_3/odst_2;62411;2022/66;2014/247;2022/66;66/2022 Sb.
esel-esb:eli/cz/sb/2022/66/2024-01-01/dokument/norma/cast_3/par_3/odst_4;56435044;esel-esb:eli/cz/sb/2022/66/2024-01-01/dokument/norma/cast_3/par_3;§ 3 odst. 4;NA;4;NA;/2/3/2/4/;esel-esb:právní-akt-fragment/10936625;10936625;10936625;Odstavec_Dc;"(4) Cizinec s dočasnou ochranou může vykonávat činnost, kterou se uskutečňuje výchova a péče o dítě podle § 2 zákona o poskytování služby péče o dítě v dětské skupině, za podmínky, že je zletilou a svéprávnou osobou, má pedagogické, sociální nebo zdravotní vzdělání anebo má střední vzdělání s maturitní zkouškou, získal-li praxi v oblasti péče o dítě ve věku od 6 měsíců do zahájení povinné školní docházky v délce minimálně 5 let, je-li bezúhonnou osobou podle § 5a odst. 2 zákona o poskytování služby péče o dítě v dětské skupině a činnost, kterou se uskutečňuje výchova a péče o dítě podle § 2 zákona o poskytování služby péče o dítě v dětské skupině, vykonává jen v přítomnosti pečující osoby. Dosaženou praxi může cizinec s dočasnou ochranou podle věty první doložit po dobu prvních 6 měsíců ode dne udělení dočasné ochrany čestným prohlášením. Po uplynutí této doby je možné doložit dosaženou praxi čestným prohlášením, jen nelze-li ji prokázat řádným způsobem; cizinec s udělenou dočasnou ochranou zároveň uvede důvod, pro který nelze prokázat dosaženou praxi řádným způsobem.";norms;"<a data-odkaz-id=""22530441"" href=""#""  class=""int_odkaz"">§ 2</a>";§ 2;22530441;int_odkaz;NA;NA;NA;NA;esel-esb:právní-akt-odkaz/22530441;§ 2;INTUSTAN;62411;esel-esb:eli/cz/sb/2022/66/0000-00-00/dokument/norma/cast_2/par_2;62411;esel-esb:eli/cz/sb/2022/66/0000-00-00/dokument/norma/cast_3/par_3/odst_4;62411;2022/66;2022/66;2022/66;66/2022 Sb.
esel-esb:eli/cz/sb/2022/66/2024-01-01/dokument/norma/cast_3/par_3/odst_4;56435044;esel-esb:eli/cz/sb/2022/66/2024-01-01/dokument/norma/cast_3/par_3;§ 3 odst. 4;NA;4;NA;/2/3/2/4/;esel-esb:právní-akt-fragment/10936625;10936625;10936625;Odstavec_Dc;"(4) Cizinec s dočasnou ochranou může vykonávat činnost, kterou se uskutečňuje výchova a péče o dítě podle § 2 zákona o poskytování služby péče o dítě v dětské skupině, za podmínky, že je zletilou a svéprávnou osobou, má pedagogické, sociální nebo zdravotní vzdělání anebo má střední vzdělání s maturitní zkouškou, získal-li praxi v oblasti péče o dítě ve věku od 6 měsíců do zahájení povinné školní docházky v délce minimálně 5 let, je-li bezúhonnou osobou podle § 5a odst. 2 zákona o poskytování služby péče o dítě v dětské skupině a činnost, kterou se uskutečňuje výchova a péče o dítě podle § 2 zákona o poskytování služby péče o dítě v dětské skupině, vykonává jen v přítomnosti pečující osoby. Dosaženou praxi může cizinec s dočasnou ochranou podle věty první doložit po dobu prvních 6 měsíců ode dne udělení dočasné ochrany čestným prohlášením. Po uplynutí této doby je možné doložit dosaženou praxi čestným prohlášením, jen nelze-li ji prokázat řádným způsobem; cizinec s udělenou dočasnou ochranou zároveň uvede důvod, pro který nelze prokázat dosaženou praxi řádným způsobem.";norms;"<a data-odkaz-id=""22530457"" href=""#""  class=""ext_odkaz"">§ 5a odst. 2</a>";§ 5a odst. 2;22530457;ext_odkaz;NA;NA;NA;NA;esel-esb:právní-akt-odkaz/22530457;§ 5a odst. 2;JINEUSTAN;146515;esel-esb:eli/cz/sb/2014/247/2021-10-01/dokument/norma/cast_1/hlava_2/par_5a/odst_2;62411;esel-esb:eli/cz/sb/2022/66/0000-00-00/dokument/norma/cast_3/par_3/odst_4;62411;2022/66;2014/247;2022/66;66/2022 Sb.
esel-esb:eli/cz/sb/2022/66/2024-01-01/dokument/norma/cast_3/par_3/odst_4;56435044;esel-esb:eli/cz/sb/2022/66/2024-01-01/dokument/norma/cast_3/par_3;§ 3 odst. 4;NA;4;NA;/2/3/2/4/;esel-esb:právní-akt-fragment/10936625;10936625;10936625;Odstavec_Dc;"(4) Cizinec s dočasnou ochranou může vykonávat činnost, kterou se uskutečňuje výchova a péče o dítě podle § 2 zákona o poskytování služby péče o dítě v dětské skupině, za podmínky, že je zletilou a svéprávnou osobou, má pedagogické, sociální nebo zdravotní vzdělání anebo má střední vzdělání s maturitní zkouškou, získal-li praxi v oblasti péče o dítě ve věku od 6 měsíců do zahájení povinné školní docházky v délce minimálně 5 let, je-li bezúhonnou osobou podle § 5a odst. 2 zákona o poskytování služby péče o dítě v dětské skupině a činnost, kterou se uskutečňuje výchova a péče o dítě podle § 2 zákona o poskytování služby péče o dítě v dětské skupině, vykonává jen v přítomnosti pečující osoby. Dosaženou praxi může cizinec s dočasnou ochranou podle věty první doložit po dobu prvních 6 měsíců ode dne udělení dočasné ochrany čestným prohlášením. Po uplynutí této doby je možné doložit dosaženou praxi čestným prohlášením, jen nelze-li ji prokázat řádným způsobem; cizinec s udělenou dočasnou ochranou zároveň uvede důvod, pro který nelze prokázat dosaženou praxi řádným způsobem.";norms;"<a data-odkaz-id=""22530473"" href=""#""  class=""ext_odkaz"">o poskytování služby péče o dítě v dětské skupině</a>";o poskytování služby péče o dítě v dětské skupině;22530473;ext_odkaz;NA;NA;NA;NA;esel-esb:právní-akt-odkaz/22530473;o poskytování služby péče o dítě v dětské skupině;JINYPRED;146515;esel-esb:eli/cz/sb/2014/247/2021-10-01/dokument;62411;esel-esb:eli/cz/sb/2022/66/0000-00-00/dokument/norma/cast_3/par_3/odst_4;62411;2022/66;2014/247;2022/66;66/2022 Sb.
esel-esb:eli/cz/sb/2022/66/2024-01-01/dokument/norma/cast_3/par_3/odst_4;56435044;esel-esb:eli/cz/sb/2022/66/2024-01-01/dokument/norma/cast_3/par_3;§ 3 odst. 4;NA;4;NA;/2/3/2/4/;esel-esb:právní-akt-fragment/10936625;10936625;10936625;Odstavec_Dc;"(4) Cizinec s dočasnou ochranou může vykonávat činnost, kterou se uskutečňuje výchova a péče o dítě podle § 2 zákona o poskytování služby péče o dítě v dětské skupině, za podmínky, že je zletilou a svéprávnou osobou, má pedagogické, sociální nebo zdravotní vzdělání anebo má střední vzdělání s maturitní zkouškou, získal-li praxi v oblasti péče o dítě ve věku od 6 měsíců do zahájení povinné školní docházky v délce minimálně 5 let, je-li bezúhonnou osobou podle § 5a odst. 2 zákona o poskytování služby péče o dítě v dětské skupině a činnost, kterou se uskutečňuje výchova a péče o dítě podle § 2 zákona o poskytování služby péče o dítě v dětské skupině, vykonává jen v přítomnosti pečující osoby. Dosaženou praxi může cizinec s dočasnou ochranou podle věty první doložit po dobu prvních 6 měsíců ode dne udělení dočasné ochrany čestným prohlášením. Po uplynutí této doby je možné doložit dosaženou praxi čestným prohlášením, jen nelze-li ji prokázat řádným způsobem; cizinec s udělenou dočasnou ochranou zároveň uvede důvod, pro který nelze prokázat dosaženou praxi řádným způsobem.";norms;"<a data-odkaz-id=""22530489"" href=""#""  class=""ext_odkaz"">§ 2</a>";§ 2;22530489;ext_odkaz;NA;NA;NA;NA;esel-esb:právní-akt-odkaz/22530489;§ 2;JINEUSTAN;146507;esel-esb:eli/cz/sb/2014/247/2014-09-01/dokument/norma/cast_1/hlava_1/par_2;62411;esel-esb:eli/cz/sb/2022/66/0000-00-00/dokument/norma/cast_3/par_3/odst_4;62411;2022/66;2014/247;2022/66;66/2022 Sb.
esel-esb:eli/cz/sb/2022/66/2024-01-01/dokument/norma/cast_3/par_3/odst_4;56435044;esel-esb:eli/cz/sb/2022/66/2024-01-01/dokument/norma/cast_3/par_3;§ 3 odst. 4;NA;4;NA;/2/3/2/4/;esel-esb:právní-akt-fragment/10936625;10936625;10936625;Odstavec_Dc;"(4) Cizinec s dočasnou ochranou může vykonávat činnost, kterou se uskutečňuje výchova a péče o dítě podle § 2 zákona o poskytování služby péče o dítě v dětské skupině, za podmínky, že je zletilou a svéprávnou osobou, má pedagogické, sociální nebo zdravotní vzdělání anebo má střední vzdělání s maturitní zkouškou, získal-li praxi v oblasti péče o dítě ve věku od 6 měsíců do zahájení povinné školní docházky v délce minimálně 5 let, je-li bezúhonnou osobou podle § 5a odst. 2 zákona o poskytování služby péče o dítě v dětské skupině a činnost, kterou se uskutečňuje výchova a péče o dítě podle § 2 zákona o poskytování služby péče o dítě v dětské skupině, vykonává jen v přítomnosti pečující osoby. Dosaženou praxi může cizinec s dočasnou ochranou podle věty první doložit po dobu prvních 6 měsíců ode dne udělení dočasné ochrany čestným prohlášením. Po uplynutí této doby je možné doložit dosaženou praxi čestným prohlášením, jen nelze-li ji prokázat řádným způsobem; cizinec s udělenou dočasnou ochranou zároveň uvede důvod, pro který nelze prokázat dosaženou praxi řádným způsobem.";norms;"<a data-odkaz-id=""22530505"" href=""#""  class=""ext_odkaz"">o poskytování služby péče o dítě v dětské skupině</a>";o poskytování služby péče o dítě v dětské skupině;22530505;ext_odkaz;NA;NA;NA;NA;esel-esb:právní-akt-odkaz/22530505;o poskytování služby péče o dítě v dětské skupině;JINYPRED;146515;esel-esb:eli/cz/sb/2014/247/2021-10-01/dokument;62411;esel-esb:eli/cz/sb/2022/66/0000-00-00/dokument/norma/cast_3/par_3/odst_4;62411;2022/66;2014/247;2022/66;66/2022 Sb.
esel-esb:eli/cz/sb/2022/66/2024-01-01/dokument/norma/cast_3/par_3/odst_5;56435045;esel-esb:eli/cz/sb/2022/66/2024-01-01/dokument/norma/cast_3/par_3;§ 3 odst. 5;NA;5;NA;/2/3/2/5/;esel-esb:právní-akt-fragment/10936627;10936627;10936627;Odstavec_Dc;"(5) Dosažené vzdělání může cizinec s dočasnou ochranou podle odstavce 4 po dobu prvních 6 měsíců ode dne udělení dočasné ochrany doložit čestným prohlášením. Po uplynutí této doby je možné doložit dosažené vzdělání čestným prohlášením, jen nelze-li jej prokázat řádným způsobem; cizinec s udělenou dočasnou ochranou zároveň uvede důvod, pro který nelze prokázat dosažené vzdělání řádným způsobem.";norms;"<a data-odkaz-id=""22530521"" href=""#""  class=""int_odkaz"">odstavce 4</a>";odstavce 4;22530521;int_odkaz;NA;NA;NA;NA;esel-esb:právní-akt-odkaz/22530521;odstavce 4;INTUSTAN;62411;esel-esb:eli/cz/sb/2022/66/0000-00-00/dokument/norma/cast_3/par_3/odst_4;62411;esel-esb:eli/cz/sb/2022/66/0000-00-00/dokument/norma/cast_3/par_3/odst_5;62411;2022/66;2022/66;2022/66;66/2022 Sb.
esel-esb:eli/cz/sb/2022/66/2024-01-01/dokument/norma/cast_3/par_3/odst_6;56435046;esel-esb:eli/cz/sb/2022/66/2024-01-01/dokument/norma/cast_3/par_3;§ 3 odst. 6;NA;6;NA;/2/3/2/6/;esel-esb:právní-akt-fragment/10936629;10936629;10936629;Odstavec_Dc;"(6) Cizinec s dočasnou ochranou podle odstavce 4 může doložit bezúhonnost po dobu prvních 6 měsíců ode dne udělení dočasné ochrany čestným prohlášením; poté je povinen doložit bezúhonnost výpisem z evidence Rejstříků trestů za dobu jeho pobytu na území České republiky na základě udělené dočasné ochrany.";norms;"<a data-odkaz-id=""22506193"" href=""#""  class=""int_odkaz"">odstavce 4</a>";odstavce 4;22506193;int_odkaz;NA;NA;NA;NA;esel-esb:právní-akt-odkaz/22506193;odstavce 4;INTUSTAN;62411;esel-esb:eli/cz/sb/2022/66/0000-00-00/dokument/norma/cast_3/par_3/odst_4;62411;esel-esb:eli/cz/sb/2022/66/0000-00-00/dokument/norma/cast_3/par_3/odst_6;62411;2022/66;2022/66;2022/66;66/2022 Sb.
esel-esb:eli/cz/sb/2022/66/2024-01-01/dokument/norma/cast_3/par_3/odst_7;56435047;esel-esb:eli/cz/sb/2022/66/2024-01-01/dokument/norma/cast_3/par_3;§ 3 odst. 7;NA;7;NA;/2/3/2/7/;esel-esb:právní-akt-fragment/10936631;10936631;10936631;Odstavec_Dc;(7) Vykonává-li cizinec s dočasnou ochranou podle odstavce 4 činnost, kterou se uskutečňuje výchova a péče o dítě podle § 2 zákona o poskytování služby péče o dítě v dětské skupině, považuje se pro účely splnění podmínky podle § 7 odst. 6 písm. b) a c) zákona o poskytování služby péče o dítě v dětské skupině za pečující osobu.;norms;"<a data-odkaz-id=""22506209"" href=""#""  class=""int_odkaz"">odstavce 4</a>";odstavce 4;22506209;int_odkaz;NA;NA;NA;NA;esel-esb:právní-akt-odkaz/22506209;odstavce 4;INTUSTAN;62411;esel-esb:eli/cz/sb/2022/66/0000-00-00/dokument/norma/cast_3/par_3/odst_4;62411;esel-esb:eli/cz/sb/2022/66/0000-00-00/dokument/norma/cast_3/par_3/odst_7;62411;2022/66;2022/66;2022/66;66/2022 Sb.
esel-esb:eli/cz/sb/2022/66/2024-01-01/dokument/norma/cast_3/par_3/odst_7;56435047;esel-esb:eli/cz/sb/2022/66/2024-01-01/dokument/norma/cast_3/par_3;§ 3 odst. 7;NA;7;NA;/2/3/2/7/;esel-esb:právní-akt-fragment/10936631;10936631;10936631;Odstavec_Dc;(7) Vykonává-li cizinec s dočasnou ochranou podle odstavce 4 činnost, kterou se uskutečňuje výchova a péče o dítě podle § 2 zákona o poskytování služby péče o dítě v dětské skupině, považuje se pro účely splnění podmínky podle § 7 odst. 6 písm. b) a c) zákona o poskytování služby péče o dítě v dětské skupině za pečující osobu.;norms;"<a data-odkaz-id=""22506225"" href=""#""  class=""ext_odkaz"">§ 2</a>";§ 2;22506225;ext_odkaz;NA;NA;NA;NA;esel-esb:právní-akt-odkaz/22506225;§ 2;JINEUSTAN;146507;esel-esb:eli/cz/sb/2014/247/2014-09-01/dokument/norma/cast_1/hlava_1/par_2;62411;esel-esb:eli/cz/sb/2022/66/0000-00-00/dokument/norma/cast_3/par_3/odst_7;62411;2022/66;2014/247;2022/66;66/2022 Sb.
esel-esb:eli/cz/sb/2022/66/2024-01-01/dokument/norma/cast_3/par_3/odst_7;56435047;esel-esb:eli/cz/sb/2022/66/2024-01-01/dokument/norma/cast_3/par_3;§ 3 odst. 7;NA;7;NA;/2/3/2/7/;esel-esb:právní-akt-fragment/10936631;10936631;10936631;Odstavec_Dc;(7) Vykonává-li cizinec s dočasnou ochranou podle odstavce 4 činnost, kterou se uskutečňuje výchova a péče o dítě podle § 2 zákona o poskytování služby péče o dítě v dětské skupině, považuje se pro účely splnění podmínky podle § 7 odst. 6 písm. b) a c) zákona o poskytování služby péče o dítě v dětské skupině za pečující osobu.;norms;"<a data-odkaz-id=""22506241"" href=""#""  class=""ext_odkaz"">o poskytování služby péče o dítě v dětské skupině</a>";o poskytování služby péče o dítě v dětské skupině;22506241;ext_odkaz;NA;NA;NA;NA;esel-esb:právní-akt-odkaz/22506241;o poskytování služby péče o dítě v dětské skupině;JINYPRED;146515;esel-esb:eli/cz/sb/2014/247/2021-10-01/dokument;62411;esel-esb:eli/cz/sb/2022/66/0000-00-00/dokument/norma/cast_3/par_3/odst_7;62411;2022/66;2014/247;2022/66;66/2022 Sb.
esel-esb:eli/cz/sb/2022/66/2024-01-01/dokument/norma/cast_3/par_3/odst_7;56435047;esel-esb:eli/cz/sb/2022/66/2024-01-01/dokument/norma/cast_3/par_3;§ 3 odst. 7;NA;7;NA;/2/3/2/7/;esel-esb:právní-akt-fragment/10936631;10936631;10936631;Odstavec_Dc;(7) Vykonává-li cizinec s dočasnou ochranou podle odstavce 4 činnost, kterou se uskutečňuje výchova a péče o dítě podle § 2 zákona o poskytování služby péče o dítě v dětské skupině, považuje se pro účely splnění podmínky podle § 7 odst. 6 písm. b) a c) zákona o poskytování služby péče o dítě v dětské skupině za pečující osobu.;norms;"<a data-odkaz-id=""22506257"" href=""#""  class=""ext_odkaz"">§ 7 odst. 6 písm. b)</a>";§ 7 odst. 6 písm. b);22506257;ext_odkaz;NA;NA;NA;NA;esel-esb:právní-akt-odkaz/22506257;§ 7 odst. 6 písm. b);JINEUSTAN;146515;esel-esb:eli/cz/sb/2014/247/2021-10-01/dokument/norma/cast_1/hlava_2/par_7/odst_6/pism_b;62411;esel-esb:eli/cz/sb/2022/66/0000-00-00/dokument/norma/cast_3/par_3/odst_7;62411;2022/66;2014/247;2022/66;66/2022 Sb.
esel-esb:eli/cz/sb/2022/66/2024-01-01/dokument/norma/cast_3/par_3/odst_7;56435047;esel-esb:eli/cz/sb/2022/66/2024-01-01/dokument/norma/cast_3/par_3;§ 3 odst. 7;NA;7;NA;/2/3/2/7/;esel-esb:právní-akt-fragment/10936631;10936631;10936631;Odstavec_Dc;(7) Vykonává-li cizinec s dočasnou ochranou podle odstavce 4 činnost, kterou se uskutečňuje výchova a péče o dítě podle § 2 zákona o poskytování služby péče o dítě v dětské skupině, považuje se pro účely splnění podmínky podle § 7 odst. 6 písm. b) a c) zákona o poskytování služby péče o dítě v dětské skupině za pečující osobu.;norms;"<a data-odkaz-id=""22506273"" href=""#""  class=""ext_odkaz"">c)</a>";c);22506273;ext_odkaz;NA;NA;NA;NA;esel-esb:právní-akt-odkaz/22506273;c);JINEUSTAN;146515;esel-esb:eli/cz/sb/2014/247/2021-10-01/dokument/norma/cast_1/hlava_2/par_7/odst_6/pism_c;62411;esel-esb:eli/cz/sb/2022/66/0000-00-00/dokument/norma/cast_3/par_3/odst_7;62411;2022/66;2014/247;2022/66;66/2022 Sb.
esel-esb:eli/cz/sb/2022/66/2024-01-01/dokument/norma/cast_3/par_3/odst_7;56435047;esel-esb:eli/cz/sb/2022/66/2024-01-01/dokument/norma/cast_3/par_3;§ 3 odst. 7;NA;7;NA;/2/3/2/7/;esel-esb:právní-akt-fragment/10936631;10936631;10936631;Odstavec_Dc;(7) Vykonává-li cizinec s dočasnou ochranou podle odstavce 4 činnost, kterou se uskutečňuje výchova a péče o dítě podle § 2 zákona o poskytování služby péče o dítě v dětské skupině, považuje se pro účely splnění podmínky podle § 7 odst. 6 písm. b) a c) zákona o poskytování služby péče o dítě v dětské skupině za pečující osobu.;norms;"<a data-odkaz-id=""22506289"" href=""#""  class=""ext_odkaz"">o poskytování služby péče o dítě v dětské skupině</a>";o poskytování služby péče o dítě v dětské skupině;22506289;ext_odkaz;NA;NA;NA;NA;esel-esb:právní-akt-odkaz/22506289;o poskytování služby péče o dítě v dětské skupině;JINYPRED;146515;esel-esb:eli/cz/sb/2014/247/2021-10-01/dokument;62411;esel-esb:eli/cz/sb/2022/66/0000-00-00/dokument/norma/cast_3/par_3/odst_7;62411;2022/66;2014/247;2022/66;66/2022 Sb.
esel-esb:eli/cz/sb/2022/66/2024-01-01/dokument/norma/cast_3/par_3/odst_8;56435048;esel-esb:eli/cz/sb/2022/66/2024-01-01/dokument/norma/cast_3/par_3;§ 3 odst. 8;NA;8;NA;/2/3/2/8/;esel-esb:právní-akt-fragment/10936633;10936633;10936633;Odstavec_Dc;(8) Podmínka podle § 20a odst. 2 zákona o poskytování služby péče o dítě v dětské skupině pro vznik nároku na příspěvek na provoz dětské skupiny, spočívající v podání žádosti o příspěvek na provoz dětské skupiny nejpozději do dne 31. ledna kalendářního roku, na který poskytovatel žádá o příspěvek na provoz dětské skupiny, se nevyžaduje.;norms;"<a data-odkaz-id=""22506305"" href=""#""  class=""ext_odkaz"">§ 20a odst. 2</a>";§ 20a odst. 2;22506305;ext_odkaz;NA;NA;NA;NA;esel-esb:právní-akt-odkaz/22506305;§ 20a odst. 2;JINEUSTAN;146515;esel-esb:eli/cz/sb/2014/247/2021-10-01/dokument/norma/cast_1/hlava_5/par_20a/odst_2;62411;esel-esb:eli/cz/sb/2022/66/0000-00-00/dokument/norma/cast_3/par_3/odst_8;62411;2022/66;2014/247;2022/66;66/2022 Sb.
esel-esb:eli/cz/sb/2022/66/2024-01-01/dokument/norma/cast_3/par_3/odst_8;56435048;esel-esb:eli/cz/sb/2022/66/2024-01-01/dokument/norma/cast_3/par_3;§ 3 odst. 8;NA;8;NA;/2/3/2/8/;esel-esb:právní-akt-fragment/10936633;10936633;10936633;Odstavec_Dc;(8) Podmínka podle § 20a odst. 2 zákona o poskytování služby péče o dítě v dětské skupině pro vznik nároku na příspěvek na provoz dětské skupiny, spočívající v podání žádosti o příspěvek na provoz dětské skupiny nejpozději do dne 31. ledna kalendářního roku, na který poskytovatel žádá o příspěvek na provoz dětské skupiny, se nevyžaduje.;norms;"<a data-odkaz-id=""22506321"" href=""#""  class=""ext_odkaz"">o poskytování služby péče o dítě v dětské skupině</a>";o poskytování služby péče o dítě v dětské skupině;22506321;ext_odkaz;NA;NA;NA;NA;esel-esb:právní-akt-odkaz/22506321;o poskytování služby péče o dítě v dětské skupině;JINYPRED;146515;esel-esb:eli/cz/sb/2014/247/2021-10-01/dokument;62411;esel-esb:eli/cz/sb/2022/66/0000-00-00/dokument/norma/cast_3/par_3/odst_8;62411;2022/66;2014/247;2022/66;66/2022 Sb.
esel-esb:eli/cz/sb/2022/66/2024-01-01/dokument/norma/cast_3/par_3/odst_9;56435049;esel-esb:eli/cz/sb/2022/66/2024-01-01/dokument/norma/cast_3/par_3;§ 3 odst. 9;NA;9;NA;/2/3/2/9/;esel-esb:právní-akt-fragment/10936635;10936635;10936635;Odstavec_Dc;"(9) Řízení o přiznání příspěvku na provoz dětské skupiny se zahajuje na základě žádosti o příspěvek na provoz dětské skupiny, a to je-li žádost o příspěvek na provoz dětské skupiny podána po 31. lednu kalendářního roku, na který poskytovatel žádá o příspěvek na provoz dětské skupiny; § 20h odst. 1 a § 20i odst. 4 zákona o poskytování služby péče o dítě v dětské skupině se nepoužije.";norms;"<a data-odkaz-id=""22506337"" href=""#""  class=""ext_odkaz"">§ 20h odst. 1</a>";§ 20h odst. 1;22506337;ext_odkaz;NA;NA;NA;NA;esel-esb:právní-akt-odkaz/22506337;§ 20h odst. 1;JINEUSTAN;146515;esel-esb:eli/cz/sb/2014/247/2021-10-01/dokument/norma/cast_1/hlava_5/par_20h/odst_1;62411;esel-esb:eli/cz/sb/2022/66/0000-00-00/dokument/norma/cast_3/par_3/odst_9;62411;2022/66;2014/247;2022/66;66/2022 Sb.
esel-esb:eli/cz/sb/2022/66/2024-01-01/dokument/norma/cast_3/par_3/odst_9;56435049;esel-esb:eli/cz/sb/2022/66/2024-01-01/dokument/norma/cast_3/par_3;§ 3 odst. 9;NA;9;NA;/2/3/2/9/;esel-esb:právní-akt-fragment/10936635;10936635;10936635;Odstavec_Dc;"(9) Řízení o přiznání příspěvku na provoz dětské skupiny se zahajuje na základě žádosti o příspěvek na provoz dětské skupiny, a to je-li žádost o příspěvek na provoz dětské skupiny podána po 31. lednu kalendářního roku, na který poskytovatel žádá o příspěvek na provoz dětské skupiny; § 20h odst. 1 a § 20i odst. 4 zákona o poskytování služby péče o dítě v dětské skupině se nepoužije.";norms;"<a data-odkaz-id=""22506353"" href=""#""  class=""ext_odkaz"">§ 20i odst. 4</a>";§ 20i odst. 4;22506353;ext_odkaz;NA;NA;NA;NA;esel-esb:právní-akt-odkaz/22506353;§ 20i odst. 4;JINEUSTAN;146515;esel-esb:eli/cz/sb/2014/247/2021-10-01/dokument/norma/cast_1/hlava_5/par_20i/odst_4;62411;esel-esb:eli/cz/sb/2022/66/0000-00-00/dokument/norma/cast_3/par_3/odst_9;62411;2022/66;2014/247;2022/66;66/2022 Sb.
esel-esb:eli/cz/sb/2022/66/2024-01-01/dokument/norma/cast_3/par_3/odst_9;56435049;esel-esb:eli/cz/sb/2022/66/2024-01-01/dokument/norma/cast_3/par_3;§ 3 odst. 9;NA;9;NA;/2/3/2/9/;esel-esb:právní-akt-fragment/10936635;10936635;10936635;Odstavec_Dc;"(9) Řízení o přiznání příspěvku na provoz dětské skupiny se zahajuje na základě žádosti o příspěvek na provoz dětské skupiny, a to je-li žádost o příspěvek na provoz dětské skupiny podána po 31. lednu kalendářního roku, na který poskytovatel žádá o příspěvek na provoz dětské skupiny; § 20h odst. 1 a § 20i odst. 4 zákona o poskytování služby péče o dítě v dětské skupině se nepoužije.";norms;"<a data-odkaz-id=""22506369"" href=""#""  class=""ext_odkaz"">o poskytování služby péče o dítě v dětské skupině</a>";o poskytování služby péče o dítě v dětské skupině;22506369;ext_odkaz;NA;NA;NA;NA;esel-esb:právní-akt-odkaz/22506369;o poskytování služby péče o dítě v dětské skupině;JINYPRED;146515;esel-esb:eli/cz/sb/2014/247/2021-10-01/dokument;62411;esel-esb:eli/cz/sb/2022/66/0000-00-00/dokument/norma/cast_3/par_3/odst_9;62411;2022/66;2014/247;2022/66;66/2022 Sb.
esel-esb:eli/cz/sb/2022/66/2024-01-01/dokument/norma/cast_3/par_5/odst_1;56435053;esel-esb:eli/cz/sb/2022/66/2024-01-01/dokument/norma/cast_3/par_5;§ 5 odst. 1;NA;1;NA;/2/3/4/1/;esel-esb:právní-akt-fragment/10936643;10936643;10936643;Odstavec_Dc;(1) Cizinci s dočasnou ochranou, který splňuje podmínky pro poskytování sociálních služeb stanovené zákonem o sociálních službách, se poskytují sociální služby. Jsou-li příjmové, sociální a majetkové poměry cizince s dočasnou ochranou takové, že mu neumožňují ani částečnou úhradu nákladů za poskytování sociálních služeb, poskytují se mu sociální služby bez úhrady nákladů. Náklady na sociální služby podle věty druhé hradí stát. Své příjmové, sociální a majetkové poměry doloží cizinec s dočasnou ochranou všemi dostupnými doklady nebo formou čestného prohlášení.;norms;"<a data-odkaz-id=""22530537"" href=""#""  class=""ext_odkaz"">o sociálních službách</a>";o sociálních službách;22530537;ext_odkaz;NA;NA;NA;NA;esel-esb:právní-akt-odkaz/22530537;o sociálních službách;JINYPRED;129213;esel-esb:eli/cz/sb/2006/108/2022-02-01/dokument;62411;esel-esb:eli/cz/sb/2022/66/0000-00-00/dokument/norma/cast_3/par_5/odst_1;62411;2022/66;2006/108;2022/66;66/2022 Sb.
esel-esb:eli/cz/sb/2022/66/2024-01-01/dokument/norma/cast_3/par_5/odst_2;56435054;esel-esb:eli/cz/sb/2022/66/2024-01-01/dokument/norma/cast_3/par_5;§ 5 odst. 2;NA;2;NA;/2/3/4/2/;esel-esb:právní-akt-fragment/10936645;10936645;10936645;Odstavec_Dc;"(2) Po dobu prvních 6 měsíců ode dne udělení dočasné ochrany cizinec s dočasnou ochranou může za účelem výkonu činnosti podle § 116 odst. 1 zákona o sociálních službách doložit dosažené vzdělání obdobné základnímu vzdělání podle školského zákona čestným prohlášením. Po uplynutí této doby je možné doložit dosažené vzdělání obdobné základnímu vzdělání podle školského zákona čestným prohlášením, jen nelze-li jej prokázat řádným způsobem; cizinec s udělenou dočasnou ochranou zároveň uvede důvod, pro který nelze prokázat dosažené vzdělání řádným způsobem.";norms;"<a data-odkaz-id=""22530553"" href=""#""  class=""ext_odkaz"">§ 116 odst. 1</a>";§ 116 odst. 1;22530553;ext_odkaz;NA;NA;NA;NA;esel-esb:právní-akt-odkaz/22530553;§ 116 odst. 1;JINEUSTAN;129213;esel-esb:eli/cz/sb/2006/108/2022-02-01/dokument/norma/cast_9/par_116/odst_1;62411;esel-esb:eli/cz/sb/2022/66/0000-00-00/dokument/norma/cast_3/par_5/odst_2;62411;2022/66;2006/108;2022/66;66/2022 Sb.
esel-esb:eli/cz/sb/2022/66/2024-01-01/dokument/norma/cast_3/par_5/odst_2;56435054;esel-esb:eli/cz/sb/2022/66/2024-01-01/dokument/norma/cast_3/par_5;§ 5 odst. 2;NA;2;NA;/2/3/4/2/;esel-esb:právní-akt-fragment/10936645;10936645;10936645;Odstavec_Dc;"(2) Po dobu prvních 6 měsíců ode dne udělení dočasné ochrany cizinec s dočasnou ochranou může za účelem výkonu činnosti podle § 116 odst. 1 zákona o sociálních službách doložit dosažené vzdělání obdobné základnímu vzdělání podle školského zákona čestným prohlášením. Po uplynutí této doby je možné doložit dosažené vzdělání obdobné základnímu vzdělání podle školského zákona čestným prohlášením, jen nelze-li jej prokázat řádným způsobem; cizinec s udělenou dočasnou ochranou zároveň uvede důvod, pro který nelze prokázat dosažené vzdělání řádným způsobem.";norms;"<a data-odkaz-id=""22530569"" href=""#""  class=""ext_odkaz"">o sociálních službách</a>";o sociálních službách;22530569;ext_odkaz;NA;NA;NA;NA;esel-esb:právní-akt-odkaz/22530569;o sociálních službách;JINYPRED;129213;esel-esb:eli/cz/sb/2006/108/2022-02-01/dokument;62411;esel-esb:eli/cz/sb/2022/66/0000-00-00/dokument/norma/cast_3/par_5/odst_2;62411;2022/66;2006/108;2022/66;66/2022 Sb.
esel-esb:eli/cz/sb/2022/66/2024-01-01/dokument/norma/cast_3/par_5/odst_2;56435054;esel-esb:eli/cz/sb/2022/66/2024-01-01/dokument/norma/cast_3/par_5;§ 5 odst. 2;NA;2;NA;/2/3/4/2/;esel-esb:právní-akt-fragment/10936645;10936645;10936645;Odstavec_Dc;"(2) Po dobu prvních 6 měsíců ode dne udělení dočasné ochrany cizinec s dočasnou ochranou může za účelem výkonu činnosti podle § 116 odst. 1 zákona o sociálních službách doložit dosažené vzdělání obdobné základnímu vzdělání podle školského zákona čestným prohlášením. Po uplynutí této doby je možné doložit dosažené vzdělání obdobné základnímu vzdělání podle školského zákona čestným prohlášením, jen nelze-li jej prokázat řádným způsobem; cizinec s udělenou dočasnou ochranou zároveň uvede důvod, pro který nelze prokázat dosažené vzdělání řádným způsobem.";norms;"<a data-odkaz-id=""22530585"" href=""#""  class=""ext_odkaz"">školského zákona</a>";školského zákona;22530585;ext_odkaz;NA;NA;NA;NA;esel-esb:právní-akt-odkaz/22530585;školského zákona;JINYPRED;125043;esel-esb:eli/cz/sb/2004/561/2022-02-01/dokument;62411;esel-esb:eli/cz/sb/2022/66/0000-00-00/dokument/norma/cast_3/par_5/odst_2;62411;2022/66;2004/561;2022/66;66/2022 Sb.
esel-esb:eli/cz/sb/2022/66/2024-01-01/dokument/norma/cast_3/par_5/odst_2;56435054;esel-esb:eli/cz/sb/2022/66/2024-01-01/dokument/norma/cast_3/par_5;§ 5 odst. 2;NA;2;NA;/2/3/4/2/;esel-esb:právní-akt-fragment/10936645;10936645;10936645;Odstavec_Dc;"(2) Po dobu prvních 6 měsíců ode dne udělení dočasné ochrany cizinec s dočasnou ochranou může za účelem výkonu činnosti podle § 116 odst. 1 zákona o sociálních službách doložit dosažené vzdělání obdobné základnímu vzdělání podle školského zákona čestným prohlášením. Po uplynutí této doby je možné doložit dosažené vzdělání obdobné základnímu vzdělání podle školského zákona čestným prohlášením, jen nelze-li jej prokázat řádným způsobem; cizinec s udělenou dočasnou ochranou zároveň uvede důvod, pro který nelze prokázat dosažené vzdělání řádným způsobem.";norms;"<a data-odkaz-id=""22530601"" href=""#""  class=""ext_odkaz"">školského zákona</a>";školského zákona;22530601;ext_odkaz;NA;NA;NA;NA;esel-esb:právní-akt-odkaz/22530601;školského zákona;JINYPRED;125043;esel-esb:eli/cz/sb/2004/561/2022-02-01/dokument;62411;esel-esb:eli/cz/sb/2022/66/0000-00-00/dokument/norma/cast_3/par_5/odst_2;62411;2022/66;2004/561;2022/66;66/2022 Sb.
esel-esb:eli/cz/sb/2022/66/2024-01-01/dokument/norma/cast_3/par_5/odst_3;56435055;esel-esb:eli/cz/sb/2022/66/2024-01-01/dokument/norma/cast_3/par_5;§ 5 odst. 3;NA;3;NA;/2/3/4/3/;esel-esb:právní-akt-fragment/10936647;10936647;10936647;Odstavec_Dc;"(3) Cizinec s dočasnou ochranou může doložit za účelem výkonu činnosti podle § 116 odst. 1 zákona o sociálních službách bezúhonnost čestným prohlášením po dobu prvních 6 měsíců ode dne udělení dočasné ochrany; poté je povinen doložit bezúhonnost výpisem z evidence Rejstříků trestů za dobu pobytu na území České republiky na základě dočasné ochrany.";norms;"<a data-odkaz-id=""22530617"" href=""#""  class=""ext_odkaz"">§ 116 odst. 1</a>";§ 116 odst. 1;22530617;ext_odkaz;NA;NA;NA;NA;esel-esb:právní-akt-odkaz/22530617;§ 116 odst. 1;JINEUSTAN;129213;esel-esb:eli/cz/sb/2006/108/2022-02-01/dokument/norma/cast_9/par_116/odst_1;62411;esel-esb:eli/cz/sb/2022/66/0000-00-00/dokument/norma/cast_3/par_5/odst_3;62411;2022/66;2006/108;2022/66;66/2022 Sb.
esel-esb:eli/cz/sb/2022/66/2024-01-01/dokument/norma/cast_3/par_5/odst_3;56435055;esel-esb:eli/cz/sb/2022/66/2024-01-01/dokument/norma/cast_3/par_5;§ 5 odst. 3;NA;3;NA;/2/3/4/3/;esel-esb:právní-akt-fragment/10936647;10936647;10936647;Odstavec_Dc;"(3) Cizinec s dočasnou ochranou může doložit za účelem výkonu činnosti podle § 116 odst. 1 zákona o sociálních službách bezúhonnost čestným prohlášením po dobu prvních 6 měsíců ode dne udělení dočasné ochrany; poté je povinen doložit bezúhonnost výpisem z evidence Rejstříků trestů za dobu pobytu na území České republiky na základě dočasné ochrany.";norms;"<a data-odkaz-id=""22530633"" href=""#""  class=""ext_odkaz"">o sociálních službách</a>";o sociálních službách;22530633;ext_odkaz;NA;NA;NA;NA;esel-esb:právní-akt-odkaz/22530633;o sociálních službách;JINYPRED;129213;esel-esb:eli/cz/sb/2006/108/2022-02-01/dokument;62411;esel-esb:eli/cz/sb/2022/66/0000-00-00/dokument/norma/cast_3/par_5/odst_3;62411;2022/66;2006/108;2022/66;66/2022 Sb.
esel-esb:eli/cz/sb/2022/66/2024-01-01/dokument/norma/cast_3/par_6/odst_8;56435065;esel-esb:eli/cz/sb/2022/66/2024-01-01/dokument/norma/cast_3/par_6;§ 6 odst. 8;NA;8;NA;/2/3/6/8/;esel-esb:právní-akt-fragment/10936775;10936775;10936659;Odstavec_Dc;(8) V řízení o dávce se správní řád nepoužije.;norms;"<a data-odkaz-id=""22530769"" href=""#""  class=""ext_odkaz"">správní řád</a>";správní řád;22530769;ext_odkaz;NA;NA;NA;NA;esel-esb:právní-akt-odkaz/22530769;správní řád;JINYPRED;124693;esel-esb:eli/cz/sb/2004/500/2021-01-01/dokument;158517;esel-esb:eli/cz/sb/2022/66/2022-06-30/dokument/norma/cast_3/par_6/odst_8;158517;2022/66;2004/500;2022/66;66/2022 Sb.
esel-esb:eli/cz/sb/2022/66/2024-01-01/dokument/norma/cast_3/par_6a/odst_3;56435075;esel-esb:eli/cz/sb/2022/66/2024-01-01/dokument/norma/cast_3/par_6a;§ 6a odst. 3;NA;3;NA;/2/3/7/4/;esel-esb:právní-akt-fragment/10936807;10936807;10936807;Odstavec_Dc;(3) Údaje uvedené v odstavci 2 do evidence bytů zadává vlastník bytu, a to s využitím elektronické identifikace určené Ministerstvem práce a sociálních věcí.;norms;"<a data-odkaz-id=""22530779"" href=""#""  class=""int_odkaz"">odstavci 2</a>";odstavci 2;22530779;int_odkaz;NA;NA;NA;NA;esel-esb:právní-akt-odkaz/22530779;odstavci 2;INTUSTAN;158521;esel-esb:eli/cz/sb/2022/66/2023-04-01/dokument/norma/cast_3/par_6a/odst_2;158521;esel-esb:eli/cz/sb/2022/66/2023-04-01/dokument/norma/cast_3/par_6a/odst_3;158521;2022/66;2022/66;2022/66;66/2022 Sb.
esel-esb:eli/cz/sb/2022/66/2024-01-01/dokument/norma/cast_3/par_6b/odst_1/pism_a;56435078;esel-esb:eli/cz/sb/2022/66/2024-01-01/dokument/norma/cast_3/par_6b/odst_1;§ 6b odst. 1 písm. a);NA;a;NA;/2/3/8/1/1/;esel-esb:právní-akt-fragment/10936813;10936813;10936813;Pismeno_Lb;a) do 18 let věku činí částku podle § 3 odst. 3 písm. b) zákona č. 110/2006 Sb., o životním a existenčním minimu, ve znění pozdějších předpisů,;norms;"<a data-odkaz-id=""22530785"" href=""#""  class=""ext_odkaz"">§ 3 odst. 3 písm. b)</a>";§ 3 odst. 3 písm. b);22530785;ext_odkaz;NA;NA;NA;NA;esel-esb:právní-akt-odkaz/22530785;§ 3 odst. 3 písm. b);JINEUSTAN;129247;esel-esb:eli/cz/sb/2006/110/2011-04-01/dokument/norma/par_3/odst_3/pism_b;158525;esel-esb:eli/cz/sb/2022/66/2023-07-01/dokument/norma/cast_3/par_6b/odst_1/pism_a;158525;2022/66;2006/110;2022/66;66/2022 Sb.
esel-esb:eli/cz/sb/2022/66/2024-01-01/dokument/norma/cast_3/par_6b/odst_1/pism_a;56435078;esel-esb:eli/cz/sb/2022/66/2024-01-01/dokument/norma/cast_3/par_6b/odst_1;§ 6b odst. 1 písm. a);NA;a;NA;/2/3/8/1/1/;esel-esb:právní-akt-fragment/10936813;10936813;10936813;Pismeno_Lb;a) do 18 let věku činí částku podle § 3 odst. 3 písm. b) zákona č. 110/2006 Sb., o životním a existenčním minimu, ve znění pozdějších předpisů,;norms;"<a data-odkaz-id=""22530787"" href=""#""  class=""ext_odkaz"">zákona č. 110/2006 Sb., o životním a existenčním minimu</a>";zákona č. 110/2006 Sb., o životním a existenčním minimu;22530787;ext_odkaz;NA;NA;NA;NA;esel-esb:právní-akt-odkaz/22530787;zákona č. 110/2006 Sb.;JINYPRED;129279;esel-esb:eli/cz/sb/2006/110/2023-01-01/dokument;158525;esel-esb:eli/cz/sb/2022/66/2023-07-01/dokument/norma/cast_3/par_6b/odst_1/pism_a;158525;2022/66;2006/110;2022/66;66/2022 Sb.
esel-esb:eli/cz/sb/2022/66/2024-01-01/dokument/norma/cast_3/par_6b/odst_1/pism_b;56435079;esel-esb:eli/cz/sb/2022/66/2024-01-01/dokument/norma/cast_3/par_6b/odst_1;§ 6b odst. 1 písm. b);NA;b;NA;/2/3/8/1/2/;esel-esb:právní-akt-fragment/10936815;10936815;10936815;Pismeno_Lb;b) od 18 let věku činí částku podle § 2 zákona č. 110/2006 Sb., o životním a existenčním minimu, ve znění pozdějších předpisů, není-li dále stanoveno jinak,;norms;"<a data-odkaz-id=""22526707"" href=""#""  class=""ext_odkaz"">§ 2</a>";§ 2;22526707;ext_odkaz;NA;NA;NA;NA;esel-esb:právní-akt-odkaz/22526707;§ 2;JINEUSTAN;129279;esel-esb:eli/cz/sb/2006/110/2023-01-01/dokument/norma/par_2;158525;esel-esb:eli/cz/sb/2022/66/2023-07-01/dokument/norma/cast_3/par_6b/odst_1/pism_b;158525;2022/66;2006/110;2022/66;66/2022 Sb.
esel-esb:eli/cz/sb/2022/66/2024-01-01/dokument/norma/cast_3/par_6b/odst_1/pism_b;56435079;esel-esb:eli/cz/sb/2022/66/2024-01-01/dokument/norma/cast_3/par_6b/odst_1;§ 6b odst. 1 písm. b);NA;b;NA;/2/3/8/1/2/;esel-esb:právní-akt-fragment/10936815;10936815;10936815;Pismeno_Lb;b) od 18 let věku činí částku podle § 2 zákona č. 110/2006 Sb., o životním a existenčním minimu, ve znění pozdějších předpisů, není-li dále stanoveno jinak,;norms;"<a data-odkaz-id=""22526709"" href=""#""  class=""ext_odkaz"">zákona č. 110/2006 Sb., o životním a existenčním minimu</a>";zákona č. 110/2006 Sb., o životním a existenčním minimu;22526709;ext_odkaz;NA;NA;NA;NA;esel-esb:právní-akt-odkaz/22526709;zákona č. 110/2006 Sb.;JINYPRED;129279;esel-esb:eli/cz/sb/2006/110/2023-01-01/dokument;158525;esel-esb:eli/cz/sb/2022/66/2023-07-01/dokument/norma/cast_3/par_6b/odst_1/pism_b;158525;2022/66;2006/110;2022/66;66/2022 Sb.
esel-esb:eli/cz/sb/2022/66/2024-01-01/dokument/norma/cast_3/par_6b/odst_1/pism_c;56435080;esel-esb:eli/cz/sb/2022/66/2024-01-01/dokument/norma/cast_3/par_6b/odst_1;§ 6b odst. 1 písm. c);NA;c;NA;/2/3/8/1/3/;esel-esb:právní-akt-fragment/71733125;71733125;10936817;Pismeno_Lb;c) který je invalidní nebo je držitelem průkazu osvědčujícího zdravotní postižení, který byl vydán na Ukrajině, nebo osobou, která byla uznána za osobu zdravotně postiženou Institutem posuzování zdravotního stavu podle § 6d, činí 1,5násobek částky podle písmene a) nebo b) podle věku,;norms;"<a data-odkaz-id=""30685263"" href=""#""  class=""int_odkaz"">§ 6d</a>";§ 6d;30685263;int_odkaz;NA;NA;NA;NA;esel-esb:právní-akt-odkaz/30685263;§ 6d;INTUSTAN;433369;esel-esb:eli/cz/sb/2022/66/2024-01-01/dokument/norma/cast_3/par_6d;433369;esel-esb:eli/cz/sb/2022/66/2024-01-01/dokument/norma/cast_3/par_6b/odst_1/pism_c;433369;2022/66;2022/66;2022/66;66/2022 Sb.
esel-esb:eli/cz/sb/2022/66/2024-01-01/dokument/norma/cast_3/par_6b/odst_1/pism_c;56435080;esel-esb:eli/cz/sb/2022/66/2024-01-01/dokument/norma/cast_3/par_6b/odst_1;§ 6b odst. 1 písm. c);NA;c;NA;/2/3/8/1/3/;esel-esb:právní-akt-fragment/71733125;71733125;10936817;Pismeno_Lb;c) který je invalidní nebo je držitelem průkazu osvědčujícího zdravotní postižení, který byl vydán na Ukrajině, nebo osobou, která byla uznána za osobu zdravotně postiženou Institutem posuzování zdravotního stavu podle § 6d, činí 1,5násobek částky podle písmene a) nebo b) podle věku,;norms;"<a data-odkaz-id=""30685273"" href=""#""  class=""int_odkaz"">písmene a)</a>";písmene a);30685273;int_odkaz;NA;NA;NA;NA;esel-esb:právní-akt-odkaz/30685273;písmene a);INTUSTAN;433369;esel-esb:eli/cz/sb/2022/66/2024-01-01/dokument/norma/cast_3/par_6b/odst_1/pism_a;433369;esel-esb:eli/cz/sb/2022/66/2024-01-01/dokument/norma/cast_3/par_6b/odst_1/pism_c;433369;2022/66;2022/66;2022/66;66/2022 Sb.
esel-esb:eli/cz/sb/2022/66/2024-01-01/dokument/norma/cast_3/par_6b/odst_1/pism_c;56435080;esel-esb:eli/cz/sb/2022/66/2024-01-01/dokument/norma/cast_3/par_6b/odst_1;§ 6b odst. 1 písm. c);NA;c;NA;/2/3/8/1/3/;esel-esb:právní-akt-fragment/71733125;71733125;10936817;Pismeno_Lb;c) který je invalidní nebo je držitelem průkazu osvědčujícího zdravotní postižení, který byl vydán na Ukrajině, nebo osobou, která byla uznána za osobu zdravotně postiženou Institutem posuzování zdravotního stavu podle § 6d, činí 1,5násobek částky podle písmene a) nebo b) podle věku,;norms;"<a data-odkaz-id=""30685283"" href=""#""  class=""int_odkaz"">b)</a>";b);30685283;int_odkaz;NA;NA;NA;NA;esel-esb:právní-akt-odkaz/30685283;b);INTUSTAN;433369;esel-esb:eli/cz/sb/2022/66/2024-01-01/dokument/norma/cast_3/par_6b/odst_1/pism_b;433369;esel-esb:eli/cz/sb/2022/66/2024-01-01/dokument/norma/cast_3/par_6b/odst_1/pism_c;433369;2022/66;2022/66;2022/66;66/2022 Sb.
esel-esb:eli/cz/sb/2022/66/2024-01-01/dokument/norma/cast_3/par_6b/odst_1/pism_d;56435081;esel-esb:eli/cz/sb/2022/66/2024-01-01/dokument/norma/cast_3/par_6b/odst_1;§ 6b odst. 1 písm. d);NA;d;NA;/2/3/8/1/4/;esel-esb:právní-akt-fragment/10936819;10936819;10936819;Pismeno_Lb;d) od 6 do 10 let věku činí 1,2násobek částky podle písmene a),;norms;"<a data-odkaz-id=""22526717"" href=""#""  class=""int_odkaz"">písmene a)</a>";písmene a);22526717;int_odkaz;NA;NA;NA;NA;esel-esb:právní-akt-odkaz/22526717;písmene a);INTUSTAN;158525;esel-esb:eli/cz/sb/2022/66/2023-07-01/dokument/norma/cast_3/par_6b/odst_1/pism_a;158525;esel-esb:eli/cz/sb/2022/66/2023-07-01/dokument/norma/cast_3/par_6b/odst_1/pism_d;158525;2022/66;2022/66;2022/66;66/2022 Sb.
esel-esb:eli/cz/sb/2022/66/2024-01-01/dokument/norma/cast_3/par_6b/odst_1/pism_e;56435082;esel-esb:eli/cz/sb/2022/66/2024-01-01/dokument/norma/cast_3/par_6b/odst_1;§ 6b odst. 1 písm. e);NA;e;NA;/2/3/8/1/5/;esel-esb:právní-akt-fragment/10936821;10936821;10936821;Pismeno_Lb;e) od 18 let věku od měsíce bezprostředně následujícího po kalendářním měsíci, v němž uplyne doba 150 dnů ode dne, ve kterém byla cizinci udělena dočasná ochrana, činí částku podle § 5 odst. 1 zákona č. 110/2006 Sb., o životním a existenčním minimu, ve znění pozdějších předpisů, pokud není osobou;norms;"<a data-odkaz-id=""22530789"" href=""#""  class=""ext_odkaz"">§ 5 odst. 1</a>";§ 5 odst. 1;22530789;ext_odkaz;NA;NA;NA;NA;esel-esb:právní-akt-odkaz/22530789;§ 5 odst. 1;JINEUSTAN;129247;esel-esb:eli/cz/sb/2006/110/2011-04-01/dokument/norma/par_5/odst_1;158525;esel-esb:eli/cz/sb/2022/66/2023-07-01/dokument/norma/cast_3/par_6b/odst_1/pism_e;158525;2022/66;2006/110;2022/66;66/2022 Sb.
esel-esb:eli/cz/sb/2022/66/2024-01-01/dokument/norma/cast_3/par_6b/odst_1/pism_e;56435082;esel-esb:eli/cz/sb/2022/66/2024-01-01/dokument/norma/cast_3/par_6b/odst_1;§ 6b odst. 1 písm. e);NA;e;NA;/2/3/8/1/5/;esel-esb:právní-akt-fragment/10936821;10936821;10936821;Pismeno_Lb;e) od 18 let věku od měsíce bezprostředně následujícího po kalendářním měsíci, v němž uplyne doba 150 dnů ode dne, ve kterém byla cizinci udělena dočasná ochrana, činí částku podle § 5 odst. 1 zákona č. 110/2006 Sb., o životním a existenčním minimu, ve znění pozdějších předpisů, pokud není osobou;norms;"<a data-odkaz-id=""22530791"" href=""#""  class=""ext_odkaz"">zákona č. 110/2006 Sb., o životním a existenčním minimu</a>";zákona č. 110/2006 Sb., o životním a existenčním minimu;22530791;ext_odkaz;NA;NA;NA;NA;esel-esb:právní-akt-odkaz/22530791;zákona č. 110/2006 Sb.;JINYPRED;129279;esel-esb:eli/cz/sb/2006/110/2023-01-01/dokument;158525;esel-esb:eli/cz/sb/2022/66/2023-07-01/dokument/norma/cast_3/par_6b/odst_1/pism_e;158525;2022/66;2006/110;2022/66;66/2022 Sb.
esel-esb:eli/cz/sb/2022/66/2024-01-01/dokument/norma/cast_3/par_6b/odst_1/pism_e/bod_5;56435087;esel-esb:eli/cz/sb/2022/66/2024-01-01/dokument/norma/cast_3/par_6b/odst_1/pism_e;§ 6b odst. 1 písm. e) bod 5;NA;5;NA;/2/3/8/1/5/5/;esel-esb:právní-akt-fragment/71733127;71733127;10936831;Bod_Dd;5. invalidní nebo držitelem průkazu osvědčujícího zdravotní postižení, který byl vydán na Ukrajině, nebo osobou, která byla uznána za osobu se zdravotním postižením Institutem posuzování zdravotního stavu podle § 6d, nebo;norms;"<a data-odkaz-id=""30685293"" href=""#""  class=""int_odkaz"">§ 6d</a>";§ 6d;30685293;int_odkaz;NA;NA;NA;NA;esel-esb:právní-akt-odkaz/30685293;§ 6d;INTUSTAN;433369;esel-esb:eli/cz/sb/2022/66/2024-01-01/dokument/norma/cast_3/par_6d;433369;esel-esb:eli/cz/sb/2022/66/2024-01-01/dokument/norma/cast_3/par_6b/odst_1/pism_e/bod_5;433369;2022/66;2022/66;2022/66;66/2022 Sb.
esel-esb:eli/cz/sb/2022/66/2024-01-01/dokument/norma/cast_3/par_6b/odst_1/pism_e/bod_6;56435088;esel-esb:eli/cz/sb/2022/66/2024-01-01/dokument/norma/cast_3/par_6b/odst_1/pism_e;§ 6b odst. 1 písm. e) bod 6;NA;6;NA;/2/3/8/1/5/6/;esel-esb:právní-akt-fragment/10936833;10936833;10936833;Bod_Dd;6. pečující o osobu uvedenou v písmenu c), která byla touto osobou jako osoba pečující označena v žádosti o dávku.;norms;"<a data-odkaz-id=""22530795"" href=""#""  class=""int_odkaz"">písmenu c)</a>";písmenu c);22530795;int_odkaz;NA;NA;NA;NA;esel-esb:právní-akt-odkaz/22530795;písmenu c);INTUSTAN;158525;esel-esb:eli/cz/sb/2022/66/2023-07-01/dokument/norma/cast_3/par_6b/odst_1/pism_c;158525;esel-esb:eli/cz/sb/2022/66/2023-07-01/dokument/norma/cast_3/par_6b/odst_1/pism_e/bod_6;158525;2022/66;2022/66;2022/66;66/2022 Sb.
esel-esb:eli/cz/sb/2022/66/2024-01-01/dokument/norma/cast_3/par_6b/odst_2;56435089;esel-esb:eli/cz/sb/2022/66/2024-01-01/dokument/norma/cast_3/par_6b;§ 6b odst. 2;NA;2;NA;/2/3/8/2/;esel-esb:právní-akt-fragment/10936835;10936835;10936835;Odstavec_Dc;(2) Pro určení nároku na dávku a stanovení její výše se u cizince s dočasnou ochranou, který má náklady na bydlení na základě platného právního titulu k bydlení v bytě zařazeném v evidenci bytů, použijí započitatelné náklady na bydlení. Pro určení nároku na dávku a stanovení její výše u cizince s dočasnou ochranou, který má náklady na bydlení v ostatních prostorech k ubytování, než jsou uvedeny ve větě první, se použijí započitatelné náklady na ubytování, je-li cizinec s dočasnou ochranou výdělečně činný, nebo je-li krajskou pobočkou Úřadu práce evidován jako uchazeč o zaměstnání. Podmínka, že musí být cizinec s dočasnou ochranou výdělečně činný nebo být krajskou pobočkou Úřadu práce evidován jako uchazeč o zaměstnání, neplatí, jde-li o cizince s dočasnou ochranou uvedeného v odstavci 1 písm. a) nebo v odstavci 1 písm. e) bodech 1 až 6.;norms;"<a data-odkaz-id=""22530797"" href=""#""  class=""int_odkaz"">odstavci 1 písm. a)</a>";odstavci 1 písm. a);22530797;int_odkaz;NA;NA;NA;NA;esel-esb:právní-akt-odkaz/22530797;odstavci 1 písm. a);INTUSTAN;158525;esel-esb:eli/cz/sb/2022/66/2023-07-01/dokument/norma/cast_3/par_6b/odst_1/pism_a;158525;esel-esb:eli/cz/sb/2022/66/2023-07-01/dokument/norma/cast_3/par_6b/odst_2;158525;2022/66;2022/66;2022/66;66/2022 Sb.
esel-esb:eli/cz/sb/2022/66/2024-01-01/dokument/norma/cast_3/par_6b/odst_2;56435089;esel-esb:eli/cz/sb/2022/66/2024-01-01/dokument/norma/cast_3/par_6b;§ 6b odst. 2;NA;2;NA;/2/3/8/2/;esel-esb:právní-akt-fragment/10936835;10936835;10936835;Odstavec_Dc;(2) Pro určení nároku na dávku a stanovení její výše se u cizince s dočasnou ochranou, který má náklady na bydlení na základě platného právního titulu k bydlení v bytě zařazeném v evidenci bytů, použijí započitatelné náklady na bydlení. Pro určení nároku na dávku a stanovení její výše u cizince s dočasnou ochranou, který má náklady na bydlení v ostatních prostorech k ubytování, než jsou uvedeny ve větě první, se použijí započitatelné náklady na ubytování, je-li cizinec s dočasnou ochranou výdělečně činný, nebo je-li krajskou pobočkou Úřadu práce evidován jako uchazeč o zaměstnání. Podmínka, že musí být cizinec s dočasnou ochranou výdělečně činný nebo být krajskou pobočkou Úřadu práce evidován jako uchazeč o zaměstnání, neplatí, jde-li o cizince s dočasnou ochranou uvedeného v odstavci 1 písm. a) nebo v odstavci 1 písm. e) bodech 1 až 6.;norms;"<a data-odkaz-id=""22530799"" href=""#""  class=""int_odkaz"">odstavci 1 písm. e) bodech 1 až 6.</a>";odstavci 1 písm. e) bodech 1 až 6.;22530799;int_odkaz;NA;NA;NA;NA;esel-esb:právní-akt-odkaz/22530799;odstavci 1 písm. e) bodech 1 až 6.;INTUSTAN;158525;esel-esb:eli/cz/sb/2022/66/2023-07-01/dokument/norma/cast_3/par_6b/odst_1/pism_e/bod_1;158525;esel-esb:eli/cz/sb/2022/66/2023-07-01/dokument/norma/cast_3/par_6b/odst_2;158525;2022/66;2022/66;2022/66;66/2022 Sb.
esel-esb:eli/cz/sb/2022/66/2024-01-01/dokument/norma/cast_3/par_6b/odst_3;56435090;esel-esb:eli/cz/sb/2022/66/2024-01-01/dokument/norma/cast_3/par_6b;§ 6b odst. 3;NA;3;NA;/2/3/8/3/;esel-esb:právní-akt-fragment/71733129;71733129;10936837;Odstavec_Dc;"(3) Vláda stanoví nařízením v závislosti na vývoji ozbrojeného konfliktu na území Ukrajiny a jeho dopadů na možnosti zajištění přiměřeného bydlení cizinců s dočasnou ochranou na území České republiky výši započitatelných nákladů na bydlení v bytech zařazených v evidenci bytů a výši započitatelných nákladů na ubytování v ostatních prostorech k ubytování; výši započitatelných nákladů lze stanovit odlišně pro cizince s dočasnou ochranou, který je uveden v § 6b odst. 1 písm. a) nebo v § 6b odst. 1 písm. e) bodech 1 až 6, a pro ostatní cizince s dočasnou ochranou.";norms;"<a data-odkaz-id=""30685303"" href=""#""  class=""int_odkaz"">§ 6b odst. 1 písm. a)</a>";§ 6b odst. 1 písm. a);30685303;int_odkaz;NA;NA;NA;NA;esel-esb:právní-akt-odkaz/30685303;§ 6b odst. 1 písm. a);INTUSTAN;433365;esel-esb:eli/cz/sb/2022/66/2023-12-28/dokument/norma/cast_3/par_6b/odst_1/pism_a;433365;esel-esb:eli/cz/sb/2022/66/2023-12-28/dokument/norma/cast_3/par_6b/odst_3;433365;2022/66;2022/66;2022/66;66/2022 Sb.
esel-esb:eli/cz/sb/2022/66/2024-01-01/dokument/norma/cast_3/par_6b/odst_3;56435090;esel-esb:eli/cz/sb/2022/66/2024-01-01/dokument/norma/cast_3/par_6b;§ 6b odst. 3;NA;3;NA;/2/3/8/3/;esel-esb:právní-akt-fragment/71733129;71733129;10936837;Odstavec_Dc;"(3) Vláda stanoví nařízením v závislosti na vývoji ozbrojeného konfliktu na území Ukrajiny a jeho dopadů na možnosti zajištění přiměřeného bydlení cizinců s dočasnou ochranou na území České republiky výši započitatelných nákladů na bydlení v bytech zařazených v evidenci bytů a výši započitatelných nákladů na ubytování v ostatních prostorech k ubytování; výši započitatelných nákladů lze stanovit odlišně pro cizince s dočasnou ochranou, který je uveden v § 6b odst. 1 písm. a) nebo v § 6b odst. 1 písm. e) bodech 1 až 6, a pro ostatní cizince s dočasnou ochranou.";norms;"<a data-odkaz-id=""30685315"" href=""#""  class=""int_odkaz"">v</a>";v;30685315;int_odkaz;NA;NA;NA;NA;esel-esb:právní-akt-odkaz/30685315;v;INTUSTAN;433365;esel-esb:eli/cz/sb/2022/66/2023-12-28/dokument/norma/cast_3/par_6b/odst_5;433365;esel-esb:eli/cz/sb/2022/66/2023-12-28/dokument/norma/cast_3/par_6b/odst_3;433365;2022/66;2022/66;2022/66;66/2022 Sb.
esel-esb:eli/cz/sb/2022/66/2024-01-01/dokument/norma/cast_3/par_6b/odst_3;56435090;esel-esb:eli/cz/sb/2022/66/2024-01-01/dokument/norma/cast_3/par_6b;§ 6b odst. 3;NA;3;NA;/2/3/8/3/;esel-esb:právní-akt-fragment/71733129;71733129;10936837;Odstavec_Dc;"(3) Vláda stanoví nařízením v závislosti na vývoji ozbrojeného konfliktu na území Ukrajiny a jeho dopadů na možnosti zajištění přiměřeného bydlení cizinců s dočasnou ochranou na území České republiky výši započitatelných nákladů na bydlení v bytech zařazených v evidenci bytů a výši započitatelných nákladů na ubytování v ostatních prostorech k ubytování; výši započitatelných nákladů lze stanovit odlišně pro cizince s dočasnou ochranou, který je uveden v § 6b odst. 1 písm. a) nebo v § 6b odst. 1 písm. e) bodech 1 až 6, a pro ostatní cizince s dočasnou ochranou.";norms;"<a data-odkaz-id=""30685327"" href=""#""  class=""int_odkaz"">§ 6b odst. 1 písm. e) bodech 1 až 6</a>";§ 6b odst. 1 písm. e) bodech 1 až 6;30685327;int_odkaz;NA;NA;NA;NA;esel-esb:právní-akt-odkaz/30685327;§ 6b odst. 1 písm. e) bodech 1 až 6;INTUSTAN;433365;esel-esb:eli/cz/sb/2022/66/2023-12-28/dokument/norma/cast_3/par_6b/odst_1/pism_e/bod_1;433365;esel-esb:eli/cz/sb/2022/66/2023-12-28/dokument/norma/cast_3/par_6b/odst_3;433365;2022/66;2022/66;2022/66;66/2022 Sb.
esel-esb:eli/cz/sb/2022/66/2024-01-01/dokument/norma/cast_3/par_6b/odst_4;56435091;esel-esb:eli/cz/sb/2022/66/2024-01-01/dokument/norma/cast_3/par_6b;§ 6b odst. 4;NA;4;NA;/2/3/8/4/;esel-esb:právní-akt-fragment/10936839;10936839;10936839;Odstavec_Dc;(4) Pro určení výše dávky cizince s dočasnou ochranou, který je posuzován samostatně, se od součtu příslušné výše dávky podle odstavce 1 a příslušné částky započitatelných nákladů na bydlení nebo započitatelných nákladů na ubytování pro 1 osobu odečte součet jeho příjmů. Dosahuje-li výsledná částka určená podle věty první hodnotu vyšší než 0, činí výše dávky částku rozdílu dosaženého podle věty první, není-li dále stanoveno jinak. Dosahuje-li výsledná částka určená podle věty první hodnotu 0 nebo nižší, dávka nenáleží. Dosahuje-li výsledná částka určená podle věty první hodnotu vyšší než 0, ale nižší než 50, činí výše dávky 50 Kč.;norms;"<a data-odkaz-id=""22526835"" href=""#""  class=""int_odkaz"">odstavce 1</a>";odstavce 1;22526835;int_odkaz;NA;NA;NA;NA;esel-esb:právní-akt-odkaz/22526835;odstavce 1;INTUSTAN;158525;esel-esb:eli/cz/sb/2022/66/2023-07-01/dokument/norma/cast_3/par_6b/odst_1;158525;esel-esb:eli/cz/sb/2022/66/2023-07-01/dokument/norma/cast_3/par_6b/odst_4;158525;2022/66;2022/66;2022/66;66/2022 Sb.
esel-esb:eli/cz/sb/2022/66/2024-01-01/dokument/norma/cast_3/par_6b/odst_5;56435092;esel-esb:eli/cz/sb/2022/66/2024-01-01/dokument/norma/cast_3/par_6b;§ 6b odst. 5;NA;5;NA;/2/3/8/5/;esel-esb:právní-akt-fragment/10936841;10936841;10936841;Odstavec_Dc;(5) Pro určení výše dávky pro cizince s dočasnou ochranou, kteří spolu bydlí a společně uhrazují náklady na své potřeby, se od součtu jejich příslušných výší dávek podle odstavce 1 a příslušné částky započitatelných nákladů na bydlení nebo ubytování určené podle počtu cizinců s dočasnou ochranou, kteří spolu bydlí a společně uhrazují náklady na své potřeby, odečte součet jejich příjmů. Dosahuje-li výsledná částka určená podle věty první hodnotu 0 nebo nižší, dávka nenáleží. Dosahuje-li výsledná částka určená podle věty první hodnotu vyšší než 0, činí výše dávky částku rozdílu dosaženého podle věty první, není-li dále stanoveno jinak. Dosahuje-li výsledná částka určená podle věty první hodnotu vyšší než 0, ale nižší než 50, činí výše dávky 50 Kč.;norms;"<a data-odkaz-id=""22530801"" href=""#""  class=""int_odkaz"">odstavce 1</a>";odstavce 1;22530801;int_odkaz;NA;NA;NA;NA;esel-esb:právní-akt-odkaz/22530801;odstavce 1;INTUSTAN;158525;esel-esb:eli/cz/sb/2022/66/2023-07-01/dokument/norma/cast_3/par_6b/odst_1;158525;esel-esb:eli/cz/sb/2022/66/2023-07-01/dokument/norma/cast_3/par_6b/odst_5;158525;2022/66;2022/66;2022/66;66/2022 Sb.
esel-esb:eli/cz/sb/2022/66/2024-01-01/dokument/norma/cast_3/par_6b/odst_6;56435093;esel-esb:eli/cz/sb/2022/66/2024-01-01/dokument/norma/cast_3/par_6b;§ 6b odst. 6;NA;6;NA;/2/3/8/6/;esel-esb:právní-akt-fragment/71733123;71733123;10936843;Odstavec_Dc;(6) Nárok na dávku nevznikne, pokud je výše finančních prostředků na účtech žadatele vyšší než dvojnásobek příslušné výše dávky podle odstavce 1, nebo pokud je výše finančních prostředků na účtech cizinců s dočasnou ochranou, kteří spolu bydlí a společně uhrazují náklady na své potřeby, vyšší, než je součet dvojnásobků jejich příslušných výší dávek podle odstavce 1.;norms;"<a data-odkaz-id=""30685243"" href=""#""  class=""int_odkaz"">odstavce 1</a>";odstavce 1;30685243;int_odkaz;NA;NA;NA;NA;esel-esb:právní-akt-odkaz/30685243;odstavce 1;INTUSTAN;433369;esel-esb:eli/cz/sb/2022/66/2024-01-01/dokument/norma/cast_3/par_6b/odst_1;433369;esel-esb:eli/cz/sb/2022/66/2024-01-01/dokument/norma/cast_3/par_6b/odst_6;433369;2022/66;2022/66;2022/66;66/2022 Sb.
esel-esb:eli/cz/sb/2022/66/2024-01-01/dokument/norma/cast_3/par_6b/odst_6;56435093;esel-esb:eli/cz/sb/2022/66/2024-01-01/dokument/norma/cast_3/par_6b;§ 6b odst. 6;NA;6;NA;/2/3/8/6/;esel-esb:právní-akt-fragment/71733123;71733123;10936843;Odstavec_Dc;(6) Nárok na dávku nevznikne, pokud je výše finančních prostředků na účtech žadatele vyšší než dvojnásobek příslušné výše dávky podle odstavce 1, nebo pokud je výše finančních prostředků na účtech cizinců s dočasnou ochranou, kteří spolu bydlí a společně uhrazují náklady na své potřeby, vyšší, než je součet dvojnásobků jejich příslušných výší dávek podle odstavce 1.;norms;"<a data-odkaz-id=""30685253"" href=""#""  class=""int_odkaz"">odstavce 1.</a>";odstavce 1.;30685253;int_odkaz;NA;NA;NA;NA;esel-esb:právní-akt-odkaz/30685253;odstavce 1.;INTUSTAN;433369;esel-esb:eli/cz/sb/2022/66/2024-01-01/dokument/norma/cast_3/par_6b/odst_1;433369;esel-esb:eli/cz/sb/2022/66/2024-01-01/dokument/norma/cast_3/par_6b/odst_6;433369;2022/66;2022/66;2022/66;66/2022 Sb.
esel-esb:eli/cz/sb/2022/66/2024-01-01/dokument/norma/cast_3/par_6c/odst_5;56435107;esel-esb:eli/cz/sb/2022/66/2024-01-01/dokument/norma/cast_3/par_6c;§ 6c odst. 5;NA;5;NA;/2/3/9/5/;esel-esb:právní-akt-fragment/71733085;71733085;71733085;Odstavec_Dc;"(5) Není-li potvrzení o příjmech ze závislé činnosti vykonávané v České republice předloženo žadatelem o dávku, zjišťuje krajská pobočka Úřadu práce výši příjmu postupem podle § 7; nezjistí-li krajská pobočka Úřadu práce příjem ze závislé činnosti tímto postupem, vyzve k předložení potvrzení o výši příjmu žadatele o dávku.";norms;"<a data-odkaz-id=""30685185"" href=""#""  class=""int_odkaz"">§ 7</a>";§ 7;30685185;int_odkaz;NA;NA;NA;NA;esel-esb:právní-akt-odkaz/30685185;§ 7;INTUSTAN;433365;esel-esb:eli/cz/sb/2022/66/2023-12-28/dokument/norma/cast_3/par_7;433365;esel-esb:eli/cz/sb/2022/66/2023-12-28/dokument/norma/cast_3/par_6c/odst_5;433365;2022/66;2022/66;2022/66;66/2022 Sb.
esel-esb:eli/cz/sb/2022/66/2024-01-01/dokument/norma/cast_3/par_6d/odst_1;56435110;esel-esb:eli/cz/sb/2022/66/2024-01-01/dokument/norma/cast_3/par_6d;§ 6d odst. 1;NA;1;NA;/2/3/10/2/;esel-esb:právní-akt-fragment/71733115;71733115;10936873;Odstavec_Dc;(1) Institut posuzování zdravotního stavu na žádost cizince s dočasnou ochranou posoudí, zda je tento cizinec osobou se zdravotním postižením. Za osobu se zdravotním postižením se pro účely tohoto zákona považuje osoba, jejíž nepříznivý zdravotní stav odpovídá dlouhodobě nepříznivému zdravotnímu stavu a jeho dopadům pro účely nároku na průkaz osoby se zdravotním postižením podle zákona č. 329/2011 Sb., o poskytování dávek osobám se zdravotním postižením a o změně souvisejících zákonů, ve znění pozdějších předpisů. Zdravotní stav cizince s dočasnou ochranou se posuzuje k datu podání žádosti. Při posuzování zdravotního stavu cizince a vyhotovení posudku Institut posuzování zdravotního stavu postupuje obdobně jako při posuzování zdravotního stavu a vyhotovení posudku pro účely průkazu osoby se zdravotním postižením.;norms;"<a data-odkaz-id=""30685237"" href=""#""  class=""ext_odkaz"">329/2011 Sb.</a>";329/2011 Sb.;30685237;ext_odkaz;NA;NA;NA;NA;esel-esb:právní-akt-odkaz/30685237;329/2011 Sb.;JINYPRED;140601;esel-esb:eli/cz/sb/2011/329/2022-12-01/dokument;433369;esel-esb:eli/cz/sb/2022/66/2024-01-01/dokument/norma/cast_3/par_6d/odst_1;433369;2022/66;2011/329;2022/66;66/2022 Sb.
esel-esb:eli/cz/sb/2022/66/2024-01-01/dokument/norma/cast_3/par_7/frag_71733089;56435116;esel-esb:eli/cz/sb/2022/66/2024-01-01/dokument/norma/cast_3/par_7;NA;NA;NA;NA;/2/3/11/1/;esel-esb:právní-akt-fragment/71733089;71733089;10936663;Odstavec_Dc;"Je-li podle § 6c odst. 5 vyzván zaměstnavatel k zaslání potvrzení o výši příjmu žadatele nebo dalších osob uvedených v žádosti o dávku, je povinen zaslat toto potvrzení krajské pobočce Úřadu práce do 8 dnů ode dne doručení výzvy, neurčila-li krajská pobočka Úřadu práce delší lhůtu. Má-li zaměstnavatel zpřístupněnu datovou schránku4), je povinen potvrzení o výši rozhodného příjmu doručit pouze dálkovým přístupem datovou zprávou do datové schránky určené krajskou pobočkou Úřadu práce nebo využitím informačního systému. Zaměstnavatel je povinen doručit potvrzení podle věty druhé podle specifikace komunikace mezi krajskou pobočkou Úřadu práce a zaměstnavatelem a ve formátu, s obsahem a strukturou datové zprávy, které stanoví Ministerstvo práce a sociálních věcí vyhláškou. Nesplňuje-li potvrzení o výši příjmu tyto podmínky, nepřihlíží se k němu; krajská pobočka Úřadu práce je povinna upozornit zaměstnavatele, který mu doručil potvrzení o výši příjmu, které nesplňuje tyto podmínky, na tuto skutečnost a na to, že se k tomuto potvrzení nepřihlíží.";norms;"<a data-odkaz-id=""30685197"" href=""#""  class=""int_odkaz"">§ 6c odst. 5</a>";§ 6c odst. 5;30685197;int_odkaz;NA;NA;NA;NA;esel-esb:právní-akt-odkaz/30685197;§ 6c odst. 5;INTUSTAN;433365;esel-esb:eli/cz/sb/2022/66/2023-12-28/dokument/norma/cast_3/par_6c/odst_5;433365;esel-esb:eli/cz/sb/2022/66/2023-12-28/dokument/norma/cast_3/par_7/frag_71733089;433365;2022/66;2022/66;2022/66;66/2022 Sb.
esel-esb:eli/cz/sb/2022/66/2024-01-01/dokument/norma/cast_3/par_7/frag_71733089;56435116;esel-esb:eli/cz/sb/2022/66/2024-01-01/dokument/norma/cast_3/par_7;NA;NA;NA;NA;/2/3/11/1/;esel-esb:právní-akt-fragment/71733089;71733089;10936663;Odstavec_Dc;"Je-li podle § 6c odst. 5 vyzván zaměstnavatel k zaslání potvrzení o výši příjmu žadatele nebo dalších osob uvedených v žádosti o dávku, je povinen zaslat toto potvrzení krajské pobočce Úřadu práce do 8 dnů ode dne doručení výzvy, neurčila-li krajská pobočka Úřadu práce delší lhůtu. Má-li zaměstnavatel zpřístupněnu datovou schránku4), je povinen potvrzení o výši rozhodného příjmu doručit pouze dálkovým přístupem datovou zprávou do datové schránky určené krajskou pobočkou Úřadu práce nebo využitím informačního systému. Zaměstnavatel je povinen doručit potvrzení podle věty druhé podle specifikace komunikace mezi krajskou pobočkou Úřadu práce a zaměstnavatelem a ve formátu, s obsahem a strukturou datové zprávy, které stanoví Ministerstvo práce a sociálních věcí vyhláškou. Nesplňuje-li potvrzení o výši příjmu tyto podmínky, nepřihlíží se k němu; krajská pobočka Úřadu práce je povinna upozornit zaměstnavatele, který mu doručil potvrzení o výši příjmu, které nesplňuje tyto podmínky, na tuto skutečnost a na to, že se k tomuto potvrzení nepřihlíží.";norms;"<a data-odkaz-id=""30685201"" href=""#""  class=""int_odkaz""><sup>4</sup>)</a>";4);30685201;int_odkaz;NA;NA;NA;NA;esel-esb:právní-akt-odkaz/30685201;<sup>4</sup>);POZNAMKA;433365;esel-esb:eli/cz/sb/2022/66/2023-12-28/dokument/poznamkypodcarou/ppc_4;433365;esel-esb:eli/cz/sb/2022/66/2023-12-28/dokument/norma/cast_3/par_7/frag_71733089;433365;2022/66;2022/66;2022/66;66/2022 Sb.
esel-esb:eli/cz/sb/2022/66/2024-01-01/dokument/norma/cast_3/par_8/odst_2/pism_f;56435126;esel-esb:eli/cz/sb/2022/66/2024-01-01/dokument/norma/cast_3/par_8/odst_2;§ 8 odst. 2 písm. f);NA;f;NA;/2/3/12/3/6/;esel-esb:právní-akt-fragment/10936683;10936683;10936683;Pismeno_Lb;f) čestné prohlášení žadatele, že jsou splněny podmínky pro ubytování podle odstavce 1 věty poslední.;norms;"<a data-odkaz-id=""22506515"" href=""#""  class=""int_odkaz"">odstavce 1</a>";odstavce 1;22506515;int_odkaz;NA;NA;NA;NA;esel-esb:právní-akt-odkaz/22506515;odstavce 1;INTUSTAN;62411;esel-esb:eli/cz/sb/2022/66/0000-00-00/dokument/norma/cast_3/par_8/odst_1;62411;esel-esb:eli/cz/sb/2022/66/0000-00-00/dokument/norma/cast_3/par_8/odst_2/pism_f;62411;2022/66;2022/66;2022/66;66/2022 Sb.
esel-esb:eli/cz/sb/2022/66/2024-01-01/dokument/norma/cast_3/par_8/odst_4;56435128;esel-esb:eli/cz/sb/2022/66/2024-01-01/dokument/norma/cast_3/par_8;§ 8 odst. 4;NA;4;NA;/2/3/12/5/;esel-esb:právní-akt-fragment/10936687;10936687;10936687;Odstavec_Dc;(4) V řízení o příspěvku se správní řád nepoužije.;norms;"<a data-odkaz-id=""22530655"" href=""#""  class=""ext_odkaz"">správní řád</a>";správní řád;22530655;ext_odkaz;NA;NA;NA;NA;esel-esb:právní-akt-odkaz/22530655;správní řád;JINYPRED;124693;esel-esb:eli/cz/sb/2004/500/2021-01-01/dokument;62411;esel-esb:eli/cz/sb/2022/66/0000-00-00/dokument/norma/cast_3/par_8/odst_4;62411;2022/66;2004/500;2022/66;66/2022 Sb.
esel-esb:eli/cz/sb/2022/66/2024-01-01/dokument/norma/cast_3/par_8/odst_5;56435129;esel-esb:eli/cz/sb/2022/66/2024-01-01/dokument/norma/cast_3/par_8;§ 8 odst. 5;NA;5;NA;/2/3/12/6/;esel-esb:právní-akt-fragment/10936689;10936689;10936689;Odstavec_Dc;(5) Příspěvek se nebude považovat za příjem pro účely zákona o státní sociální podpoře, zákona o pomoci v hmotné nouzi, zákona o poskytování dávek osobám se zdravotním postižením a zákona o sociálních službách.;norms;"<a data-odkaz-id=""22530671"" href=""#""  class=""ext_odkaz"">o státní sociální podpoře</a>";o státní sociální podpoře;22530671;ext_odkaz;NA;NA;NA;NA;esel-esb:právní-akt-odkaz/22530671;o státní sociální podpoře;JINYPRED;101353;esel-esb:eli/cz/sb/1995/117/2022-02-01/dokument;62411;esel-esb:eli/cz/sb/2022/66/0000-00-00/dokument/norma/cast_3/par_8/odst_5;62411;2022/66;1995/117;2022/66;66/2022 Sb.
esel-esb:eli/cz/sb/2022/66/2024-01-01/dokument/norma/cast_3/par_8/odst_5;56435129;esel-esb:eli/cz/sb/2022/66/2024-01-01/dokument/norma/cast_3/par_8;§ 8 odst. 5;NA;5;NA;/2/3/12/6/;esel-esb:právní-akt-fragment/10936689;10936689;10936689;Odstavec_Dc;(5) Příspěvek se nebude považovat za příjem pro účely zákona o státní sociální podpoře, zákona o pomoci v hmotné nouzi, zákona o poskytování dávek osobám se zdravotním postižením a zákona o sociálních službách.;norms;"<a data-odkaz-id=""22530687"" href=""#""  class=""ext_odkaz"">zákona o pomoci v hmotné nouzi</a>";zákona o pomoci v hmotné nouzi;22530687;ext_odkaz;NA;NA;NA;NA;esel-esb:právní-akt-odkaz/22530687;zákona o pomoci v hmotné nouzi;JINYPRED;129353;esel-esb:eli/cz/sb/2006/111/2022-02-01/dokument;62411;esel-esb:eli/cz/sb/2022/66/0000-00-00/dokument/norma/cast_3/par_8/odst_5;62411;2022/66;2006/111;2022/66;66/2022 Sb.
esel-esb:eli/cz/sb/2022/66/2024-01-01/dokument/norma/cast_3/par_8/odst_5;56435129;esel-esb:eli/cz/sb/2022/66/2024-01-01/dokument/norma/cast_3/par_8;§ 8 odst. 5;NA;5;NA;/2/3/12/6/;esel-esb:právní-akt-fragment/10936689;10936689;10936689;Odstavec_Dc;(5) Příspěvek se nebude považovat za příjem pro účely zákona o státní sociální podpoře, zákona o pomoci v hmotné nouzi, zákona o poskytování dávek osobám se zdravotním postižením a zákona o sociálních službách.;norms;"<a data-odkaz-id=""22530703"" href=""#""  class=""ext_odkaz"">o sociálních službách</a>";o sociálních službách;22530703;ext_odkaz;NA;NA;NA;NA;esel-esb:právní-akt-odkaz/22530703;o sociálních službách;JINYPRED;129213;esel-esb:eli/cz/sb/2006/108/2022-02-01/dokument;62411;esel-esb:eli/cz/sb/2022/66/0000-00-00/dokument/norma/cast_3/par_8/odst_5;62411;2022/66;2006/108;2022/66;66/2022 Sb.
esel-esb:eli/cz/sb/2022/66/2024-01-01/dokument/norma/cast_3/par_8/odst_7;56435131;esel-esb:eli/cz/sb/2022/66/2024-01-01/dokument/norma/cast_3/par_8;§ 8 odst. 7;NA;7;NA;/2/3/12/8/;esel-esb:právní-akt-fragment/10936885;10936885;10936735;Odstavec_Dc;(7) Pro nárok na příspěvek se použije § 6 odst. 6 obdobně.;norms;"<a data-odkaz-id=""22526893"" href=""#""  class=""int_odkaz"">§ 6 odst. 6</a>";§ 6 odst. 6;22526893;int_odkaz;NA;NA;NA;NA;esel-esb:právní-akt-odkaz/22526893;§ 6 odst. 6;INTUSTAN;158525;esel-esb:eli/cz/sb/2022/66/2023-07-01/dokument/norma/cast_3/par_6/odst_6;158525;esel-esb:eli/cz/sb/2022/66/2023-07-01/dokument/norma/cast_3/par_8/odst_7;158525;2022/66;2022/66;2022/66;66/2022 Sb.
esel-esb:eli/cz/sb/2022/66/2024-01-01/dokument/norma/cast_3/par_8/odst_8;56435132;esel-esb:eli/cz/sb/2022/66/2024-01-01/dokument/norma/cast_3/par_8;§ 8 odst. 8;NA;8;NA;/2/3/12/9/;esel-esb:právní-akt-fragment/10936737;10936737;10936693;Odstavec_Dc;(8) Vláda nařízením podle odstavce 6 stanoví;norms;"<a data-odkaz-id=""22530723"" href=""#""  class=""int_odkaz"">odstavce 6</a>";odstavce 6;22530723;int_odkaz;NA;NA;NA;NA;esel-esb:právní-akt-odkaz/22530723;odstavce 6;INTUSTAN;158515;esel-esb:eli/cz/sb/2022/66/2022-06-27/dokument/norma/cast_3/par_8/odst_6;158515;esel-esb:eli/cz/sb/2022/66/2022-06-27/dokument/norma/cast_3/par_8/odst_8;158515;2022/66;2022/66;2022/66;66/2022 Sb.
esel-esb:eli/cz/sb/2022/66/2024-01-01/dokument/norma/cast_3/par_8a/odst_2;56435139;esel-esb:eli/cz/sb/2022/66/2024-01-01/dokument/norma/cast_3/par_8a;§ 8a odst. 2;NA;2;NA;/2/3/13/3/;esel-esb:právní-akt-fragment/10936895;10936895;10936895;Odstavec_Dc;(2) Krajské pobočky Úřadu práce a Ministerstvo práce a sociálních věcí jsou oprávněny získávat a zpracovávat údaje potřebné pro rozhodování o dávce a příspěvku a jejich výplatu včetně osobních údajů, a to v elektronické podobě způsobem umožňujícím dálkový přístup a zároveň zajišťujícím ochranu osobních údajů. Právnické a fyzické osoby jsou povinny poskytovat Ministerstvu práce a sociálních věcí údaje ze svých informačních systémů, jde-li o údaje nezbytné pro rozhodování o dávkách a příspěvcích podle tohoto zákona. Veškeré údaje o dávkách a příspěvcích podle tohoto zákona jsou součástí Jednotného informačního systému práce a sociálních věcí3).;norms;"<a data-odkaz-id=""22526895"" href=""#""  class=""int_odkaz""><sup>3</sup>)</a>";3);22526895;int_odkaz;NA;NA;NA;NA;esel-esb:právní-akt-odkaz/22526895;<sup>3</sup>);POZNAMKA;158525;esel-esb:eli/cz/sb/2022/66/2023-07-01/dokument/poznamkypodcarou/ppc_3;158525;esel-esb:eli/cz/sb/2022/66/2023-07-01/dokument/norma/cast_3/par_8a/odst_2;158525;2022/66;2022/66;2022/66;66/2022 Sb.
esel-esb:eli/cz/sb/2022/66/2024-01-01/dokument/norma/cast_3/par_8b/frag_10936901;56435142;esel-esb:eli/cz/sb/2022/66/2024-01-01/dokument/norma/cast_3/par_8b;NA;NA;NA;NA;/2/3/14/1/;esel-esb:právní-akt-fragment/10936901;10936901;10936901;Odstavec_Dc;Cizinci s dočasnou ochranou, který nemá právo na rovné zacházení vyplývající z předpisů Evropské unie, nevzniká nárok na dávky podle zákona č. 117/1995 Sb., o státní sociální podpoře, ve znění pozdějších předpisů, na příspěvek na živobytí a doplatek na bydlení podle zákona č. 111/2006 Sb., o pomoci v hmotné nouzi, ve znění pozdějších předpisů, na příspěvek na mobilitu, příspěvek na zvláštní pomůcku a na průkaz osoby se zdravotním postižením podle zákona č. 329/2011 Sb., o poskytování dávek osobám se zdravotním postižením a o změně souvisejících zákonů, ve znění pozdějších předpisů, na příspěvek na péči podle zákona č. 108/2006 Sb., o sociálních službách, ve znění pozdějších předpisů, a na náhradní výživné podle zákona č. 588/2020 Sb., o náhradním výživném pro nezaopatřené dítě a o změně některých souvisejících zákonů (zákon o náhradním výživném).;norms;"<a data-odkaz-id=""22530809"" href=""#""  class=""ext_odkaz"">zákona č. 117/1995 Sb., o státní sociální podpoře</a>";zákona č. 117/1995 Sb., o státní sociální podpoře;22530809;ext_odkaz;NA;NA;NA;NA;esel-esb:právní-akt-odkaz/22530809;zákona č. 117/1995 Sb.;JINYPRED;101363;esel-esb:eli/cz/sb/1995/117/2023-07-01/dokument;158525;esel-esb:eli/cz/sb/2022/66/2023-07-01/dokument/norma/cast_3/par_8b/frag_10936901;158525;2022/66;1995/117;2022/66;66/2022 Sb.
esel-esb:eli/cz/sb/2022/66/2024-01-01/dokument/norma/cast_3/par_8b/frag_10936901;56435142;esel-esb:eli/cz/sb/2022/66/2024-01-01/dokument/norma/cast_3/par_8b;NA;NA;NA;NA;/2/3/14/1/;esel-esb:právní-akt-fragment/10936901;10936901;10936901;Odstavec_Dc;Cizinci s dočasnou ochranou, který nemá právo na rovné zacházení vyplývající z předpisů Evropské unie, nevzniká nárok na dávky podle zákona č. 117/1995 Sb., o státní sociální podpoře, ve znění pozdějších předpisů, na příspěvek na živobytí a doplatek na bydlení podle zákona č. 111/2006 Sb., o pomoci v hmotné nouzi, ve znění pozdějších předpisů, na příspěvek na mobilitu, příspěvek na zvláštní pomůcku a na průkaz osoby se zdravotním postižením podle zákona č. 329/2011 Sb., o poskytování dávek osobám se zdravotním postižením a o změně souvisejících zákonů, ve znění pozdějších předpisů, na příspěvek na péči podle zákona č. 108/2006 Sb., o sociálních službách, ve znění pozdějších předpisů, a na náhradní výživné podle zákona č. 588/2020 Sb., o náhradním výživném pro nezaopatřené dítě a o změně některých souvisejících zákonů (zákon o náhradním výživném).;norms;"<a data-odkaz-id=""22530811"" href=""#""  class=""ext_odkaz"">zákona č. 111/2006 Sb., o pomoci v hmotné nouzi</a>";zákona č. 111/2006 Sb., o pomoci v hmotné nouzi;22530811;ext_odkaz;NA;NA;NA;NA;esel-esb:právní-akt-odkaz/22530811;zákona č. 111/2006 Sb.;JINYPRED;129357;esel-esb:eli/cz/sb/2006/111/2023-01-01/dokument;158525;esel-esb:eli/cz/sb/2022/66/2023-07-01/dokument/norma/cast_3/par_8b/frag_10936901;158525;2022/66;2006/111;2022/66;66/2022 Sb.
esel-esb:eli/cz/sb/2022/66/2024-01-01/dokument/norma/cast_3/par_8b/frag_10936901;56435142;esel-esb:eli/cz/sb/2022/66/2024-01-01/dokument/norma/cast_3/par_8b;NA;NA;NA;NA;/2/3/14/1/;esel-esb:právní-akt-fragment/10936901;10936901;10936901;Odstavec_Dc;Cizinci s dočasnou ochranou, který nemá právo na rovné zacházení vyplývající z předpisů Evropské unie, nevzniká nárok na dávky podle zákona č. 117/1995 Sb., o státní sociální podpoře, ve znění pozdějších předpisů, na příspěvek na živobytí a doplatek na bydlení podle zákona č. 111/2006 Sb., o pomoci v hmotné nouzi, ve znění pozdějších předpisů, na příspěvek na mobilitu, příspěvek na zvláštní pomůcku a na průkaz osoby se zdravotním postižením podle zákona č. 329/2011 Sb., o poskytování dávek osobám se zdravotním postižením a o změně souvisejících zákonů, ve znění pozdějších předpisů, na příspěvek na péči podle zákona č. 108/2006 Sb., o sociálních službách, ve znění pozdějších předpisů, a na náhradní výživné podle zákona č. 588/2020 Sb., o náhradním výživném pro nezaopatřené dítě a o změně některých souvisejících zákonů (zákon o náhradním výživném).;norms;"<a data-odkaz-id=""22530813"" href=""#""  class=""ext_odkaz"">zákona č. 329/2011 Sb., o poskytování dávek osobám se zdravotním postižením a o změně souvisejících zákonů</a>";zákona č. 329/2011 Sb., o poskytování dávek osobám se zdravotním postižením a o změně souvisejících zákonů;22530813;ext_odkaz;NA;NA;NA;NA;esel-esb:právní-akt-odkaz/22530813;zákona č. 329/2011 Sb.;JINYPRED;140601;esel-esb:eli/cz/sb/2011/329/2022-12-01/dokument;158525;esel-esb:eli/cz/sb/2022/66/2023-07-01/dokument/norma/cast_3/par_8b/frag_10936901;158525;2022/66;2011/329;2022/66;66/2022 Sb.
esel-esb:eli/cz/sb/2022/66/2024-01-01/dokument/norma/cast_3/par_8b/frag_10936901;56435142;esel-esb:eli/cz/sb/2022/66/2024-01-01/dokument/norma/cast_3/par_8b;NA;NA;NA;NA;/2/3/14/1/;esel-esb:právní-akt-fragment/10936901;10936901;10936901;Odstavec_Dc;Cizinci s dočasnou ochranou, který nemá právo na rovné zacházení vyplývající z předpisů Evropské unie, nevzniká nárok na dávky podle zákona č. 117/1995 Sb., o státní sociální podpoře, ve znění pozdějších předpisů, na příspěvek na živobytí a doplatek na bydlení podle zákona č. 111/2006 Sb., o pomoci v hmotné nouzi, ve znění pozdějších předpisů, na příspěvek na mobilitu, příspěvek na zvláštní pomůcku a na průkaz osoby se zdravotním postižením podle zákona č. 329/2011 Sb., o poskytování dávek osobám se zdravotním postižením a o změně souvisejících zákonů, ve znění pozdějších předpisů, na příspěvek na péči podle zákona č. 108/2006 Sb., o sociálních službách, ve znění pozdějších předpisů, a na náhradní výživné podle zákona č. 588/2020 Sb., o náhradním výživném pro nezaopatřené dítě a o změně některých souvisejících zákonů (zákon o náhradním výživném).;norms;"<a data-odkaz-id=""22530815"" href=""#""  class=""ext_odkaz"">zákona č. 108/2006 Sb., o sociálních službách</a>";zákona č. 108/2006 Sb., o sociálních službách;22530815;ext_odkaz;NA;NA;NA;NA;esel-esb:právní-akt-odkaz/22530815;zákona č. 108/2006 Sb.;JINYPRED;129215;esel-esb:eli/cz/sb/2006/108/2023-02-01/dokument;158525;esel-esb:eli/cz/sb/2022/66/2023-07-01/dokument/norma/cast_3/par_8b/frag_10936901;158525;2022/66;2006/108;2022/66;66/2022 Sb.
esel-esb:eli/cz/sb/2022/66/2024-01-01/dokument/norma/cast_3/par_8b/frag_10936901;56435142;esel-esb:eli/cz/sb/2022/66/2024-01-01/dokument/norma/cast_3/par_8b;NA;NA;NA;NA;/2/3/14/1/;esel-esb:právní-akt-fragment/10936901;10936901;10936901;Odstavec_Dc;Cizinci s dočasnou ochranou, který nemá právo na rovné zacházení vyplývající z předpisů Evropské unie, nevzniká nárok na dávky podle zákona č. 117/1995 Sb., o státní sociální podpoře, ve znění pozdějších předpisů, na příspěvek na živobytí a doplatek na bydlení podle zákona č. 111/2006 Sb., o pomoci v hmotné nouzi, ve znění pozdějších předpisů, na příspěvek na mobilitu, příspěvek na zvláštní pomůcku a na průkaz osoby se zdravotním postižením podle zákona č. 329/2011 Sb., o poskytování dávek osobám se zdravotním postižením a o změně souvisejících zákonů, ve znění pozdějších předpisů, na příspěvek na péči podle zákona č. 108/2006 Sb., o sociálních službách, ve znění pozdějších předpisů, a na náhradní výživné podle zákona č. 588/2020 Sb., o náhradním výživném pro nezaopatřené dítě a o změně některých souvisejících zákonů (zákon o náhradním výživném).;norms;"<a data-odkaz-id=""22530817"" href=""#""  class=""ext_odkaz"">zákona č. 588/2020 Sb., o náhradním výživném pro nezaopatřené dítě a o změně některých souvisejících zákonů</a>";zákona č. 588/2020 Sb., o náhradním výživném pro nezaopatřené dítě a o změně některých souvisejících zákonů;22530817;ext_odkaz;NA;NA;NA;NA;esel-esb:právní-akt-odkaz/22530817;zákona č. 588/2020 Sb.;JINYPRED;156501;esel-esb:eli/cz/sb/2020/588/2021-07-01/dokument;158525;esel-esb:eli/cz/sb/2022/66/2023-07-01/dokument/norma/cast_3/par_8b/frag_10936901;158525;2022/66;2020/588;2022/66;66/2022 Sb.
esel-esb:eli/cz/sb/2022/66/2024-01-01/dokument/poznamkypodcarou/ppc_1;56435154;esel-esb:eli/cz/sb/2022/66/2024-01-01/dokument/poznamkypodcarou;pozn. 1;NA;1;NA;/5/1/;esel-esb:právní-akt-fragment/10936723;10936723;10936723;PPC;1) Čl. 12 a 13 Směrnice Rady 2001/55/ES ze dne 20. července 2001 o minimálních normách pro poskytování dočasné ochrany v případě hromadného přílivu vysídlených osob a o opatřeních k zajištění rovnováhy mezi členskými státy při vynakládání úsilí v souvislosti s přijetím těchto osob a s následky z toho plynoucími.;notes;"<a data-odkaz-id=""23546765"" href=""#""  class=""ext_odkaz"" data-eurlex=""true"" data-celexid=""32001L0055"" data-cellarid=""c73f3c3d-13b6-4e10-a3ff-472aee1bdfa4"" data-orig-href=""http://eur-lex.europa.eu/legal-content/CS/AUTO/?uri=cellar:c73f3c3d-13b6-4e10-a3ff-472aee1bdfa4"">2001/55/ES</a>";2001/55/ES;23546765;ext_odkaz;true;32001L0055;c73f3c3d-13b6-4e10-a3ff-472aee1bdfa4;http://eur-lex.europa.eu/legal-content/CS/AUTO/?uri=cellar:c73f3c3d-13b6-4e10-a3ff-472aee1bdfa4;esel-esb:právní-akt-odkaz/23546765;2001/55/ES;PREDPEU;422099;NA;NA;esel-esb:eli/cz/sb/2022/66/0000-00-00/dokument/poznamkypodcarou/ppc_1;62411;2022/66;NA;2022/66;66/2022 Sb.
esel-esb:eli/cz/sb/2022/66/2024-01-01/dokument/poznamkypodcarou/ppc_2;56435155;esel-esb:eli/cz/sb/2022/66/2024-01-01/dokument/poznamkypodcarou;pozn. 2;NA;2;NA;/5/2/;esel-esb:právní-akt-fragment/10936725;10936725;10936725;PPC;2) Zákon č. 65/2022 Sb., o některých opatřeních v souvislosti s ozbrojeným konfliktem na území Ukrajiny vyvolaným invazí vojsk Ruské federace.;notes;"<a data-odkaz-id=""22506627"" href=""#""  class=""ext_odkaz"">Zákon č. 65/2022 Sb., o některých opatřeních v souvislosti s ozbrojeným konfliktem na území Ukrajiny vyvolaným invazí vojsk Ruské federace</a>";Zákon č. 65/2022 Sb., o některých opatřeních v souvislosti s ozbrojeným konfliktem na území Ukrajiny vyvolaným invazí vojsk Ruské federace;22506627;ext_odkaz;NA;NA;NA;NA;esel-esb:právní-akt-odkaz/22506627;Zákon č. 65/2022 Sb.;JINYPRED;158495;esel-esb:eli/cz/sb/2022/65/2022-03-21/dokument;62411;esel-esb:eli/cz/sb/2022/66/0000-00-00/dokument/poznamkypodcarou/ppc_2;62411;2022/66;2022/65;2022/66;66/2022 Sb.
esel-esb:eli/cz/sb/2022/66/2024-01-01/dokument/poznamkypodcarou/ppc_3;56435156;esel-esb:eli/cz/sb/2022/66/2024-01-01/dokument/poznamkypodcarou;pozn. 3;NA;3;NA;/5/3/;esel-esb:právní-akt-fragment/10936747;10936747;10936747;PPC;3) § 4a zákona č. 73/2011 Sb., o Úřadu práce České republiky a o změně souvisejících zákonů, ve znění pozdějších předpisů.;notes;"<a data-odkaz-id=""22530745"" href=""#""  class=""ext_odkaz"">§ 4a</a>";§ 4a;22530745;ext_odkaz;NA;NA;NA;NA;esel-esb:právní-akt-odkaz/22530745;§ 4a;JINEUSTAN;139721;esel-esb:eli/cz/sb/2011/73/2022-01-01/dokument/norma/cast_1/par_4a;158515;esel-esb:eli/cz/sb/2022/66/2022-06-27/dokument/poznamkypodcarou/ppc_3;158515;2022/66;2011/73;2022/66;66/2022 Sb.
esel-esb:eli/cz/sb/2022/66/2024-01-01/dokument/poznamkypodcarou/ppc_3;56435156;esel-esb:eli/cz/sb/2022/66/2024-01-01/dokument/poznamkypodcarou;pozn. 3;NA;3;NA;/5/3/;esel-esb:právní-akt-fragment/10936747;10936747;10936747;PPC;3) § 4a zákona č. 73/2011 Sb., o Úřadu práce České republiky a o změně souvisejících zákonů, ve znění pozdějších předpisů.;notes;"<a data-odkaz-id=""22530757"" href=""#""  class=""ext_odkaz"">zákona č. 73/2011 Sb., o Úřadu práce České republiky a o změně souvisejících zákonů</a>";zákona č. 73/2011 Sb., o Úřadu práce České republiky a o změně souvisejících zákonů;22530757;ext_odkaz;NA;NA;NA;NA;esel-esb:právní-akt-odkaz/22530757;zákona č. 73/2011 Sb.;JINYPRED;139721;esel-esb:eli/cz/sb/2011/73/2022-01-01/dokument;158515;esel-esb:eli/cz/sb/2022/66/2022-06-27/dokument/poznamkypodcarou/ppc_3;158515;2022/66;2011/73;2022/66;66/2022 Sb.
esel-esb:eli/cz/sb/2022/66/2024-01-01/dokument/poznamkypodcarou/ppc_4;56435157;esel-esb:eli/cz/sb/2022/66/2024-01-01/dokument/poznamkypodcarou;pozn. 4;NA;4;NA;/5/4/;esel-esb:právní-akt-fragment/71733091;71733091;10936917;PPC;4) Zákon č. 300/2008 Sb., o elektronických úkonech a autorizované konverzi dokumentů, ve znění pozdějších předpisů.;notes;"<a data-odkaz-id=""30685205"" href=""#""  class=""ext_odkaz"">300/2008 Sb.</a>";300/2008 Sb.;30685205;ext_odkaz;NA;NA;NA;NA;esel-esb:právní-akt-odkaz/30685205;300/2008 Sb.;JINYPRED;432203;esel-esb:eli/cz/sb/2008/300/2023-07-01/dokument;433365;esel-esb:eli/cz/sb/2022/66/2023-12-28/dokument/poznamkypodcarou/ppc_4;433365;2022/66;2008/300;2022/66;66/2022 Sb.
