fragment.iri;fragment.id;fragment.předek.iri;fragment.citace;fragment.citace.text;fragment.označení.uzlu;fragment.označení.uzlu.text;fragment.hierarchie;akt.fragment.iri;akt.fragment.id;fragment.base.id;typ.fragmentu;fragment.text_clean;source;tag;tag_clean;odkaz.id;class;data_eurlex;data_celexid;data_cellarid;data_orig_href;odkaz.iri;odkaz.citace.cíl;typ.vazba.odkazu;cíl.dokument.id;fragment.cíl.iri;fragment.cíl.dokument.id;fragment.zdroj.iri;fragment.zdroj.dokument.id;iri_z;iri_c;iri_v;akt.citace
esel-esb:eli/cz/sb/2023/67/2023-03-30/dokument/norma/par_1/frag_11097287;24012607;esel-esb:eli/cz/sb/2023/67/2023-03-30/dokument/norma/par_1;NA;NA;NA;NA;/2/1/2/;esel-esb:právní-akt-fragment/11097287;11097287;11097287;Odstavec_Dc;Tento zákon v návaznosti na přímo použitelný předpis Evropské unie1) k ochraně před zneužíváním hostingových služeb k veřejnému šíření teroristického obsahu online upravuje působnost správních orgánů vykonávajících státní správu na tomto úseku, pravomoc soudů, práva a povinnosti při odstraňování teroristického obsahu online a související přestupky.;norms;"<a data-odkaz-id=""22655291"" href=""#""  class=""int_odkaz""><sup>1</sup>)</a>";1);22655291;int_odkaz;NA;NA;NA;NA;esel-esb:právní-akt-odkaz/22655291;<sup>1</sup>);POZNAMKA;63461;esel-esb:eli/cz/sb/2023/67/0000-00-00/dokument/poznamkypodcarou/ppc_1;63461;esel-esb:eli/cz/sb/2023/67/0000-00-00/dokument/norma/par_1/frag_11097287;63461;2023/67;2023/67;2023/67;67/2023 Sb.
esel-esb:eli/cz/sb/2023/67/2023-03-30/dokument/norma/par_2/odst_1;24012610;esel-esb:eli/cz/sb/2023/67/2023-03-30/dokument/norma/par_2;§ 2 odst. 1;NA;1;NA;/2/2/2/;esel-esb:právní-akt-fragment/11097293;11097293;11097293;Odstavec_Dc;(1) Zjistí-li útvar Policie České republiky, jehož úkolem je boj s terorismem, (dále jen „policie“), že dochází ke zneužití hostingových služeb k veřejnému šíření teroristického obsahu online, může přikázat podle čl. 3 nařízení Evropského parlamentu a Rady (EU) 2021/784 (dále jen „nařízení“) odstranění teroristického obsahu nebo znemožnění přístupu k němu, a to na formuláři podle přílohy I nařízení. Při posuzování, zda dochází k veřejnému šíření teroristického obsahu online, policie přihlédne zejména ke skutečnému účelu šíření obsahu.;norms;"<a data-odkaz-id=""23557041"" href=""#""  class=""ext_odkaz"" data-eurlex=""true"" data-celexid=""32021R0784"" data-cellarid=""bf725143-b70d-11eb-8aca-01aa75ed71a1"" data-orig-href=""http://eur-lex.europa.eu/legal-content/CS/AUTO/?uri=cellar:bf725143-b70d-11eb-8aca-01aa75ed71a1"">2021/784</a>";2021/784;23557041;ext_odkaz;true;32021R0784;bf725143-b70d-11eb-8aca-01aa75ed71a1;http://eur-lex.europa.eu/legal-content/CS/AUTO/?uri=cellar:bf725143-b70d-11eb-8aca-01aa75ed71a1;esel-esb:právní-akt-odkaz/23557041;2021/784;PREDPEU;369967;NA;NA;esel-esb:eli/cz/sb/2023/67/0000-00-00/dokument/norma/par_2/odst_1;63461;2023/67;NA;2023/67;67/2023 Sb.
esel-esb:eli/cz/sb/2023/67/2023-03-30/dokument/norma/par_2/odst_1;24012610;esel-esb:eli/cz/sb/2023/67/2023-03-30/dokument/norma/par_2;§ 2 odst. 1;NA;1;NA;/2/2/2/;esel-esb:právní-akt-fragment/11097293;11097293;11097293;Odstavec_Dc;(1) Zjistí-li útvar Policie České republiky, jehož úkolem je boj s terorismem, (dále jen „policie“), že dochází ke zneužití hostingových služeb k veřejnému šíření teroristického obsahu online, může přikázat podle čl. 3 nařízení Evropského parlamentu a Rady (EU) 2021/784 (dále jen „nařízení“) odstranění teroristického obsahu nebo znemožnění přístupu k němu, a to na formuláři podle přílohy I nařízení. Při posuzování, zda dochází k veřejnému šíření teroristického obsahu online, policie přihlédne zejména ke skutečnému účelu šíření obsahu.;norms;"<a data-odkaz-id=""23557047"" href=""#""  class=""ext_odkaz"" data-eurlex=""true"" data-celexid=""32021R0784"" data-cellarid=""bf725143-b70d-11eb-8aca-01aa75ed71a1"" data-orig-href=""http://eur-lex.europa.eu/legal-content/CS/AUTO/?uri=cellar:bf725143-b70d-11eb-8aca-01aa75ed71a1"">nařízení</a>";nařízení;23557047;ext_odkaz;true;32021R0784;bf725143-b70d-11eb-8aca-01aa75ed71a1;http://eur-lex.europa.eu/legal-content/CS/AUTO/?uri=cellar:bf725143-b70d-11eb-8aca-01aa75ed71a1;esel-esb:právní-akt-odkaz/23557047;nařízení;PREDPEU;369967;NA;NA;esel-esb:eli/cz/sb/2023/67/0000-00-00/dokument/norma/par_2/odst_1;63461;2023/67;NA;2023/67;67/2023 Sb.
esel-esb:eli/cz/sb/2023/67/2023-03-30/dokument/norma/par_2/odst_2;24012611;esel-esb:eli/cz/sb/2023/67/2023-03-30/dokument/norma/par_2;§ 2 odst. 2;NA;2;NA;/2/2/3/;esel-esb:právní-akt-fragment/11097295;11097295;11097295;Odstavec_Dc;(2) Vydání příkazu k odstranění teroristického obsahu nebo znemožnění přístupu k němu (dále jen „příkaz k odstranění“) je prvním úkonem v řízení. Příkaz k odstranění se oznamuje pouze poskytovateli hostingové služby a lze jej doručit způsobem uvedeným v § 7 odst. 2.;norms;"<a data-odkaz-id=""22655297"" href=""#""  class=""int_odkaz"">§ 7 odst. 2</a>";§ 7 odst. 2;22655297;int_odkaz;NA;NA;NA;NA;esel-esb:právní-akt-odkaz/22655297;§ 7 odst. 2;INTUSTAN;63461;esel-esb:eli/cz/sb/2023/67/0000-00-00/dokument/norma/par_7/odst_2;63461;esel-esb:eli/cz/sb/2023/67/0000-00-00/dokument/norma/par_2/odst_2;63461;2023/67;2023/67;2023/67;67/2023 Sb.
esel-esb:eli/cz/sb/2023/67/2023-03-30/dokument/norma/par_2/odst_4;24012613;esel-esb:eli/cz/sb/2023/67/2023-03-30/dokument/norma/par_2;§ 2 odst. 4;NA;4;NA;/2/2/5/;esel-esb:právní-akt-fragment/11097299;11097299;11097299;Odstavec_Dc;(4) Policie zřídí kontaktní místo podle čl. 12 odst. 2 nařízení k plnění úkolů podle čl. 3 odst. 6 až 8 nařízení a způsobem umožňujícím nepřetržitý dálkový přístup zveřejní telefonní číslo pro veřejnou komunikační síť a adresu elektronické pošty, popřípadě další kontaktní údaje kontaktního místa.;norms;"<a data-odkaz-id=""23557029"" href=""#""  class=""ext_odkaz"" data-eurlex=""true"" data-celexid=""32021R0784"" data-cellarid=""bf725143-b70d-11eb-8aca-01aa75ed71a1"" data-orig-href=""http://eur-lex.europa.eu/legal-content/CS/AUTO/?uri=cellar:bf725143-b70d-11eb-8aca-01aa75ed71a1"">nařízení</a>";nařízení;23557029;ext_odkaz;true;32021R0784;bf725143-b70d-11eb-8aca-01aa75ed71a1;http://eur-lex.europa.eu/legal-content/CS/AUTO/?uri=cellar:bf725143-b70d-11eb-8aca-01aa75ed71a1;esel-esb:právní-akt-odkaz/23557029;nařízení;PREDPEU;369967;NA;NA;esel-esb:eli/cz/sb/2023/67/0000-00-00/dokument/norma/par_2/odst_4;63461;2023/67;NA;2023/67;67/2023 Sb.
esel-esb:eli/cz/sb/2023/67/2023-03-30/dokument/norma/par_2/odst_4;24012613;esel-esb:eli/cz/sb/2023/67/2023-03-30/dokument/norma/par_2;§ 2 odst. 4;NA;4;NA;/2/2/5/;esel-esb:právní-akt-fragment/11097299;11097299;11097299;Odstavec_Dc;(4) Policie zřídí kontaktní místo podle čl. 12 odst. 2 nařízení k plnění úkolů podle čl. 3 odst. 6 až 8 nařízení a způsobem umožňujícím nepřetržitý dálkový přístup zveřejní telefonní číslo pro veřejnou komunikační síť a adresu elektronické pošty, popřípadě další kontaktní údaje kontaktního místa.;norms;"<a data-odkaz-id=""23557035"" href=""#""  class=""ext_odkaz"" data-eurlex=""true"" data-celexid=""32021R0784"" data-cellarid=""bf725143-b70d-11eb-8aca-01aa75ed71a1"" data-orig-href=""http://eur-lex.europa.eu/legal-content/CS/AUTO/?uri=cellar:bf725143-b70d-11eb-8aca-01aa75ed71a1"">nařízení</a>";nařízení;23557035;ext_odkaz;true;32021R0784;bf725143-b70d-11eb-8aca-01aa75ed71a1;http://eur-lex.europa.eu/legal-content/CS/AUTO/?uri=cellar:bf725143-b70d-11eb-8aca-01aa75ed71a1;esel-esb:právní-akt-odkaz/23557035;nařízení;PREDPEU;369967;NA;NA;esel-esb:eli/cz/sb/2023/67/0000-00-00/dokument/norma/par_2/odst_4;63461;2023/67;NA;2023/67;67/2023 Sb.
esel-esb:eli/cz/sb/2023/67/2023-03-30/dokument/norma/par_3/odst_1;24012616;esel-esb:eli/cz/sb/2023/67/2023-03-30/dokument/norma/par_3;§ 3 odst. 1;NA;1;NA;/2/3/2/;esel-esb:právní-akt-fragment/11097305;11097305;11097305;Odstavec_Dc;(1) Dobu, po kterou není poskytovatel obsahu informován o odstranění teroristického obsahu nebo o znemožnění přístupu k němu, může policie podle čl. 11 odst. 3 nařízení prodloužit.;norms;"<a data-odkaz-id=""23557023"" href=""#""  class=""ext_odkaz"" data-eurlex=""true"" data-celexid=""32021R0784"" data-cellarid=""bf725143-b70d-11eb-8aca-01aa75ed71a1"" data-orig-href=""http://eur-lex.europa.eu/legal-content/CS/AUTO/?uri=cellar:bf725143-b70d-11eb-8aca-01aa75ed71a1"">nařízení</a>";nařízení;23557023;ext_odkaz;true;32021R0784;bf725143-b70d-11eb-8aca-01aa75ed71a1;http://eur-lex.europa.eu/legal-content/CS/AUTO/?uri=cellar:bf725143-b70d-11eb-8aca-01aa75ed71a1;esel-esb:právní-akt-odkaz/23557023;nařízení;PREDPEU;369967;NA;NA;esel-esb:eli/cz/sb/2023/67/0000-00-00/dokument/norma/par_3/odst_1;63461;2023/67;NA;2023/67;67/2023 Sb.
esel-esb:eli/cz/sb/2023/67/2023-03-30/dokument/norma/par_3/odst_2;24012617;esel-esb:eli/cz/sb/2023/67/2023-03-30/dokument/norma/par_3;§ 3 odst. 2;NA;2;NA;/2/3/3/;esel-esb:právní-akt-fragment/11097307;11097307;11097307;Odstavec_Dc;(2) Na postup podle odstavce 1 se § 2 odst. 2 a 3 použijí obdobně.;norms;"<a data-odkaz-id=""22655303"" href=""#""  class=""int_odkaz"">odstavce 1</a>";odstavce 1;22655303;int_odkaz;NA;NA;NA;NA;esel-esb:právní-akt-odkaz/22655303;odstavce 1;INTUSTAN;63461;esel-esb:eli/cz/sb/2023/67/0000-00-00/dokument/norma/par_3/odst_1;63461;esel-esb:eli/cz/sb/2023/67/0000-00-00/dokument/norma/par_3/odst_2;63461;2023/67;2023/67;2023/67;67/2023 Sb.
esel-esb:eli/cz/sb/2023/67/2023-03-30/dokument/norma/par_3/odst_2;24012617;esel-esb:eli/cz/sb/2023/67/2023-03-30/dokument/norma/par_3;§ 3 odst. 2;NA;2;NA;/2/3/3/;esel-esb:právní-akt-fragment/11097307;11097307;11097307;Odstavec_Dc;(2) Na postup podle odstavce 1 se § 2 odst. 2 a 3 použijí obdobně.;norms;"<a data-odkaz-id=""22655309"" href=""#""  class=""int_odkaz"">§ 2 odst. 2</a>";§ 2 odst. 2;22655309;int_odkaz;NA;NA;NA;NA;esel-esb:právní-akt-odkaz/22655309;§ 2 odst. 2;INTUSTAN;63461;esel-esb:eli/cz/sb/2023/67/0000-00-00/dokument/norma/par_2/odst_2;63461;esel-esb:eli/cz/sb/2023/67/0000-00-00/dokument/norma/par_3/odst_2;63461;2023/67;2023/67;2023/67;67/2023 Sb.
esel-esb:eli/cz/sb/2023/67/2023-03-30/dokument/norma/par_3/odst_2;24012617;esel-esb:eli/cz/sb/2023/67/2023-03-30/dokument/norma/par_3;§ 3 odst. 2;NA;2;NA;/2/3/3/;esel-esb:právní-akt-fragment/11097307;11097307;11097307;Odstavec_Dc;(2) Na postup podle odstavce 1 se § 2 odst. 2 a 3 použijí obdobně.;norms;"<a data-odkaz-id=""22655315"" href=""#""  class=""int_odkaz"">3</a>";3;22655315;int_odkaz;NA;NA;NA;NA;esel-esb:právní-akt-odkaz/22655315;3;INTUSTAN;63461;esel-esb:eli/cz/sb/2023/67/0000-00-00/dokument/norma/par_2/odst_3;63461;esel-esb:eli/cz/sb/2023/67/0000-00-00/dokument/norma/par_3/odst_2;63461;2023/67;2023/67;2023/67;67/2023 Sb.
esel-esb:eli/cz/sb/2023/67/2023-03-30/dokument/norma/par_4/odst_1;24012621;esel-esb:eli/cz/sb/2023/67/2023-03-30/dokument/norma/par_4;§ 4 odst. 1;NA;1;NA;/2/4/2/;esel-esb:právní-akt-fragment/11097315;11097315;11097315;Odstavec_Dc;(1) Ministerstvo vnitra (dále jen „ministerstvo“) podle čl. 4 nařízení rozhoduje, zda příkaz k odstranění předaný ministerstvu podle čl. 4 odst. 1 nařízení porušuje nařízení nebo Listinu základních práv Evropské unie.;norms;"<a data-odkaz-id=""23557005"" href=""#""  class=""ext_odkaz"" data-eurlex=""true"" data-celexid=""32021R0784"" data-cellarid=""bf725143-b70d-11eb-8aca-01aa75ed71a1"" data-orig-href=""http://eur-lex.europa.eu/legal-content/CS/AUTO/?uri=cellar:bf725143-b70d-11eb-8aca-01aa75ed71a1"">nařízení</a>";nařízení;23557005;ext_odkaz;true;32021R0784;bf725143-b70d-11eb-8aca-01aa75ed71a1;http://eur-lex.europa.eu/legal-content/CS/AUTO/?uri=cellar:bf725143-b70d-11eb-8aca-01aa75ed71a1;esel-esb:právní-akt-odkaz/23557005;nařízení;PREDPEU;369967;NA;NA;esel-esb:eli/cz/sb/2023/67/0000-00-00/dokument/norma/par_4/odst_1;63461;2023/67;NA;2023/67;67/2023 Sb.
esel-esb:eli/cz/sb/2023/67/2023-03-30/dokument/norma/par_4/odst_1;24012621;esel-esb:eli/cz/sb/2023/67/2023-03-30/dokument/norma/par_4;§ 4 odst. 1;NA;1;NA;/2/4/2/;esel-esb:právní-akt-fragment/11097315;11097315;11097315;Odstavec_Dc;(1) Ministerstvo vnitra (dále jen „ministerstvo“) podle čl. 4 nařízení rozhoduje, zda příkaz k odstranění předaný ministerstvu podle čl. 4 odst. 1 nařízení porušuje nařízení nebo Listinu základních práv Evropské unie.;norms;"<a data-odkaz-id=""23557011"" href=""#""  class=""ext_odkaz"" data-eurlex=""true"" data-celexid=""32021R0784"" data-cellarid=""bf725143-b70d-11eb-8aca-01aa75ed71a1"" data-orig-href=""http://eur-lex.europa.eu/legal-content/CS/AUTO/?uri=cellar:bf725143-b70d-11eb-8aca-01aa75ed71a1"">nařízení</a>";nařízení;23557011;ext_odkaz;true;32021R0784;bf725143-b70d-11eb-8aca-01aa75ed71a1;http://eur-lex.europa.eu/legal-content/CS/AUTO/?uri=cellar:bf725143-b70d-11eb-8aca-01aa75ed71a1;esel-esb:právní-akt-odkaz/23557011;nařízení;PREDPEU;369967;NA;NA;esel-esb:eli/cz/sb/2023/67/0000-00-00/dokument/norma/par_4/odst_1;63461;2023/67;NA;2023/67;67/2023 Sb.
esel-esb:eli/cz/sb/2023/67/2023-03-30/dokument/norma/par_4/odst_1;24012621;esel-esb:eli/cz/sb/2023/67/2023-03-30/dokument/norma/par_4;§ 4 odst. 1;NA;1;NA;/2/4/2/;esel-esb:právní-akt-fragment/11097315;11097315;11097315;Odstavec_Dc;(1) Ministerstvo vnitra (dále jen „ministerstvo“) podle čl. 4 nařízení rozhoduje, zda příkaz k odstranění předaný ministerstvu podle čl. 4 odst. 1 nařízení porušuje nařízení nebo Listinu základních práv Evropské unie.;norms;"<a data-odkaz-id=""23557017"" href=""#""  class=""ext_odkaz"" data-eurlex=""true"" data-celexid=""32021R0784"" data-cellarid=""bf725143-b70d-11eb-8aca-01aa75ed71a1"" data-orig-href=""http://eur-lex.europa.eu/legal-content/CS/AUTO/?uri=cellar:bf725143-b70d-11eb-8aca-01aa75ed71a1"">nařízení</a>";nařízení;23557017;ext_odkaz;true;32021R0784;bf725143-b70d-11eb-8aca-01aa75ed71a1;http://eur-lex.europa.eu/legal-content/CS/AUTO/?uri=cellar:bf725143-b70d-11eb-8aca-01aa75ed71a1;esel-esb:právní-akt-odkaz/23557017;nařízení;PREDPEU;369967;NA;NA;esel-esb:eli/cz/sb/2023/67/0000-00-00/dokument/norma/par_4/odst_1;63461;2023/67;NA;2023/67;67/2023 Sb.
esel-esb:eli/cz/sb/2023/67/2023-03-30/dokument/norma/par_4/odst_2;24012622;esel-esb:eli/cz/sb/2023/67/2023-03-30/dokument/norma/par_4;§ 4 odst. 2;NA;2;NA;/2/4/3/;esel-esb:právní-akt-fragment/11097317;11097317;11097317;Odstavec_Dc;(2) Vydání rozhodnutí podle čl. 4 odst. 3 nařízení je prvním úkonem v řízení. Při vydání rozhodnutí podle čl. 4 odst. 4 nařízení se § 36 odst. 3 správního řádu nepoužije. Proti rozhodnutí podle vět první a druhé nelze podat rozklad.;norms;"<a data-odkaz-id=""23556993"" href=""#""  class=""ext_odkaz"" data-eurlex=""true"" data-celexid=""32021R0784"" data-cellarid=""bf725143-b70d-11eb-8aca-01aa75ed71a1"" data-orig-href=""http://eur-lex.europa.eu/legal-content/CS/AUTO/?uri=cellar:bf725143-b70d-11eb-8aca-01aa75ed71a1"">nařízení</a>";nařízení;23556993;ext_odkaz;true;32021R0784;bf725143-b70d-11eb-8aca-01aa75ed71a1;http://eur-lex.europa.eu/legal-content/CS/AUTO/?uri=cellar:bf725143-b70d-11eb-8aca-01aa75ed71a1;esel-esb:právní-akt-odkaz/23556993;nařízení;PREDPEU;369967;NA;NA;esel-esb:eli/cz/sb/2023/67/0000-00-00/dokument/norma/par_4/odst_2;63461;2023/67;NA;2023/67;67/2023 Sb.
esel-esb:eli/cz/sb/2023/67/2023-03-30/dokument/norma/par_4/odst_2;24012622;esel-esb:eli/cz/sb/2023/67/2023-03-30/dokument/norma/par_4;§ 4 odst. 2;NA;2;NA;/2/4/3/;esel-esb:právní-akt-fragment/11097317;11097317;11097317;Odstavec_Dc;(2) Vydání rozhodnutí podle čl. 4 odst. 3 nařízení je prvním úkonem v řízení. Při vydání rozhodnutí podle čl. 4 odst. 4 nařízení se § 36 odst. 3 správního řádu nepoužije. Proti rozhodnutí podle vět první a druhé nelze podat rozklad.;norms;"<a data-odkaz-id=""23556999"" href=""#""  class=""ext_odkaz"" data-eurlex=""true"" data-celexid=""32021R0784"" data-cellarid=""bf725143-b70d-11eb-8aca-01aa75ed71a1"" data-orig-href=""http://eur-lex.europa.eu/legal-content/CS/AUTO/?uri=cellar:bf725143-b70d-11eb-8aca-01aa75ed71a1"">nařízení</a>";nařízení;23556999;ext_odkaz;true;32021R0784;bf725143-b70d-11eb-8aca-01aa75ed71a1;http://eur-lex.europa.eu/legal-content/CS/AUTO/?uri=cellar:bf725143-b70d-11eb-8aca-01aa75ed71a1;esel-esb:právní-akt-odkaz/23556999;nařízení;PREDPEU;369967;NA;NA;esel-esb:eli/cz/sb/2023/67/0000-00-00/dokument/norma/par_4/odst_2;63461;2023/67;NA;2023/67;67/2023 Sb.
esel-esb:eli/cz/sb/2023/67/2023-03-30/dokument/norma/par_4/odst_2;24012622;esel-esb:eli/cz/sb/2023/67/2023-03-30/dokument/norma/par_4;§ 4 odst. 2;NA;2;NA;/2/4/3/;esel-esb:právní-akt-fragment/11097317;11097317;11097317;Odstavec_Dc;(2) Vydání rozhodnutí podle čl. 4 odst. 3 nařízení je prvním úkonem v řízení. Při vydání rozhodnutí podle čl. 4 odst. 4 nařízení se § 36 odst. 3 správního řádu nepoužije. Proti rozhodnutí podle vět první a druhé nelze podat rozklad.;norms;"<a data-odkaz-id=""22655321"" href=""#""  class=""ext_odkaz"">§ 36 odst. 3</a>";§ 36 odst. 3;22655321;ext_odkaz;NA;NA;NA;NA;esel-esb:právní-akt-odkaz/22655321;§ 36 odst. 3;JINEUSTAN;124683;esel-esb:eli/cz/sb/2004/500/2016-09-19/dokument/norma/cast_2/hlava_3/dil_2/par_36/odst_3;63461;esel-esb:eli/cz/sb/2023/67/0000-00-00/dokument/norma/par_4/odst_2;63461;2023/67;2004/500;2023/67;67/2023 Sb.
esel-esb:eli/cz/sb/2023/67/2023-03-30/dokument/norma/par_4/odst_2;24012622;esel-esb:eli/cz/sb/2023/67/2023-03-30/dokument/norma/par_4;§ 4 odst. 2;NA;2;NA;/2/4/3/;esel-esb:právní-akt-fragment/11097317;11097317;11097317;Odstavec_Dc;(2) Vydání rozhodnutí podle čl. 4 odst. 3 nařízení je prvním úkonem v řízení. Při vydání rozhodnutí podle čl. 4 odst. 4 nařízení se § 36 odst. 3 správního řádu nepoužije. Proti rozhodnutí podle vět první a druhé nelze podat rozklad.;norms;"<a data-odkaz-id=""22655327"" href=""#""  class=""ext_odkaz"">správního řádu</a>";správního řádu;22655327;ext_odkaz;NA;NA;NA;NA;esel-esb:právní-akt-odkaz/22655327;správního řádu;JINYPRED;124693;esel-esb:eli/cz/sb/2004/500/2021-01-01/dokument;63461;esel-esb:eli/cz/sb/2023/67/0000-00-00/dokument/norma/par_4/odst_2;63461;2023/67;2004/500;2023/67;67/2023 Sb.
esel-esb:eli/cz/sb/2023/67/2023-03-30/dokument/norma/par_5/odst_1;24012625;esel-esb:eli/cz/sb/2023/67/2023-03-30/dokument/norma/par_5;§ 5 odst. 1;NA;1;NA;/2/5/2/;esel-esb:právní-akt-fragment/11097323;11097323;11097323;Odstavec_Dc;(1) Český telekomunikační úřad (dále jen „Úřad“) vykonává dohled nad prováděním zvláštních opatření podle čl. 5 nařízení. V rámci výkonu dohledu může Úřad provádět kontrolu podle kontrolního řádu.;norms;"<a data-odkaz-id=""23556987"" href=""#""  class=""ext_odkaz"" data-eurlex=""true"" data-celexid=""32021R0784"" data-cellarid=""bf725143-b70d-11eb-8aca-01aa75ed71a1"" data-orig-href=""http://eur-lex.europa.eu/legal-content/CS/AUTO/?uri=cellar:bf725143-b70d-11eb-8aca-01aa75ed71a1"">nařízení</a>";nařízení;23556987;ext_odkaz;true;32021R0784;bf725143-b70d-11eb-8aca-01aa75ed71a1;http://eur-lex.europa.eu/legal-content/CS/AUTO/?uri=cellar:bf725143-b70d-11eb-8aca-01aa75ed71a1;esel-esb:právní-akt-odkaz/23556987;nařízení;PREDPEU;369967;NA;NA;esel-esb:eli/cz/sb/2023/67/0000-00-00/dokument/norma/par_5/odst_1;63461;2023/67;NA;2023/67;67/2023 Sb.
esel-esb:eli/cz/sb/2023/67/2023-03-30/dokument/norma/par_5/odst_2;24012626;esel-esb:eli/cz/sb/2023/67/2023-03-30/dokument/norma/par_5;§ 5 odst. 2;NA;2;NA;/2/5/3/;esel-esb:právní-akt-fragment/11097325;11097325;11097325;Odstavec_Dc;(2) Vydání rozhodnutí Úřadem z moci úřední podle čl. 5 odst. 4 nebo 6 nařízení může být prvním úkonem v řízení.;norms;"<a data-odkaz-id=""23556981"" href=""#""  class=""ext_odkaz"" data-eurlex=""true"" data-celexid=""32021R0784"" data-cellarid=""bf725143-b70d-11eb-8aca-01aa75ed71a1"" data-orig-href=""http://eur-lex.europa.eu/legal-content/CS/AUTO/?uri=cellar:bf725143-b70d-11eb-8aca-01aa75ed71a1"">nařízení</a>";nařízení;23556981;ext_odkaz;true;32021R0784;bf725143-b70d-11eb-8aca-01aa75ed71a1;http://eur-lex.europa.eu/legal-content/CS/AUTO/?uri=cellar:bf725143-b70d-11eb-8aca-01aa75ed71a1;esel-esb:právní-akt-odkaz/23556981;nařízení;PREDPEU;369967;NA;NA;esel-esb:eli/cz/sb/2023/67/0000-00-00/dokument/norma/par_5/odst_2;63461;2023/67;NA;2023/67;67/2023 Sb.
esel-esb:eli/cz/sb/2023/67/2023-03-30/dokument/norma/par_5/odst_3;24012627;esel-esb:eli/cz/sb/2023/67/2023-03-30/dokument/norma/par_5;§ 5 odst. 3;NA;3;NA;/2/5/4/;esel-esb:právní-akt-fragment/11097327;11097327;11097327;Odstavec_Dc;(3) Úřad na základě žádosti poskytovatele hostingových služeb nebo z moci úřední rozhoduje o tom, že poskytovatel hostingových služeb již není podle čl. 5 odst. 4 nařízení vystaven teroristickému obsahu. Vydání rozhodnutí podle věty první může být prvním úkonem správního orgánu v řízení.;norms;"<a data-odkaz-id=""23556975"" href=""#""  class=""ext_odkaz"" data-eurlex=""true"" data-celexid=""32021R0784"" data-cellarid=""bf725143-b70d-11eb-8aca-01aa75ed71a1"" data-orig-href=""http://eur-lex.europa.eu/legal-content/CS/AUTO/?uri=cellar:bf725143-b70d-11eb-8aca-01aa75ed71a1"">nařízení</a>";nařízení;23556975;ext_odkaz;true;32021R0784;bf725143-b70d-11eb-8aca-01aa75ed71a1;http://eur-lex.europa.eu/legal-content/CS/AUTO/?uri=cellar:bf725143-b70d-11eb-8aca-01aa75ed71a1;esel-esb:právní-akt-odkaz/23556975;nařízení;PREDPEU;369967;NA;NA;esel-esb:eli/cz/sb/2023/67/0000-00-00/dokument/norma/par_5/odst_3;63461;2023/67;NA;2023/67;67/2023 Sb.
esel-esb:eli/cz/sb/2023/67/2023-03-30/dokument/norma/par_5/odst_4;24012628;esel-esb:eli/cz/sb/2023/67/2023-03-30/dokument/norma/par_5;§ 5 odst. 4;NA;4;NA;/2/5/5/;esel-esb:právní-akt-fragment/11097329;11097329;11097329;Odstavec_Dc;(4) Je-li to nezbytné k zajištění spolehlivého plnění povinností poskytovatele hostingových služeb podle nařízení, může Úřad tomuto poskytovateli nařídit využívání specializovaného elektronického systému spravovaného Europolem (dále jen „systém Europolu“), je-li zřízen, ke komunikaci podle § 7 odst. 1. Vydání rozhodnutí podle věty první je prvním úkonem v řízení.;norms;"<a data-odkaz-id=""23556969"" href=""#""  class=""ext_odkaz"" data-eurlex=""true"" data-celexid=""32021R0784"" data-cellarid=""bf725143-b70d-11eb-8aca-01aa75ed71a1"" data-orig-href=""http://eur-lex.europa.eu/legal-content/CS/AUTO/?uri=cellar:bf725143-b70d-11eb-8aca-01aa75ed71a1"">nařízení</a>";nařízení;23556969;ext_odkaz;true;32021R0784;bf725143-b70d-11eb-8aca-01aa75ed71a1;http://eur-lex.europa.eu/legal-content/CS/AUTO/?uri=cellar:bf725143-b70d-11eb-8aca-01aa75ed71a1;esel-esb:právní-akt-odkaz/23556969;nařízení;PREDPEU;369967;NA;NA;esel-esb:eli/cz/sb/2023/67/0000-00-00/dokument/norma/par_5/odst_4;63461;2023/67;NA;2023/67;67/2023 Sb.
esel-esb:eli/cz/sb/2023/67/2023-03-30/dokument/norma/par_5/odst_4;24012628;esel-esb:eli/cz/sb/2023/67/2023-03-30/dokument/norma/par_5;§ 5 odst. 4;NA;4;NA;/2/5/5/;esel-esb:právní-akt-fragment/11097329;11097329;11097329;Odstavec_Dc;(4) Je-li to nezbytné k zajištění spolehlivého plnění povinností poskytovatele hostingových služeb podle nařízení, může Úřad tomuto poskytovateli nařídit využívání specializovaného elektronického systému spravovaného Europolem (dále jen „systém Europolu“), je-li zřízen, ke komunikaci podle § 7 odst. 1. Vydání rozhodnutí podle věty první je prvním úkonem v řízení.;norms;"<a data-odkaz-id=""22655333"" href=""#""  class=""int_odkaz"">§ 7 odst. 1</a>";§ 7 odst. 1;22655333;int_odkaz;NA;NA;NA;NA;esel-esb:právní-akt-odkaz/22655333;§ 7 odst. 1;INTUSTAN;63461;esel-esb:eli/cz/sb/2023/67/0000-00-00/dokument/norma/par_7/odst_1;63461;esel-esb:eli/cz/sb/2023/67/0000-00-00/dokument/norma/par_5/odst_4;63461;2023/67;2023/67;2023/67;67/2023 Sb.
esel-esb:eli/cz/sb/2023/67/2023-03-30/dokument/norma/par_5/odst_5;24012629;esel-esb:eli/cz/sb/2023/67/2023-03-30/dokument/norma/par_5;§ 5 odst. 5;NA;5;NA;/2/5/6/;esel-esb:právní-akt-fragment/11097331;11097331;11097331;Odstavec_Dc;(5) Rozhodnutí podle odstavců 2 až 4 lze doručit způsobem uvedeným v § 7 odst. 2.;norms;"<a data-odkaz-id=""22655339"" href=""#""  class=""int_odkaz"">odstavců 2 až 4</a>";odstavců 2 až 4;22655339;int_odkaz;NA;NA;NA;NA;esel-esb:právní-akt-odkaz/22655339;odstavců 2 až 4;INTUSTAN;63461;esel-esb:eli/cz/sb/2023/67/0000-00-00/dokument/norma/par_5/odst_2;63461;esel-esb:eli/cz/sb/2023/67/0000-00-00/dokument/norma/par_5/odst_5;63461;2023/67;2023/67;2023/67;67/2023 Sb.
esel-esb:eli/cz/sb/2023/67/2023-03-30/dokument/norma/par_5/odst_5;24012629;esel-esb:eli/cz/sb/2023/67/2023-03-30/dokument/norma/par_5;§ 5 odst. 5;NA;5;NA;/2/5/6/;esel-esb:právní-akt-fragment/11097331;11097331;11097331;Odstavec_Dc;(5) Rozhodnutí podle odstavců 2 až 4 lze doručit způsobem uvedeným v § 7 odst. 2.;norms;"<a data-odkaz-id=""22655345"" href=""#""  class=""int_odkaz"">§ 7 odst. 2</a>";§ 7 odst. 2;22655345;int_odkaz;NA;NA;NA;NA;esel-esb:právní-akt-odkaz/22655345;§ 7 odst. 2;INTUSTAN;63461;esel-esb:eli/cz/sb/2023/67/0000-00-00/dokument/norma/par_7/odst_2;63461;esel-esb:eli/cz/sb/2023/67/0000-00-00/dokument/norma/par_5/odst_5;63461;2023/67;2023/67;2023/67;67/2023 Sb.
esel-esb:eli/cz/sb/2023/67/2023-03-30/dokument/norma/par_5/odst_6;24012630;esel-esb:eli/cz/sb/2023/67/2023-03-30/dokument/norma/par_5;§ 5 odst. 6;NA;6;NA;/2/5/7/;esel-esb:právní-akt-fragment/11097333;11097333;11097333;Odstavec_Dc;(6) Rozklad proti rozhodnutí podle odstavců 2 a 4 nemá odkladný účinek.;norms;"<a data-odkaz-id=""22655351"" href=""#""  class=""int_odkaz"">odstavců 2</a>";odstavců 2;22655351;int_odkaz;NA;NA;NA;NA;esel-esb:právní-akt-odkaz/22655351;odstavců 2;INTUSTAN;63461;esel-esb:eli/cz/sb/2023/67/0000-00-00/dokument/norma/par_5/odst_2;63461;esel-esb:eli/cz/sb/2023/67/0000-00-00/dokument/norma/par_5/odst_6;63461;2023/67;2023/67;2023/67;67/2023 Sb.
esel-esb:eli/cz/sb/2023/67/2023-03-30/dokument/norma/par_5/odst_6;24012630;esel-esb:eli/cz/sb/2023/67/2023-03-30/dokument/norma/par_5;§ 5 odst. 6;NA;6;NA;/2/5/7/;esel-esb:právní-akt-fragment/11097333;11097333;11097333;Odstavec_Dc;(6) Rozklad proti rozhodnutí podle odstavců 2 a 4 nemá odkladný účinek.;norms;"<a data-odkaz-id=""22655357"" href=""#""  class=""int_odkaz"">4</a>";4;22655357;int_odkaz;NA;NA;NA;NA;esel-esb:právní-akt-odkaz/22655357;4;INTUSTAN;63461;esel-esb:eli/cz/sb/2023/67/0000-00-00/dokument/norma/par_5/odst_4;63461;esel-esb:eli/cz/sb/2023/67/0000-00-00/dokument/norma/par_5/odst_6;63461;2023/67;2023/67;2023/67;67/2023 Sb.
esel-esb:eli/cz/sb/2023/67/2023-03-30/dokument/norma/par_6/frag_11097339;24012633;esel-esb:eli/cz/sb/2023/67/2023-03-30/dokument/norma/par_6;NA;NA;NA;NA;/2/6/2/;esel-esb:právní-akt-fragment/11097339;11097339;11097339;Odstavec_Dc;Orgány příslušné podle tohoto zákona navzájem spolupracují při plnění svých úkolů a navzájem si předávají, a to i bez žádosti, informace, včetně osobních údajů, které jsou nezbytné pro plnění úkolů v rámci jejich působnosti podle tohoto zákona a podle nařízení. Obdobně policie, ministerstvo a Úřad spolupracují a vyměňují si informace, včetně osobních údajů, které jsou nezbytné pro plnění úkolů podle nařízení, s příslušnými orgány jiných členských států Evropské unie nebo států, které jsou smluvními stranami Evropského hospodářského prostoru, a s Europolem, a to i prostřednictvím systému Europolu, je-li zřízen.;norms;"<a data-odkaz-id=""23556957"" href=""#""  class=""ext_odkaz"" data-eurlex=""true"" data-celexid=""32021R0784"" data-cellarid=""bf725143-b70d-11eb-8aca-01aa75ed71a1"" data-orig-href=""http://eur-lex.europa.eu/legal-content/CS/AUTO/?uri=cellar:bf725143-b70d-11eb-8aca-01aa75ed71a1"">nařízení</a>";nařízení;23556957;ext_odkaz;true;32021R0784;bf725143-b70d-11eb-8aca-01aa75ed71a1;http://eur-lex.europa.eu/legal-content/CS/AUTO/?uri=cellar:bf725143-b70d-11eb-8aca-01aa75ed71a1;esel-esb:právní-akt-odkaz/23556957;nařízení;PREDPEU;369967;NA;NA;esel-esb:eli/cz/sb/2023/67/0000-00-00/dokument/norma/par_6/frag_11097339;63461;2023/67;NA;2023/67;67/2023 Sb.
esel-esb:eli/cz/sb/2023/67/2023-03-30/dokument/norma/par_6/frag_11097339;24012633;esel-esb:eli/cz/sb/2023/67/2023-03-30/dokument/norma/par_6;NA;NA;NA;NA;/2/6/2/;esel-esb:právní-akt-fragment/11097339;11097339;11097339;Odstavec_Dc;Orgány příslušné podle tohoto zákona navzájem spolupracují při plnění svých úkolů a navzájem si předávají, a to i bez žádosti, informace, včetně osobních údajů, které jsou nezbytné pro plnění úkolů v rámci jejich působnosti podle tohoto zákona a podle nařízení. Obdobně policie, ministerstvo a Úřad spolupracují a vyměňují si informace, včetně osobních údajů, které jsou nezbytné pro plnění úkolů podle nařízení, s příslušnými orgány jiných členských států Evropské unie nebo států, které jsou smluvními stranami Evropského hospodářského prostoru, a s Europolem, a to i prostřednictvím systému Europolu, je-li zřízen.;norms;"<a data-odkaz-id=""23556963"" href=""#""  class=""ext_odkaz"" data-eurlex=""true"" data-celexid=""32021R0784"" data-cellarid=""bf725143-b70d-11eb-8aca-01aa75ed71a1"" data-orig-href=""http://eur-lex.europa.eu/legal-content/CS/AUTO/?uri=cellar:bf725143-b70d-11eb-8aca-01aa75ed71a1"">nařízení</a>";nařízení;23556963;ext_odkaz;true;32021R0784;bf725143-b70d-11eb-8aca-01aa75ed71a1;http://eur-lex.europa.eu/legal-content/CS/AUTO/?uri=cellar:bf725143-b70d-11eb-8aca-01aa75ed71a1;esel-esb:právní-akt-odkaz/23556963;nařízení;PREDPEU;369967;NA;NA;esel-esb:eli/cz/sb/2023/67/0000-00-00/dokument/norma/par_6/frag_11097339;63461;2023/67;NA;2023/67;67/2023 Sb.
esel-esb:eli/cz/sb/2023/67/2023-03-30/dokument/norma/par_8/odst_1;24012641;esel-esb:eli/cz/sb/2023/67/2023-03-30/dokument/norma/par_8;§ 8 odst. 1;NA;1;NA;/2/8/2/;esel-esb:právní-akt-fragment/11097355;11097355;11097355;Odstavec_Dc;(1) Policie, ministerstvo a poskytovatelé hostingových služeb předávají Úřadu informace uvedené v čl. 21 nařízení. Úřad tyto informace předává Evropské komisi.;norms;"<a data-odkaz-id=""23556951"" href=""#""  class=""ext_odkaz"" data-eurlex=""true"" data-celexid=""32021R0784"" data-cellarid=""bf725143-b70d-11eb-8aca-01aa75ed71a1"" data-orig-href=""http://eur-lex.europa.eu/legal-content/CS/AUTO/?uri=cellar:bf725143-b70d-11eb-8aca-01aa75ed71a1"">nařízení</a>";nařízení;23556951;ext_odkaz;true;32021R0784;bf725143-b70d-11eb-8aca-01aa75ed71a1;http://eur-lex.europa.eu/legal-content/CS/AUTO/?uri=cellar:bf725143-b70d-11eb-8aca-01aa75ed71a1;esel-esb:právní-akt-odkaz/23556951;nařízení;PREDPEU;369967;NA;NA;esel-esb:eli/cz/sb/2023/67/0000-00-00/dokument/norma/par_8/odst_1;63461;2023/67;NA;2023/67;67/2023 Sb.
esel-esb:eli/cz/sb/2023/67/2023-03-30/dokument/norma/par_8/odst_2;24012642;esel-esb:eli/cz/sb/2023/67/2023-03-30/dokument/norma/par_8;§ 8 odst. 2;NA;2;NA;/2/8/3/;esel-esb:právní-akt-fragment/11097357;11097357;11097357;Odstavec_Dc;(2) Policie, ministerstvo a Úřad zveřejňují výroční zprávy podle čl. 8 nařízení.;norms;"<a data-odkaz-id=""23556945"" href=""#""  class=""ext_odkaz"" data-eurlex=""true"" data-celexid=""32021R0784"" data-cellarid=""bf725143-b70d-11eb-8aca-01aa75ed71a1"" data-orig-href=""http://eur-lex.europa.eu/legal-content/CS/AUTO/?uri=cellar:bf725143-b70d-11eb-8aca-01aa75ed71a1"">nařízení</a>";nařízení;23556945;ext_odkaz;true;32021R0784;bf725143-b70d-11eb-8aca-01aa75ed71a1;http://eur-lex.europa.eu/legal-content/CS/AUTO/?uri=cellar:bf725143-b70d-11eb-8aca-01aa75ed71a1;esel-esb:právní-akt-odkaz/23556945;nařízení;PREDPEU;369967;NA;NA;esel-esb:eli/cz/sb/2023/67/0000-00-00/dokument/norma/par_8/odst_2;63461;2023/67;NA;2023/67;67/2023 Sb.
esel-esb:eli/cz/sb/2023/67/2023-03-30/dokument/norma/par_9/odst_1;24012645;esel-esb:eli/cz/sb/2023/67/2023-03-30/dokument/norma/par_9;§ 9 odst. 1;NA;1;NA;/2/9/2/;esel-esb:právní-akt-fragment/11097363;11097363;11097363;Odstavec_Dc;(1) Rozhoduje-li soud o žalobě proti příkazu k odstranění nebo proti rozhodnutí o povinnosti přijmout zvláštní opatření, které vedly k odstranění teroristického obsahu nebo ke znemožnění přístupu k němu, může podle čl. 6 odst. 2 nařízení prodloužit dobu zachování teroristického obsahu a souvisejících údajů.;norms;"<a data-odkaz-id=""23556939"" href=""#""  class=""ext_odkaz"" data-eurlex=""true"" data-celexid=""32021R0784"" data-cellarid=""bf725143-b70d-11eb-8aca-01aa75ed71a1"" data-orig-href=""http://eur-lex.europa.eu/legal-content/CS/AUTO/?uri=cellar:bf725143-b70d-11eb-8aca-01aa75ed71a1"">nařízení</a>";nařízení;23556939;ext_odkaz;true;32021R0784;bf725143-b70d-11eb-8aca-01aa75ed71a1;http://eur-lex.europa.eu/legal-content/CS/AUTO/?uri=cellar:bf725143-b70d-11eb-8aca-01aa75ed71a1;esel-esb:právní-akt-odkaz/23556939;nařízení;PREDPEU;369967;NA;NA;esel-esb:eli/cz/sb/2023/67/0000-00-00/dokument/norma/par_9/odst_1;63461;2023/67;NA;2023/67;67/2023 Sb.
esel-esb:eli/cz/sb/2023/67/2023-03-30/dokument/norma/par_9/odst_2;24012646;esel-esb:eli/cz/sb/2023/67/2023-03-30/dokument/norma/par_9;§ 9 odst. 2;NA;2;NA;/2/9/3/;esel-esb:právní-akt-fragment/11097365;11097365;11097365;Odstavec_Dc;(2) Vede-li Úřad řízení o zvláštním opatření, které vedlo k odstranění teroristického obsahu nebo ke znemožnění přístupu k němu, může podle čl. 6 odst. 2 nařízení prodloužit dobu zachování teroristického obsahu a souvisejících údajů.;norms;"<a data-odkaz-id=""23556933"" href=""#""  class=""ext_odkaz"" data-eurlex=""true"" data-celexid=""32021R0784"" data-cellarid=""bf725143-b70d-11eb-8aca-01aa75ed71a1"" data-orig-href=""http://eur-lex.europa.eu/legal-content/CS/AUTO/?uri=cellar:bf725143-b70d-11eb-8aca-01aa75ed71a1"">nařízení</a>";nařízení;23556933;ext_odkaz;true;32021R0784;bf725143-b70d-11eb-8aca-01aa75ed71a1;http://eur-lex.europa.eu/legal-content/CS/AUTO/?uri=cellar:bf725143-b70d-11eb-8aca-01aa75ed71a1;esel-esb:právní-akt-odkaz/23556933;nařízení;PREDPEU;369967;NA;NA;esel-esb:eli/cz/sb/2023/67/0000-00-00/dokument/norma/par_9/odst_2;63461;2023/67;NA;2023/67;67/2023 Sb.
esel-esb:eli/cz/sb/2023/67/2023-03-30/dokument/norma/par_11/odst_1/pism_a;24012653;esel-esb:eli/cz/sb/2023/67/2023-03-30/dokument/norma/par_11/odst_1;§ 11 odst. 1 písm. a);NA;a;NA;/2/12/1/1/;esel-esb:právní-akt-fragment/11097379;11097379;11097379;Pismeno_Lb;a) neodstraní teroristický obsah nebo neznemožní přístup k teroristickému obsahu podle čl. 3 odst. 3 nebo čl. 4 odst. 2 nařízení,;norms;"<a data-odkaz-id=""23556927"" href=""#""  class=""ext_odkaz"" data-eurlex=""true"" data-celexid=""32021R0784"" data-cellarid=""bf725143-b70d-11eb-8aca-01aa75ed71a1"" data-orig-href=""http://eur-lex.europa.eu/legal-content/CS/AUTO/?uri=cellar:bf725143-b70d-11eb-8aca-01aa75ed71a1"">nařízení</a>";nařízení;23556927;ext_odkaz;true;32021R0784;bf725143-b70d-11eb-8aca-01aa75ed71a1;http://eur-lex.europa.eu/legal-content/CS/AUTO/?uri=cellar:bf725143-b70d-11eb-8aca-01aa75ed71a1;esel-esb:právní-akt-odkaz/23556927;nařízení;PREDPEU;369967;NA;NA;esel-esb:eli/cz/sb/2023/67/0000-00-00/dokument/norma/par_11/odst_1/pism_a;63461;2023/67;NA;2023/67;67/2023 Sb.
esel-esb:eli/cz/sb/2023/67/2023-03-30/dokument/norma/par_11/odst_1/pism_b;24012654;esel-esb:eli/cz/sb/2023/67/2023-03-30/dokument/norma/par_11/odst_1;§ 11 odst. 1 písm. b);NA;b;NA;/2/12/1/2/;esel-esb:právní-akt-fragment/11097381;11097381;11097381;Pismeno_Lb;b) neinformuje bez zbytečného odkladu příslušný orgán podle čl. 3 odst. 6 nařízení,;norms;"<a data-odkaz-id=""23556921"" href=""#""  class=""ext_odkaz"" data-eurlex=""true"" data-celexid=""32021R0784"" data-cellarid=""bf725143-b70d-11eb-8aca-01aa75ed71a1"" data-orig-href=""http://eur-lex.europa.eu/legal-content/CS/AUTO/?uri=cellar:bf725143-b70d-11eb-8aca-01aa75ed71a1"">nařízení</a>";nařízení;23556921;ext_odkaz;true;32021R0784;bf725143-b70d-11eb-8aca-01aa75ed71a1;http://eur-lex.europa.eu/legal-content/CS/AUTO/?uri=cellar:bf725143-b70d-11eb-8aca-01aa75ed71a1;esel-esb:právní-akt-odkaz/23556921;nařízení;PREDPEU;369967;NA;NA;esel-esb:eli/cz/sb/2023/67/0000-00-00/dokument/norma/par_11/odst_1/pism_b;63461;2023/67;NA;2023/67;67/2023 Sb.
esel-esb:eli/cz/sb/2023/67/2023-03-30/dokument/norma/par_11/odst_1/pism_c;24012655;esel-esb:eli/cz/sb/2023/67/2023-03-30/dokument/norma/par_11/odst_1;§ 11 odst. 1 písm. c);NA;c;NA;/2/12/1/3/;esel-esb:právní-akt-fragment/11097383;11097383;11097383;Pismeno_Lb;c) neobnoví obsah nebo k němu znovu neumožní přístup podle čl. 4 odst. 7 nařízení,;norms;"<a data-odkaz-id=""23556915"" href=""#""  class=""ext_odkaz"" data-eurlex=""true"" data-celexid=""32021R0784"" data-cellarid=""bf725143-b70d-11eb-8aca-01aa75ed71a1"" data-orig-href=""http://eur-lex.europa.eu/legal-content/CS/AUTO/?uri=cellar:bf725143-b70d-11eb-8aca-01aa75ed71a1"">nařízení</a>";nařízení;23556915;ext_odkaz;true;32021R0784;bf725143-b70d-11eb-8aca-01aa75ed71a1;http://eur-lex.europa.eu/legal-content/CS/AUTO/?uri=cellar:bf725143-b70d-11eb-8aca-01aa75ed71a1;esel-esb:právní-akt-odkaz/23556915;nařízení;PREDPEU;369967;NA;NA;esel-esb:eli/cz/sb/2023/67/0000-00-00/dokument/norma/par_11/odst_1/pism_c;63461;2023/67;NA;2023/67;67/2023 Sb.
esel-esb:eli/cz/sb/2023/67/2023-03-30/dokument/norma/par_11/odst_1/pism_d;24012656;esel-esb:eli/cz/sb/2023/67/2023-03-30/dokument/norma/par_11/odst_1;§ 11 odst. 1 písm. d);NA;d;NA;/2/12/1/4/;esel-esb:právní-akt-fragment/11097385;11097385;11097385;Pismeno_Lb;d) nezavede nebo neuplatňuje ustanovení týkající se zneužívání jeho služeb k veřejnému šíření teroristického obsahu podle čl. 5 odst. 1 nařízení, je-li vystaven teroristickému obsahu,;norms;"<a data-odkaz-id=""23556909"" href=""#""  class=""ext_odkaz"" data-eurlex=""true"" data-celexid=""32021R0784"" data-cellarid=""bf725143-b70d-11eb-8aca-01aa75ed71a1"" data-orig-href=""http://eur-lex.europa.eu/legal-content/CS/AUTO/?uri=cellar:bf725143-b70d-11eb-8aca-01aa75ed71a1"">nařízení</a>";nařízení;23556909;ext_odkaz;true;32021R0784;bf725143-b70d-11eb-8aca-01aa75ed71a1;http://eur-lex.europa.eu/legal-content/CS/AUTO/?uri=cellar:bf725143-b70d-11eb-8aca-01aa75ed71a1;esel-esb:právní-akt-odkaz/23556909;nařízení;PREDPEU;369967;NA;NA;esel-esb:eli/cz/sb/2023/67/0000-00-00/dokument/norma/par_11/odst_1/pism_d;63461;2023/67;NA;2023/67;67/2023 Sb.
esel-esb:eli/cz/sb/2023/67/2023-03-30/dokument/norma/par_11/odst_1/pism_e;24012657;esel-esb:eli/cz/sb/2023/67/2023-03-30/dokument/norma/par_11/odst_1;§ 11 odst. 1 písm. e);NA;e;NA;/2/12/1/5/;esel-esb:právní-akt-fragment/11097387;11097387;11097387;Pismeno_Lb;e) nepřijme nebo neuplatňuje zvláštní opatření na ochranu svých služeb proti veřejnému šíření teroristického obsahu podle čl. 5 odst. 2, 3 nebo 6 nařízení, je-li vystaven teroristickému obsahu,;norms;"<a data-odkaz-id=""23556903"" href=""#""  class=""ext_odkaz"" data-eurlex=""true"" data-celexid=""32021R0784"" data-cellarid=""bf725143-b70d-11eb-8aca-01aa75ed71a1"" data-orig-href=""http://eur-lex.europa.eu/legal-content/CS/AUTO/?uri=cellar:bf725143-b70d-11eb-8aca-01aa75ed71a1"">nařízení</a>";nařízení;23556903;ext_odkaz;true;32021R0784;bf725143-b70d-11eb-8aca-01aa75ed71a1;http://eur-lex.europa.eu/legal-content/CS/AUTO/?uri=cellar:bf725143-b70d-11eb-8aca-01aa75ed71a1;esel-esb:právní-akt-odkaz/23556903;nařízení;PREDPEU;369967;NA;NA;esel-esb:eli/cz/sb/2023/67/0000-00-00/dokument/norma/par_11/odst_1/pism_e;63461;2023/67;NA;2023/67;67/2023 Sb.
esel-esb:eli/cz/sb/2023/67/2023-03-30/dokument/norma/par_11/odst_1/pism_f;24012658;esel-esb:eli/cz/sb/2023/67/2023-03-30/dokument/norma/par_11/odst_1;§ 11 odst. 1 písm. f);NA;f;NA;/2/12/1/6/;esel-esb:právní-akt-fragment/11097389;11097389;11097389;Pismeno_Lb;f) neoznámí Úřadu zvláštní opatření, která přijal nebo hodlá přijmout, podle čl. 5 odst. 5 nařízení, je-li vystaven teroristickému obsahu,;norms;"<a data-odkaz-id=""23556897"" href=""#""  class=""ext_odkaz"" data-eurlex=""true"" data-celexid=""32021R0784"" data-cellarid=""bf725143-b70d-11eb-8aca-01aa75ed71a1"" data-orig-href=""http://eur-lex.europa.eu/legal-content/CS/AUTO/?uri=cellar:bf725143-b70d-11eb-8aca-01aa75ed71a1"">nařízení</a>";nařízení;23556897;ext_odkaz;true;32021R0784;bf725143-b70d-11eb-8aca-01aa75ed71a1;http://eur-lex.europa.eu/legal-content/CS/AUTO/?uri=cellar:bf725143-b70d-11eb-8aca-01aa75ed71a1;esel-esb:právní-akt-odkaz/23556897;nařízení;PREDPEU;369967;NA;NA;esel-esb:eli/cz/sb/2023/67/0000-00-00/dokument/norma/par_11/odst_1/pism_f;63461;2023/67;NA;2023/67;67/2023 Sb.
esel-esb:eli/cz/sb/2023/67/2023-03-30/dokument/norma/par_11/odst_1/pism_g;24012659;esel-esb:eli/cz/sb/2023/67/2023-03-30/dokument/norma/par_11/odst_1;§ 11 odst. 1 písm. g);NA;g;NA;/2/12/1/7/;esel-esb:právní-akt-fragment/11097391;11097391;11097391;Pismeno_Lb;g) nezachová teroristický obsah a související údaje nebo nepoužívá vhodné technické a organizační záruky podle čl. 6 nařízení,;norms;"<a data-odkaz-id=""23556891"" href=""#""  class=""ext_odkaz"" data-eurlex=""true"" data-celexid=""32021R0784"" data-cellarid=""bf725143-b70d-11eb-8aca-01aa75ed71a1"" data-orig-href=""http://eur-lex.europa.eu/legal-content/CS/AUTO/?uri=cellar:bf725143-b70d-11eb-8aca-01aa75ed71a1"">nařízení</a>";nařízení;23556891;ext_odkaz;true;32021R0784;bf725143-b70d-11eb-8aca-01aa75ed71a1;http://eur-lex.europa.eu/legal-content/CS/AUTO/?uri=cellar:bf725143-b70d-11eb-8aca-01aa75ed71a1;esel-esb:právní-akt-odkaz/23556891;nařízení;PREDPEU;369967;NA;NA;esel-esb:eli/cz/sb/2023/67/0000-00-00/dokument/norma/par_11/odst_1/pism_g;63461;2023/67;NA;2023/67;67/2023 Sb.
esel-esb:eli/cz/sb/2023/67/2023-03-30/dokument/norma/par_11/odst_1/pism_h;24012660;esel-esb:eli/cz/sb/2023/67/2023-03-30/dokument/norma/par_11/odst_1;§ 11 odst. 1 písm. h);NA;h;NA;/2/12/1/8/;esel-esb:právní-akt-fragment/11097393;11097393;11097393;Pismeno_Lb;h) nezveřejní zprávu o transparentnosti nebo nevymezí svou politiku na potírání šíření teroristického obsahu podle čl. 7 nařízení,;norms;"<a data-odkaz-id=""23556885"" href=""#""  class=""ext_odkaz"" data-eurlex=""true"" data-celexid=""32021R0784"" data-cellarid=""bf725143-b70d-11eb-8aca-01aa75ed71a1"" data-orig-href=""http://eur-lex.europa.eu/legal-content/CS/AUTO/?uri=cellar:bf725143-b70d-11eb-8aca-01aa75ed71a1"">nařízení</a>";nařízení;23556885;ext_odkaz;true;32021R0784;bf725143-b70d-11eb-8aca-01aa75ed71a1;http://eur-lex.europa.eu/legal-content/CS/AUTO/?uri=cellar:bf725143-b70d-11eb-8aca-01aa75ed71a1;esel-esb:právní-akt-odkaz/23556885;nařízení;PREDPEU;369967;NA;NA;esel-esb:eli/cz/sb/2023/67/0000-00-00/dokument/norma/par_11/odst_1/pism_h;63461;2023/67;NA;2023/67;67/2023 Sb.
esel-esb:eli/cz/sb/2023/67/2023-03-30/dokument/norma/par_11/odst_1/pism_i;24012661;esel-esb:eli/cz/sb/2023/67/2023-03-30/dokument/norma/par_11/odst_1;§ 11 odst. 1 písm. i);NA;i;NA;/2/12/1/9/;esel-esb:právní-akt-fragment/11097395;11097395;11097395;Pismeno_Lb;i) nezavede nebo neprovádí mechanismus pro podávání stížností podle čl. 10 nařízení,;norms;"<a data-odkaz-id=""23556879"" href=""#""  class=""ext_odkaz"" data-eurlex=""true"" data-celexid=""32021R0784"" data-cellarid=""bf725143-b70d-11eb-8aca-01aa75ed71a1"" data-orig-href=""http://eur-lex.europa.eu/legal-content/CS/AUTO/?uri=cellar:bf725143-b70d-11eb-8aca-01aa75ed71a1"">nařízení</a>";nařízení;23556879;ext_odkaz;true;32021R0784;bf725143-b70d-11eb-8aca-01aa75ed71a1;http://eur-lex.europa.eu/legal-content/CS/AUTO/?uri=cellar:bf725143-b70d-11eb-8aca-01aa75ed71a1;esel-esb:právní-akt-odkaz/23556879;nařízení;PREDPEU;369967;NA;NA;esel-esb:eli/cz/sb/2023/67/0000-00-00/dokument/norma/par_11/odst_1/pism_i;63461;2023/67;NA;2023/67;67/2023 Sb.
esel-esb:eli/cz/sb/2023/67/2023-03-30/dokument/norma/par_11/odst_1/pism_j;24012662;esel-esb:eli/cz/sb/2023/67/2023-03-30/dokument/norma/par_11/odst_1;§ 11 odst. 1 písm. j);NA;j;NA;/2/12/1/10/;esel-esb:právní-akt-fragment/11097397;11097397;11097397;Pismeno_Lb;j) neposkytne poskytovateli obsahu informaci o odstranění teroristického obsahu nebo o znemožnění přístupu k němu podle čl. 11 odst. 1 nařízení, ačkoliv nebylo informování odloženo podle § 3,;norms;"<a data-odkaz-id=""23556873"" href=""#""  class=""ext_odkaz"" data-eurlex=""true"" data-celexid=""32021R0784"" data-cellarid=""bf725143-b70d-11eb-8aca-01aa75ed71a1"" data-orig-href=""http://eur-lex.europa.eu/legal-content/CS/AUTO/?uri=cellar:bf725143-b70d-11eb-8aca-01aa75ed71a1"">nařízení</a>";nařízení;23556873;ext_odkaz;true;32021R0784;bf725143-b70d-11eb-8aca-01aa75ed71a1;http://eur-lex.europa.eu/legal-content/CS/AUTO/?uri=cellar:bf725143-b70d-11eb-8aca-01aa75ed71a1;esel-esb:právní-akt-odkaz/23556873;nařízení;PREDPEU;369967;NA;NA;esel-esb:eli/cz/sb/2023/67/0000-00-00/dokument/norma/par_11/odst_1/pism_j;63461;2023/67;NA;2023/67;67/2023 Sb.
esel-esb:eli/cz/sb/2023/67/2023-03-30/dokument/norma/par_11/odst_1/pism_j;24012662;esel-esb:eli/cz/sb/2023/67/2023-03-30/dokument/norma/par_11/odst_1;§ 11 odst. 1 písm. j);NA;j;NA;/2/12/1/10/;esel-esb:právní-akt-fragment/11097397;11097397;11097397;Pismeno_Lb;j) neposkytne poskytovateli obsahu informaci o odstranění teroristického obsahu nebo o znemožnění přístupu k němu podle čl. 11 odst. 1 nařízení, ačkoliv nebylo informování odloženo podle § 3,;norms;"<a data-odkaz-id=""22655363"" href=""#""  class=""int_odkaz"">§ 3</a>";§ 3;22655363;int_odkaz;NA;NA;NA;NA;esel-esb:právní-akt-odkaz/22655363;§ 3;INTUSTAN;63461;esel-esb:eli/cz/sb/2023/67/0000-00-00/dokument/norma/par_3;63461;esel-esb:eli/cz/sb/2023/67/0000-00-00/dokument/norma/par_11/odst_1/pism_j;63461;2023/67;2023/67;2023/67;67/2023 Sb.
esel-esb:eli/cz/sb/2023/67/2023-03-30/dokument/norma/par_11/odst_1/pism_k;24012663;esel-esb:eli/cz/sb/2023/67/2023-03-30/dokument/norma/par_11/odst_1;§ 11 odst. 1 písm. k);NA;k;NA;/2/12/1/11/;esel-esb:právní-akt-fragment/11097399;11097399;11097399;Pismeno_Lb;k) neposkytne poskytovateli obsahu podle čl. 11 odst. 2 nařízení informaci nebo kopii příkazu k odstranění, ačkoli nebylo informování odloženo podle § 3,;norms;"<a data-odkaz-id=""23556867"" href=""#""  class=""ext_odkaz"" data-eurlex=""true"" data-celexid=""32021R0784"" data-cellarid=""bf725143-b70d-11eb-8aca-01aa75ed71a1"" data-orig-href=""http://eur-lex.europa.eu/legal-content/CS/AUTO/?uri=cellar:bf725143-b70d-11eb-8aca-01aa75ed71a1"">nařízení</a>";nařízení;23556867;ext_odkaz;true;32021R0784;bf725143-b70d-11eb-8aca-01aa75ed71a1;http://eur-lex.europa.eu/legal-content/CS/AUTO/?uri=cellar:bf725143-b70d-11eb-8aca-01aa75ed71a1;esel-esb:právní-akt-odkaz/23556867;nařízení;PREDPEU;369967;NA;NA;esel-esb:eli/cz/sb/2023/67/0000-00-00/dokument/norma/par_11/odst_1/pism_k;63461;2023/67;NA;2023/67;67/2023 Sb.
esel-esb:eli/cz/sb/2023/67/2023-03-30/dokument/norma/par_11/odst_1/pism_k;24012663;esel-esb:eli/cz/sb/2023/67/2023-03-30/dokument/norma/par_11/odst_1;§ 11 odst. 1 písm. k);NA;k;NA;/2/12/1/11/;esel-esb:právní-akt-fragment/11097399;11097399;11097399;Pismeno_Lb;k) neposkytne poskytovateli obsahu podle čl. 11 odst. 2 nařízení informaci nebo kopii příkazu k odstranění, ačkoli nebylo informování odloženo podle § 3,;norms;"<a data-odkaz-id=""22655369"" href=""#""  class=""int_odkaz"">§ 3</a>";§ 3;22655369;int_odkaz;NA;NA;NA;NA;esel-esb:právní-akt-odkaz/22655369;§ 3;INTUSTAN;63461;esel-esb:eli/cz/sb/2023/67/0000-00-00/dokument/norma/par_3;63461;esel-esb:eli/cz/sb/2023/67/0000-00-00/dokument/norma/par_11/odst_1/pism_k;63461;2023/67;2023/67;2023/67;67/2023 Sb.
esel-esb:eli/cz/sb/2023/67/2023-03-30/dokument/norma/par_11/odst_1/pism_l;24012664;esel-esb:eli/cz/sb/2023/67/2023-03-30/dokument/norma/par_11/odst_1;§ 11 odst. 1 písm. l);NA;l;NA;/2/12/1/12/;esel-esb:právní-akt-fragment/11097401;11097401;11097401;Pismeno_Lb;l) poskytne, zpřístupní nebo zveřejní informaci uvedenou v čl. 11 odst. 1 nebo 2 nařízení v době, po kterou bylo informování odloženo podle § 3,;norms;"<a data-odkaz-id=""23556861"" href=""#""  class=""ext_odkaz"" data-eurlex=""true"" data-celexid=""32021R0784"" data-cellarid=""bf725143-b70d-11eb-8aca-01aa75ed71a1"" data-orig-href=""http://eur-lex.europa.eu/legal-content/CS/AUTO/?uri=cellar:bf725143-b70d-11eb-8aca-01aa75ed71a1"">nařízení</a>";nařízení;23556861;ext_odkaz;true;32021R0784;bf725143-b70d-11eb-8aca-01aa75ed71a1;http://eur-lex.europa.eu/legal-content/CS/AUTO/?uri=cellar:bf725143-b70d-11eb-8aca-01aa75ed71a1;esel-esb:právní-akt-odkaz/23556861;nařízení;PREDPEU;369967;NA;NA;esel-esb:eli/cz/sb/2023/67/0000-00-00/dokument/norma/par_11/odst_1/pism_l;63461;2023/67;NA;2023/67;67/2023 Sb.
esel-esb:eli/cz/sb/2023/67/2023-03-30/dokument/norma/par_11/odst_1/pism_l;24012664;esel-esb:eli/cz/sb/2023/67/2023-03-30/dokument/norma/par_11/odst_1;§ 11 odst. 1 písm. l);NA;l;NA;/2/12/1/12/;esel-esb:právní-akt-fragment/11097401;11097401;11097401;Pismeno_Lb;l) poskytne, zpřístupní nebo zveřejní informaci uvedenou v čl. 11 odst. 1 nebo 2 nařízení v době, po kterou bylo informování odloženo podle § 3,;norms;"<a data-odkaz-id=""22655375"" href=""#""  class=""int_odkaz"">§ 3</a>";§ 3;22655375;int_odkaz;NA;NA;NA;NA;esel-esb:právní-akt-odkaz/22655375;§ 3;INTUSTAN;63461;esel-esb:eli/cz/sb/2023/67/0000-00-00/dokument/norma/par_3;63461;esel-esb:eli/cz/sb/2023/67/0000-00-00/dokument/norma/par_11/odst_1/pism_l;63461;2023/67;2023/67;2023/67;67/2023 Sb.
esel-esb:eli/cz/sb/2023/67/2023-03-30/dokument/norma/par_11/odst_1/pism_m;24012665;esel-esb:eli/cz/sb/2023/67/2023-03-30/dokument/norma/par_11/odst_1;§ 11 odst. 1 písm. m);NA;m;NA;/2/12/1/13/;esel-esb:právní-akt-fragment/11097403;11097403;11097403;Pismeno_Lb;m) dozví-li se o teroristickém obsahu, jenž bezprostředně ohrožuje život, neprodleně neuvědomí orgány příslušné k vyšetřování a stíhání trestných činů v dotčených členských státech, neuvědomí kontaktní místo, jehož kontaktní údaje jsou zveřejněné podle § 2 odst. 4 nebo nepředá informace o teroristickém obsahu Europolu podle čl. 14 odst. 5 nařízení,;norms;"<a data-odkaz-id=""22655381"" href=""#""  class=""int_odkaz"">§ 2 odst. 4</a>";§ 2 odst. 4;22655381;int_odkaz;NA;NA;NA;NA;esel-esb:právní-akt-odkaz/22655381;§ 2 odst. 4;INTUSTAN;63461;esel-esb:eli/cz/sb/2023/67/0000-00-00/dokument/norma/par_2/odst_4;63461;esel-esb:eli/cz/sb/2023/67/0000-00-00/dokument/norma/par_11/odst_1/pism_m;63461;2023/67;2023/67;2023/67;67/2023 Sb.
esel-esb:eli/cz/sb/2023/67/2023-03-30/dokument/norma/par_11/odst_1/pism_m;24012665;esel-esb:eli/cz/sb/2023/67/2023-03-30/dokument/norma/par_11/odst_1;§ 11 odst. 1 písm. m);NA;m;NA;/2/12/1/13/;esel-esb:právní-akt-fragment/11097403;11097403;11097403;Pismeno_Lb;m) dozví-li se o teroristickém obsahu, jenž bezprostředně ohrožuje život, neprodleně neuvědomí orgány příslušné k vyšetřování a stíhání trestných činů v dotčených členských státech, neuvědomí kontaktní místo, jehož kontaktní údaje jsou zveřejněné podle § 2 odst. 4 nebo nepředá informace o teroristickém obsahu Europolu podle čl. 14 odst. 5 nařízení,;norms;"<a data-odkaz-id=""23556855"" href=""#""  class=""ext_odkaz"" data-eurlex=""true"" data-celexid=""32021R0784"" data-cellarid=""bf725143-b70d-11eb-8aca-01aa75ed71a1"" data-orig-href=""http://eur-lex.europa.eu/legal-content/CS/AUTO/?uri=cellar:bf725143-b70d-11eb-8aca-01aa75ed71a1"">nařízení</a>";nařízení;23556855;ext_odkaz;true;32021R0784;bf725143-b70d-11eb-8aca-01aa75ed71a1;http://eur-lex.europa.eu/legal-content/CS/AUTO/?uri=cellar:bf725143-b70d-11eb-8aca-01aa75ed71a1;esel-esb:právní-akt-odkaz/23556855;nařízení;PREDPEU;369967;NA;NA;esel-esb:eli/cz/sb/2023/67/0000-00-00/dokument/norma/par_11/odst_1/pism_m;63461;2023/67;NA;2023/67;67/2023 Sb.
esel-esb:eli/cz/sb/2023/67/2023-03-30/dokument/norma/par_11/odst_1/pism_n;24012666;esel-esb:eli/cz/sb/2023/67/2023-03-30/dokument/norma/par_11/odst_1;§ 11 odst. 1 písm. n);NA;n;NA;/2/12/1/14/;esel-esb:právní-akt-fragment/11097405;11097405;11097405;Pismeno_Lb;n) neurčí nebo nezřídí kontaktní místo k přijímání příkazů k odstranění elektronickou cestou a jejich urychlenému zpracování nebo informace o kontaktním místě neučiní veřejně dostupnými podle čl. 15 odst. 1 nařízení, nebo;norms;"<a data-odkaz-id=""23556849"" href=""#""  class=""ext_odkaz"" data-eurlex=""true"" data-celexid=""32021R0784"" data-cellarid=""bf725143-b70d-11eb-8aca-01aa75ed71a1"" data-orig-href=""http://eur-lex.europa.eu/legal-content/CS/AUTO/?uri=cellar:bf725143-b70d-11eb-8aca-01aa75ed71a1"">nařízení</a>";nařízení;23556849;ext_odkaz;true;32021R0784;bf725143-b70d-11eb-8aca-01aa75ed71a1;http://eur-lex.europa.eu/legal-content/CS/AUTO/?uri=cellar:bf725143-b70d-11eb-8aca-01aa75ed71a1;esel-esb:právní-akt-odkaz/23556849;nařízení;PREDPEU;369967;NA;NA;esel-esb:eli/cz/sb/2023/67/0000-00-00/dokument/norma/par_11/odst_1/pism_n;63461;2023/67;NA;2023/67;67/2023 Sb.
esel-esb:eli/cz/sb/2023/67/2023-03-30/dokument/norma/par_11/odst_1/pism_o/bod_1;24012668;esel-esb:eli/cz/sb/2023/67/2023-03-30/dokument/norma/par_11/odst_1/pism_o;§ 11 odst. 1 písm. o) bod 1;NA;1;NA;/2/12/1/15/1/;esel-esb:právní-akt-fragment/11097409;11097409;11097409;Bod_Dd;1. neurčí písemně právního zástupce podle čl. 17 odst. 1 nařízení,;norms;"<a data-odkaz-id=""23556843"" href=""#""  class=""ext_odkaz"" data-eurlex=""true"" data-celexid=""32021R0784"" data-cellarid=""bf725143-b70d-11eb-8aca-01aa75ed71a1"" data-orig-href=""http://eur-lex.europa.eu/legal-content/CS/AUTO/?uri=cellar:bf725143-b70d-11eb-8aca-01aa75ed71a1"">nařízení</a>";nařízení;23556843;ext_odkaz;true;32021R0784;bf725143-b70d-11eb-8aca-01aa75ed71a1;http://eur-lex.europa.eu/legal-content/CS/AUTO/?uri=cellar:bf725143-b70d-11eb-8aca-01aa75ed71a1;esel-esb:právní-akt-odkaz/23556843;nařízení;PREDPEU;369967;NA;NA;esel-esb:eli/cz/sb/2023/67/0000-00-00/dokument/norma/par_11/odst_1/pism_o/bod_1;63461;2023/67;NA;2023/67;67/2023 Sb.
esel-esb:eli/cz/sb/2023/67/2023-03-30/dokument/norma/par_11/odst_1/pism_o/bod_2;24012669;esel-esb:eli/cz/sb/2023/67/2023-03-30/dokument/norma/par_11/odst_1/pism_o;§ 11 odst. 1 písm. o) bod 2;NA;2;NA;/2/12/1/15/2/;esel-esb:právní-akt-fragment/11097411;11097411;11097411;Bod_Dd;2. svému právnímu zástupci neposkytne nezbytné pravomoci a zdroje pro plnění příkazů k odstranění a rozhodnutí a pro spolupráci s příslušnými orgány podle čl. 17 odst. 2 nařízení, nebo;norms;"<a data-odkaz-id=""23556837"" href=""#""  class=""ext_odkaz"" data-eurlex=""true"" data-celexid=""32021R0784"" data-cellarid=""bf725143-b70d-11eb-8aca-01aa75ed71a1"" data-orig-href=""http://eur-lex.europa.eu/legal-content/CS/AUTO/?uri=cellar:bf725143-b70d-11eb-8aca-01aa75ed71a1"">nařízení</a>";nařízení;23556837;ext_odkaz;true;32021R0784;bf725143-b70d-11eb-8aca-01aa75ed71a1;http://eur-lex.europa.eu/legal-content/CS/AUTO/?uri=cellar:bf725143-b70d-11eb-8aca-01aa75ed71a1;esel-esb:právní-akt-odkaz/23556837;nařízení;PREDPEU;369967;NA;NA;esel-esb:eli/cz/sb/2023/67/0000-00-00/dokument/norma/par_11/odst_1/pism_o/bod_2;63461;2023/67;NA;2023/67;67/2023 Sb.
esel-esb:eli/cz/sb/2023/67/2023-03-30/dokument/norma/par_11/odst_1/pism_o/bod_3;24012670;esel-esb:eli/cz/sb/2023/67/2023-03-30/dokument/norma/par_11/odst_1/pism_o;§ 11 odst. 1 písm. o) bod 3;NA;3;NA;/2/12/1/15/3/;esel-esb:právní-akt-fragment/11097413;11097413;11097413;Bod_Dd;3. určení právního zástupce, který má bydliště nebo je usazen v České republice, nezveřejní nebo neoznámí Úřadu podle čl. 17 odst. 4 nařízení.;norms;"<a data-odkaz-id=""23556831"" href=""#""  class=""ext_odkaz"" data-eurlex=""true"" data-celexid=""32021R0784"" data-cellarid=""bf725143-b70d-11eb-8aca-01aa75ed71a1"" data-orig-href=""http://eur-lex.europa.eu/legal-content/CS/AUTO/?uri=cellar:bf725143-b70d-11eb-8aca-01aa75ed71a1"">nařízení</a>";nařízení;23556831;ext_odkaz;true;32021R0784;bf725143-b70d-11eb-8aca-01aa75ed71a1;http://eur-lex.europa.eu/legal-content/CS/AUTO/?uri=cellar:bf725143-b70d-11eb-8aca-01aa75ed71a1;esel-esb:právní-akt-odkaz/23556831;nařízení;PREDPEU;369967;NA;NA;esel-esb:eli/cz/sb/2023/67/0000-00-00/dokument/norma/par_11/odst_1/pism_o/bod_3;63461;2023/67;NA;2023/67;67/2023 Sb.
esel-esb:eli/cz/sb/2023/67/2023-03-30/dokument/norma/par_11/odst_2;24012671;esel-esb:eli/cz/sb/2023/67/2023-03-30/dokument/norma/par_11;§ 11 odst. 2;NA;2;NA;/2/12/2/;esel-esb:právní-akt-fragment/11097415;11097415;11097415;Odstavec_Dc;(2) Právní zástupce určený podle čl. 17 nařízení se dopustí přestupku tím, že neposkytuje náležitou součinnost pro účely přijímání, dodržování a vymáhání příkazů k odstranění a rozhodnutí vydaných podle tohoto nařízení, čímž způsobí porušení některé z povinností uvedených v odstavci 1 písm. a) až n).;norms;"<a data-odkaz-id=""23556819"" href=""#""  class=""ext_odkaz"" data-eurlex=""true"" data-celexid=""32021R0784"" data-cellarid=""bf725143-b70d-11eb-8aca-01aa75ed71a1"" data-orig-href=""http://eur-lex.europa.eu/legal-content/CS/AUTO/?uri=cellar:bf725143-b70d-11eb-8aca-01aa75ed71a1"">nařízení</a>";nařízení;23556819;ext_odkaz;true;32021R0784;bf725143-b70d-11eb-8aca-01aa75ed71a1;http://eur-lex.europa.eu/legal-content/CS/AUTO/?uri=cellar:bf725143-b70d-11eb-8aca-01aa75ed71a1;esel-esb:právní-akt-odkaz/23556819;nařízení;PREDPEU;369967;NA;NA;esel-esb:eli/cz/sb/2023/67/0000-00-00/dokument/norma/par_11/odst_2;63461;2023/67;NA;2023/67;67/2023 Sb.
esel-esb:eli/cz/sb/2023/67/2023-03-30/dokument/norma/par_11/odst_2;24012671;esel-esb:eli/cz/sb/2023/67/2023-03-30/dokument/norma/par_11;§ 11 odst. 2;NA;2;NA;/2/12/2/;esel-esb:právní-akt-fragment/11097415;11097415;11097415;Odstavec_Dc;(2) Právní zástupce určený podle čl. 17 nařízení se dopustí přestupku tím, že neposkytuje náležitou součinnost pro účely přijímání, dodržování a vymáhání příkazů k odstranění a rozhodnutí vydaných podle tohoto nařízení, čímž způsobí porušení některé z povinností uvedených v odstavci 1 písm. a) až n).;norms;"<a data-odkaz-id=""23556825"" href=""#""  class=""ext_odkaz"" data-eurlex=""true"" data-celexid=""32021R0784"" data-cellarid=""bf725143-b70d-11eb-8aca-01aa75ed71a1"" data-orig-href=""http://eur-lex.europa.eu/legal-content/CS/AUTO/?uri=cellar:bf725143-b70d-11eb-8aca-01aa75ed71a1"">nařízení</a>";nařízení;23556825;ext_odkaz;true;32021R0784;bf725143-b70d-11eb-8aca-01aa75ed71a1;http://eur-lex.europa.eu/legal-content/CS/AUTO/?uri=cellar:bf725143-b70d-11eb-8aca-01aa75ed71a1;esel-esb:právní-akt-odkaz/23556825;nařízení;PREDPEU;369967;NA;NA;esel-esb:eli/cz/sb/2023/67/0000-00-00/dokument/norma/par_11/odst_2;63461;2023/67;NA;2023/67;67/2023 Sb.
esel-esb:eli/cz/sb/2023/67/2023-03-30/dokument/norma/par_11/odst_2;24012671;esel-esb:eli/cz/sb/2023/67/2023-03-30/dokument/norma/par_11;§ 11 odst. 2;NA;2;NA;/2/12/2/;esel-esb:právní-akt-fragment/11097415;11097415;11097415;Odstavec_Dc;(2) Právní zástupce určený podle čl. 17 nařízení se dopustí přestupku tím, že neposkytuje náležitou součinnost pro účely přijímání, dodržování a vymáhání příkazů k odstranění a rozhodnutí vydaných podle tohoto nařízení, čímž způsobí porušení některé z povinností uvedených v odstavci 1 písm. a) až n).;norms;"<a data-odkaz-id=""22655387"" href=""#""  class=""int_odkaz"">odstavci 1 písm. a) až n)</a>";odstavci 1 písm. a) až n);22655387;int_odkaz;NA;NA;NA;NA;esel-esb:právní-akt-odkaz/22655387;odstavci 1 písm. a) až n);INTUSTAN;63461;esel-esb:eli/cz/sb/2023/67/0000-00-00/dokument/norma/par_11/odst_1/pism_a;63461;esel-esb:eli/cz/sb/2023/67/0000-00-00/dokument/norma/par_11/odst_2;63461;2023/67;2023/67;2023/67;67/2023 Sb.
esel-esb:eli/cz/sb/2023/67/2023-03-30/dokument/norma/par_11/odst_3;24012672;esel-esb:eli/cz/sb/2023/67/2023-03-30/dokument/norma/par_11;§ 11 odst. 3;NA;3;NA;/2/12/3/;esel-esb:právní-akt-fragment/11097417;11097417;11097417;Odstavec_Dc;(3) Za přestupek podle odstavce 1 nebo 2 lze uložit pokutu do 200 000 Kč.;norms;"<a data-odkaz-id=""22655393"" href=""#""  class=""int_odkaz"">odstavce 1</a>";odstavce 1;22655393;int_odkaz;NA;NA;NA;NA;esel-esb:právní-akt-odkaz/22655393;odstavce 1;INTUSTAN;63461;esel-esb:eli/cz/sb/2023/67/0000-00-00/dokument/norma/par_11/odst_1;63461;esel-esb:eli/cz/sb/2023/67/0000-00-00/dokument/norma/par_11/odst_3;63461;2023/67;2023/67;2023/67;67/2023 Sb.
esel-esb:eli/cz/sb/2023/67/2023-03-30/dokument/norma/par_11/odst_3;24012672;esel-esb:eli/cz/sb/2023/67/2023-03-30/dokument/norma/par_11;§ 11 odst. 3;NA;3;NA;/2/12/3/;esel-esb:právní-akt-fragment/11097417;11097417;11097417;Odstavec_Dc;(3) Za přestupek podle odstavce 1 nebo 2 lze uložit pokutu do 200 000 Kč.;norms;"<a data-odkaz-id=""22655399"" href=""#""  class=""int_odkaz"">2</a>";2;22655399;int_odkaz;NA;NA;NA;NA;esel-esb:právní-akt-odkaz/22655399;2;INTUSTAN;63461;esel-esb:eli/cz/sb/2023/67/0000-00-00/dokument/norma/par_11/odst_2;63461;esel-esb:eli/cz/sb/2023/67/0000-00-00/dokument/norma/par_11/odst_3;63461;2023/67;2023/67;2023/67;67/2023 Sb.
esel-esb:eli/cz/sb/2023/67/2023-03-30/dokument/norma/par_11/odst_4;24012673;esel-esb:eli/cz/sb/2023/67/2023-03-30/dokument/norma/par_11;§ 11 odst. 4;NA;4;NA;/2/12/4/;esel-esb:právní-akt-fragment/11097419;11097419;11097419;Odstavec_Dc;"(4) Porušuje-li poskytovatel hostingových služeb soustavným nebo přetrvávajícím jednáním povinnosti podle čl. 3 odst. 3 nařízení, uloží se mu pokuta do výše 4 % celosvětového obratu poskytovatele hostingových služeb v předcházejícím hospodářském roce; je-li tato částka nižší než 500 000 Kč, uloží se pokuta do 500 000 Kč.";norms;"<a data-odkaz-id=""23556813"" href=""#""  class=""ext_odkaz"" data-eurlex=""true"" data-celexid=""32021R0784"" data-cellarid=""bf725143-b70d-11eb-8aca-01aa75ed71a1"" data-orig-href=""http://eur-lex.europa.eu/legal-content/CS/AUTO/?uri=cellar:bf725143-b70d-11eb-8aca-01aa75ed71a1"">nařízení</a>";nařízení;23556813;ext_odkaz;true;32021R0784;bf725143-b70d-11eb-8aca-01aa75ed71a1;http://eur-lex.europa.eu/legal-content/CS/AUTO/?uri=cellar:bf725143-b70d-11eb-8aca-01aa75ed71a1;esel-esb:právní-akt-odkaz/23556813;nařízení;PREDPEU;369967;NA;NA;esel-esb:eli/cz/sb/2023/67/0000-00-00/dokument/norma/par_11/odst_4;63461;2023/67;NA;2023/67;67/2023 Sb.
esel-esb:eli/cz/sb/2023/67/2023-03-30/dokument/poznamkypodcarou/ppc_1;24012685;esel-esb:eli/cz/sb/2023/67/2023-03-30/dokument/poznamkypodcarou;pozn. 1;NA;1;NA;/5/1/;esel-esb:právní-akt-fragment/11097439;11097439;11097439;PPC;1) Nařízení Evropského parlamentu a Rady (EU) 2021/784 ze dne 29. dubna 2021 o potírání šíření teroristického obsahu online.;notes;"<a data-odkaz-id=""23556807"" href=""#""  class=""ext_odkaz"" data-eurlex=""true"" data-celexid=""32021R0784"" data-cellarid=""bf725143-b70d-11eb-8aca-01aa75ed71a1"" data-orig-href=""http://eur-lex.europa.eu/legal-content/CS/AUTO/?uri=cellar:bf725143-b70d-11eb-8aca-01aa75ed71a1"">2021/784</a>";2021/784;23556807;ext_odkaz;true;32021R0784;bf725143-b70d-11eb-8aca-01aa75ed71a1;http://eur-lex.europa.eu/legal-content/CS/AUTO/?uri=cellar:bf725143-b70d-11eb-8aca-01aa75ed71a1;esel-esb:právní-akt-odkaz/23556807;2021/784;PREDPEU;369967;NA;NA;esel-esb:eli/cz/sb/2023/67/0000-00-00/dokument/poznamkypodcarou/ppc_1;63461;2023/67;NA;2023/67;67/2023 Sb.
