fragment.iri;fragment.id;fragment.předek.iri;fragment.citace;fragment.citace.text;fragment.označení.uzlu;fragment.označení.uzlu.text;fragment.hierarchie;akt.fragment.iri;akt.fragment.id;fragment.base.id;typ.fragmentu;fragment.text_clean;source;tag;tag_clean;odkaz.id;class;data_eurlex;data_celexid;data_cellarid;data_orig_href;odkaz.iri;odkaz.citace.cíl;typ.vazba.odkazu;cíl.dokument.id;fragment.cíl.iri;fragment.cíl.dokument.id;fragment.zdroj.iri;fragment.zdroj.dokument.id;iri_z;iri_c;iri_v;akt.citace
esel-esb:eli/cz/sb/1990/84/2021-02-27/dokument/norma/par_1/odst_4;3892837;esel-esb:eli/cz/sb/1990/84/2021-02-27/dokument/norma/par_1;§ 1 odst. 4;NA;4;NA;/2/2/4/;esel-esb:právní-akt-fragment/1940929;1940929;1940541;Odstavec_Dc;(4) Jsou zakázána shromáždění v blízkosti budov Parlamentu České republiky, a to v místech vymezených v příloze tohoto zákona.;norms;"<a data-odkaz-id=""5290675"" href=""#""  class=""int_odkaz"">příloze</a>";příloze;5290675;int_odkaz;NA;NA;NA;NA;esel-esb:právní-akt-odkaz/5290675;příloze;INTUSTAN;88013;esel-esb:eli/cz/sb/1990/84/2016-11-01/dokument/prilohy/priloha_0;88013;esel-esb:eli/cz/sb/1990/84/2016-11-01/dokument/norma/par_1/odst_4;88013;1990/84;1990/84;1990/84;84/1990 Sb.
esel-esb:eli/cz/sb/1990/84/2021-02-27/dokument/norma/par_2/pism_c;3892842;esel-esb:eli/cz/sb/1990/84/2021-02-27/dokument/norma/par_2/frag_1940545;§ 2 písm. c);NA;c;NA;/2/3/1/3/;esel-esb:právní-akt-fragment/1940551;1940551;1940551;Pismeno_Lb;c) jiná shromáždění nesloužící účelu uvedenému v § 1 odst. 2.;norms;"<a data-odkaz-id=""5321079"" href=""#""  class=""int_odkaz"">§ 1 odst. 2.</a>";§ 1 odst. 2.;5321079;int_odkaz;NA;NA;NA;NA;esel-esb:právní-akt-odkaz/5321079;§ 1 odst. 2.;INTUSTAN;26051;esel-esb:eli/cz/sb/1990/84/0000-00-00/dokument/norma/par_1/odst_2;26051;esel-esb:eli/cz/sb/1990/84/0000-00-00/dokument/norma/par_2/pism_c;26051;1990/84;1990/84;1990/84;84/1990 Sb.
esel-esb:eli/cz/sb/1990/84/2021-02-27/dokument/norma/par_4/odst_2;3892859;esel-esb:eli/cz/sb/1990/84/2021-02-27/dokument/norma/par_4;§ 4 odst. 2;NA;2;NA;/2/7/2/;esel-esb:právní-akt-fragment/1940937;1940937;1940573;Odstavec_Dc;(2) Rada obce může ve svém územním obvodu nařízením určit místa, kde lze konat shromáždění k účelu uvedenému v § 1 odst. 2 bez oznámení. Přitom může stanovit dobu, v níž se taková shromáždění konat nesmějí.;norms;"<a data-odkaz-id=""5290669"" href=""#""  class=""int_odkaz"">§ 1 odst. 2</a>";§ 1 odst. 2;5290669;int_odkaz;NA;NA;NA;NA;esel-esb:právní-akt-odkaz/5290669;§ 1 odst. 2;INTUSTAN;88013;esel-esb:eli/cz/sb/1990/84/2016-11-01/dokument/norma/par_1/odst_2;88013;esel-esb:eli/cz/sb/1990/84/2016-11-01/dokument/norma/par_4/odst_2;88013;1990/84;1990/84;1990/84;84/1990 Sb.
esel-esb:eli/cz/sb/1990/84/2021-02-27/dokument/norma/par_5/odst_5;3892871;esel-esb:eli/cz/sb/1990/84/2021-02-27/dokument/norma/par_5;§ 5 odst. 5;NA;5;NA;/2/8/5/;esel-esb:právní-akt-fragment/1940949;1940949;1940595;Odstavec_Dc;(5) Neuvede-li svolavatel údaje podle odstavce 3 nebo jsou-li uvedené údaje neúplné, nepřesné nebo nepravdivé anebo nepředloží-li svolavatel k oznámení souhlas podle odstavce 4, úřad svolavatele na vady oznámení neprodleně upozorní.;norms;"<a data-odkaz-id=""5290657"" href=""#""  class=""int_odkaz"">odstavce 3</a>";odstavce 3;5290657;int_odkaz;NA;NA;NA;NA;esel-esb:právní-akt-odkaz/5290657;odstavce 3;INTUSTAN;88013;esel-esb:eli/cz/sb/1990/84/2016-11-01/dokument/norma/par_5/odst_3;88013;esel-esb:eli/cz/sb/1990/84/2016-11-01/dokument/norma/par_5/odst_5;88013;1990/84;1990/84;1990/84;84/1990 Sb.
esel-esb:eli/cz/sb/1990/84/2021-02-27/dokument/norma/par_5/odst_5;3892871;esel-esb:eli/cz/sb/1990/84/2021-02-27/dokument/norma/par_5;§ 5 odst. 5;NA;5;NA;/2/8/5/;esel-esb:právní-akt-fragment/1940949;1940949;1940595;Odstavec_Dc;(5) Neuvede-li svolavatel údaje podle odstavce 3 nebo jsou-li uvedené údaje neúplné, nepřesné nebo nepravdivé anebo nepředloží-li svolavatel k oznámení souhlas podle odstavce 4, úřad svolavatele na vady oznámení neprodleně upozorní.;norms;"<a data-odkaz-id=""5290663"" href=""#""  class=""int_odkaz"">odstavce 4</a>";odstavce 4;5290663;int_odkaz;NA;NA;NA;NA;esel-esb:právní-akt-odkaz/5290663;odstavce 4;INTUSTAN;88013;esel-esb:eli/cz/sb/1990/84/2016-11-01/dokument/norma/par_5/odst_4;88013;esel-esb:eli/cz/sb/1990/84/2016-11-01/dokument/norma/par_5/odst_5;88013;1990/84;1990/84;1990/84;84/1990 Sb.
esel-esb:eli/cz/sb/1990/84/2021-02-27/dokument/norma/par_6/odst_2;3892876;esel-esb:eli/cz/sb/1990/84/2021-02-27/dokument/norma/par_6;§ 6 odst. 2;NA;2;NA;/2/9/3/;esel-esb:právní-akt-fragment/1940605;1940605;1940605;Odstavec_Dc;(2) Oprávnění svolavatele podle odstavce 1 zaniká, nebyla-li platně splněna oznamovací povinnost podle § 5 nebo bylo-li shromáždění zakázáno.;norms;"<a data-odkaz-id=""5290299"" href=""#""  class=""int_odkaz"">odstavce 1</a>";odstavce 1;5290299;int_odkaz;NA;NA;NA;NA;esel-esb:právní-akt-odkaz/5290299;odstavce 1;INTUSTAN;26051;esel-esb:eli/cz/sb/1990/84/0000-00-00/dokument/norma/par_6/odst_1;26051;esel-esb:eli/cz/sb/1990/84/0000-00-00/dokument/norma/par_6/odst_2;26051;1990/84;1990/84;1990/84;84/1990 Sb.
esel-esb:eli/cz/sb/1990/84/2021-02-27/dokument/norma/par_6/odst_2;3892876;esel-esb:eli/cz/sb/1990/84/2021-02-27/dokument/norma/par_6;§ 6 odst. 2;NA;2;NA;/2/9/3/;esel-esb:právní-akt-fragment/1940605;1940605;1940605;Odstavec_Dc;(2) Oprávnění svolavatele podle odstavce 1 zaniká, nebyla-li platně splněna oznamovací povinnost podle § 5 nebo bylo-li shromáždění zakázáno.;norms;"<a data-odkaz-id=""5290321"" href=""#""  class=""int_odkaz"">§ 5</a>";§ 5;5290321;int_odkaz;NA;NA;NA;NA;esel-esb:právní-akt-odkaz/5290321;§ 5;INTUSTAN;26051;esel-esb:eli/cz/sb/1990/84/0000-00-00/dokument/norma/par_5;26051;esel-esb:eli/cz/sb/1990/84/0000-00-00/dokument/norma/par_6/odst_2;26051;1990/84;1990/84;1990/84;84/1990 Sb.
esel-esb:eli/cz/sb/1990/84/2021-02-27/dokument/norma/par_6/odst_7;3892887;esel-esb:eli/cz/sb/1990/84/2021-02-27/dokument/norma/par_6;§ 6 odst. 7;NA;7;NA;/2/9/8/;esel-esb:právní-akt-fragment/1940627;1940627;1940627;Odstavec_Dc;(7) Vzejde-li ze shromáždění petice, postupuje se podle zvláštních předpisů.1);norms;"<a data-odkaz-id=""5290343"" href=""#""  class=""int_odkaz""><sup>1</sup>)</a>";1);5290343;int_odkaz;NA;NA;NA;NA;esel-esb:právní-akt-odkaz/5290343;<sup>1</sup>);POZNAMKA;26051;esel-esb:eli/cz/sb/1990/84/0000-00-00/dokument/poznamkypodcarou/ppc_1;26051;esel-esb:eli/cz/sb/1990/84/0000-00-00/dokument/norma/par_6/odst_7;26051;1990/84;1990/84;1990/84;84/1990 Sb.
esel-esb:eli/cz/sb/1990/84/2021-02-27/dokument/norma/par_6/odst_8;3892888;esel-esb:eli/cz/sb/1990/84/2021-02-27/dokument/norma/par_6;§ 6 odst. 8;NA;8;NA;/2/9/9/;esel-esb:právní-akt-fragment/1940629;1940629;1940629;Odstavec_Dc;(8) Ustanovení předchozích odstavců se přiměřeně vztahují i na shromáždění, která podle § 4 nemusí být oznamována.;norms;"<a data-odkaz-id=""5321033"" href=""#""  class=""int_odkaz"">§ 4</a>";§ 4;5321033;int_odkaz;NA;NA;NA;NA;esel-esb:právní-akt-odkaz/5321033;§ 4;INTUSTAN;26051;esel-esb:eli/cz/sb/1990/84/0000-00-00/dokument/norma/par_4;26051;esel-esb:eli/cz/sb/1990/84/0000-00-00/dokument/norma/par_6/odst_8;26051;1990/84;1990/84;1990/84;84/1990 Sb.
esel-esb:eli/cz/sb/1990/84/2021-02-27/dokument/norma/par_7/odst_1;3892891;esel-esb:eli/cz/sb/1990/84/2021-02-27/dokument/norma/par_7;§ 7 odst. 1;NA;1;NA;/2/10/2/;esel-esb:právní-akt-fragment/1940635;1940635;1940635;Odstavec_Dc;(1) Účastníci shromáždění jsou povinni dbát pokynů svolavatele a pořadatelů podle § 6 a zdržet se všeho, co by narušilo řádný a pokojný průběh shromáždění.;norms;"<a data-odkaz-id=""5321011"" href=""#""  class=""int_odkaz"">§ 6</a>";§ 6;5321011;int_odkaz;NA;NA;NA;NA;esel-esb:právní-akt-odkaz/5321011;§ 6;INTUSTAN;26051;esel-esb:eli/cz/sb/1990/84/0000-00-00/dokument/norma/par_6;26051;esel-esb:eli/cz/sb/1990/84/0000-00-00/dokument/norma/par_7/odst_1;26051;1990/84;1990/84;1990/84;84/1990 Sb.
esel-esb:eli/cz/sb/1990/84/2021-02-27/dokument/norma/par_8/odst_6;3892902;esel-esb:eli/cz/sb/1990/84/2021-02-27/dokument/norma/par_8;§ 8 odst. 6;NA;6;NA;/2/12/6/;esel-esb:právní-akt-fragment/1940975;1940975;1940975;Odstavec_Dc;(6) Není-li zástupce úřadu přítomen nebo vyžadují-li to okolnosti na místě, zejména rozsah či povaha shromáždění, může podle odstavců 3 až 5 obdobně postupovat příslušník Policie České republiky (dále jen „policista“).;norms;"<a data-odkaz-id=""5324283"" href=""#""  class=""int_odkaz"">odstavců 3 až 5</a>";odstavců 3 až 5;5324283;int_odkaz;NA;NA;NA;NA;esel-esb:právní-akt-odkaz/5324283;odstavců 3 až 5;INTUSTAN;88013;esel-esb:eli/cz/sb/1990/84/2016-11-01/dokument/norma/par_8/odst_3;88013;esel-esb:eli/cz/sb/1990/84/2016-11-01/dokument/norma/par_8/odst_6;88013;1990/84;1990/84;1990/84;84/1990 Sb.
esel-esb:eli/cz/sb/1990/84/2021-02-27/dokument/norma/par_10/odst_2/pism_b;3892912;esel-esb:eli/cz/sb/1990/84/2021-02-27/dokument/norma/par_10/odst_2;§ 10 odst. 2 písm. b);NA;b;NA;/2/14/2/2/;esel-esb:právní-akt-fragment/1940981;1940981;1940665;Pismeno_Lb;"b) na stejném místě a ve stejnou dobu se má podle dříve doručeného oznámení konat jiné shromáždění, mezi svolavateli nedošlo k dohodě o úpravě doby nebo místa jeho konání a stanovení podmínek podle § 8 odst. 2 by bylo zjevně neúčelné; nelze-li určit, které oznámení bylo doručeno dříve, rozhodne se za účasti zástupců svolavatelů losováním.";norms;"<a data-odkaz-id=""5324277"" href=""#""  class=""int_odkaz"">§ 8 odst. 2</a>";§ 8 odst. 2;5324277;int_odkaz;NA;NA;NA;NA;esel-esb:právní-akt-odkaz/5324277;§ 8 odst. 2;INTUSTAN;88013;esel-esb:eli/cz/sb/1990/84/2016-11-01/dokument/norma/par_8/odst_2;88013;esel-esb:eli/cz/sb/1990/84/2016-11-01/dokument/norma/par_10/odst_2/pism_b;88013;1990/84;1990/84;1990/84;84/1990 Sb.
esel-esb:eli/cz/sb/1990/84/2021-02-27/dokument/norma/par_10/odst_4;3892914;esel-esb:eli/cz/sb/1990/84/2021-02-27/dokument/norma/par_10;§ 10 odst. 4;NA;4;NA;/2/14/4/;esel-esb:právní-akt-fragment/1940983;1940983;1940669;Odstavec_Dc;(4) Úřad nemůže shromáždění zakázat z důvodů uvedených v odstavcích 2 a 3, jestliže svolavatel přijal návrh úřadu podle § 8 odst. 1.;norms;"<a data-odkaz-id=""5324259"" href=""#""  class=""int_odkaz"">odstavcích 2</a>";odstavcích 2;5324259;int_odkaz;NA;NA;NA;NA;esel-esb:právní-akt-odkaz/5324259;odstavcích 2;INTUSTAN;88013;esel-esb:eli/cz/sb/1990/84/2016-11-01/dokument/norma/par_10/odst_2;88013;esel-esb:eli/cz/sb/1990/84/2016-11-01/dokument/norma/par_10/odst_4;88013;1990/84;1990/84;1990/84;84/1990 Sb.
esel-esb:eli/cz/sb/1990/84/2021-02-27/dokument/norma/par_10/odst_4;3892914;esel-esb:eli/cz/sb/1990/84/2021-02-27/dokument/norma/par_10;§ 10 odst. 4;NA;4;NA;/2/14/4/;esel-esb:právní-akt-fragment/1940983;1940983;1940669;Odstavec_Dc;(4) Úřad nemůže shromáždění zakázat z důvodů uvedených v odstavcích 2 a 3, jestliže svolavatel přijal návrh úřadu podle § 8 odst. 1.;norms;"<a data-odkaz-id=""5324265"" href=""#""  class=""int_odkaz"">3</a>";3;5324265;int_odkaz;NA;NA;NA;NA;esel-esb:právní-akt-odkaz/5324265;3;INTUSTAN;88013;esel-esb:eli/cz/sb/1990/84/2016-11-01/dokument/norma/par_10/odst_3;88013;esel-esb:eli/cz/sb/1990/84/2016-11-01/dokument/norma/par_10/odst_4;88013;1990/84;1990/84;1990/84;84/1990 Sb.
esel-esb:eli/cz/sb/1990/84/2021-02-27/dokument/norma/par_10/odst_4;3892914;esel-esb:eli/cz/sb/1990/84/2021-02-27/dokument/norma/par_10;§ 10 odst. 4;NA;4;NA;/2/14/4/;esel-esb:právní-akt-fragment/1940983;1940983;1940669;Odstavec_Dc;(4) Úřad nemůže shromáždění zakázat z důvodů uvedených v odstavcích 2 a 3, jestliže svolavatel přijal návrh úřadu podle § 8 odst. 1.;norms;"<a data-odkaz-id=""5324271"" href=""#""  class=""int_odkaz"">§ 8 odst. 1.</a>";§ 8 odst. 1.;5324271;int_odkaz;NA;NA;NA;NA;esel-esb:právní-akt-odkaz/5324271;§ 8 odst. 1.;INTUSTAN;88013;esel-esb:eli/cz/sb/1990/84/2016-11-01/dokument/norma/par_8/odst_1;88013;esel-esb:eli/cz/sb/1990/84/2016-11-01/dokument/norma/par_10/odst_4;88013;1990/84;1990/84;1990/84;84/1990 Sb.
esel-esb:eli/cz/sb/1990/84/2021-02-27/dokument/norma/par_11/odst_2;3892917;esel-esb:eli/cz/sb/1990/84/2021-02-27/dokument/norma/par_11;§ 11 odst. 2;NA;2;NA;/2/15/2/;esel-esb:právní-akt-fragment/1940989;1940989;1940675;Odstavec_Dc;(2) Úřad rozhodnutí podle odstavce 1 doručí veřejnou vyhláškou. Úřad zašle svolavateli písemné vyhotovení rozhodnutí bez zbytečného odkladu na vědomí. Rozhodnutí je doručeno vyvěšením.;norms;"<a data-odkaz-id=""5324253"" href=""#""  class=""int_odkaz"">odstavce 1</a>";odstavce 1;5324253;int_odkaz;NA;NA;NA;NA;esel-esb:právní-akt-odkaz/5324253;odstavce 1;INTUSTAN;88013;esel-esb:eli/cz/sb/1990/84/2016-11-01/dokument/norma/par_11/odst_1;88013;esel-esb:eli/cz/sb/1990/84/2016-11-01/dokument/norma/par_11/odst_2;88013;1990/84;1990/84;1990/84;84/1990 Sb.
esel-esb:eli/cz/sb/1990/84/2021-02-27/dokument/norma/par_11/odst_3;3892918;esel-esb:eli/cz/sb/1990/84/2021-02-27/dokument/norma/par_11;§ 11 odst. 3;NA;3;NA;/2/15/3/;esel-esb:právní-akt-fragment/1940991;1940991;1940677;Odstavec_Dc;"(3) Žalobu proti rozhodnutí úřadu podle odstavce 1 může svolavatel podat do 15 dnů od jeho doručení. Soud rozhodne do 3 pracovních dnů od podání žaloby, a pokud nejsou splněny podmínky řízení, pak od odstranění vad podání, k jejichž odstranění je soud povinen vyzvat bez zbytečného odkladu. Soud v řízení doručuje účastníkům a osobám zúčastněným na řízení vyvěšením na úřední desce soudu. Soud zároveň s vyvěšením zašle písemnost na vědomí způsobem, kterým by ji jinak podle soudního řádu správního doručoval, a podle okolností může použít i další způsoby vyrozumění účastníků a osob zúčastněných na řízení tak, aby byla co nejvíce šetřena jejich práva. Svolavatel je po zrušení rozhodnutí úřadu soudem oprávněn shromáždění uspořádat v souladu s oznámením. Pokud soud zruší rozhodnutí úřadu po dni oznámeného shromáždění, lze je konat později tak, aby bylo uskutečněno do 30 dnů ode dne nabytí právní moci rozhodnutí soudu; v takovém případě svolavatel vyrozumí úřad o dni konání shromáždění nejpozději 1 pracovní den před jeho konáním.";norms;"<a data-odkaz-id=""5324247"" href=""#""  class=""int_odkaz"">odstavce 1</a>";odstavce 1;5324247;int_odkaz;NA;NA;NA;NA;esel-esb:právní-akt-odkaz/5324247;odstavce 1;INTUSTAN;88013;esel-esb:eli/cz/sb/1990/84/2016-11-01/dokument/norma/par_11/odst_1;88013;esel-esb:eli/cz/sb/1990/84/2016-11-01/dokument/norma/par_11/odst_3;88013;1990/84;1990/84;1990/84;84/1990 Sb.
esel-esb:eli/cz/sb/1990/84/2021-02-27/dokument/norma/par_12/odst_1;3892920;esel-esb:eli/cz/sb/1990/84/2021-02-27/dokument/norma/par_12;§ 12 odst. 1;NA;1;NA;/2/16/1/;esel-esb:právní-akt-fragment/1940995;1940995;1940681;Odstavec_Dc;(1) Jestliže se shromáždění koná, ačkoliv je zakázáno, vyzve zástupce úřadu svolavatele způsobem uvedeným v odstavci 5, aby shromáždění neprodleně ukončil.;norms;"<a data-odkaz-id=""5324241"" href=""#""  class=""int_odkaz"">odstavci 5</a>";odstavci 5;5324241;int_odkaz;NA;NA;NA;NA;esel-esb:právní-akt-odkaz/5324241;odstavci 5;INTUSTAN;88013;esel-esb:eli/cz/sb/1990/84/2016-11-01/dokument/norma/par_12/odst_5;88013;esel-esb:eli/cz/sb/1990/84/2016-11-01/dokument/norma/par_12/odst_1;88013;1990/84;1990/84;1990/84;84/1990 Sb.
esel-esb:eli/cz/sb/1990/84/2021-02-27/dokument/norma/par_12/odst_2;3892921;esel-esb:eli/cz/sb/1990/84/2021-02-27/dokument/norma/par_12;§ 12 odst. 2;NA;2;NA;/2/16/2/;esel-esb:právní-akt-fragment/1940997;1940997;1940683;Odstavec_Dc;(2) Shromáždění, které se koná, aniž bylo oznámeno podle § 5, může zástupce úřadu rozpustit, jestliže nastaly okolnosti, které by odůvodnily jeho zákaz podle § 10 odst. 1 až 3, nebo je-li zakázáno ze zákona. To platí i pro shromáždění, která se neoznamují.;norms;"<a data-odkaz-id=""5324229"" href=""#""  class=""int_odkaz"">§ 5</a>";§ 5;5324229;int_odkaz;NA;NA;NA;NA;esel-esb:právní-akt-odkaz/5324229;§ 5;INTUSTAN;88013;esel-esb:eli/cz/sb/1990/84/2016-11-01/dokument/norma/par_5;88013;esel-esb:eli/cz/sb/1990/84/2016-11-01/dokument/norma/par_12/odst_2;88013;1990/84;1990/84;1990/84;84/1990 Sb.
esel-esb:eli/cz/sb/1990/84/2021-02-27/dokument/norma/par_12/odst_2;3892921;esel-esb:eli/cz/sb/1990/84/2021-02-27/dokument/norma/par_12;§ 12 odst. 2;NA;2;NA;/2/16/2/;esel-esb:právní-akt-fragment/1940997;1940997;1940683;Odstavec_Dc;(2) Shromáždění, které se koná, aniž bylo oznámeno podle § 5, může zástupce úřadu rozpustit, jestliže nastaly okolnosti, které by odůvodnily jeho zákaz podle § 10 odst. 1 až 3, nebo je-li zakázáno ze zákona. To platí i pro shromáždění, která se neoznamují.;norms;"<a data-odkaz-id=""5324235"" href=""#""  class=""int_odkaz"">§ 10 odst. 1 až 3</a>";§ 10 odst. 1 až 3;5324235;int_odkaz;NA;NA;NA;NA;esel-esb:právní-akt-odkaz/5324235;§ 10 odst. 1 až 3;INTUSTAN;88013;esel-esb:eli/cz/sb/1990/84/2016-11-01/dokument/norma/par_10/odst_1;88013;esel-esb:eli/cz/sb/1990/84/2016-11-01/dokument/norma/par_12/odst_2;88013;1990/84;1990/84;1990/84;84/1990 Sb.
esel-esb:eli/cz/sb/1990/84/2021-02-27/dokument/norma/par_12/odst_3;3892922;esel-esb:eli/cz/sb/1990/84/2021-02-27/dokument/norma/par_12;§ 12 odst. 3;NA;3;NA;/2/16/3/;esel-esb:právní-akt-fragment/1940999;1940999;1940685;Odstavec_Dc;(3) Shromáždění, které bylo oznámeno a nebylo zakázáno, může být způsobem uvedeným v odstavci 5 rozpuštěno, jestliže se podstatně odchýlilo od oznámeného účelu takovým způsobem, že v průběhu shromáždění nastaly okolnosti, které by odůvodnily jeho zákaz podle § 10 odst. 1, nebo pokud nastaly mimořádné okolnosti, které by odůvodnily jeho zákaz podle § 10 odst. 2 nebo 3.;norms;"<a data-odkaz-id=""5324205"" href=""#""  class=""int_odkaz"">odstavci 5</a>";odstavci 5;5324205;int_odkaz;NA;NA;NA;NA;esel-esb:právní-akt-odkaz/5324205;odstavci 5;INTUSTAN;88013;esel-esb:eli/cz/sb/1990/84/2016-11-01/dokument/norma/par_12/odst_5;88013;esel-esb:eli/cz/sb/1990/84/2016-11-01/dokument/norma/par_12/odst_3;88013;1990/84;1990/84;1990/84;84/1990 Sb.
esel-esb:eli/cz/sb/1990/84/2021-02-27/dokument/norma/par_12/odst_3;3892922;esel-esb:eli/cz/sb/1990/84/2021-02-27/dokument/norma/par_12;§ 12 odst. 3;NA;3;NA;/2/16/3/;esel-esb:právní-akt-fragment/1940999;1940999;1940685;Odstavec_Dc;(3) Shromáždění, které bylo oznámeno a nebylo zakázáno, může být způsobem uvedeným v odstavci 5 rozpuštěno, jestliže se podstatně odchýlilo od oznámeného účelu takovým způsobem, že v průběhu shromáždění nastaly okolnosti, které by odůvodnily jeho zákaz podle § 10 odst. 1, nebo pokud nastaly mimořádné okolnosti, které by odůvodnily jeho zákaz podle § 10 odst. 2 nebo 3.;norms;"<a data-odkaz-id=""5324211"" href=""#""  class=""int_odkaz"">§ 10 odst. 1</a>";§ 10 odst. 1;5324211;int_odkaz;NA;NA;NA;NA;esel-esb:právní-akt-odkaz/5324211;§ 10 odst. 1;INTUSTAN;88013;esel-esb:eli/cz/sb/1990/84/2016-11-01/dokument/norma/par_10/odst_1;88013;esel-esb:eli/cz/sb/1990/84/2016-11-01/dokument/norma/par_12/odst_3;88013;1990/84;1990/84;1990/84;84/1990 Sb.
esel-esb:eli/cz/sb/1990/84/2021-02-27/dokument/norma/par_12/odst_3;3892922;esel-esb:eli/cz/sb/1990/84/2021-02-27/dokument/norma/par_12;§ 12 odst. 3;NA;3;NA;/2/16/3/;esel-esb:právní-akt-fragment/1940999;1940999;1940685;Odstavec_Dc;(3) Shromáždění, které bylo oznámeno a nebylo zakázáno, může být způsobem uvedeným v odstavci 5 rozpuštěno, jestliže se podstatně odchýlilo od oznámeného účelu takovým způsobem, že v průběhu shromáždění nastaly okolnosti, které by odůvodnily jeho zákaz podle § 10 odst. 1, nebo pokud nastaly mimořádné okolnosti, které by odůvodnily jeho zákaz podle § 10 odst. 2 nebo 3.;norms;"<a data-odkaz-id=""5324217"" href=""#""  class=""int_odkaz"">§ 10 odst. 2</a>";§ 10 odst. 2;5324217;int_odkaz;NA;NA;NA;NA;esel-esb:právní-akt-odkaz/5324217;§ 10 odst. 2;INTUSTAN;88013;esel-esb:eli/cz/sb/1990/84/2016-11-01/dokument/norma/par_10/odst_2;88013;esel-esb:eli/cz/sb/1990/84/2016-11-01/dokument/norma/par_12/odst_3;88013;1990/84;1990/84;1990/84;84/1990 Sb.
esel-esb:eli/cz/sb/1990/84/2021-02-27/dokument/norma/par_12/odst_3;3892922;esel-esb:eli/cz/sb/1990/84/2021-02-27/dokument/norma/par_12;§ 12 odst. 3;NA;3;NA;/2/16/3/;esel-esb:právní-akt-fragment/1940999;1940999;1940685;Odstavec_Dc;(3) Shromáždění, které bylo oznámeno a nebylo zakázáno, může být způsobem uvedeným v odstavci 5 rozpuštěno, jestliže se podstatně odchýlilo od oznámeného účelu takovým způsobem, že v průběhu shromáždění nastaly okolnosti, které by odůvodnily jeho zákaz podle § 10 odst. 1, nebo pokud nastaly mimořádné okolnosti, které by odůvodnily jeho zákaz podle § 10 odst. 2 nebo 3.;norms;"<a data-odkaz-id=""5324223"" href=""#""  class=""int_odkaz"">3.</a>";3.;5324223;int_odkaz;NA;NA;NA;NA;esel-esb:právní-akt-odkaz/5324223;3.;INTUSTAN;88013;esel-esb:eli/cz/sb/1990/84/2016-11-01/dokument/norma/par_10/odst_3;88013;esel-esb:eli/cz/sb/1990/84/2016-11-01/dokument/norma/par_12/odst_3;88013;1990/84;1990/84;1990/84;84/1990 Sb.
esel-esb:eli/cz/sb/1990/84/2021-02-27/dokument/norma/par_12/odst_4;3892923;esel-esb:eli/cz/sb/1990/84/2021-02-27/dokument/norma/par_12;§ 12 odst. 4;NA;4;NA;/2/16/4/;esel-esb:právní-akt-fragment/1941001;1941001;1940687;Odstavec_Dc;(4) Shromáždění může být rozpuštěno způsobem stanoveným v odstavci 5, jestliže se lze důvodně domnívat, že jeho účastníci při něm páchají trestné činy, pokud se účastníci neřídí rozhodnutím úřadu nebo nebyly splněny povinnosti účastníků shromáždění podle § 7 odst. 3 a 4 a nápravu se nepodařilo zjednat jiným způsobem, zejména zákrokem proti jednotlivým účastníkům shromáždění.;norms;"<a data-odkaz-id=""5324187"" href=""#""  class=""int_odkaz"">odstavci 5</a>";odstavci 5;5324187;int_odkaz;NA;NA;NA;NA;esel-esb:právní-akt-odkaz/5324187;odstavci 5;INTUSTAN;88013;esel-esb:eli/cz/sb/1990/84/2016-11-01/dokument/norma/par_12/odst_5;88013;esel-esb:eli/cz/sb/1990/84/2016-11-01/dokument/norma/par_12/odst_4;88013;1990/84;1990/84;1990/84;84/1990 Sb.
esel-esb:eli/cz/sb/1990/84/2021-02-27/dokument/norma/par_12/odst_4;3892923;esel-esb:eli/cz/sb/1990/84/2021-02-27/dokument/norma/par_12;§ 12 odst. 4;NA;4;NA;/2/16/4/;esel-esb:právní-akt-fragment/1941001;1941001;1940687;Odstavec_Dc;(4) Shromáždění může být rozpuštěno způsobem stanoveným v odstavci 5, jestliže se lze důvodně domnívat, že jeho účastníci při něm páchají trestné činy, pokud se účastníci neřídí rozhodnutím úřadu nebo nebyly splněny povinnosti účastníků shromáždění podle § 7 odst. 3 a 4 a nápravu se nepodařilo zjednat jiným způsobem, zejména zákrokem proti jednotlivým účastníkům shromáždění.;norms;"<a data-odkaz-id=""5324193"" href=""#""  class=""int_odkaz"">§ 7 odst. 3</a>";§ 7 odst. 3;5324193;int_odkaz;NA;NA;NA;NA;esel-esb:právní-akt-odkaz/5324193;§ 7 odst. 3;INTUSTAN;88013;esel-esb:eli/cz/sb/1990/84/2016-11-01/dokument/norma/par_7/odst_3;88013;esel-esb:eli/cz/sb/1990/84/2016-11-01/dokument/norma/par_12/odst_4;88013;1990/84;1990/84;1990/84;84/1990 Sb.
esel-esb:eli/cz/sb/1990/84/2021-02-27/dokument/norma/par_12/odst_4;3892923;esel-esb:eli/cz/sb/1990/84/2021-02-27/dokument/norma/par_12;§ 12 odst. 4;NA;4;NA;/2/16/4/;esel-esb:právní-akt-fragment/1941001;1941001;1940687;Odstavec_Dc;(4) Shromáždění může být rozpuštěno způsobem stanoveným v odstavci 5, jestliže se lze důvodně domnívat, že jeho účastníci při něm páchají trestné činy, pokud se účastníci neřídí rozhodnutím úřadu nebo nebyly splněny povinnosti účastníků shromáždění podle § 7 odst. 3 a 4 a nápravu se nepodařilo zjednat jiným způsobem, zejména zákrokem proti jednotlivým účastníkům shromáždění.;norms;"<a data-odkaz-id=""5324199"" href=""#""  class=""int_odkaz"">4</a>";4;5324199;int_odkaz;NA;NA;NA;NA;esel-esb:právní-akt-odkaz/5324199;4;INTUSTAN;88013;esel-esb:eli/cz/sb/1990/84/2016-11-01/dokument/norma/par_7/odst_4;88013;esel-esb:eli/cz/sb/1990/84/2016-11-01/dokument/norma/par_12/odst_4;88013;1990/84;1990/84;1990/84;84/1990 Sb.
esel-esb:eli/cz/sb/1990/84/2021-02-27/dokument/norma/par_12/odst_6;3892925;esel-esb:eli/cz/sb/1990/84/2021-02-27/dokument/norma/par_12;§ 12 odst. 6;NA;6;NA;/2/16/6/;esel-esb:právní-akt-fragment/1941005;1941005;1940691;Odstavec_Dc;"(6) Nekoná-li zástupce úřadu nebo je-li zástupce úřadu nepřítomný, může shromáždění rozpustit i policista a dále zástupce krajského úřadu, v jehož správním obvodu se shromáždění koná, nebo Ministerstva vnitra; ustanovení odstavce 5 se použije obdobně. Jestliže byl úkon směřující k rozpuštění shromáždění proveden bez přítomnosti zástupce úřadu, policista nebo zástupce správního orgánu podle věty první vyrozumí do 15 dnů úřad o provedeném zákroku.";norms;"<a data-odkaz-id=""5324181"" href=""#""  class=""int_odkaz"">odstavce 5</a>";odstavce 5;5324181;int_odkaz;NA;NA;NA;NA;esel-esb:právní-akt-odkaz/5324181;odstavce 5;INTUSTAN;88013;esel-esb:eli/cz/sb/1990/84/2016-11-01/dokument/norma/par_12/odst_5;88013;esel-esb:eli/cz/sb/1990/84/2016-11-01/dokument/norma/par_12/odst_6;88013;1990/84;1990/84;1990/84;84/1990 Sb.
esel-esb:eli/cz/sb/1990/84/2021-02-27/dokument/norma/par_14/odst_1/pism_b;3892932;esel-esb:eli/cz/sb/1990/84/2021-02-27/dokument/norma/par_14/odst_1;§ 14 odst. 1 písm. b);NA;b;NA;/2/18/2/2/;esel-esb:právní-akt-fragment/1941019;1941019;1941019;Pismeno_Lb;b) v rozporu s § 7 odst. 2 brání účastníkům shromáždění, aby se pokojně rozešli,;norms;"<a data-odkaz-id=""5324175"" href=""#""  class=""int_odkaz"">§ 7 odst. 2</a>";§ 7 odst. 2;5324175;int_odkaz;NA;NA;NA;NA;esel-esb:právní-akt-odkaz/5324175;§ 7 odst. 2;INTUSTAN;88013;esel-esb:eli/cz/sb/1990/84/2016-11-01/dokument/norma/par_7/odst_2;88013;esel-esb:eli/cz/sb/1990/84/2016-11-01/dokument/norma/par_14/odst_1/pism_b;88013;1990/84;1990/84;1990/84;84/1990 Sb.
esel-esb:eli/cz/sb/1990/84/2021-02-27/dokument/norma/par_14/odst_1/pism_d;3892934;esel-esb:eli/cz/sb/1990/84/2021-02-27/dokument/norma/par_14/odst_1;§ 14 odst. 1 písm. d);NA;d;NA;/2/18/2/4/;esel-esb:právní-akt-fragment/1941023;1941023;1941023;Pismeno_Lb;d) nesplní pokyn zástupce úřadu nebo policisty udělený na základě § 8 odst. 4,;norms;"<a data-odkaz-id=""5324169"" href=""#""  class=""int_odkaz"">§ 8 odst. 4</a>";§ 8 odst. 4;5324169;int_odkaz;NA;NA;NA;NA;esel-esb:právní-akt-odkaz/5324169;§ 8 odst. 4;INTUSTAN;88013;esel-esb:eli/cz/sb/1990/84/2016-11-01/dokument/norma/par_8/odst_4;88013;esel-esb:eli/cz/sb/1990/84/2016-11-01/dokument/norma/par_14/odst_1/pism_d;88013;1990/84;1990/84;1990/84;84/1990 Sb.
esel-esb:eli/cz/sb/1990/84/2021-02-27/dokument/norma/par_14/odst_2/pism_a;3892938;esel-esb:eli/cz/sb/1990/84/2021-02-27/dokument/norma/par_14/odst_2;§ 14 odst. 2 písm. a);NA;a;NA;/2/18/3/1/;esel-esb:právní-akt-fragment/1941031;1941031;1940705;Pismeno_Lb;a) v rozporu s § 7 odst. 3 má u sebe střelnou zbraň, výbušninu nebo pyrotechnický výrobek anebo jiné předměty, jimiž lze ublížit na zdraví,;norms;"<a data-odkaz-id=""5324163"" href=""#""  class=""int_odkaz"">§ 7 odst. 3</a>";§ 7 odst. 3;5324163;int_odkaz;NA;NA;NA;NA;esel-esb:právní-akt-odkaz/5324163;§ 7 odst. 3;INTUSTAN;88013;esel-esb:eli/cz/sb/1990/84/2016-11-01/dokument/norma/par_7/odst_3;88013;esel-esb:eli/cz/sb/1990/84/2016-11-01/dokument/norma/par_14/odst_2/pism_a;88013;1990/84;1990/84;1990/84;84/1990 Sb.
esel-esb:eli/cz/sb/1990/84/2021-02-27/dokument/norma/par_14/odst_2/pism_b;3892939;esel-esb:eli/cz/sb/1990/84/2021-02-27/dokument/norma/par_14/odst_2;§ 14 odst. 2 písm. b);NA;b;NA;/2/18/3/2/;esel-esb:právní-akt-fragment/1941033;1941033;1940707;Pismeno_Lb;b) v rozporu s § 7 odst. 4 má zakrytý obličej způsobem ztěžujícím nebo znemožňujícím jeho identifikaci, nebo;norms;"<a data-odkaz-id=""5324157"" href=""#""  class=""int_odkaz"">§ 7 odst. 4</a>";§ 7 odst. 4;5324157;int_odkaz;NA;NA;NA;NA;esel-esb:právní-akt-odkaz/5324157;§ 7 odst. 4;INTUSTAN;88013;esel-esb:eli/cz/sb/1990/84/2016-11-01/dokument/norma/par_7/odst_4;88013;esel-esb:eli/cz/sb/1990/84/2016-11-01/dokument/norma/par_14/odst_2/pism_b;88013;1990/84;1990/84;1990/84;84/1990 Sb.
esel-esb:eli/cz/sb/1990/84/2021-02-27/dokument/norma/par_14/odst_2/pism_c;3892940;esel-esb:eli/cz/sb/1990/84/2021-02-27/dokument/norma/par_14/odst_2;§ 14 odst. 2 písm. c);NA;c;NA;/2/18/3/3/;esel-esb:právní-akt-fragment/1941035;1941035;1940709;Pismeno_Lb;c) v rozporu s § 12 odst. 5 neuposlechne výzvy svolavatele k pokojnému rozchodu z ukončeného shromáždění anebo neuposlechne výzvy zástupce úřadu nebo policisty k pokojnému rozchodu z rozpuštěného shromáždění.;norms;"<a data-odkaz-id=""5324151"" href=""#""  class=""int_odkaz"">§ 12 odst. 5</a>";§ 12 odst. 5;5324151;int_odkaz;NA;NA;NA;NA;esel-esb:právní-akt-odkaz/5324151;§ 12 odst. 5;INTUSTAN;88013;esel-esb:eli/cz/sb/1990/84/2016-11-01/dokument/norma/par_12/odst_5;88013;esel-esb:eli/cz/sb/1990/84/2016-11-01/dokument/norma/par_14/odst_2/pism_c;88013;1990/84;1990/84;1990/84;84/1990 Sb.
esel-esb:eli/cz/sb/1990/84/2021-02-27/dokument/norma/par_14/odst_3/pism_a;3892942;esel-esb:eli/cz/sb/1990/84/2021-02-27/dokument/norma/par_14/odst_3;§ 14 odst. 3 písm. a);NA;a;NA;/2/18/4/1/;esel-esb:právní-akt-fragment/1941039;1941039;1941039;Pismeno_Lb;a) v rozporu s § 5 odst. 1 svolá nebo pořádá shromáždění bez oznámení,;norms;"<a data-odkaz-id=""5324145"" href=""#""  class=""int_odkaz"">§ 5 odst. 1</a>";§ 5 odst. 1;5324145;int_odkaz;NA;NA;NA;NA;esel-esb:právní-akt-odkaz/5324145;§ 5 odst. 1;INTUSTAN;88013;esel-esb:eli/cz/sb/1990/84/2016-11-01/dokument/norma/par_5/odst_1;88013;esel-esb:eli/cz/sb/1990/84/2016-11-01/dokument/norma/par_14/odst_3/pism_a;88013;1990/84;1990/84;1990/84;84/1990 Sb.
esel-esb:eli/cz/sb/1990/84/2021-02-27/dokument/norma/par_14/odst_3/pism_c;3892944;esel-esb:eli/cz/sb/1990/84/2021-02-27/dokument/norma/par_14/odst_3;§ 14 odst. 3 písm. c);NA;c;NA;/2/18/4/3/;esel-esb:právní-akt-fragment/1941043;1941043;1941043;Pismeno_Lb;c) bez vážného důvodu nesplní některou z povinností podle § 6 odst. 4 až 6,;norms;"<a data-odkaz-id=""5324139"" href=""#""  class=""int_odkaz"">§ 6 odst. 4 až 6</a>";§ 6 odst. 4 až 6;5324139;int_odkaz;NA;NA;NA;NA;esel-esb:právní-akt-odkaz/5324139;§ 6 odst. 4 až 6;INTUSTAN;88013;esel-esb:eli/cz/sb/1990/84/2016-11-01/dokument/norma/par_6/odst_4;88013;esel-esb:eli/cz/sb/1990/84/2016-11-01/dokument/norma/par_14/odst_3/pism_c;88013;1990/84;1990/84;1990/84;84/1990 Sb.
esel-esb:eli/cz/sb/1990/84/2021-02-27/dokument/norma/par_14/odst_3/pism_d;3892945;esel-esb:eli/cz/sb/1990/84/2021-02-27/dokument/norma/par_14/odst_3;§ 14 odst. 3 písm. d);NA;d;NA;/2/18/4/4/;esel-esb:právní-akt-fragment/1941045;1941045;1941045;Pismeno_Lb;d) nesplní některou z podmínek pro konání shromáždění stanovenou úřadem na základě § 8 odst. 2, nebo;norms;"<a data-odkaz-id=""5324133"" href=""#""  class=""int_odkaz"">§ 8 odst. 2</a>";§ 8 odst. 2;5324133;int_odkaz;NA;NA;NA;NA;esel-esb:právní-akt-odkaz/5324133;§ 8 odst. 2;INTUSTAN;88013;esel-esb:eli/cz/sb/1990/84/2016-11-01/dokument/norma/par_8/odst_2;88013;esel-esb:eli/cz/sb/1990/84/2016-11-01/dokument/norma/par_14/odst_3/pism_d;88013;1990/84;1990/84;1990/84;84/1990 Sb.
esel-esb:eli/cz/sb/1990/84/2021-02-27/dokument/norma/par_14/odst_3/pism_e;3892946;esel-esb:eli/cz/sb/1990/84/2021-02-27/dokument/norma/par_14/odst_3;§ 14 odst. 3 písm. e);NA;e;NA;/2/18/4/5/;esel-esb:právní-akt-fragment/1941047;1941047;1941047;Pismeno_Lb;e) v rozporu s § 12 odst. 5 neučiní účinná opatření, aby se účastníci shromáždění pokojně rozešli.;norms;"<a data-odkaz-id=""5324127"" href=""#""  class=""int_odkaz"">§ 12 odst. 5</a>";§ 12 odst. 5;5324127;int_odkaz;NA;NA;NA;NA;esel-esb:právní-akt-odkaz/5324127;§ 12 odst. 5;INTUSTAN;88013;esel-esb:eli/cz/sb/1990/84/2016-11-01/dokument/norma/par_12/odst_5;88013;esel-esb:eli/cz/sb/1990/84/2016-11-01/dokument/norma/par_14/odst_3/pism_e;88013;1990/84;1990/84;1990/84;84/1990 Sb.
esel-esb:eli/cz/sb/1990/84/2021-02-27/dokument/norma/par_14/odst_4;3892947;esel-esb:eli/cz/sb/1990/84/2021-02-27/dokument/norma/par_14;§ 14 odst. 4;NA;4;NA;/2/18/5/;esel-esb:právní-akt-fragment/1941049;1941049;1940717;Odstavec_Dc;(4) Za přestupek podle odstavců 1 až 3 lze uložit pokutu do 15 000 Kč.;norms;"<a data-odkaz-id=""5324121"" href=""#""  class=""int_odkaz"">odstavců 1 až 3</a>";odstavců 1 až 3;5324121;int_odkaz;NA;NA;NA;NA;esel-esb:právní-akt-odkaz/5324121;odstavců 1 až 3;INTUSTAN;88013;esel-esb:eli/cz/sb/1990/84/2016-11-01/dokument/norma/par_14/odst_1;88013;esel-esb:eli/cz/sb/1990/84/2016-11-01/dokument/norma/par_14/odst_4;88013;1990/84;1990/84;1990/84;84/1990 Sb.
esel-esb:eli/cz/sb/1990/84/2021-02-27/dokument/norma/par_14a/odst_1/pism_a;3892951;esel-esb:eli/cz/sb/1990/84/2021-02-27/dokument/norma/par_14a/odst_1;§ 14a odst. 1 písm. a);NA;a;NA;/2/19/2/1/;esel-esb:právní-akt-fragment/1941057;1941057;1941057;Pismeno_Lb;a) v rozporu s § 5 odst. 1 svolá nebo pořádá shromáždění bez oznámení,;norms;"<a data-odkaz-id=""5324115"" href=""#""  class=""int_odkaz"">§ 5 odst. 1</a>";§ 5 odst. 1;5324115;int_odkaz;NA;NA;NA;NA;esel-esb:právní-akt-odkaz/5324115;§ 5 odst. 1;INTUSTAN;88013;esel-esb:eli/cz/sb/1990/84/2016-11-01/dokument/norma/par_5/odst_1;88013;esel-esb:eli/cz/sb/1990/84/2016-11-01/dokument/norma/par_14a/odst_1/pism_a;88013;1990/84;1990/84;1990/84;84/1990 Sb.
esel-esb:eli/cz/sb/1990/84/2021-02-27/dokument/norma/par_14a/odst_1/pism_c;3892953;esel-esb:eli/cz/sb/1990/84/2021-02-27/dokument/norma/par_14a/odst_1;§ 14a odst. 1 písm. c);NA;c;NA;/2/19/2/3/;esel-esb:právní-akt-fragment/1941061;1941061;1941061;Pismeno_Lb;c) nesplní některou z povinností podle § 6 odst. 4 až 6,;norms;"<a data-odkaz-id=""5324109"" href=""#""  class=""int_odkaz"">§ 6 odst. 4 až 6</a>";§ 6 odst. 4 až 6;5324109;int_odkaz;NA;NA;NA;NA;esel-esb:právní-akt-odkaz/5324109;§ 6 odst. 4 až 6;INTUSTAN;88013;esel-esb:eli/cz/sb/1990/84/2016-11-01/dokument/norma/par_6/odst_4;88013;esel-esb:eli/cz/sb/1990/84/2016-11-01/dokument/norma/par_14a/odst_1/pism_c;88013;1990/84;1990/84;1990/84;84/1990 Sb.
esel-esb:eli/cz/sb/1990/84/2021-02-27/dokument/norma/par_14a/odst_1/pism_d;3892954;esel-esb:eli/cz/sb/1990/84/2021-02-27/dokument/norma/par_14a/odst_1;§ 14a odst. 1 písm. d);NA;d;NA;/2/19/2/4/;esel-esb:právní-akt-fragment/1941063;1941063;1941063;Pismeno_Lb;d) nesplní některou z podmínek pro konání shromáždění stanovenou úřadem na základě § 8 odst. 2, nebo;norms;"<a data-odkaz-id=""5324103"" href=""#""  class=""int_odkaz"">§ 8 odst. 2</a>";§ 8 odst. 2;5324103;int_odkaz;NA;NA;NA;NA;esel-esb:právní-akt-odkaz/5324103;§ 8 odst. 2;INTUSTAN;88013;esel-esb:eli/cz/sb/1990/84/2016-11-01/dokument/norma/par_8/odst_2;88013;esel-esb:eli/cz/sb/1990/84/2016-11-01/dokument/norma/par_14a/odst_1/pism_d;88013;1990/84;1990/84;1990/84;84/1990 Sb.
esel-esb:eli/cz/sb/1990/84/2021-02-27/dokument/norma/par_14a/odst_1/pism_e;3892955;esel-esb:eli/cz/sb/1990/84/2021-02-27/dokument/norma/par_14a/odst_1;§ 14a odst. 1 písm. e);NA;e;NA;/2/19/2/5/;esel-esb:právní-akt-fragment/1941065;1941065;1941065;Pismeno_Lb;e) v rozporu s § 12 odst. 5 neučiní účinná opatření, aby se účastníci shromáždění pokojně rozešli.;norms;"<a data-odkaz-id=""5324097"" href=""#""  class=""int_odkaz"">§ 12 odst. 5</a>";§ 12 odst. 5;5324097;int_odkaz;NA;NA;NA;NA;esel-esb:právní-akt-odkaz/5324097;§ 12 odst. 5;INTUSTAN;88013;esel-esb:eli/cz/sb/1990/84/2016-11-01/dokument/norma/par_12/odst_5;88013;esel-esb:eli/cz/sb/1990/84/2016-11-01/dokument/norma/par_14a/odst_1/pism_e;88013;1990/84;1990/84;1990/84;84/1990 Sb.
esel-esb:eli/cz/sb/1990/84/2021-02-27/dokument/norma/par_14a/odst_2;3892956;esel-esb:eli/cz/sb/1990/84/2021-02-27/dokument/norma/par_14a;§ 14a odst. 2;NA;2;NA;/2/19/3/;esel-esb:právní-akt-fragment/1941123;1941123;1941067;Odstavec_Dc;(2) Za přestupek podle odstavce 1 lze uložit pokutu do 30 000 Kč.;norms;"<a data-odkaz-id=""5290471"" href=""#""  class=""int_odkaz"">odstavce 1</a>";odstavce 1;5290471;int_odkaz;NA;NA;NA;NA;esel-esb:právní-akt-odkaz/5290471;odstavce 1;INTUSTAN;88015;esel-esb:eli/cz/sb/1990/84/2017-07-01/dokument/norma/par_14a/odst_1;88015;esel-esb:eli/cz/sb/1990/84/2017-07-01/dokument/norma/par_14a/odst_2;88015;1990/84;1990/84;1990/84;84/1990 Sb.
esel-esb:eli/cz/sb/1990/84/2021-02-27/dokument/zaver/par_16/frag_1941087;3892964;esel-esb:eli/cz/sb/1990/84/2021-02-27/dokument/zaver/par_16;NA;NA;NA;NA;/3/2/1/;esel-esb:právní-akt-fragment/1941087;1941087;1940729;Odstavec_Dc;Rozhodnutí vydané podle § 8 odst. 2 a § 10 je prvním úkonem v řízení.;closing;"<a data-odkaz-id=""5323415"" href=""#""  class=""int_odkaz"">§ 8 odst. 2</a>";§ 8 odst. 2;5323415;int_odkaz;NA;NA;NA;NA;esel-esb:právní-akt-odkaz/5323415;§ 8 odst. 2;INTUSTAN;88013;esel-esb:eli/cz/sb/1990/84/2016-11-01/dokument/norma/par_8/odst_2;88013;esel-esb:eli/cz/sb/1990/84/2016-11-01/dokument/norma/par_16/frag_1941087;88013;1990/84;1990/84;1990/84;84/1990 Sb.
esel-esb:eli/cz/sb/1990/84/2021-02-27/dokument/zaver/par_16/frag_1941087;3892964;esel-esb:eli/cz/sb/1990/84/2021-02-27/dokument/zaver/par_16;NA;NA;NA;NA;/3/2/1/;esel-esb:právní-akt-fragment/1941087;1941087;1940729;Odstavec_Dc;Rozhodnutí vydané podle § 8 odst. 2 a § 10 je prvním úkonem v řízení.;closing;"<a data-odkaz-id=""5323421"" href=""#""  class=""int_odkaz"">§ 10</a>";§ 10;5323421;int_odkaz;NA;NA;NA;NA;esel-esb:právní-akt-odkaz/5323421;§ 10;INTUSTAN;88013;esel-esb:eli/cz/sb/1990/84/2016-11-01/dokument/norma/par_10;88013;esel-esb:eli/cz/sb/1990/84/2016-11-01/dokument/norma/par_16/frag_1941087;88013;1990/84;1990/84;1990/84;84/1990 Sb.
esel-esb:eli/cz/sb/1990/84/2021-02-27/dokument/zaver/par_19/frag_1941089;3892968;esel-esb:eli/cz/sb/1990/84/2021-02-27/dokument/zaver/par_19;NA;NA;NA;NA;/3/4/1/;esel-esb:právní-akt-fragment/1941089;1941089;1940741;Odstavec_Dc;Ustanovení zákonů o mimořádných opatřeních v době vyhlášení stavu nebezpečí, nouzového stavu, stavu ohrožení státu nebo válečného stavu a o opatřeních proti šíření infekčních onemocnění3) nejsou tímto zákonem dotčena.;closing;"<a data-odkaz-id=""5323409"" href=""#"" class=""int_odkaz"" data-vyzadujerevizi=""true"" data-orig-class=""linkfrag""  data-orig-href=""../../../sbcr/1990/sbcr1990c019z0084/sbcr1990c019z0084-v0.html#f1323256""><sup>3</sup>)</a>";3);5323409;int_odkaz;NA;NA;NA;../../../sbcr/1990/sbcr1990c019z0084/sbcr1990c019z0084-v0.html#f1323256;esel-esb:právní-akt-odkaz/5323409;<sup>3</sup>);INTUSTAN;NA;NA;NA;esel-esb:eli/cz/sb/1990/84/2017-07-01/dokument/norma/par_19/frag_1941089;88015;1990/84;NA;1990/84;84/1990 Sb.
esel-esb:eli/cz/sb/1990/84/2021-02-27/dokument/poznamkypodcarou/ppc_1;3892997;esel-esb:eli/cz/sb/1990/84/2021-02-27/dokument/poznamkypodcarou;pozn. 1;NA;1;NA;/6/1/;esel-esb:právní-akt-fragment/1940783;1940783;1940783;PPC;1) Zákon č. 85/1990 Sb., o právu petičním;notes;"<a data-odkaz-id=""5291997"" href=""#""  class=""ext_odkaz"">Zákon č. 85/1990 Sb., o právu petičním</a>";Zákon č. 85/1990 Sb., o právu petičním;5291997;ext_odkaz;NA;NA;NA;NA;esel-esb:právní-akt-odkaz/5291997;Zákon č. 85/1990 Sb.;JINYPRED;88019;esel-esb:eli/cz/sb/1990/85/1990-03-29/dokument;26051;esel-esb:eli/cz/sb/1990/84/0000-00-00/dokument/poznamkypodcarou/ppc_1;26051;1990/84;1990/85;1990/84;84/1990 Sb.
esel-esb:eli/cz/sb/1990/84/2021-02-27/dokument/poznamkypodcarou/ppc_2;3892998;esel-esb:eli/cz/sb/1990/84/2021-02-27/dokument/poznamkypodcarou;pozn. 2;NA;2;NA;/6/2/;esel-esb:právní-akt-fragment/1941083;1941083;1941083;PPC;2) Zákon č. 3/2002 Sb., o svobodě náboženského vyznání a postavení církví a náboženských společností a o změně některých zákonů (zákon o církvích a náboženských společnostech).;notes;"<a data-odkaz-id=""5324089"" href=""#""  class=""ext_odkaz"">Zákon č. 3/2002 Sb., o svobodě náboženského vyznání a postavení církví a náboženských společností a o změně některých zákonů</a>";Zákon č. 3/2002 Sb., o svobodě náboženského vyznání a postavení církví a náboženských společností a o změně některých zákonů;5324089;ext_odkaz;NA;NA;NA;NA;esel-esb:právní-akt-odkaz/5324089;Zákon č. 3/2002 Sb.;JINYPRED;115959;esel-esb:eli/cz/sb/2002/3/2014-01-01/dokument;88013;esel-esb:eli/cz/sb/1990/84/2016-11-01/dokument/poznamkypodcarou/ppc_2;88013;1990/84;2002/3;1990/84;84/1990 Sb.
esel-esb:eli/cz/sb/1990/84/2021-02-27/dokument/poznamkypodcarou/ppc_3;3892999;esel-esb:eli/cz/sb/1990/84/2021-02-27/dokument/poznamkypodcarou;pozn. 3;NA;3;NA;/6/3/;esel-esb:právní-akt-fragment/1941091;1941091;1941091;PPC;3) Hlava III zákona č. 258/2000 Sb., o ochraně veřejného zdraví a o změně některých souvisejících zákonů, ve znění pozdějších předpisů.;notes;"<a data-odkaz-id=""5290459"" href=""#""  class=""ext_odkaz"">Hlava III</a>";Hlava III;5290459;ext_odkaz;NA;NA;NA;NA;esel-esb:právní-akt-odkaz/5290459;Hlava III;JINEUSTAN;111407;esel-esb:eli/cz/sb/2000/258/2016-09-19/dokument/norma/cast_1/hlava_3;88013;esel-esb:eli/cz/sb/1990/84/2016-11-01/dokument/poznamkypodcarou/ppc_3;88013;1990/84;2000/258;1990/84;84/1990 Sb.
esel-esb:eli/cz/sb/1990/84/2021-02-27/dokument/poznamkypodcarou/ppc_3;3892999;esel-esb:eli/cz/sb/1990/84/2021-02-27/dokument/poznamkypodcarou;pozn. 3;NA;3;NA;/6/3/;esel-esb:právní-akt-fragment/1941091;1941091;1941091;PPC;3) Hlava III zákona č. 258/2000 Sb., o ochraně veřejného zdraví a o změně některých souvisejících zákonů, ve znění pozdějších předpisů.;notes;"<a data-odkaz-id=""5290465"" href=""#""  class=""ext_odkaz"">zákona č. 258/2000 Sb., o ochraně veřejného zdraví a o změně některých souvisejících zákonů</a>";zákona č. 258/2000 Sb., o ochraně veřejného zdraví a o změně některých souvisejících zákonů;5290465;ext_odkaz;NA;NA;NA;NA;esel-esb:právní-akt-odkaz/5290465;zákona č. 258/2000 Sb.;JINYPRED;111407;esel-esb:eli/cz/sb/2000/258/2016-09-19/dokument;88013;esel-esb:eli/cz/sb/1990/84/2016-11-01/dokument/poznamkypodcarou/ppc_3;88013;1990/84;2000/258;1990/84;84/1990 Sb.
