fragment.iri;fragment.id;fragment.předek.iri;fragment.citace;fragment.citace.text;fragment.označení.uzlu;fragment.označení.uzlu.text;fragment.hierarchie;akt.fragment.iri;akt.fragment.id;fragment.base.id;typ.fragmentu;fragment.text_clean;source;tag;tag_clean;odkaz.id;class;data_eurlex;data_celexid;data_cellarid;data_orig_href;odkaz.iri;odkaz.citace.cíl;typ.vazba.odkazu;cíl.dokument.id;fragment.cíl.iri;fragment.cíl.dokument.id;fragment.zdroj.iri;fragment.zdroj.dokument.id;iri_z;iri_c;iri_v;akt.citace
esel-esb:eli/cz/sb/1990/85/2023-12-31/dokument/norma/par_4/odst_3;55727347;esel-esb:eli/cz/sb/1990/85/2023-12-31/dokument/norma/par_4;§ 4 odst. 3;NA;3;NA;/2/5/4/;esel-esb:právní-akt-fragment/1941191;1941191;1941191;Odstavec_Dc;(3) K účelu uvedenému v odstavci 1 mohou být petice a podpisové archy vystaveny též na místech přístupných veřejnosti. K tomu není třeba povolení státního orgánu, nesmí však dojít k omezení provozu motorových a jiných vozidel a k rušení veřejného pořádku.;norms;"<a data-odkaz-id=""5323403"" href=""#""  class=""int_odkaz"">odstavci 1</a>";odstavci 1;5323403;int_odkaz;NA;NA;NA;NA;esel-esb:právní-akt-odkaz/5323403;odstavci 1;INTUSTAN;26053;esel-esb:eli/cz/sb/1990/85/0000-00-00/dokument/norma/par_4/odst_1;26053;esel-esb:eli/cz/sb/1990/85/0000-00-00/dokument/norma/par_4/odst_3;26053;1990/85;1990/85;1990/85;85/1990 Sb.
esel-esb:eli/cz/sb/1990/85/2023-12-31/dokument/norma/par_6/frag_1941207;55727355;esel-esb:eli/cz/sb/1990/85/2023-12-31/dokument/norma/par_6;NA;NA;NA;NA;/2/7/1/;esel-esb:právní-akt-fragment/1941207;1941207;1941207;Odstavec_Dc;"Vzešla-li petice ze shromáždění,1) platí pro ni ustanovení § 1, 2 a 5 tohoto zákona s tím, že musí být uvedeno, z jakého shromáždění vzešla a jak byla shromážděním schválena; petičním výborem se rozumí svolavatel shromáždění.";norms;"<a data-odkaz-id=""5323379"" href=""#""  class=""int_odkaz""><sup>1</sup>)</a>";1);5323379;int_odkaz;NA;NA;NA;NA;esel-esb:právní-akt-odkaz/5323379;<sup>1</sup>);POZNAMKA;26053;esel-esb:eli/cz/sb/1990/85/0000-00-00/dokument/poznamkypodcarou/ppc_1;26053;esel-esb:eli/cz/sb/1990/85/0000-00-00/dokument/norma/par_6/frag_1941207;26053;1990/85;1990/85;1990/85;85/1990 Sb.
esel-esb:eli/cz/sb/1990/85/2023-12-31/dokument/norma/par_6/frag_1941207;55727355;esel-esb:eli/cz/sb/1990/85/2023-12-31/dokument/norma/par_6;NA;NA;NA;NA;/2/7/1/;esel-esb:právní-akt-fragment/1941207;1941207;1941207;Odstavec_Dc;"Vzešla-li petice ze shromáždění,1) platí pro ni ustanovení § 1, 2 a 5 tohoto zákona s tím, že musí být uvedeno, z jakého shromáždění vzešla a jak byla shromážděním schválena; petičním výborem se rozumí svolavatel shromáždění.";norms;"<a data-odkaz-id=""5323385"" href=""#""  class=""int_odkaz"">§ 1</a>";§ 1;5323385;int_odkaz;NA;NA;NA;NA;esel-esb:právní-akt-odkaz/5323385;§ 1;INTUSTAN;26053;esel-esb:eli/cz/sb/1990/85/0000-00-00/dokument/norma/par_1;26053;esel-esb:eli/cz/sb/1990/85/0000-00-00/dokument/norma/par_6/frag_1941207;26053;1990/85;1990/85;1990/85;85/1990 Sb.
esel-esb:eli/cz/sb/1990/85/2023-12-31/dokument/norma/par_6/frag_1941207;55727355;esel-esb:eli/cz/sb/1990/85/2023-12-31/dokument/norma/par_6;NA;NA;NA;NA;/2/7/1/;esel-esb:právní-akt-fragment/1941207;1941207;1941207;Odstavec_Dc;"Vzešla-li petice ze shromáždění,1) platí pro ni ustanovení § 1, 2 a 5 tohoto zákona s tím, že musí být uvedeno, z jakého shromáždění vzešla a jak byla shromážděním schválena; petičním výborem se rozumí svolavatel shromáždění.";norms;"<a data-odkaz-id=""5323391"" href=""#""  class=""int_odkaz"">2</a>";2;5323391;int_odkaz;NA;NA;NA;NA;esel-esb:právní-akt-odkaz/5323391;2;INTUSTAN;26053;esel-esb:eli/cz/sb/1990/85/0000-00-00/dokument/norma/par_2;26053;esel-esb:eli/cz/sb/1990/85/0000-00-00/dokument/norma/par_6/frag_1941207;26053;1990/85;1990/85;1990/85;85/1990 Sb.
esel-esb:eli/cz/sb/1990/85/2023-12-31/dokument/norma/par_6/frag_1941207;55727355;esel-esb:eli/cz/sb/1990/85/2023-12-31/dokument/norma/par_6;NA;NA;NA;NA;/2/7/1/;esel-esb:právní-akt-fragment/1941207;1941207;1941207;Odstavec_Dc;"Vzešla-li petice ze shromáždění,1) platí pro ni ustanovení § 1, 2 a 5 tohoto zákona s tím, že musí být uvedeno, z jakého shromáždění vzešla a jak byla shromážděním schválena; petičním výborem se rozumí svolavatel shromáždění.";norms;"<a data-odkaz-id=""5323397"" href=""#""  class=""int_odkaz"">5</a>";5;5323397;int_odkaz;NA;NA;NA;NA;esel-esb:právní-akt-odkaz/5323397;5;INTUSTAN;26053;esel-esb:eli/cz/sb/1990/85/0000-00-00/dokument/norma/par_5;26053;esel-esb:eli/cz/sb/1990/85/0000-00-00/dokument/norma/par_6/frag_1941207;26053;1990/85;1990/85;1990/85;85/1990 Sb.
esel-esb:eli/cz/sb/1990/85/2023-12-31/dokument/norma/par_6a/odst_4;55727360;esel-esb:eli/cz/sb/1990/85/2023-12-31/dokument/norma/par_6a;§ 6a odst. 4;NA;4;NA;/2/8/4/;esel-esb:právní-akt-fragment/1941249;1941249;1941249;Odstavec_Dc;(4) Ministerstvo vnitra umožní tomu, kdo petici v nástroji sestavil, obstarat si elektronický výpis ze zápisu o petici obsaženého v nástroji. Elektronický výpis obsahuje údaje o občanech, kteří petici svým podpisem podpořili, stanovené v ustanovení § 4 odst. 1 a údaje stanovené pro podpisové archy v ustanovení § 4 odst. 2.;norms;"<a data-odkaz-id=""5323375"" href=""#""  class=""int_odkaz"">§ 4 odst. 1</a>";§ 4 odst. 1;5323375;int_odkaz;NA;NA;NA;NA;esel-esb:právní-akt-odkaz/5323375;§ 4 odst. 1;INTUSTAN;88021;esel-esb:eli/cz/sb/1990/85/2022-02-01/dokument/norma/par_4/odst_1;88021;esel-esb:eli/cz/sb/1990/85/2022-02-01/dokument/norma/par_6a/odst_4;88021;1990/85;1990/85;1990/85;85/1990 Sb.
esel-esb:eli/cz/sb/1990/85/2023-12-31/dokument/norma/par_6a/odst_4;55727360;esel-esb:eli/cz/sb/1990/85/2023-12-31/dokument/norma/par_6a;§ 6a odst. 4;NA;4;NA;/2/8/4/;esel-esb:právní-akt-fragment/1941249;1941249;1941249;Odstavec_Dc;(4) Ministerstvo vnitra umožní tomu, kdo petici v nástroji sestavil, obstarat si elektronický výpis ze zápisu o petici obsaženého v nástroji. Elektronický výpis obsahuje údaje o občanech, kteří petici svým podpisem podpořili, stanovené v ustanovení § 4 odst. 1 a údaje stanovené pro podpisové archy v ustanovení § 4 odst. 2.;norms;"<a data-odkaz-id=""5323377"" href=""#""  class=""int_odkaz"">§ 4 odst. 2.</a>";§ 4 odst. 2.;5323377;int_odkaz;NA;NA;NA;NA;esel-esb:právní-akt-odkaz/5323377;§ 4 odst. 2.;INTUSTAN;88021;esel-esb:eli/cz/sb/1990/85/2022-02-01/dokument/norma/par_4/odst_2;88021;esel-esb:eli/cz/sb/1990/85/2022-02-01/dokument/norma/par_6a/odst_4;88021;1990/85;1990/85;1990/85;85/1990 Sb.
esel-esb:eli/cz/sb/1990/85/2023-12-31/dokument/norma/par_6a/odst_5;55727361;esel-esb:eli/cz/sb/1990/85/2023-12-31/dokument/norma/par_6a;§ 6a odst. 5;NA;5;NA;/2/8/5/;esel-esb:právní-akt-fragment/1941251;1941251;1941251;Odstavec_Dc;(5) Zjistí-li Ministerstvo vnitra, že petice sestavená v nástroji odporuje ustanovení § 1 odst. 3 nebo 4, neumožní další využití nástroje k opatření podpisů občanů pod ni a doručení petice státnímu orgánu a vyrozumí o tom prostřednictvím nástroje toho, kdo petici v nástroji sestavil.;norms;"<a data-odkaz-id=""5323371"" href=""#""  class=""int_odkaz"">§ 1 odst. 3</a>";§ 1 odst. 3;5323371;int_odkaz;NA;NA;NA;NA;esel-esb:právní-akt-odkaz/5323371;§ 1 odst. 3;INTUSTAN;88021;esel-esb:eli/cz/sb/1990/85/2022-02-01/dokument/norma/par_1/odst_3;88021;esel-esb:eli/cz/sb/1990/85/2022-02-01/dokument/norma/par_6a/odst_5;88021;1990/85;1990/85;1990/85;85/1990 Sb.
esel-esb:eli/cz/sb/1990/85/2023-12-31/dokument/norma/par_6a/odst_5;55727361;esel-esb:eli/cz/sb/1990/85/2023-12-31/dokument/norma/par_6a;§ 6a odst. 5;NA;5;NA;/2/8/5/;esel-esb:právní-akt-fragment/1941251;1941251;1941251;Odstavec_Dc;(5) Zjistí-li Ministerstvo vnitra, že petice sestavená v nástroji odporuje ustanovení § 1 odst. 3 nebo 4, neumožní další využití nástroje k opatření podpisů občanů pod ni a doručení petice státnímu orgánu a vyrozumí o tom prostřednictvím nástroje toho, kdo petici v nástroji sestavil.;norms;"<a data-odkaz-id=""5323373"" href=""#""  class=""int_odkaz"">4</a>";4;5323373;int_odkaz;NA;NA;NA;NA;esel-esb:právní-akt-odkaz/5323373;4;INTUSTAN;88021;esel-esb:eli/cz/sb/1990/85/2022-02-01/dokument/norma/par_1/odst_4;88021;esel-esb:eli/cz/sb/1990/85/2022-02-01/dokument/norma/par_6a/odst_5;88021;1990/85;1990/85;1990/85;85/1990 Sb.
esel-esb:eli/cz/sb/1990/85/2023-12-31/dokument/norma/par_6a/odst_6;55727362;esel-esb:eli/cz/sb/1990/85/2023-12-31/dokument/norma/par_6a;§ 6a odst. 6;NA;6;NA;/2/8/6/;esel-esb:právní-akt-fragment/71699481;71699481;71699481;Odstavec_Dc;(6) Ministerstvo vnitra může přenést svou působnost podle odstavců 1 a 4 na jiný státní orgán nebo na státem zřízenou anebo založenou právnickou osobu.;norms;"<a data-odkaz-id=""30449221"" href=""#""  class=""int_odkaz"">odstavců 1</a>";odstavců 1;30449221;int_odkaz;NA;NA;NA;NA;esel-esb:právní-akt-odkaz/30449221;odstavců 1;INTUSTAN;432307;esel-esb:eli/cz/sb/1990/85/2023-12-31/dokument/norma/par_6a/odst_1;432307;esel-esb:eli/cz/sb/1990/85/2023-12-31/dokument/norma/par_6a/odst_6;432307;1990/85;1990/85;1990/85;85/1990 Sb.
esel-esb:eli/cz/sb/1990/85/2023-12-31/dokument/norma/par_6a/odst_6;55727362;esel-esb:eli/cz/sb/1990/85/2023-12-31/dokument/norma/par_6a;§ 6a odst. 6;NA;6;NA;/2/8/6/;esel-esb:právní-akt-fragment/71699481;71699481;71699481;Odstavec_Dc;(6) Ministerstvo vnitra může přenést svou působnost podle odstavců 1 a 4 na jiný státní orgán nebo na státem zřízenou anebo založenou právnickou osobu.;norms;"<a data-odkaz-id=""30449223"" href=""#""  class=""int_odkaz"">4</a>";4;30449223;int_odkaz;NA;NA;NA;NA;esel-esb:právní-akt-odkaz/30449223;4;INTUSTAN;432307;esel-esb:eli/cz/sb/1990/85/2023-12-31/dokument/norma/par_6a/odst_4;432307;esel-esb:eli/cz/sb/1990/85/2023-12-31/dokument/norma/par_6a/odst_6;432307;1990/85;1990/85;1990/85;85/1990 Sb.
esel-esb:eli/cz/sb/1990/85/2023-12-31/dokument/poznamkypodcarou/ppc_1;55727378;esel-esb:eli/cz/sb/1990/85/2023-12-31/dokument/poznamkypodcarou;pozn. 1;NA;1;NA;/5/1/;esel-esb:právní-akt-fragment/1941233;1941233;1941233;PPC;1) Zákon č. 84/1990 Sb., o právu shromažďovacím;notes;"<a data-odkaz-id=""5290475"" href=""#""  class=""ext_odkaz"">Zákon č. 84/1990 Sb., o právu shromažďovacím</a>";Zákon č. 84/1990 Sb., o právu shromažďovacím;5290475;ext_odkaz;NA;NA;NA;NA;esel-esb:právní-akt-odkaz/5290475;Zákon č. 84/1990 Sb., o právu shromažďovacím;JINYPRED;87999;esel-esb:eli/cz/sb/1990/84/1990-03-29/dokument;26053;esel-esb:eli/cz/sb/1990/85/0000-00-00/dokument/poznamkypodcarou/ppc_1;26053;1990/85;1990/84;1990/85;85/1990 Sb.
