fragment.iri;fragment.id;fragment.předek.iri;fragment.citace;fragment.citace.text;fragment.označení.uzlu;fragment.označení.uzlu.text;fragment.hierarchie;akt.fragment.iri;akt.fragment.id;fragment.base.id;typ.fragmentu;fragment.text_clean;source;tag;tag_clean;odkaz.id;class;data_eurlex;data_celexid;data_cellarid;data_orig_href;odkaz.iri;odkaz.citace.cíl;typ.vazba.odkazu;cíl.dokument.id;fragment.cíl.iri;fragment.cíl.dokument.id;fragment.zdroj.iri;fragment.zdroj.dokument.id;iri_z;iri_c;iri_v;akt.citace
esel-esb:eli/cz/sb/2018/93/2018-06-20/dokument/norma/par_1/frag_10248113;22796395;esel-esb:eli/cz/sb/2018/93/2018-06-20/dokument/norma/par_1;NA;NA;NA;NA;/2/1/2/;esel-esb:právní-akt-fragment/10248113;10248113;10248113;Odstavec_Dc;Tento zákon upravuje v návaznosti na přímo použitelné předpisy Evropské unie1) práva a povinnosti osob a působnost správních úřadů v oblasti dodržování podmínek pro přístup a sdílení přínosů z využívání genetických zdrojů a tradičních znalostí souvisejících s genetickými zdroji.;norms;"<a data-odkaz-id=""21594723"" href=""#""  class=""int_odkaz""><sup>1</sup>)</a>";1);21594723;int_odkaz;NA;NA;NA;NA;esel-esb:právní-akt-odkaz/21594723;<sup>1</sup>);POZNAMKA;58319;esel-esb:eli/cz/sb/2018/93/0000-00-00/dokument/poznamkypodcarou/ppc_1;58319;esel-esb:eli/cz/sb/2018/93/0000-00-00/dokument/norma/par_1/frag_10248113;58319;2018/93;2018/93;2018/93;93/2018 Sb.
esel-esb:eli/cz/sb/2018/93/2018-06-20/dokument/norma/par_2/odst_3;22796400;esel-esb:eli/cz/sb/2018/93/2018-06-20/dokument/norma/par_2;§ 2 odst. 3;NA;3;NA;/2/2/4/;esel-esb:právní-akt-fragment/10248123;10248123;10248123;Odstavec_Dc;(3) Ministerstvo informuje Českou inspekci životního prostředí (dále jen „inspekce“) o zařazení sbírky2) nebo její části do registru sbírek v Evropské unii3) (dále jen „registr“) bez zbytečného odkladu.;norms;"<a data-odkaz-id=""21594729"" href=""#""  class=""int_odkaz""><sup>2</sup>)</a>";2);21594729;int_odkaz;NA;NA;NA;NA;esel-esb:právní-akt-odkaz/21594729;<sup>2</sup>);POZNAMKA;58319;esel-esb:eli/cz/sb/2018/93/0000-00-00/dokument/poznamkypodcarou/ppc_2;58319;esel-esb:eli/cz/sb/2018/93/0000-00-00/dokument/norma/par_2/odst_3;58319;2018/93;2018/93;2018/93;93/2018 Sb.
esel-esb:eli/cz/sb/2018/93/2018-06-20/dokument/norma/par_2/odst_3;22796400;esel-esb:eli/cz/sb/2018/93/2018-06-20/dokument/norma/par_2;§ 2 odst. 3;NA;3;NA;/2/2/4/;esel-esb:právní-akt-fragment/10248123;10248123;10248123;Odstavec_Dc;(3) Ministerstvo informuje Českou inspekci životního prostředí (dále jen „inspekce“) o zařazení sbírky2) nebo její části do registru sbírek v Evropské unii3) (dále jen „registr“) bez zbytečného odkladu.;norms;"<a data-odkaz-id=""21594735"" href=""#""  class=""int_odkaz""><sup>3</sup>)</a>";3);21594735;int_odkaz;NA;NA;NA;NA;esel-esb:právní-akt-odkaz/21594735;<sup>3</sup>);POZNAMKA;58319;esel-esb:eli/cz/sb/2018/93/0000-00-00/dokument/poznamkypodcarou/ppc_3;58319;esel-esb:eli/cz/sb/2018/93/0000-00-00/dokument/norma/par_2/odst_3;58319;2018/93;2018/93;2018/93;93/2018 Sb.
esel-esb:eli/cz/sb/2018/93/2018-06-20/dokument/norma/par_2/odst_4;22796401;esel-esb:eli/cz/sb/2018/93/2018-06-20/dokument/norma/par_2;§ 2 odst. 4;NA;4;NA;/2/2/5/;esel-esb:právní-akt-fragment/10248125;10248125;10248125;Odstavec_Dc;(4) Změny podle čl. 3 odst. 1 prováděcího nařízení Komise (EU) 2015/1866 oznámí držitel sbírky ministerstvu bez zbytečného odkladu.;norms;"<a data-odkaz-id=""23517751"" href=""#""  class=""ext_odkaz"" data-eurlex=""true"" data-celexid=""32015R1866"" data-cellarid=""a0c57c2c-76f5-11e5-86db-01aa75ed71a1"" data-orig-href=""http://eur-lex.europa.eu/legal-content/CS/AUTO/?uri=cellar:a0c57c2c-76f5-11e5-86db-01aa75ed71a1"">2015/1866</a>";2015/1866;23517751;ext_odkaz;true;32015R1866;a0c57c2c-76f5-11e5-86db-01aa75ed71a1;http://eur-lex.europa.eu/legal-content/CS/AUTO/?uri=cellar:a0c57c2c-76f5-11e5-86db-01aa75ed71a1;esel-esb:právní-akt-odkaz/23517751;2015/1866;PREDPEU;341369;NA;NA;esel-esb:eli/cz/sb/2018/93/0000-00-00/dokument/norma/par_2/odst_4;58319;2018/93;NA;2018/93;93/2018 Sb.
esel-esb:eli/cz/sb/2018/93/2018-06-20/dokument/norma/par_4/odst_1;22796408;esel-esb:eli/cz/sb/2018/93/2018-06-20/dokument/norma/par_4;§ 4 odst. 1;NA;1;NA;/2/4/2/;esel-esb:právní-akt-fragment/10248139;10248139;10248139;Odstavec_Dc;(1) Kontrola toho, zda sbírka nebo její část zařazená do registru splňuje i po jejím zařazení kritéria stanovená pro zařazení do registru4), probíhá zpravidla na základě ročního plánu kontrol sbírek5).;norms;"<a data-odkaz-id=""21594741"" href=""#""  class=""int_odkaz""><sup>4</sup>)</a>";4);21594741;int_odkaz;NA;NA;NA;NA;esel-esb:právní-akt-odkaz/21594741;<sup>4</sup>);POZNAMKA;58319;esel-esb:eli/cz/sb/2018/93/0000-00-00/dokument/poznamkypodcarou/ppc_4;58319;esel-esb:eli/cz/sb/2018/93/0000-00-00/dokument/norma/par_4/odst_1;58319;2018/93;2018/93;2018/93;93/2018 Sb.
esel-esb:eli/cz/sb/2018/93/2018-06-20/dokument/norma/par_4/odst_1;22796408;esel-esb:eli/cz/sb/2018/93/2018-06-20/dokument/norma/par_4;§ 4 odst. 1;NA;1;NA;/2/4/2/;esel-esb:právní-akt-fragment/10248139;10248139;10248139;Odstavec_Dc;(1) Kontrola toho, zda sbírka nebo její část zařazená do registru splňuje i po jejím zařazení kritéria stanovená pro zařazení do registru4), probíhá zpravidla na základě ročního plánu kontrol sbírek5).;norms;"<a data-odkaz-id=""21594747"" href=""#""  class=""int_odkaz""><sup>5</sup>)</a>";5);21594747;int_odkaz;NA;NA;NA;NA;esel-esb:právní-akt-odkaz/21594747;<sup>5</sup>);POZNAMKA;58319;esel-esb:eli/cz/sb/2018/93/0000-00-00/dokument/poznamkypodcarou/ppc_5;58319;esel-esb:eli/cz/sb/2018/93/0000-00-00/dokument/norma/par_4/odst_1;58319;2018/93;2018/93;2018/93;93/2018 Sb.
esel-esb:eli/cz/sb/2018/93/2018-06-20/dokument/norma/par_4/odst_2;22796409;esel-esb:eli/cz/sb/2018/93/2018-06-20/dokument/norma/par_4;§ 4 odst. 2;NA;2;NA;/2/4/3/;esel-esb:právní-akt-fragment/10248141;10248141;10248141;Odstavec_Dc;(2) Zjistí-li se, že sbírka nebo její část nesplňuje kritéria pro zařazení do registru, je ministerstvo oprávněno uložit držiteli sbírky nebo její části zařazené do registru opatření k nápravě6).;norms;"<a data-odkaz-id=""21594753"" href=""#""  class=""int_odkaz""><sup>6</sup>)</a>";6);21594753;int_odkaz;NA;NA;NA;NA;esel-esb:právní-akt-odkaz/21594753;<sup>6</sup>);POZNAMKA;58319;esel-esb:eli/cz/sb/2018/93/0000-00-00/dokument/poznamkypodcarou/ppc_6;58319;esel-esb:eli/cz/sb/2018/93/0000-00-00/dokument/norma/par_4/odst_2;58319;2018/93;2018/93;2018/93;93/2018 Sb.
esel-esb:eli/cz/sb/2018/93/2018-06-20/dokument/norma/par_5/frag_10248149;22796413;esel-esb:eli/cz/sb/2018/93/2018-06-20/dokument/norma/par_5;NA;NA;NA;NA;/2/5/2/;esel-esb:právní-akt-fragment/10248149;10248149;10248149;Odstavec_Dc;Kontrola toho, zda uživatelé plní povinnosti stanovené nařízením Evropského parlamentu a Rady (EU) č. 511/2014 a tímto zákonem, probíhá zpravidla na základě ročního plánu kontrol uživatelů7).;norms;"<a data-odkaz-id=""21594759"" href=""#""  class=""int_odkaz""><sup>7</sup>)</a>";7);21594759;int_odkaz;NA;NA;NA;NA;esel-esb:právní-akt-odkaz/21594759;<sup>7</sup>);POZNAMKA;58319;esel-esb:eli/cz/sb/2018/93/0000-00-00/dokument/poznamkypodcarou/ppc_7;58319;esel-esb:eli/cz/sb/2018/93/0000-00-00/dokument/norma/par_5/frag_10248149;58319;2018/93;2018/93;2018/93;93/2018 Sb.
esel-esb:eli/cz/sb/2018/93/2018-06-20/dokument/norma/par_6/pism_g;22796423;esel-esb:eli/cz/sb/2018/93/2018-06-20/dokument/norma/par_6/frag_10248155;§ 6 písm. g);NA;g;NA;/2/6/2/7/;esel-esb:právní-akt-fragment/10248169;10248169;10248169;Pismeno_Lb;g) je příslušným orgánem8) odpovědným za uplatňování nařízení Evropského parlamentu a Rady (EU) č. 511/2014 a prováděcího nařízení Komise (EU) 2015/1866, s výjimkou působnosti svěřené tímto zákonem inspekci.;norms;"<a data-odkaz-id=""21594765"" href=""#""  class=""int_odkaz""><sup>8</sup>)</a>";8);21594765;int_odkaz;NA;NA;NA;NA;esel-esb:právní-akt-odkaz/21594765;<sup>8</sup>);POZNAMKA;58319;esel-esb:eli/cz/sb/2018/93/0000-00-00/dokument/poznamkypodcarou/ppc_8;58319;esel-esb:eli/cz/sb/2018/93/0000-00-00/dokument/norma/par_6/pism_g;58319;2018/93;2018/93;2018/93;93/2018 Sb.
esel-esb:eli/cz/sb/2018/93/2018-06-20/dokument/norma/par_6/pism_g;22796423;esel-esb:eli/cz/sb/2018/93/2018-06-20/dokument/norma/par_6/frag_10248155;§ 6 písm. g);NA;g;NA;/2/6/2/7/;esel-esb:právní-akt-fragment/10248169;10248169;10248169;Pismeno_Lb;g) je příslušným orgánem8) odpovědným za uplatňování nařízení Evropského parlamentu a Rady (EU) č. 511/2014 a prováděcího nařízení Komise (EU) 2015/1866, s výjimkou působnosti svěřené tímto zákonem inspekci.;norms;"<a data-odkaz-id=""23517745"" href=""#""  class=""ext_odkaz"" data-eurlex=""true"" data-celexid=""32015R1866"" data-cellarid=""a0c57c2c-76f5-11e5-86db-01aa75ed71a1"" data-orig-href=""http://eur-lex.europa.eu/legal-content/CS/AUTO/?uri=cellar:a0c57c2c-76f5-11e5-86db-01aa75ed71a1"">2015/1866</a>";2015/1866;23517745;ext_odkaz;true;32015R1866;a0c57c2c-76f5-11e5-86db-01aa75ed71a1;http://eur-lex.europa.eu/legal-content/CS/AUTO/?uri=cellar:a0c57c2c-76f5-11e5-86db-01aa75ed71a1;esel-esb:právní-akt-odkaz/23517745;2015/1866;PREDPEU;341369;NA;NA;esel-esb:eli/cz/sb/2018/93/0000-00-00/dokument/norma/par_6/pism_g;58319;2018/93;NA;2018/93;93/2018 Sb.
esel-esb:eli/cz/sb/2018/93/2018-06-20/dokument/norma/par_7/pism_f;22796432;esel-esb:eli/cz/sb/2018/93/2018-06-20/dokument/norma/par_7/frag_10248175;§ 7 písm. f);NA;f;NA;/2/7/2/6/;esel-esb:právní-akt-fragment/10248187;10248187;10248187;Pismeno_Lb;f) vykonává působnost příslušného orgánu podle nařízení Evropského parlamentu a Rady (EU) č. 511/2014 a prováděcího nařízení Komise (EU) 2015/1866, s výjimkou působnosti svěřené tímto zákonem ministerstvu.;norms;"<a data-odkaz-id=""23517739"" href=""#""  class=""ext_odkaz"" data-eurlex=""true"" data-celexid=""32015R1866"" data-cellarid=""a0c57c2c-76f5-11e5-86db-01aa75ed71a1"" data-orig-href=""http://eur-lex.europa.eu/legal-content/CS/AUTO/?uri=cellar:a0c57c2c-76f5-11e5-86db-01aa75ed71a1"">2015/1866</a>";2015/1866;23517739;ext_odkaz;true;32015R1866;a0c57c2c-76f5-11e5-86db-01aa75ed71a1;http://eur-lex.europa.eu/legal-content/CS/AUTO/?uri=cellar:a0c57c2c-76f5-11e5-86db-01aa75ed71a1;esel-esb:právní-akt-odkaz/23517739;2015/1866;PREDPEU;341369;NA;NA;esel-esb:eli/cz/sb/2018/93/0000-00-00/dokument/norma/par_7/pism_f;58319;2018/93;NA;2018/93;93/2018 Sb.
esel-esb:eli/cz/sb/2018/93/2018-06-20/dokument/norma/par_8/odst_1;22796435;esel-esb:eli/cz/sb/2018/93/2018-06-20/dokument/norma/par_8;§ 8 odst. 1;NA;1;NA;/2/8/2/;esel-esb:právní-akt-fragment/10248193;10248193;10248193;Odstavec_Dc;(1) Ministerstvo je oprávněno uložit držiteli sbírky nebo její části zařazené do registru, která nesplňuje kritéria pro zařazení do registru4), aby zajistil splnění těchto kritérií ve lhůtě stanovené ministerstvem a informoval uživatele, kterému bude do doby splnění kritérií poskytovat genetické zdroje, o tom, že sbírka nebo její část nesplňuje kritéria pro zařazení sbírky do registru.;norms;"<a data-odkaz-id=""21594771"" href=""#""  class=""int_odkaz""><sup>4</sup>)</a>";4);21594771;int_odkaz;NA;NA;NA;NA;esel-esb:právní-akt-odkaz/21594771;<sup>4</sup>);POZNAMKA;58319;esel-esb:eli/cz/sb/2018/93/0000-00-00/dokument/poznamkypodcarou/ppc_4;58319;esel-esb:eli/cz/sb/2018/93/0000-00-00/dokument/norma/par_8/odst_1;58319;2018/93;2018/93;2018/93;93/2018 Sb.
esel-esb:eli/cz/sb/2018/93/2018-06-20/dokument/norma/par_9/odst_2;22796446;esel-esb:eli/cz/sb/2018/93/2018-06-20/dokument/norma/par_9;§ 9 odst. 2;NA;2;NA;/2/9/3/;esel-esb:právní-akt-fragment/10248215;10248215;10248215;Odstavec_Dc;(2) Fyzická osoba, právnická osoba nebo podnikající fyzická osoba se jako držitel sbírky nebo její části zařazené do registru dopustí přestupku tím, že bez zbytečného odkladu neoznámí změny podle čl. 3 odst. 1 prováděcího nařízení Komise (EU) 2015/1866.;norms;"<a data-odkaz-id=""23517733"" href=""#""  class=""ext_odkaz"" data-eurlex=""true"" data-celexid=""32015R1866"" data-cellarid=""a0c57c2c-76f5-11e5-86db-01aa75ed71a1"" data-orig-href=""http://eur-lex.europa.eu/legal-content/CS/AUTO/?uri=cellar:a0c57c2c-76f5-11e5-86db-01aa75ed71a1"">2015/1866</a>";2015/1866;23517733;ext_odkaz;true;32015R1866;a0c57c2c-76f5-11e5-86db-01aa75ed71a1;http://eur-lex.europa.eu/legal-content/CS/AUTO/?uri=cellar:a0c57c2c-76f5-11e5-86db-01aa75ed71a1;esel-esb:právní-akt-odkaz/23517733;2015/1866;PREDPEU;341369;NA;NA;esel-esb:eli/cz/sb/2018/93/0000-00-00/dokument/norma/par_9/odst_2;58319;2018/93;NA;2018/93;93/2018 Sb.
esel-esb:eli/cz/sb/2018/93/2018-06-20/dokument/norma/par_9/odst_3/pism_a;22796448;esel-esb:eli/cz/sb/2018/93/2018-06-20/dokument/norma/par_9/odst_3;§ 9 odst. 3 písm. a);NA;a;NA;/2/9/4/1/;esel-esb:právní-akt-fragment/10248219;10248219;10248219;Pismeno_Lb;a) do 50 000 Kč, jde-li o přestupek podle odstavce 1 písm. a) až e) nebo odstavce 2,;norms;"<a data-odkaz-id=""21594777"" href=""#""  class=""int_odkaz"">odstavce 1 písm. a) až e)</a>";odstavce 1 písm. a) až e);21594777;int_odkaz;NA;NA;NA;NA;esel-esb:právní-akt-odkaz/21594777;odstavce 1 písm. a) až e);INTUSTAN;58319;esel-esb:eli/cz/sb/2018/93/0000-00-00/dokument/norma/par_9/odst_1/pism_a;58319;esel-esb:eli/cz/sb/2018/93/0000-00-00/dokument/norma/par_9/odst_3/pism_a;58319;2018/93;2018/93;2018/93;93/2018 Sb.
esel-esb:eli/cz/sb/2018/93/2018-06-20/dokument/norma/par_9/odst_3/pism_a;22796448;esel-esb:eli/cz/sb/2018/93/2018-06-20/dokument/norma/par_9/odst_3;§ 9 odst. 3 písm. a);NA;a;NA;/2/9/4/1/;esel-esb:právní-akt-fragment/10248219;10248219;10248219;Pismeno_Lb;a) do 50 000 Kč, jde-li o přestupek podle odstavce 1 písm. a) až e) nebo odstavce 2,;norms;"<a data-odkaz-id=""21594783"" href=""#""  class=""int_odkaz"">odstavce 2</a>";odstavce 2;21594783;int_odkaz;NA;NA;NA;NA;esel-esb:právní-akt-odkaz/21594783;odstavce 2;INTUSTAN;58319;esel-esb:eli/cz/sb/2018/93/0000-00-00/dokument/norma/par_9/odst_2;58319;esel-esb:eli/cz/sb/2018/93/0000-00-00/dokument/norma/par_9/odst_3/pism_a;58319;2018/93;2018/93;2018/93;93/2018 Sb.
esel-esb:eli/cz/sb/2018/93/2018-06-20/dokument/norma/par_9/odst_3/pism_b;22796449;esel-esb:eli/cz/sb/2018/93/2018-06-20/dokument/norma/par_9/odst_3;§ 9 odst. 3 písm. b);NA;b;NA;/2/9/4/2/;esel-esb:právní-akt-fragment/10248221;10248221;10248221;Pismeno_Lb;b) do 20 000 Kč, jde-li o přestupek podle odstavce 1 písm. f).;norms;"<a data-odkaz-id=""21594789"" href=""#""  class=""int_odkaz"">odstavce 1 písm. f)</a>";odstavce 1 písm. f);21594789;int_odkaz;NA;NA;NA;NA;esel-esb:právní-akt-odkaz/21594789;odstavce 1 písm. f);INTUSTAN;58319;esel-esb:eli/cz/sb/2018/93/0000-00-00/dokument/norma/par_9/odst_1/pism_f;58319;esel-esb:eli/cz/sb/2018/93/0000-00-00/dokument/norma/par_9/odst_3/pism_b;58319;2018/93;2018/93;2018/93;93/2018 Sb.
esel-esb:eli/cz/sb/2018/93/2018-06-20/dokument/norma/par_9/odst_4;22796450;esel-esb:eli/cz/sb/2018/93/2018-06-20/dokument/norma/par_9;§ 9 odst. 4;NA;4;NA;/2/9/5/;esel-esb:právní-akt-fragment/10248223;10248223;10248223;Odstavec_Dc;(4) Přestupky podle tohoto zákona projednává inspekce, s výjimkou přestupku podle odstavce 2, který projednává ministerstvo.;norms;"<a data-odkaz-id=""21594795"" href=""#""  class=""int_odkaz"">odstavce 2</a>";odstavce 2;21594795;int_odkaz;NA;NA;NA;NA;esel-esb:právní-akt-odkaz/21594795;odstavce 2;INTUSTAN;58319;esel-esb:eli/cz/sb/2018/93/0000-00-00/dokument/norma/par_9/odst_2;58319;esel-esb:eli/cz/sb/2018/93/0000-00-00/dokument/norma/par_9/odst_4;58319;2018/93;2018/93;2018/93;93/2018 Sb.
esel-esb:eli/cz/sb/2018/93/2018-06-20/dokument/poznamkypodcarou/ppc_1;22796460;esel-esb:eli/cz/sb/2018/93/2018-06-20/dokument/poznamkypodcarou;pozn. 1;NA;1;NA;/4/1/;esel-esb:právní-akt-fragment/10248243;10248243;10248243;PPC;1) Nařízení Evropského parlamentu a Rady (EU) č. 511/2014 ze dne 16. dubna 2014 o opatřeních pro dodržování pravidel, která vyplývají z Nagojského protokolu o přístupu ke genetickým zdrojům a spravedlivém a rovnocenném sdílení přínosů plynoucích z jejich využívání, ze strany uživatelů v Unii. Prováděcí nařízení Komise (EU) 2015/1866 ze dne 13. října 2015, kterým se stanoví prováděcí pravidla k nařízení Evropského parlamentu a Rady (EU) č. 511/2014, pokud jde o registr sbírek, monitorování dodržování pravidel ze strany uživatelů a osvědčené postupy.;notes;"<a data-odkaz-id=""23517727"" href=""#""  class=""ext_odkaz"" data-eurlex=""true"" data-celexid=""32015R1866"" data-cellarid=""a0c57c2c-76f5-11e5-86db-01aa75ed71a1"" data-orig-href=""http://eur-lex.europa.eu/legal-content/CS/AUTO/?uri=cellar:a0c57c2c-76f5-11e5-86db-01aa75ed71a1"">2015/1866</a>";2015/1866;23517727;ext_odkaz;true;32015R1866;a0c57c2c-76f5-11e5-86db-01aa75ed71a1;http://eur-lex.europa.eu/legal-content/CS/AUTO/?uri=cellar:a0c57c2c-76f5-11e5-86db-01aa75ed71a1;esel-esb:právní-akt-odkaz/23517727;2015/1866;PREDPEU;341369;NA;NA;esel-esb:eli/cz/sb/2018/93/0000-00-00/dokument/poznamkypodcarou/ppc_1;58319;2018/93;NA;2018/93;93/2018 Sb.
esel-esb:eli/cz/sb/2018/93/2018-06-20/dokument/poznamkypodcarou/ppc_5;22796464;esel-esb:eli/cz/sb/2018/93/2018-06-20/dokument/poznamkypodcarou;pozn. 5;NA;5;NA;/4/5/;esel-esb:právní-akt-fragment/10248251;10248251;10248251;PPC;5) Čl. 5 odst. 4 nařízení Evropského parlamentu a Rady (EU) č. 511/2014.  Čl. 4 odst. 1 prováděcího nařízení Komise (EU) 2015/1866.;notes;"<a data-odkaz-id=""23517721"" href=""#""  class=""ext_odkaz"" data-eurlex=""true"" data-celexid=""32015R1866"" data-cellarid=""a0c57c2c-76f5-11e5-86db-01aa75ed71a1"" data-orig-href=""http://eur-lex.europa.eu/legal-content/CS/AUTO/?uri=cellar:a0c57c2c-76f5-11e5-86db-01aa75ed71a1"">2015/1866</a>";2015/1866;23517721;ext_odkaz;true;32015R1866;a0c57c2c-76f5-11e5-86db-01aa75ed71a1;http://eur-lex.europa.eu/legal-content/CS/AUTO/?uri=cellar:a0c57c2c-76f5-11e5-86db-01aa75ed71a1;esel-esb:právní-akt-odkaz/23517721;2015/1866;PREDPEU;341369;NA;NA;esel-esb:eli/cz/sb/2018/93/0000-00-00/dokument/poznamkypodcarou/ppc_5;58319;2018/93;NA;2018/93;93/2018 Sb.
esel-esb:eli/cz/sb/2018/93/2018-06-20/dokument/poznamkypodcarou/ppc_6;22796465;esel-esb:eli/cz/sb/2018/93/2018-06-20/dokument/poznamkypodcarou;pozn. 6;NA;6;NA;/4/6/;esel-esb:právní-akt-fragment/10248253;10248253;10248253;PPC;6) Čl. 5 odst. 4 nařízení Evropského parlamentu a Rady (EU) č. 511/2014.  Čl. 4 odst. 5 prováděcího nařízení Komise (EU) 2015/1866.;notes;"<a data-odkaz-id=""23517715"" href=""#""  class=""ext_odkaz"" data-eurlex=""true"" data-celexid=""32015R1866"" data-cellarid=""a0c57c2c-76f5-11e5-86db-01aa75ed71a1"" data-orig-href=""http://eur-lex.europa.eu/legal-content/CS/AUTO/?uri=cellar:a0c57c2c-76f5-11e5-86db-01aa75ed71a1"">2015/1866</a>";2015/1866;23517715;ext_odkaz;true;32015R1866;a0c57c2c-76f5-11e5-86db-01aa75ed71a1;http://eur-lex.europa.eu/legal-content/CS/AUTO/?uri=cellar:a0c57c2c-76f5-11e5-86db-01aa75ed71a1;esel-esb:právní-akt-odkaz/23517715;2015/1866;PREDPEU;341369;NA;NA;esel-esb:eli/cz/sb/2018/93/0000-00-00/dokument/poznamkypodcarou/ppc_6;58319;2018/93;NA;2018/93;93/2018 Sb.
