fragment.iri;fragment.id;fragment.předek.iri;fragment.citace;fragment.citace.text;fragment.označení.uzlu;fragment.označení.uzlu.text;fragment.hierarchie;akt.fragment.iri;akt.fragment.id;fragment.base.id;typ.fragmentu;fragment.text_clean;source;tag;tag_clean;odkaz.id;class;data_eurlex;data_celexid;data_cellarid;data_orig_href;odkaz.iri;odkaz.citace.cíl;typ.vazba.odkazu;cíl.dokument.id;fragment.cíl.iri;fragment.cíl.dokument.id;fragment.zdroj.iri;fragment.zdroj.dokument.id;iri_z;iri_c;iri_v;akt.citace
esel-esb:eli/cz/sb/2009/94/2009-04-14/dokument/norma/par_1/odst_1;18426877;esel-esb:eli/cz/sb/2009/94/2009-04-14/dokument/norma/par_1;§ 1 odst. 1;NA;1;NA;/2/1/1/;esel-esb:právní-akt-fragment/7907355;7907355;7907355;Odstavec_Dc;(1) Česká republika je oprávněna přijmout úvěr od Evropské investiční banky na financování investičních potřeb souvisejících s prováděním programu Výstavba a obnova infrastruktury vodovodů a kanalizací II., evidovaného v Informačním systému financování reprodukce majetku podle jiného právního předpisu1). Úvěr může činit nejvýše 3 000 000 000 Kč a musí být splatný ve lhůtě do 25 let ode dne podpisu smlouvy o úvěru, nejpozději do 31. prosince 2033.;norms;"<a data-odkaz-id=""18598859"" href=""#""  class=""int_odkaz""><sup>1</sup>)</a>";1);18598859;int_odkaz;NA;NA;NA;NA;esel-esb:právní-akt-odkaz/18598859;<sup>1</sup>);POZNAMKA;48401;esel-esb:eli/cz/sb/2009/94/0000-00-00/dokument/poznamkypodcarou/ppc_1;48401;esel-esb:eli/cz/sb/2009/94/0000-00-00/dokument/norma/par_1/odst_1;48401;2009/94;2009/94;2009/94;94/2009 Sb.
esel-esb:eli/cz/sb/2009/94/2009-04-14/dokument/norma/par_1/odst_2;18426878;esel-esb:eli/cz/sb/2009/94/2009-04-14/dokument/norma/par_1;§ 1 odst. 2;NA;2;NA;/2/1/2/;esel-esb:právní-akt-fragment/7907357;7907357;7907357;Odstavec_Dc;(2) Úvěrovou smlouvu o přijetí úvěru podle odstavce 1 sjedná a uzavře jménem České republiky ministr financí.;norms;"<a data-odkaz-id=""18598863"" href=""#""  class=""int_odkaz"">odstavce 1</a>";odstavce 1;18598863;int_odkaz;NA;NA;NA;NA;esel-esb:právní-akt-odkaz/18598863;odstavce 1;INTUSTAN;48401;esel-esb:eli/cz/sb/2009/94/0000-00-00/dokument/norma/par_1/odst_1;48401;esel-esb:eli/cz/sb/2009/94/0000-00-00/dokument/norma/par_1/odst_2;48401;2009/94;2009/94;2009/94;94/2009 Sb.
esel-esb:eli/cz/sb/2009/94/2009-04-14/dokument/norma/par_2/frag_7907361;18426880;esel-esb:eli/cz/sb/2009/94/2009-04-14/dokument/norma/par_2;NA;NA;NA;NA;/2/2/1/;esel-esb:právní-akt-fragment/7907361;7907361;7907361;Odstavec_Dc;O prostředky získané úvěrem podle § 1 odst. 1 lze překročit celkové výdaje státního rozpočtu schválené zákonem o státním rozpočtu v rozpočtovém roce, ve kterém budou takto získané prostředky použity. O výši tohoto překročení se v příslušném rozpočtovém roce mění saldo státního rozpočtu a financující položky.;norms;"<a data-odkaz-id=""18598867"" href=""#""  class=""int_odkaz"">§ 1 odst. 1</a>";§ 1 odst. 1;18598867;int_odkaz;NA;NA;NA;NA;esel-esb:právní-akt-odkaz/18598867;§ 1 odst. 1;INTUSTAN;48401;esel-esb:eli/cz/sb/2009/94/0000-00-00/dokument/norma/par_1/odst_1;48401;esel-esb:eli/cz/sb/2009/94/0000-00-00/dokument/norma/par_2/frag_7907361;48401;2009/94;2009/94;2009/94;94/2009 Sb.
esel-esb:eli/cz/sb/2009/94/2009-04-14/dokument/poznamkypodcarou/ppc_1;18426888;esel-esb:eli/cz/sb/2009/94/2009-04-14/dokument/poznamkypodcarou;pozn. 1;NA;1;NA;/4/1/;esel-esb:právní-akt-fragment/7907375;7907375;7907375;PPC;1) § 12 a 13 zákona č. 218/2000 Sb., o rozpočtových pravidlech a o změně některých souvisejících zákonů (rozpočtová pravidla), ve znění zákona č. 26/2008 Sb.;notes;"<a data-odkaz-id=""18171143"" href=""#""  class=""ext_odkaz"" data-version=""20080301"">§ 12</a>";§ 12;18171143;ext_odkaz;NA;NA;NA;NA;esel-esb:právní-akt-odkaz/18171143;§ 12;JINEUSTAN;110547;esel-esb:eli/cz/sb/2000/218/2008-03-01/dokument/norma/cast_1/hlava_3/dil_1/par_12;48401;esel-esb:eli/cz/sb/2009/94/0000-00-00/dokument/poznamkypodcarou/ppc_1;48401;2009/94;2000/218;2009/94;94/2009 Sb.
esel-esb:eli/cz/sb/2009/94/2009-04-14/dokument/poznamkypodcarou/ppc_1;18426888;esel-esb:eli/cz/sb/2009/94/2009-04-14/dokument/poznamkypodcarou;pozn. 1;NA;1;NA;/4/1/;esel-esb:právní-akt-fragment/7907375;7907375;7907375;PPC;1) § 12 a 13 zákona č. 218/2000 Sb., o rozpočtových pravidlech a o změně některých souvisejících zákonů (rozpočtová pravidla), ve znění zákona č. 26/2008 Sb.;notes;"<a data-odkaz-id=""18171147"" href=""#""  class=""ext_odkaz"" data-version=""20080301"">13</a>";13;18171147;ext_odkaz;NA;NA;NA;NA;esel-esb:právní-akt-odkaz/18171147;13;JINEUSTAN;110547;esel-esb:eli/cz/sb/2000/218/2008-03-01/dokument/norma/cast_1/hlava_3/dil_1/par_13;48401;esel-esb:eli/cz/sb/2009/94/0000-00-00/dokument/poznamkypodcarou/ppc_1;48401;2009/94;2000/218;2009/94;94/2009 Sb.
esel-esb:eli/cz/sb/2009/94/2009-04-14/dokument/poznamkypodcarou/ppc_1;18426888;esel-esb:eli/cz/sb/2009/94/2009-04-14/dokument/poznamkypodcarou;pozn. 1;NA;1;NA;/4/1/;esel-esb:právní-akt-fragment/7907375;7907375;7907375;PPC;1) § 12 a 13 zákona č. 218/2000 Sb., o rozpočtových pravidlech a o změně některých souvisejících zákonů (rozpočtová pravidla), ve znění zákona č. 26/2008 Sb.;notes;"<a data-odkaz-id=""18171151"" href=""#""  class=""ext_odkaz"" data-version=""20080301"">zákona č. 218/2000 Sb., o rozpočtových pravidlech a o změně některých souvisejících zákonů</a>";zákona č. 218/2000 Sb., o rozpočtových pravidlech a o změně některých souvisejících zákonů;18171151;ext_odkaz;NA;NA;NA;NA;esel-esb:právní-akt-odkaz/18171151;zákona č. 218/2000 Sb.;JINYPRED;110547;esel-esb:eli/cz/sb/2000/218/2008-03-01/dokument;48401;esel-esb:eli/cz/sb/2009/94/0000-00-00/dokument/poznamkypodcarou/ppc_1;48401;2009/94;2000/218;2009/94;94/2009 Sb.
esel-esb:eli/cz/sb/2009/94/2009-04-14/dokument/poznamkypodcarou/ppc_1;18426888;esel-esb:eli/cz/sb/2009/94/2009-04-14/dokument/poznamkypodcarou;pozn. 1;NA;1;NA;/4/1/;esel-esb:právní-akt-fragment/7907375;7907375;7907375;PPC;1) § 12 a 13 zákona č. 218/2000 Sb., o rozpočtových pravidlech a o změně některých souvisejících zákonů (rozpočtová pravidla), ve znění zákona č. 26/2008 Sb.;notes;"<a data-odkaz-id=""18171155"" href=""#""  class=""ext_odkaz"">zákona č. 26/2008 Sb.</a>";zákona č. 26/2008 Sb.;18171155;ext_odkaz;NA;NA;NA;NA;esel-esb:právní-akt-odkaz/18171155;zákona č. 26/2008 Sb.;JINYPRED;133703;esel-esb:eli/cz/sb/2008/26/2008-03-01/dokument;48401;esel-esb:eli/cz/sb/2009/94/0000-00-00/dokument/poznamkypodcarou/ppc_1;48401;2009/94;2008/26;2009/94;94/2009 Sb.
