fragment.iri;fragment.id;fragment.předek.iri;fragment.citace;fragment.citace.text;fragment.označení.uzlu;fragment.označení.uzlu.text;fragment.hierarchie;akt.fragment.iri;akt.fragment.id;fragment.base.id;typ.fragmentu;fragment.text_clean;source;tag;tag_clean;odkaz.id;class;data_eurlex;data_celexid;data_cellarid;data_orig_href;odkaz.iri;odkaz.citace.cíl;typ.vazba.odkazu;cíl.dokument.id;fragment.cíl.iri;fragment.cíl.dokument.id;fragment.zdroj.iri;fragment.zdroj.dokument.id;iri_z;iri_c;iri_v;akt.citace
esel-esb:eli/cz/sb/2021/95/2021-02-27/dokument/norma/cast_2/par_2/odst_1;23426132;esel-esb:eli/cz/sb/2021/95/2021-02-27/dokument/norma/cast_2/par_2;§ 2 odst. 1;NA;1;NA;/2/2/2/2/;esel-esb:právní-akt-fragment/10706225;10706225;10706225;Odstavec_Dc;(1) Subjektem kompenzačního bonusu je osoba samostatně výdělečně činná podle zákona upravujícího důchodové pojištění.;norms;"<a data-odkaz-id=""22425235"" href=""#""  class=""ext_odkaz"">důchodové pojištění</a>";důchodové pojištění;22425235;ext_odkaz;NA;NA;NA;NA;esel-esb:právní-akt-odkaz/22425235;důchodové pojištění;JINYPRED;101657;esel-esb:eli/cz/sb/1995/155/2021-01-01/dokument;61315;esel-esb:eli/cz/sb/2021/95/0000-00-00/dokument/norma/cast_2/par_2/odst_1;61315;2021/95;1995/155;2021/95;95/2021 Sb.
esel-esb:eli/cz/sb/2021/95/2021-02-27/dokument/norma/cast_2/par_2/odst_2/pism_a;23426134;esel-esb:eli/cz/sb/2021/95/2021-02-27/dokument/norma/cast_2/par_2/odst_2;§ 2 odst. 2 písm. a);NA;a;NA;/2/2/2/3/1/;esel-esb:právní-akt-fragment/10706229;10706229;10706229;Pismeno_Lb;a) osobou podle odstavce 1, nebo;norms;"<a data-odkaz-id=""22425241"" href=""#""  class=""int_odkaz"">odstavce 1</a>";odstavce 1;22425241;int_odkaz;NA;NA;NA;NA;esel-esb:právní-akt-odkaz/22425241;odstavce 1;INTUSTAN;61315;esel-esb:eli/cz/sb/2021/95/0000-00-00/dokument/norma/cast_2/par_2/odst_1;61315;esel-esb:eli/cz/sb/2021/95/0000-00-00/dokument/norma/cast_2/par_2/odst_2/pism_a;61315;2021/95;2021/95;2021/95;95/2021 Sb.
esel-esb:eli/cz/sb/2021/95/2021-02-27/dokument/norma/cast_2/par_3/odst_2;23426141;esel-esb:eli/cz/sb/2021/95/2021-02-27/dokument/norma/cast_2/par_3;§ 3 odst. 2;NA;2;NA;/2/2/3/3/;esel-esb:právní-akt-fragment/10706243;10706243;10706243;Odstavec_Dc;(2) Subjektem kompenzačního bonusu podle odstavce 1 může být pouze ten, kdo;norms;"<a data-odkaz-id=""22425247"" href=""#""  class=""int_odkaz"">odstavce 1</a>";odstavce 1;22425247;int_odkaz;NA;NA;NA;NA;esel-esb:právní-akt-odkaz/22425247;odstavce 1;INTUSTAN;61315;esel-esb:eli/cz/sb/2021/95/0000-00-00/dokument/norma/cast_2/par_3/odst_1;61315;esel-esb:eli/cz/sb/2021/95/0000-00-00/dokument/norma/cast_2/par_3/odst_2;61315;2021/95;2021/95;2021/95;95/2021 Sb.
esel-esb:eli/cz/sb/2021/95/2021-02-27/dokument/norma/cast_2/par_3/odst_2/pism_a;23426142;esel-esb:eli/cz/sb/2021/95/2021-02-27/dokument/norma/cast_2/par_3/odst_2;§ 3 odst. 2 písm. a);NA;a;NA;/2/2/3/3/1/;esel-esb:právní-akt-fragment/10706245;10706245;10706245;Pismeno_Lb;a) splňoval podmínky podle odstavce 1 ke dni 5. října 2020,;norms;"<a data-odkaz-id=""22425253"" href=""#""  class=""int_odkaz"">odstavce 1</a>";odstavce 1;22425253;int_odkaz;NA;NA;NA;NA;esel-esb:právní-akt-odkaz/22425253;odstavce 1;INTUSTAN;61315;esel-esb:eli/cz/sb/2021/95/0000-00-00/dokument/norma/cast_2/par_3/odst_1;61315;esel-esb:eli/cz/sb/2021/95/0000-00-00/dokument/norma/cast_2/par_3/odst_2/pism_a;61315;2021/95;2021/95;2021/95;95/2021 Sb.
esel-esb:eli/cz/sb/2021/95/2021-02-27/dokument/norma/cast_2/par_3/odst_2/pism_b/bod_2;23426145;esel-esb:eli/cz/sb/2021/95/2021-02-27/dokument/norma/cast_2/par_3/odst_2/pism_b;§ 3 odst. 2 písm. b) bod 2;NA;2;NA;/2/2/3/3/2/2/;esel-esb:právní-akt-fragment/10706251;10706251;10706251;Bod_Dd;2. nerezidentem České republiky, který předpokládá, že splní všechny podmínky pro uplatnění snížení daně za zdaňovací období, do něhož spadá příslušné bonusové období, podle § 35ba odst. 2 zákona o daních z příjmů.;norms;"<a data-odkaz-id=""22425259"" href=""#""  class=""ext_odkaz"">§ 35ba odst. 2</a>";§ 35ba odst. 2;22425259;ext_odkaz;NA;NA;NA;NA;esel-esb:právní-akt-odkaz/22425259;§ 35ba odst. 2;JINEUSTAN;95717;esel-esb:eli/cz/sb/1992/586/2007-08-01/dokument/norma/cast_3/par_35ba/odst_3;61315;esel-esb:eli/cz/sb/2021/95/0000-00-00/dokument/norma/cast_2/par_3/odst_2/pism_b/bod_2;61315;2021/95;1992/586;2021/95;95/2021 Sb.
esel-esb:eli/cz/sb/2021/95/2021-02-27/dokument/norma/cast_2/par_3/odst_2/pism_b/bod_2;23426145;esel-esb:eli/cz/sb/2021/95/2021-02-27/dokument/norma/cast_2/par_3/odst_2/pism_b;§ 3 odst. 2 písm. b) bod 2;NA;2;NA;/2/2/3/3/2/2/;esel-esb:právní-akt-fragment/10706251;10706251;10706251;Bod_Dd;2. nerezidentem České republiky, který předpokládá, že splní všechny podmínky pro uplatnění snížení daně za zdaňovací období, do něhož spadá příslušné bonusové období, podle § 35ba odst. 2 zákona o daních z příjmů.;norms;"<a data-odkaz-id=""22425265"" href=""#""  class=""ext_odkaz"">zákona o daních z příjmů</a>";zákona o daních z příjmů;22425265;ext_odkaz;NA;NA;NA;NA;esel-esb:právní-akt-odkaz/22425265;zákona o daních z příjmů;JINYPRED;95837;esel-esb:eli/cz/sb/1992/586/2021-02-04/dokument;61315;esel-esb:eli/cz/sb/2021/95/0000-00-00/dokument/norma/cast_2/par_3/odst_2/pism_b/bod_2;61315;2021/95;1992/586;2021/95;95/2021 Sb.
esel-esb:eli/cz/sb/2021/95/2021-02-27/dokument/norma/cast_2/par_3/odst_3;23426146;esel-esb:eli/cz/sb/2021/95/2021-02-27/dokument/norma/cast_2/par_3;§ 3 odst. 3;NA;3;NA;/2/2/3/4/;esel-esb:právní-akt-fragment/10706253;10706253;10706253;Odstavec_Dc;(3) Subjektem kompenzačního bonusu podle odstavce 1 nemůže být společník společnosti s ručením omezeným, která v bonusovém období byla;norms;"<a data-odkaz-id=""22425271"" href=""#""  class=""int_odkaz"">odstavce 1</a>";odstavce 1;22425271;int_odkaz;NA;NA;NA;NA;esel-esb:právní-akt-odkaz/22425271;odstavce 1;INTUSTAN;61315;esel-esb:eli/cz/sb/2021/95/0000-00-00/dokument/norma/cast_2/par_3/odst_1;61315;esel-esb:eli/cz/sb/2021/95/0000-00-00/dokument/norma/cast_2/par_3/odst_3;61315;2021/95;2021/95;2021/95;95/2021 Sb.
esel-esb:eli/cz/sb/2021/95/2021-02-27/dokument/norma/cast_2/par_3/odst_3/pism_b;23426148;esel-esb:eli/cz/sb/2021/95/2021-02-27/dokument/norma/cast_2/par_3/odst_3;§ 3 odst. 3 písm. b);NA;b;NA;/2/2/3/4/2/;esel-esb:právní-akt-fragment/10706257;10706257;10706257;Pismeno_Lb;b) nespolehlivým plátcem nebo nespolehlivou osobou podle zákona upravujícího daň z přidané hodnoty.;norms;"<a data-odkaz-id=""22425277"" href=""#""  class=""ext_odkaz"">daň z přidané hodnoty</a>";daň z přidané hodnoty;22425277;ext_odkaz;NA;NA;NA;NA;esel-esb:právní-akt-odkaz/22425277;daň z přidané hodnoty;JINYPRED;123091;esel-esb:eli/cz/sb/2004/235/2021-01-01/dokument;61315;esel-esb:eli/cz/sb/2021/95/0000-00-00/dokument/norma/cast_2/par_3/odst_3/pism_b;61315;2021/95;2004/235;2021/95;95/2021 Sb.
esel-esb:eli/cz/sb/2021/95/2021-02-27/dokument/norma/cast_2/par_3/odst_4;23426149;esel-esb:eli/cz/sb/2021/95/2021-02-27/dokument/norma/cast_2/par_3;§ 3 odst. 4;NA;4;NA;/2/2/3/5/;esel-esb:právní-akt-fragment/10706259;10706259;10706259;Odstavec_Dc;(4) Subjektem kompenzačního bonusu podle odstavce 1 nemůže být dále společník společnosti s ručením omezeným,;norms;"<a data-odkaz-id=""22425283"" href=""#""  class=""int_odkaz"">odstavce 1</a>";odstavce 1;22425283;int_odkaz;NA;NA;NA;NA;esel-esb:právní-akt-odkaz/22425283;odstavce 1;INTUSTAN;61315;esel-esb:eli/cz/sb/2021/95/0000-00-00/dokument/norma/cast_2/par_3/odst_1;61315;esel-esb:eli/cz/sb/2021/95/0000-00-00/dokument/norma/cast_2/par_3/odst_4;61315;2021/95;2021/95;2021/95;95/2021 Sb.
esel-esb:eli/cz/sb/2021/95/2021-02-27/dokument/norma/cast_2/par_3/odst_4/pism_a;23426150;esel-esb:eli/cz/sb/2021/95/2021-02-27/dokument/norma/cast_2/par_3/odst_4;§ 3 odst. 4 písm. a);NA;a;NA;/2/2/3/5/1/;esel-esb:právní-akt-fragment/10706261;10706261;10706261;Pismeno_Lb;a) jejíž obrat podle § 1d odst. 2 zákona o účetnictví za žádné z 2 skončených zdaňovacích období daně z příjmů právnických osob bezprostředně předcházejících bonusovému období nepřekročil částku 180 000 Kč, nebo která předpokládá, že její obrat podle § 1d odst. 2 zákona o účetnictví za první dosud neskončené zdaňovací období daně z příjmů právnických osob, po jehož celou délku tato společnost vykonává činnost, nepřekročí částku 120 000 Kč, a;norms;"<a data-odkaz-id=""22425289"" href=""#""  class=""ext_odkaz"">§ 1d odst. 2</a>";§ 1d odst. 2;22425289;ext_odkaz;NA;NA;NA;NA;esel-esb:právní-akt-odkaz/22425289;§ 1d odst. 2;JINEUSTAN;92265;esel-esb:eli/cz/sb/1991/563/2021-01-01/dokument/norma/cast_1/par_1d/odst_2;61315;esel-esb:eli/cz/sb/2021/95/0000-00-00/dokument/norma/cast_2/par_3/odst_4/pism_a;61315;2021/95;1991/563;2021/95;95/2021 Sb.
esel-esb:eli/cz/sb/2021/95/2021-02-27/dokument/norma/cast_2/par_3/odst_4/pism_a;23426150;esel-esb:eli/cz/sb/2021/95/2021-02-27/dokument/norma/cast_2/par_3/odst_4;§ 3 odst. 4 písm. a);NA;a;NA;/2/2/3/5/1/;esel-esb:právní-akt-fragment/10706261;10706261;10706261;Pismeno_Lb;a) jejíž obrat podle § 1d odst. 2 zákona o účetnictví za žádné z 2 skončených zdaňovacích období daně z příjmů právnických osob bezprostředně předcházejících bonusovému období nepřekročil částku 180 000 Kč, nebo která předpokládá, že její obrat podle § 1d odst. 2 zákona o účetnictví za první dosud neskončené zdaňovací období daně z příjmů právnických osob, po jehož celou délku tato společnost vykonává činnost, nepřekročí částku 120 000 Kč, a;norms;"<a data-odkaz-id=""22425295"" href=""#""  class=""ext_odkaz"">o účetnictví</a>";o účetnictví;22425295;ext_odkaz;NA;NA;NA;NA;esel-esb:právní-akt-odkaz/22425295;o účetnictví;JINYPRED;92265;esel-esb:eli/cz/sb/1991/563/2021-01-01/dokument;61315;esel-esb:eli/cz/sb/2021/95/0000-00-00/dokument/norma/cast_2/par_3/odst_4/pism_a;61315;2021/95;1991/563;2021/95;95/2021 Sb.
esel-esb:eli/cz/sb/2021/95/2021-02-27/dokument/norma/cast_2/par_3/odst_4/pism_a;23426150;esel-esb:eli/cz/sb/2021/95/2021-02-27/dokument/norma/cast_2/par_3/odst_4;§ 3 odst. 4 písm. a);NA;a;NA;/2/2/3/5/1/;esel-esb:právní-akt-fragment/10706261;10706261;10706261;Pismeno_Lb;a) jejíž obrat podle § 1d odst. 2 zákona o účetnictví za žádné z 2 skončených zdaňovacích období daně z příjmů právnických osob bezprostředně předcházejících bonusovému období nepřekročil částku 180 000 Kč, nebo která předpokládá, že její obrat podle § 1d odst. 2 zákona o účetnictví za první dosud neskončené zdaňovací období daně z příjmů právnických osob, po jehož celou délku tato společnost vykonává činnost, nepřekročí částku 120 000 Kč, a;norms;"<a data-odkaz-id=""22425301"" href=""#""  class=""ext_odkaz"">§ 1d odst. 2</a>";§ 1d odst. 2;22425301;ext_odkaz;NA;NA;NA;NA;esel-esb:právní-akt-odkaz/22425301;§ 1d odst. 2;JINEUSTAN;92265;esel-esb:eli/cz/sb/1991/563/2021-01-01/dokument/norma/cast_1/par_1d/odst_2;61315;esel-esb:eli/cz/sb/2021/95/0000-00-00/dokument/norma/cast_2/par_3/odst_4/pism_a;61315;2021/95;1991/563;2021/95;95/2021 Sb.
esel-esb:eli/cz/sb/2021/95/2021-02-27/dokument/norma/cast_2/par_3/odst_4/pism_a;23426150;esel-esb:eli/cz/sb/2021/95/2021-02-27/dokument/norma/cast_2/par_3/odst_4;§ 3 odst. 4 písm. a);NA;a;NA;/2/2/3/5/1/;esel-esb:právní-akt-fragment/10706261;10706261;10706261;Pismeno_Lb;a) jejíž obrat podle § 1d odst. 2 zákona o účetnictví za žádné z 2 skončených zdaňovacích období daně z příjmů právnických osob bezprostředně předcházejících bonusovému období nepřekročil částku 180 000 Kč, nebo která předpokládá, že její obrat podle § 1d odst. 2 zákona o účetnictví za první dosud neskončené zdaňovací období daně z příjmů právnických osob, po jehož celou délku tato společnost vykonává činnost, nepřekročí částku 120 000 Kč, a;norms;"<a data-odkaz-id=""22425307"" href=""#""  class=""ext_odkaz"">o účetnictví</a>";o účetnictví;22425307;ext_odkaz;NA;NA;NA;NA;esel-esb:právní-akt-odkaz/22425307;o účetnictví;JINYPRED;92265;esel-esb:eli/cz/sb/1991/563/2021-01-01/dokument;61315;esel-esb:eli/cz/sb/2021/95/0000-00-00/dokument/norma/cast_2/par_3/odst_4/pism_a;61315;2021/95;1991/563;2021/95;95/2021 Sb.
esel-esb:eli/cz/sb/2021/95/2021-02-27/dokument/norma/cast_2/par_3/odst_5;23426152;esel-esb:eli/cz/sb/2021/95/2021-02-27/dokument/norma/cast_2/par_3;§ 3 odst. 5;NA;5;NA;/2/2/3/6/;esel-esb:právní-akt-fragment/10706265;10706265;10706265;Odstavec_Dc;(5) V případě, že je fyzická osoba společníkem více společností s ručením omezeným, posuzuje se splnění podmínek podle odstavců 1 až 4 ve vztahu ke každé společnosti s ručením omezeným samostatně.;norms;"<a data-odkaz-id=""22425313"" href=""#""  class=""int_odkaz"">odstavců 1 až 4</a>";odstavců 1 až 4;22425313;int_odkaz;NA;NA;NA;NA;esel-esb:právní-akt-odkaz/22425313;odstavců 1 až 4;INTUSTAN;61315;esel-esb:eli/cz/sb/2021/95/0000-00-00/dokument/norma/cast_2/par_3/odst_1;61315;esel-esb:eli/cz/sb/2021/95/0000-00-00/dokument/norma/cast_2/par_3/odst_5;61315;2021/95;2021/95;2021/95;95/2021 Sb.
esel-esb:eli/cz/sb/2021/95/2021-02-27/dokument/norma/cast_2/par_4/odst_1;23426155;esel-esb:eli/cz/sb/2021/95/2021-02-27/dokument/norma/cast_2/par_4;§ 4 odst. 1;NA;1;NA;/2/2/4/2/;esel-esb:právní-akt-fragment/10706271;10706271;10706271;Odstavec_Dc;"(1) Subjektem kompenzačního bonusu je také osoba, která vykonávala v rozhodném období práci na základě dohody o práci konané mimo pracovní poměr a v důsledku toho byla alespoň 3 kalendářní měsíce účastna nemocenského pojištění jako zaměstnanec a současně nevykonávala jinou činnost, v jejímž důsledku by byla účastna nemocenského pojištění jako zaměstnanec; to neplatí, pokud se jedná o činnosti, u nichž vzniká účast na nemocenském pojištění pouze z důvodů uvedených v § 5 písm. a) bodech 12 a 13 zákona upravujícího nemocenské pojištění.";norms;"<a data-odkaz-id=""22425319"" href=""#""  class=""ext_odkaz"">§ 5 písm. a) bodech 12</a>";§ 5 písm. a) bodech 12;22425319;ext_odkaz;NA;NA;NA;NA;esel-esb:právní-akt-odkaz/22425319;§ 5 písm. a) bodech 12;JINEUSTAN;130045;esel-esb:eli/cz/sb/2006/187/2021-01-01/dokument/norma/cast_2/hlava_1/par_5/pism_a/bod_12;61315;esel-esb:eli/cz/sb/2021/95/0000-00-00/dokument/norma/cast_2/par_4/odst_1;61315;2021/95;2006/187;2021/95;95/2021 Sb.
esel-esb:eli/cz/sb/2021/95/2021-02-27/dokument/norma/cast_2/par_4/odst_1;23426155;esel-esb:eli/cz/sb/2021/95/2021-02-27/dokument/norma/cast_2/par_4;§ 4 odst. 1;NA;1;NA;/2/2/4/2/;esel-esb:právní-akt-fragment/10706271;10706271;10706271;Odstavec_Dc;"(1) Subjektem kompenzačního bonusu je také osoba, která vykonávala v rozhodném období práci na základě dohody o práci konané mimo pracovní poměr a v důsledku toho byla alespoň 3 kalendářní měsíce účastna nemocenského pojištění jako zaměstnanec a současně nevykonávala jinou činnost, v jejímž důsledku by byla účastna nemocenského pojištění jako zaměstnanec; to neplatí, pokud se jedná o činnosti, u nichž vzniká účast na nemocenském pojištění pouze z důvodů uvedených v § 5 písm. a) bodech 12 a 13 zákona upravujícího nemocenské pojištění.";norms;"<a data-odkaz-id=""22425325"" href=""#""  class=""ext_odkaz"">13</a>";13;22425325;ext_odkaz;NA;NA;NA;NA;esel-esb:právní-akt-odkaz/22425325;13;JINEUSTAN;129987;esel-esb:eli/cz/sb/2006/187/2012-07-01/dokument/norma/cast_2/hlava_1/par_5/pism_a/bod_13;61315;esel-esb:eli/cz/sb/2021/95/0000-00-00/dokument/norma/cast_2/par_4/odst_1;61315;2021/95;2006/187;2021/95;95/2021 Sb.
esel-esb:eli/cz/sb/2021/95/2021-02-27/dokument/norma/cast_2/par_4/odst_1;23426155;esel-esb:eli/cz/sb/2021/95/2021-02-27/dokument/norma/cast_2/par_4;§ 4 odst. 1;NA;1;NA;/2/2/4/2/;esel-esb:právní-akt-fragment/10706271;10706271;10706271;Odstavec_Dc;"(1) Subjektem kompenzačního bonusu je také osoba, která vykonávala v rozhodném období práci na základě dohody o práci konané mimo pracovní poměr a v důsledku toho byla alespoň 3 kalendářní měsíce účastna nemocenského pojištění jako zaměstnanec a současně nevykonávala jinou činnost, v jejímž důsledku by byla účastna nemocenského pojištění jako zaměstnanec; to neplatí, pokud se jedná o činnosti, u nichž vzniká účast na nemocenském pojištění pouze z důvodů uvedených v § 5 písm. a) bodech 12 a 13 zákona upravujícího nemocenské pojištění.";norms;"<a data-odkaz-id=""22425331"" href=""#""  class=""ext_odkaz"">nemocenské pojištění</a>";nemocenské pojištění;22425331;ext_odkaz;NA;NA;NA;NA;esel-esb:právní-akt-odkaz/22425331;nemocenské pojištění;JINYPRED;130045;esel-esb:eli/cz/sb/2006/187/2021-01-01/dokument;61315;esel-esb:eli/cz/sb/2021/95/0000-00-00/dokument/norma/cast_2/par_4/odst_1;61315;2021/95;2006/187;2021/95;95/2021 Sb.
esel-esb:eli/cz/sb/2021/95/2021-02-27/dokument/norma/cast_2/par_4/odst_2;23426156;esel-esb:eli/cz/sb/2021/95/2021-02-27/dokument/norma/cast_2/par_4;§ 4 odst. 2;NA;2;NA;/2/2/4/3/;esel-esb:právní-akt-fragment/10706273;10706273;10706273;Odstavec_Dc;(2) Dohodou o práci konané mimo pracovní poměr se pro účely tohoto zákona rozumí dohoda o provedení práce nebo dohoda o pracovní činnosti podle zákoníku práce.;norms;"<a data-odkaz-id=""22425337"" href=""#""  class=""ext_odkaz"">zákoníku práce</a>";zákoníku práce;22425337;ext_odkaz;NA;NA;NA;NA;esel-esb:právní-akt-odkaz/22425337;zákoníku práce;JINYPRED;130549;esel-esb:eli/cz/sb/2006/262/2021-01-01/dokument;61315;esel-esb:eli/cz/sb/2021/95/0000-00-00/dokument/norma/cast_2/par_4/odst_2;61315;2021/95;2006/262;2021/95;95/2021 Sb.
esel-esb:eli/cz/sb/2021/95/2021-02-27/dokument/norma/cast_2/par_4/odst_3;23426157;esel-esb:eli/cz/sb/2021/95/2021-02-27/dokument/norma/cast_2/par_4;§ 4 odst. 3;NA;3;NA;/2/2/4/4/;esel-esb:právní-akt-fragment/10706275;10706275;10706275;Odstavec_Dc;(3) Zaměstnancem se pro účely tohoto zákona rozumí zaměstnanec podle zákona upravujícího nemocenské pojištění.;norms;"<a data-odkaz-id=""22425343"" href=""#""  class=""ext_odkaz"">nemocenské pojištění</a>";nemocenské pojištění;22425343;ext_odkaz;NA;NA;NA;NA;esel-esb:právní-akt-odkaz/22425343;nemocenské pojištění;JINYPRED;130045;esel-esb:eli/cz/sb/2006/187/2021-01-01/dokument;61315;esel-esb:eli/cz/sb/2021/95/0000-00-00/dokument/norma/cast_2/par_4/odst_3;61315;2021/95;2006/187;2021/95;95/2021 Sb.
esel-esb:eli/cz/sb/2021/95/2021-02-27/dokument/norma/cast_2/par_5/odst_2;23426161;esel-esb:eli/cz/sb/2021/95/2021-02-27/dokument/norma/cast_2/par_5;§ 5 odst. 2;NA;2;NA;/2/2/5/3/;esel-esb:právní-akt-fragment/10706283;10706283;10706283;Odstavec_Dc;(2) Subjektem kompenzačního bonusu nemůže být osoba, která v bonusovém období byla nespolehlivým plátcem nebo nespolehlivou osobou podle zákona upravujícího daň z přidané hodnoty.;norms;"<a data-odkaz-id=""22425349"" href=""#""  class=""ext_odkaz"">daň z přidané hodnoty</a>";daň z přidané hodnoty;22425349;ext_odkaz;NA;NA;NA;NA;esel-esb:právní-akt-odkaz/22425349;daň z přidané hodnoty;JINYPRED;123091;esel-esb:eli/cz/sb/2004/235/2021-01-01/dokument;61315;esel-esb:eli/cz/sb/2021/95/0000-00-00/dokument/norma/cast_2/par_5/odst_2;61315;2021/95;2004/235;2021/95;95/2021 Sb.
esel-esb:eli/cz/sb/2021/95/2021-02-27/dokument/norma/cast_2/par_5/odst_3;23426162;esel-esb:eli/cz/sb/2021/95/2021-02-27/dokument/norma/cast_2/par_5;§ 5 odst. 3;NA;3;NA;/2/2/5/4/;esel-esb:právní-akt-fragment/10706285;10706285;10706285;Odstavec_Dc;(3) Členy jedné rodiny se pro účely tohoto zákona rozumí příbuzný v řadě přímé, sourozenec a manžel nebo partner podle zákona upravujícího registrované partnerství.;norms;"<a data-odkaz-id=""22425355"" href=""#""  class=""ext_odkaz"">registrované partnerství</a>";registrované partnerství;22425355;ext_odkaz;NA;NA;NA;NA;esel-esb:právní-akt-odkaz/22425355;registrované partnerství;JINYPRED;129411;esel-esb:eli/cz/sb/2006/115/2017-07-01/dokument;61315;esel-esb:eli/cz/sb/2021/95/0000-00-00/dokument/norma/cast_2/par_5/odst_3;61315;2021/95;2006/115;2021/95;95/2021 Sb.
esel-esb:eli/cz/sb/2021/95/2021-02-27/dokument/norma/cast_2/par_5/odst_4;23426163;esel-esb:eli/cz/sb/2021/95/2021-02-27/dokument/norma/cast_2/par_5;§ 5 odst. 4;NA;4;NA;/2/2/5/5/;esel-esb:právní-akt-fragment/10706287;10706287;10706287;Odstavec_Dc;(4) Rozhodným obdobím je období od 1. června 2020 do 30. září 2020. Subjekt kompenzačního bonusu podle § 4 může pro splnění podmínek podle tohoto zákona jako rozhodné období použít období 4 po sobě jdoucích kalendářních měsíců bezprostředně předcházejících bonusovému období.;norms;"<a data-odkaz-id=""22425361"" href=""#""  class=""int_odkaz"">§ 4</a>";§ 4;22425361;int_odkaz;NA;NA;NA;NA;esel-esb:právní-akt-odkaz/22425361;§ 4;INTUSTAN;61315;esel-esb:eli/cz/sb/2021/95/0000-00-00/dokument/norma/cast_2/par_4;61315;esel-esb:eli/cz/sb/2021/95/0000-00-00/dokument/norma/cast_2/par_5/odst_4;61315;2021/95;2021/95;2021/95;95/2021 Sb.
esel-esb:eli/cz/sb/2021/95/2021-02-27/dokument/norma/cast_2/par_6/odst_1;23426166;esel-esb:eli/cz/sb/2021/95/2021-02-27/dokument/norma/cast_2/par_6;§ 6 odst. 1;NA;1;NA;/2/2/6/2/;esel-esb:právní-akt-fragment/10706293;10706293;10706293;Odstavec_Dc;(1) Předmětem kompenzačního bonusu je výkon samostatné výdělečné činnosti nebo výkon činnosti společnosti s ručením omezeným, které je subjekt kompenzačního bonusu společníkem, v bonusovém období, v němž nastal den, za který se poskytuje kompenzační bonus, pokud jedna nebo více těchto činností byly významně dotčeny v důsledku ohrožení zdraví nebo krizových opatření podle § 1, a to zejména z důvodu;norms;"<a data-odkaz-id=""22425367"" href=""#""  class=""int_odkaz"">§ 1</a>";§ 1;22425367;int_odkaz;NA;NA;NA;NA;esel-esb:právní-akt-odkaz/22425367;§ 1;INTUSTAN;61315;esel-esb:eli/cz/sb/2021/95/0000-00-00/dokument/norma/cast_1/par_1;61315;esel-esb:eli/cz/sb/2021/95/0000-00-00/dokument/norma/cast_2/par_6/odst_1;61315;2021/95;2021/95;2021/95;95/2021 Sb.
esel-esb:eli/cz/sb/2021/95/2021-02-27/dokument/norma/cast_2/par_6/odst_1/pism_b;23426168;esel-esb:eli/cz/sb/2021/95/2021-02-27/dokument/norma/cast_2/par_6/odst_1;§ 6 odst. 1 písm. b);NA;b;NA;/2/2/6/2/2/;esel-esb:právní-akt-fragment/10706297;10706297;10706297;Pismeno_Lb;b) karantény nebo izolace podle zákona o ochraně veřejného zdraví (dále jen „karanténa“) subjektu kompenzačního bonusu nebo jeho zaměstnance,;norms;"<a data-odkaz-id=""22425373"" href=""#""  class=""ext_odkaz"">zákona o ochraně veřejného zdraví</a>";zákona o ochraně veřejného zdraví;22425373;ext_odkaz;NA;NA;NA;NA;esel-esb:právní-akt-odkaz/22425373;zákona o ochraně veřejného zdraví;JINYPRED;111423;esel-esb:eli/cz/sb/2000/258/2021-01-01/dokument;61315;esel-esb:eli/cz/sb/2021/95/0000-00-00/dokument/norma/cast_2/par_6/odst_1/pism_b;61315;2021/95;2000/258;2021/95;95/2021 Sb.
esel-esb:eli/cz/sb/2021/95/2021-02-27/dokument/norma/cast_2/par_6/odst_2;23426172;esel-esb:eli/cz/sb/2021/95/2021-02-27/dokument/norma/cast_2/par_6;§ 6 odst. 2;NA;2;NA;/2/2/6/3/;esel-esb:právní-akt-fragment/10706305;10706305;10706305;Odstavec_Dc;"(2) Předmětem kompenzačního bonusu v případě subjektu kompenzačního bonusu podle § 2 je výkon činnosti podle odstavce 1 pouze, pokud se jedná o subjekt, u něhož převažující část příjmů ve srovnávacím období bezprostředně pocházela z jedné nebo více těchto činností; přitom se zohlední pouze příjmy podle § 6, 7 a 9 zákona o daních z příjmů.";norms;"<a data-odkaz-id=""22425379"" href=""#""  class=""int_odkaz"">§ 2</a>";§ 2;22425379;int_odkaz;NA;NA;NA;NA;esel-esb:právní-akt-odkaz/22425379;§ 2;INTUSTAN;61315;esel-esb:eli/cz/sb/2021/95/0000-00-00/dokument/norma/cast_2/par_2;61315;esel-esb:eli/cz/sb/2021/95/0000-00-00/dokument/norma/cast_2/par_6/odst_2;61315;2021/95;2021/95;2021/95;95/2021 Sb.
esel-esb:eli/cz/sb/2021/95/2021-02-27/dokument/norma/cast_2/par_6/odst_2;23426172;esel-esb:eli/cz/sb/2021/95/2021-02-27/dokument/norma/cast_2/par_6;§ 6 odst. 2;NA;2;NA;/2/2/6/3/;esel-esb:právní-akt-fragment/10706305;10706305;10706305;Odstavec_Dc;"(2) Předmětem kompenzačního bonusu v případě subjektu kompenzačního bonusu podle § 2 je výkon činnosti podle odstavce 1 pouze, pokud se jedná o subjekt, u něhož převažující část příjmů ve srovnávacím období bezprostředně pocházela z jedné nebo více těchto činností; přitom se zohlední pouze příjmy podle § 6, 7 a 9 zákona o daních z příjmů.";norms;"<a data-odkaz-id=""22425385"" href=""#""  class=""int_odkaz"">odstavce 1</a>";odstavce 1;22425385;int_odkaz;NA;NA;NA;NA;esel-esb:právní-akt-odkaz/22425385;odstavce 1;INTUSTAN;61315;esel-esb:eli/cz/sb/2021/95/0000-00-00/dokument/norma/cast_2/par_6/odst_1;61315;esel-esb:eli/cz/sb/2021/95/0000-00-00/dokument/norma/cast_2/par_6/odst_2;61315;2021/95;2021/95;2021/95;95/2021 Sb.
esel-esb:eli/cz/sb/2021/95/2021-02-27/dokument/norma/cast_2/par_6/odst_2;23426172;esel-esb:eli/cz/sb/2021/95/2021-02-27/dokument/norma/cast_2/par_6;§ 6 odst. 2;NA;2;NA;/2/2/6/3/;esel-esb:právní-akt-fragment/10706305;10706305;10706305;Odstavec_Dc;"(2) Předmětem kompenzačního bonusu v případě subjektu kompenzačního bonusu podle § 2 je výkon činnosti podle odstavce 1 pouze, pokud se jedná o subjekt, u něhož převažující část příjmů ve srovnávacím období bezprostředně pocházela z jedné nebo více těchto činností; přitom se zohlední pouze příjmy podle § 6, 7 a 9 zákona o daních z příjmů.";norms;"<a data-odkaz-id=""22425391"" href=""#""  class=""ext_odkaz"">§ 6</a>";§ 6;22425391;ext_odkaz;NA;NA;NA;NA;esel-esb:právní-akt-odkaz/22425391;§ 6;JINEUSTAN;95837;esel-esb:eli/cz/sb/1992/586/2021-02-04/dokument/norma/cast_1/par_6;61315;esel-esb:eli/cz/sb/2021/95/0000-00-00/dokument/norma/cast_2/par_6/odst_2;61315;2021/95;1992/586;2021/95;95/2021 Sb.
esel-esb:eli/cz/sb/2021/95/2021-02-27/dokument/norma/cast_2/par_6/odst_2;23426172;esel-esb:eli/cz/sb/2021/95/2021-02-27/dokument/norma/cast_2/par_6;§ 6 odst. 2;NA;2;NA;/2/2/6/3/;esel-esb:právní-akt-fragment/10706305;10706305;10706305;Odstavec_Dc;"(2) Předmětem kompenzačního bonusu v případě subjektu kompenzačního bonusu podle § 2 je výkon činnosti podle odstavce 1 pouze, pokud se jedná o subjekt, u něhož převažující část příjmů ve srovnávacím období bezprostředně pocházela z jedné nebo více těchto činností; přitom se zohlední pouze příjmy podle § 6, 7 a 9 zákona o daních z příjmů.";norms;"<a data-odkaz-id=""22425397"" href=""#""  class=""ext_odkaz"">7</a>";7;22425397;ext_odkaz;NA;NA;NA;NA;esel-esb:právní-akt-odkaz/22425397;7;JINEUSTAN;95837;esel-esb:eli/cz/sb/1992/586/2021-02-04/dokument/norma/cast_1/par_7;61315;esel-esb:eli/cz/sb/2021/95/0000-00-00/dokument/norma/cast_2/par_6/odst_2;61315;2021/95;1992/586;2021/95;95/2021 Sb.
esel-esb:eli/cz/sb/2021/95/2021-02-27/dokument/norma/cast_2/par_6/odst_2;23426172;esel-esb:eli/cz/sb/2021/95/2021-02-27/dokument/norma/cast_2/par_6;§ 6 odst. 2;NA;2;NA;/2/2/6/3/;esel-esb:právní-akt-fragment/10706305;10706305;10706305;Odstavec_Dc;"(2) Předmětem kompenzačního bonusu v případě subjektu kompenzačního bonusu podle § 2 je výkon činnosti podle odstavce 1 pouze, pokud se jedná o subjekt, u něhož převažující část příjmů ve srovnávacím období bezprostředně pocházela z jedné nebo více těchto činností; přitom se zohlední pouze příjmy podle § 6, 7 a 9 zákona o daních z příjmů.";norms;"<a data-odkaz-id=""22425403"" href=""#""  class=""ext_odkaz"">9</a>";9;22425403;ext_odkaz;NA;NA;NA;NA;esel-esb:právní-akt-odkaz/22425403;9;JINEUSTAN;95837;esel-esb:eli/cz/sb/1992/586/2021-02-04/dokument/norma/cast_1/par_9;61315;esel-esb:eli/cz/sb/2021/95/0000-00-00/dokument/norma/cast_2/par_6/odst_2;61315;2021/95;1992/586;2021/95;95/2021 Sb.
esel-esb:eli/cz/sb/2021/95/2021-02-27/dokument/norma/cast_2/par_6/odst_2;23426172;esel-esb:eli/cz/sb/2021/95/2021-02-27/dokument/norma/cast_2/par_6;§ 6 odst. 2;NA;2;NA;/2/2/6/3/;esel-esb:právní-akt-fragment/10706305;10706305;10706305;Odstavec_Dc;"(2) Předmětem kompenzačního bonusu v případě subjektu kompenzačního bonusu podle § 2 je výkon činnosti podle odstavce 1 pouze, pokud se jedná o subjekt, u něhož převažující část příjmů ve srovnávacím období bezprostředně pocházela z jedné nebo více těchto činností; přitom se zohlední pouze příjmy podle § 6, 7 a 9 zákona o daních z příjmů.";norms;"<a data-odkaz-id=""22425409"" href=""#""  class=""ext_odkaz"">zákona o daních z příjmů</a>";zákona o daních z příjmů;22425409;ext_odkaz;NA;NA;NA;NA;esel-esb:právní-akt-odkaz/22425409;zákona o daních z příjmů;JINYPRED;95837;esel-esb:eli/cz/sb/1992/586/2021-02-04/dokument;61315;esel-esb:eli/cz/sb/2021/95/0000-00-00/dokument/norma/cast_2/par_6/odst_2;61315;2021/95;1992/586;2021/95;95/2021 Sb.
esel-esb:eli/cz/sb/2021/95/2021-02-27/dokument/norma/cast_2/par_6/odst_3;23426173;esel-esb:eli/cz/sb/2021/95/2021-02-27/dokument/norma/cast_2/par_6;§ 6 odst. 3;NA;3;NA;/2/2/6/4/;esel-esb:právní-akt-fragment/10706307;10706307;10706307;Odstavec_Dc;(3) Předmětem kompenzačního bonusu v případě subjektu kompenzačního bonusu podle § 3 je výkon činnosti podle odstavce 1 pouze, pokud se jedná o;norms;"<a data-odkaz-id=""22425415"" href=""#""  class=""int_odkaz"">§ 3</a>";§ 3;22425415;int_odkaz;NA;NA;NA;NA;esel-esb:právní-akt-odkaz/22425415;§ 3;INTUSTAN;61315;esel-esb:eli/cz/sb/2021/95/0000-00-00/dokument/norma/cast_2/par_3;61315;esel-esb:eli/cz/sb/2021/95/0000-00-00/dokument/norma/cast_2/par_6/odst_3;61315;2021/95;2021/95;2021/95;95/2021 Sb.
esel-esb:eli/cz/sb/2021/95/2021-02-27/dokument/norma/cast_2/par_6/odst_3;23426173;esel-esb:eli/cz/sb/2021/95/2021-02-27/dokument/norma/cast_2/par_6;§ 6 odst. 3;NA;3;NA;/2/2/6/4/;esel-esb:právní-akt-fragment/10706307;10706307;10706307;Odstavec_Dc;(3) Předmětem kompenzačního bonusu v případě subjektu kompenzačního bonusu podle § 3 je výkon činnosti podle odstavce 1 pouze, pokud se jedná o;norms;"<a data-odkaz-id=""22425421"" href=""#""  class=""int_odkaz"">odstavce 1</a>";odstavce 1;22425421;int_odkaz;NA;NA;NA;NA;esel-esb:právní-akt-odkaz/22425421;odstavce 1;INTUSTAN;61315;esel-esb:eli/cz/sb/2021/95/0000-00-00/dokument/norma/cast_2/par_6/odst_1;61315;esel-esb:eli/cz/sb/2021/95/0000-00-00/dokument/norma/cast_2/par_6/odst_3;61315;2021/95;2021/95;2021/95;95/2021 Sb.
esel-esb:eli/cz/sb/2021/95/2021-02-27/dokument/norma/cast_2/par_6/odst_3/pism_b;23426175;esel-esb:eli/cz/sb/2021/95/2021-02-27/dokument/norma/cast_2/par_6/odst_3;§ 6 odst. 3 písm. b);NA;b;NA;/2/2/6/4/2/;esel-esb:právní-akt-fragment/10706311;10706311;10706311;Pismeno_Lb;"b) subjekt, u něhož převažující část příjmů ve srovnávacím období bezprostředně pocházela z jedné nebo více těchto činností společnosti podle písmene a); přitom se zohlední pouze příjmy odpovídající podílu společníka v této společnosti a dále příjmy podle § 6, 7 a 9 zákona o daních z příjmů.";norms;"<a data-odkaz-id=""22425427"" href=""#""  class=""int_odkaz"">písmene a)</a>";písmene a);22425427;int_odkaz;NA;NA;NA;NA;esel-esb:právní-akt-odkaz/22425427;písmene a);INTUSTAN;61315;esel-esb:eli/cz/sb/2021/95/0000-00-00/dokument/norma/cast_2/par_6/odst_3/pism_a;61315;esel-esb:eli/cz/sb/2021/95/0000-00-00/dokument/norma/cast_2/par_6/odst_3/pism_b;61315;2021/95;2021/95;2021/95;95/2021 Sb.
esel-esb:eli/cz/sb/2021/95/2021-02-27/dokument/norma/cast_2/par_6/odst_3/pism_b;23426175;esel-esb:eli/cz/sb/2021/95/2021-02-27/dokument/norma/cast_2/par_6/odst_3;§ 6 odst. 3 písm. b);NA;b;NA;/2/2/6/4/2/;esel-esb:právní-akt-fragment/10706311;10706311;10706311;Pismeno_Lb;"b) subjekt, u něhož převažující část příjmů ve srovnávacím období bezprostředně pocházela z jedné nebo více těchto činností společnosti podle písmene a); přitom se zohlední pouze příjmy odpovídající podílu společníka v této společnosti a dále příjmy podle § 6, 7 a 9 zákona o daních z příjmů.";norms;"<a data-odkaz-id=""22425433"" href=""#""  class=""ext_odkaz"">§ 6</a>";§ 6;22425433;ext_odkaz;NA;NA;NA;NA;esel-esb:právní-akt-odkaz/22425433;§ 6;JINEUSTAN;95837;esel-esb:eli/cz/sb/1992/586/2021-02-04/dokument/norma/cast_1/par_6;61315;esel-esb:eli/cz/sb/2021/95/0000-00-00/dokument/norma/cast_2/par_6/odst_3/pism_b;61315;2021/95;1992/586;2021/95;95/2021 Sb.
esel-esb:eli/cz/sb/2021/95/2021-02-27/dokument/norma/cast_2/par_6/odst_3/pism_b;23426175;esel-esb:eli/cz/sb/2021/95/2021-02-27/dokument/norma/cast_2/par_6/odst_3;§ 6 odst. 3 písm. b);NA;b;NA;/2/2/6/4/2/;esel-esb:právní-akt-fragment/10706311;10706311;10706311;Pismeno_Lb;"b) subjekt, u něhož převažující část příjmů ve srovnávacím období bezprostředně pocházela z jedné nebo více těchto činností společnosti podle písmene a); přitom se zohlední pouze příjmy odpovídající podílu společníka v této společnosti a dále příjmy podle § 6, 7 a 9 zákona o daních z příjmů.";norms;"<a data-odkaz-id=""22425439"" href=""#""  class=""ext_odkaz"">7</a>";7;22425439;ext_odkaz;NA;NA;NA;NA;esel-esb:právní-akt-odkaz/22425439;7;JINEUSTAN;95837;esel-esb:eli/cz/sb/1992/586/2021-02-04/dokument/norma/cast_1/par_7;61315;esel-esb:eli/cz/sb/2021/95/0000-00-00/dokument/norma/cast_2/par_6/odst_3/pism_b;61315;2021/95;1992/586;2021/95;95/2021 Sb.
esel-esb:eli/cz/sb/2021/95/2021-02-27/dokument/norma/cast_2/par_6/odst_3/pism_b;23426175;esel-esb:eli/cz/sb/2021/95/2021-02-27/dokument/norma/cast_2/par_6/odst_3;§ 6 odst. 3 písm. b);NA;b;NA;/2/2/6/4/2/;esel-esb:právní-akt-fragment/10706311;10706311;10706311;Pismeno_Lb;"b) subjekt, u něhož převažující část příjmů ve srovnávacím období bezprostředně pocházela z jedné nebo více těchto činností společnosti podle písmene a); přitom se zohlední pouze příjmy odpovídající podílu společníka v této společnosti a dále příjmy podle § 6, 7 a 9 zákona o daních z příjmů.";norms;"<a data-odkaz-id=""22425445"" href=""#""  class=""ext_odkaz"">9</a>";9;22425445;ext_odkaz;NA;NA;NA;NA;esel-esb:právní-akt-odkaz/22425445;9;JINEUSTAN;95837;esel-esb:eli/cz/sb/1992/586/2021-02-04/dokument/norma/cast_1/par_9;61315;esel-esb:eli/cz/sb/2021/95/0000-00-00/dokument/norma/cast_2/par_6/odst_3/pism_b;61315;2021/95;1992/586;2021/95;95/2021 Sb.
esel-esb:eli/cz/sb/2021/95/2021-02-27/dokument/norma/cast_2/par_6/odst_3/pism_b;23426175;esel-esb:eli/cz/sb/2021/95/2021-02-27/dokument/norma/cast_2/par_6/odst_3;§ 6 odst. 3 písm. b);NA;b;NA;/2/2/6/4/2/;esel-esb:právní-akt-fragment/10706311;10706311;10706311;Pismeno_Lb;"b) subjekt, u něhož převažující část příjmů ve srovnávacím období bezprostředně pocházela z jedné nebo více těchto činností společnosti podle písmene a); přitom se zohlední pouze příjmy odpovídající podílu společníka v této společnosti a dále příjmy podle § 6, 7 a 9 zákona o daních z příjmů.";norms;"<a data-odkaz-id=""22425451"" href=""#""  class=""ext_odkaz"">zákona o daních z příjmů</a>";zákona o daních z příjmů;22425451;ext_odkaz;NA;NA;NA;NA;esel-esb:právní-akt-odkaz/22425451;zákona o daních z příjmů;JINYPRED;95837;esel-esb:eli/cz/sb/1992/586/2021-02-04/dokument;61315;esel-esb:eli/cz/sb/2021/95/0000-00-00/dokument/norma/cast_2/par_6/odst_3/pism_b;61315;2021/95;1992/586;2021/95;95/2021 Sb.
esel-esb:eli/cz/sb/2021/95/2021-02-27/dokument/norma/cast_2/par_6/odst_4;23426176;esel-esb:eli/cz/sb/2021/95/2021-02-27/dokument/norma/cast_2/par_6;§ 6 odst. 4;NA;4;NA;/2/2/6/5/;esel-esb:právní-akt-fragment/10706313;10706313;10706313;Odstavec_Dc;(4) Pro splnění podmínky podle odstavců 2 a 3 lze namísto;norms;"<a data-odkaz-id=""22425457"" href=""#""  class=""int_odkaz"">odstavců 2</a>";odstavců 2;22425457;int_odkaz;NA;NA;NA;NA;esel-esb:právní-akt-odkaz/22425457;odstavců 2;INTUSTAN;61315;esel-esb:eli/cz/sb/2021/95/0000-00-00/dokument/norma/cast_2/par_6/odst_2;61315;esel-esb:eli/cz/sb/2021/95/0000-00-00/dokument/norma/cast_2/par_6/odst_4;61315;2021/95;2021/95;2021/95;95/2021 Sb.
esel-esb:eli/cz/sb/2021/95/2021-02-27/dokument/norma/cast_2/par_6/odst_4;23426176;esel-esb:eli/cz/sb/2021/95/2021-02-27/dokument/norma/cast_2/par_6;§ 6 odst. 4;NA;4;NA;/2/2/6/5/;esel-esb:právní-akt-fragment/10706313;10706313;10706313;Odstavec_Dc;(4) Pro splnění podmínky podle odstavců 2 a 3 lze namísto;norms;"<a data-odkaz-id=""22425463"" href=""#""  class=""int_odkaz"">3</a>";3;22425463;int_odkaz;NA;NA;NA;NA;esel-esb:právní-akt-odkaz/22425463;3;INTUSTAN;61315;esel-esb:eli/cz/sb/2021/95/0000-00-00/dokument/norma/cast_2/par_6/odst_3;61315;esel-esb:eli/cz/sb/2021/95/0000-00-00/dokument/norma/cast_2/par_6/odst_4;61315;2021/95;2021/95;2021/95;95/2021 Sb.
esel-esb:eli/cz/sb/2021/95/2021-02-27/dokument/norma/cast_2/par_7/odst_1;23426181;esel-esb:eli/cz/sb/2021/95/2021-02-27/dokument/norma/cast_2/par_7;§ 7 odst. 1;NA;1;NA;/2/2/7/2/;esel-esb:právní-akt-fragment/10706323;10706323;10706323;Odstavec_Dc;(1) Předmětem kompenzačního bonusu je také výkon práce na základě dohody o práci konané mimo pracovní poměr zakládající účast na nemocenském pojištění v bonusovém období, v němž nastal den, za který se poskytuje kompenzační bonus, pokud tato práce nemohla být vykonávána z důvodů na straně zaměstnavatele, které nastaly v důsledku toho, že činnost zaměstnavatele byla významně dotčena v důsledku ohrožení zdraví nebo krizových opatření podle § 1.;norms;"<a data-odkaz-id=""22444303"" href=""#""  class=""int_odkaz"">§ 1</a>";§ 1;22444303;int_odkaz;NA;NA;NA;NA;esel-esb:právní-akt-odkaz/22444303;§ 1;INTUSTAN;61315;esel-esb:eli/cz/sb/2021/95/0000-00-00/dokument/norma/cast_1/par_1;61315;esel-esb:eli/cz/sb/2021/95/0000-00-00/dokument/norma/cast_2/par_7/odst_1;61315;2021/95;2021/95;2021/95;95/2021 Sb.
esel-esb:eli/cz/sb/2021/95/2021-02-27/dokument/norma/cast_2/par_7/odst_2;23426182;esel-esb:eli/cz/sb/2021/95/2021-02-27/dokument/norma/cast_2/par_7;§ 7 odst. 2;NA;2;NA;/2/2/7/3/;esel-esb:právní-akt-fragment/10706325;10706325;10706325;Odstavec_Dc;"(2) Předmětem kompenzačního bonusu v případě subjektu kompenzačního bonusu podle § 4 je výkon práce podle odstavce 1 pouze, pokud se jedná o subjekt, u něhož převažující část příjmů v rozhodném období plynula od zaměstnavatele podle odstavce 1; přitom se zohlední pouze příjmy podle § 6, 7 a 9 zákona o daních z příjmů.";norms;"<a data-odkaz-id=""22444309"" href=""#""  class=""int_odkaz"">§ 4</a>";§ 4;22444309;int_odkaz;NA;NA;NA;NA;esel-esb:právní-akt-odkaz/22444309;§ 4;INTUSTAN;61315;esel-esb:eli/cz/sb/2021/95/0000-00-00/dokument/norma/cast_2/par_4;61315;esel-esb:eli/cz/sb/2021/95/0000-00-00/dokument/norma/cast_2/par_7/odst_2;61315;2021/95;2021/95;2021/95;95/2021 Sb.
esel-esb:eli/cz/sb/2021/95/2021-02-27/dokument/norma/cast_2/par_7/odst_2;23426182;esel-esb:eli/cz/sb/2021/95/2021-02-27/dokument/norma/cast_2/par_7;§ 7 odst. 2;NA;2;NA;/2/2/7/3/;esel-esb:právní-akt-fragment/10706325;10706325;10706325;Odstavec_Dc;"(2) Předmětem kompenzačního bonusu v případě subjektu kompenzačního bonusu podle § 4 je výkon práce podle odstavce 1 pouze, pokud se jedná o subjekt, u něhož převažující část příjmů v rozhodném období plynula od zaměstnavatele podle odstavce 1; přitom se zohlední pouze příjmy podle § 6, 7 a 9 zákona o daních z příjmů.";norms;"<a data-odkaz-id=""22444315"" href=""#""  class=""int_odkaz"">odstavce 1</a>";odstavce 1;22444315;int_odkaz;NA;NA;NA;NA;esel-esb:právní-akt-odkaz/22444315;odstavce 1;INTUSTAN;61315;esel-esb:eli/cz/sb/2021/95/0000-00-00/dokument/norma/cast_2/par_7/odst_1;61315;esel-esb:eli/cz/sb/2021/95/0000-00-00/dokument/norma/cast_2/par_7/odst_2;61315;2021/95;2021/95;2021/95;95/2021 Sb.
esel-esb:eli/cz/sb/2021/95/2021-02-27/dokument/norma/cast_2/par_7/odst_2;23426182;esel-esb:eli/cz/sb/2021/95/2021-02-27/dokument/norma/cast_2/par_7;§ 7 odst. 2;NA;2;NA;/2/2/7/3/;esel-esb:právní-akt-fragment/10706325;10706325;10706325;Odstavec_Dc;"(2) Předmětem kompenzačního bonusu v případě subjektu kompenzačního bonusu podle § 4 je výkon práce podle odstavce 1 pouze, pokud se jedná o subjekt, u něhož převažující část příjmů v rozhodném období plynula od zaměstnavatele podle odstavce 1; přitom se zohlední pouze příjmy podle § 6, 7 a 9 zákona o daních z příjmů.";norms;"<a data-odkaz-id=""22444321"" href=""#""  class=""int_odkaz"">odstavce 1</a>";odstavce 1;22444321;int_odkaz;NA;NA;NA;NA;esel-esb:právní-akt-odkaz/22444321;odstavce 1;INTUSTAN;61315;esel-esb:eli/cz/sb/2021/95/0000-00-00/dokument/norma/cast_2/par_7/odst_1;61315;esel-esb:eli/cz/sb/2021/95/0000-00-00/dokument/norma/cast_2/par_7/odst_2;61315;2021/95;2021/95;2021/95;95/2021 Sb.
esel-esb:eli/cz/sb/2021/95/2021-02-27/dokument/norma/cast_2/par_7/odst_2;23426182;esel-esb:eli/cz/sb/2021/95/2021-02-27/dokument/norma/cast_2/par_7;§ 7 odst. 2;NA;2;NA;/2/2/7/3/;esel-esb:právní-akt-fragment/10706325;10706325;10706325;Odstavec_Dc;"(2) Předmětem kompenzačního bonusu v případě subjektu kompenzačního bonusu podle § 4 je výkon práce podle odstavce 1 pouze, pokud se jedná o subjekt, u něhož převažující část příjmů v rozhodném období plynula od zaměstnavatele podle odstavce 1; přitom se zohlední pouze příjmy podle § 6, 7 a 9 zákona o daních z příjmů.";norms;"<a data-odkaz-id=""22444327"" href=""#""  class=""ext_odkaz"">§ 6</a>";§ 6;22444327;ext_odkaz;NA;NA;NA;NA;esel-esb:právní-akt-odkaz/22444327;§ 6;JINEUSTAN;95837;esel-esb:eli/cz/sb/1992/586/2021-02-04/dokument/norma/cast_1/par_6;61315;esel-esb:eli/cz/sb/2021/95/0000-00-00/dokument/norma/cast_2/par_7/odst_2;61315;2021/95;1992/586;2021/95;95/2021 Sb.
esel-esb:eli/cz/sb/2021/95/2021-02-27/dokument/norma/cast_2/par_7/odst_2;23426182;esel-esb:eli/cz/sb/2021/95/2021-02-27/dokument/norma/cast_2/par_7;§ 7 odst. 2;NA;2;NA;/2/2/7/3/;esel-esb:právní-akt-fragment/10706325;10706325;10706325;Odstavec_Dc;"(2) Předmětem kompenzačního bonusu v případě subjektu kompenzačního bonusu podle § 4 je výkon práce podle odstavce 1 pouze, pokud se jedná o subjekt, u něhož převažující část příjmů v rozhodném období plynula od zaměstnavatele podle odstavce 1; přitom se zohlední pouze příjmy podle § 6, 7 a 9 zákona o daních z příjmů.";norms;"<a data-odkaz-id=""22444333"" href=""#""  class=""ext_odkaz"">7</a>";7;22444333;ext_odkaz;NA;NA;NA;NA;esel-esb:právní-akt-odkaz/22444333;7;JINEUSTAN;95837;esel-esb:eli/cz/sb/1992/586/2021-02-04/dokument/norma/cast_1/par_7;61315;esel-esb:eli/cz/sb/2021/95/0000-00-00/dokument/norma/cast_2/par_7/odst_2;61315;2021/95;1992/586;2021/95;95/2021 Sb.
esel-esb:eli/cz/sb/2021/95/2021-02-27/dokument/norma/cast_2/par_7/odst_2;23426182;esel-esb:eli/cz/sb/2021/95/2021-02-27/dokument/norma/cast_2/par_7;§ 7 odst. 2;NA;2;NA;/2/2/7/3/;esel-esb:právní-akt-fragment/10706325;10706325;10706325;Odstavec_Dc;"(2) Předmětem kompenzačního bonusu v případě subjektu kompenzačního bonusu podle § 4 je výkon práce podle odstavce 1 pouze, pokud se jedná o subjekt, u něhož převažující část příjmů v rozhodném období plynula od zaměstnavatele podle odstavce 1; přitom se zohlední pouze příjmy podle § 6, 7 a 9 zákona o daních z příjmů.";norms;"<a data-odkaz-id=""22444339"" href=""#""  class=""ext_odkaz"">9</a>";9;22444339;ext_odkaz;NA;NA;NA;NA;esel-esb:právní-akt-odkaz/22444339;9;JINEUSTAN;95837;esel-esb:eli/cz/sb/1992/586/2021-02-04/dokument/norma/cast_1/par_9;61315;esel-esb:eli/cz/sb/2021/95/0000-00-00/dokument/norma/cast_2/par_7/odst_2;61315;2021/95;1992/586;2021/95;95/2021 Sb.
esel-esb:eli/cz/sb/2021/95/2021-02-27/dokument/norma/cast_2/par_7/odst_2;23426182;esel-esb:eli/cz/sb/2021/95/2021-02-27/dokument/norma/cast_2/par_7;§ 7 odst. 2;NA;2;NA;/2/2/7/3/;esel-esb:právní-akt-fragment/10706325;10706325;10706325;Odstavec_Dc;"(2) Předmětem kompenzačního bonusu v případě subjektu kompenzačního bonusu podle § 4 je výkon práce podle odstavce 1 pouze, pokud se jedná o subjekt, u něhož převažující část příjmů v rozhodném období plynula od zaměstnavatele podle odstavce 1; přitom se zohlední pouze příjmy podle § 6, 7 a 9 zákona o daních z příjmů.";norms;"<a data-odkaz-id=""22444345"" href=""#""  class=""ext_odkaz"">zákona o daních z příjmů</a>";zákona o daních z příjmů;22444345;ext_odkaz;NA;NA;NA;NA;esel-esb:právní-akt-odkaz/22444345;zákona o daních z příjmů;JINYPRED;95837;esel-esb:eli/cz/sb/1992/586/2021-02-04/dokument;61315;esel-esb:eli/cz/sb/2021/95/0000-00-00/dokument/norma/cast_2/par_7/odst_2;61315;2021/95;1992/586;2021/95;95/2021 Sb.
esel-esb:eli/cz/sb/2021/95/2021-02-27/dokument/norma/cast_2/par_7/odst_3;23426183;esel-esb:eli/cz/sb/2021/95/2021-02-27/dokument/norma/cast_2/par_7;§ 7 odst. 3;NA;3;NA;/2/2/7/4/;esel-esb:právní-akt-fragment/10706327;10706327;10706327;Odstavec_Dc;(3) Pro splnění podmínky podle odstavce 2 lze namísto převažující části příjmů zohlednit převažující část přidané hodnoty pocházející z dané činnosti.;norms;"<a data-odkaz-id=""22444351"" href=""#""  class=""int_odkaz"">odstavce 2</a>";odstavce 2;22444351;int_odkaz;NA;NA;NA;NA;esel-esb:právní-akt-odkaz/22444351;odstavce 2;INTUSTAN;61315;esel-esb:eli/cz/sb/2021/95/0000-00-00/dokument/norma/cast_2/par_7/odst_2;61315;esel-esb:eli/cz/sb/2021/95/0000-00-00/dokument/norma/cast_2/par_7/odst_3;61315;2021/95;2021/95;2021/95;95/2021 Sb.
esel-esb:eli/cz/sb/2021/95/2021-02-27/dokument/norma/cast_2/par_7/odst_4;23426184;esel-esb:eli/cz/sb/2021/95/2021-02-27/dokument/norma/cast_2/par_7;§ 7 odst. 4;NA;4;NA;/2/2/7/5/;esel-esb:právní-akt-fragment/10706329;10706329;10706329;Odstavec_Dc;(4) Zaměstnavatelem podle odstavce 1 se rozumí zaměstnavatel, se kterým měl subjekt kompenzačního bonusu;norms;"<a data-odkaz-id=""22444357"" href=""#""  class=""int_odkaz"">odstavce 1</a>";odstavce 1;22444357;int_odkaz;NA;NA;NA;NA;esel-esb:právní-akt-odkaz/22444357;odstavce 1;INTUSTAN;61315;esel-esb:eli/cz/sb/2021/95/0000-00-00/dokument/norma/cast_2/par_7/odst_1;61315;esel-esb:eli/cz/sb/2021/95/0000-00-00/dokument/norma/cast_2/par_7/odst_4;61315;2021/95;2021/95;2021/95;95/2021 Sb.
esel-esb:eli/cz/sb/2021/95/2021-02-27/dokument/norma/cast_2/par_8/odst_4;23426192;esel-esb:eli/cz/sb/2021/95/2021-02-27/dokument/norma/cast_2/par_8;§ 8 odst. 4;NA;4;NA;/2/2/8/5/;esel-esb:právní-akt-fragment/10706345;10706345;10706345;Odstavec_Dc;(4) V případě, kdy se subjekt kompenzačního bonusu podle § 2 stal osobou samostatně výdělečně činnou podle zákona upravujícího důchodové pojištění později než v první den srovnávacího období určeného podle odstavce 3, je srovnávacím obdobím kterékoliv období 3 po sobě jdoucích kalendářních měsíců v rámci období prvních 8 kalendářních měsíců, po jejichž celou dobu byl touto osobou.;norms;"<a data-odkaz-id=""22444363"" href=""#""  class=""int_odkaz"">§ 2</a>";§ 2;22444363;int_odkaz;NA;NA;NA;NA;esel-esb:právní-akt-odkaz/22444363;§ 2;INTUSTAN;61315;esel-esb:eli/cz/sb/2021/95/0000-00-00/dokument/norma/cast_2/par_2;61315;esel-esb:eli/cz/sb/2021/95/0000-00-00/dokument/norma/cast_2/par_8/odst_4;61315;2021/95;2021/95;2021/95;95/2021 Sb.
esel-esb:eli/cz/sb/2021/95/2021-02-27/dokument/norma/cast_2/par_8/odst_4;23426192;esel-esb:eli/cz/sb/2021/95/2021-02-27/dokument/norma/cast_2/par_8;§ 8 odst. 4;NA;4;NA;/2/2/8/5/;esel-esb:právní-akt-fragment/10706345;10706345;10706345;Odstavec_Dc;(4) V případě, kdy se subjekt kompenzačního bonusu podle § 2 stal osobou samostatně výdělečně činnou podle zákona upravujícího důchodové pojištění později než v první den srovnávacího období určeného podle odstavce 3, je srovnávacím obdobím kterékoliv období 3 po sobě jdoucích kalendářních měsíců v rámci období prvních 8 kalendářních měsíců, po jejichž celou dobu byl touto osobou.;norms;"<a data-odkaz-id=""22444369"" href=""#""  class=""ext_odkaz"">důchodové pojištění</a>";důchodové pojištění;22444369;ext_odkaz;NA;NA;NA;NA;esel-esb:právní-akt-odkaz/22444369;důchodové pojištění;JINYPRED;101657;esel-esb:eli/cz/sb/1995/155/2021-01-01/dokument;61315;esel-esb:eli/cz/sb/2021/95/0000-00-00/dokument/norma/cast_2/par_8/odst_4;61315;2021/95;1995/155;2021/95;95/2021 Sb.
esel-esb:eli/cz/sb/2021/95/2021-02-27/dokument/norma/cast_2/par_8/odst_4;23426192;esel-esb:eli/cz/sb/2021/95/2021-02-27/dokument/norma/cast_2/par_8;§ 8 odst. 4;NA;4;NA;/2/2/8/5/;esel-esb:právní-akt-fragment/10706345;10706345;10706345;Odstavec_Dc;(4) V případě, kdy se subjekt kompenzačního bonusu podle § 2 stal osobou samostatně výdělečně činnou podle zákona upravujícího důchodové pojištění později než v první den srovnávacího období určeného podle odstavce 3, je srovnávacím obdobím kterékoliv období 3 po sobě jdoucích kalendářních měsíců v rámci období prvních 8 kalendářních měsíců, po jejichž celou dobu byl touto osobou.;norms;"<a data-odkaz-id=""22444375"" href=""#""  class=""int_odkaz"">odstavce 3</a>";odstavce 3;22444375;int_odkaz;NA;NA;NA;NA;esel-esb:právní-akt-odkaz/22444375;odstavce 3;INTUSTAN;61315;esel-esb:eli/cz/sb/2021/95/0000-00-00/dokument/norma/cast_2/par_8/odst_3;61315;esel-esb:eli/cz/sb/2021/95/0000-00-00/dokument/norma/cast_2/par_8/odst_4;61315;2021/95;2021/95;2021/95;95/2021 Sb.
esel-esb:eli/cz/sb/2021/95/2021-02-27/dokument/norma/cast_2/par_8/odst_5;23426193;esel-esb:eli/cz/sb/2021/95/2021-02-27/dokument/norma/cast_2/par_8;§ 8 odst. 5;NA;5;NA;/2/2/8/6/;esel-esb:právní-akt-fragment/10706347;10706347;10706347;Odstavec_Dc;(5) V případě, kdy společnost s ručením omezeným, jejímž je subjekt kompenzačního bonusu podle § 3 společníkem, vznikla později než v první den srovnávacího období určeného podle odstavce 3, je srovnávacím obdobím kterékoliv období 3 po sobě jdoucích kalendářních měsíců v rámci období prvních 6 kalendářních měsíců, po jejichž celou dobu tato společnost existovala.;norms;"<a data-odkaz-id=""22444381"" href=""#""  class=""int_odkaz"">§ 3</a>";§ 3;22444381;int_odkaz;NA;NA;NA;NA;esel-esb:právní-akt-odkaz/22444381;§ 3;INTUSTAN;61315;esel-esb:eli/cz/sb/2021/95/0000-00-00/dokument/norma/cast_2/par_3;61315;esel-esb:eli/cz/sb/2021/95/0000-00-00/dokument/norma/cast_2/par_8/odst_5;61315;2021/95;2021/95;2021/95;95/2021 Sb.
esel-esb:eli/cz/sb/2021/95/2021-02-27/dokument/norma/cast_2/par_8/odst_5;23426193;esel-esb:eli/cz/sb/2021/95/2021-02-27/dokument/norma/cast_2/par_8;§ 8 odst. 5;NA;5;NA;/2/2/8/6/;esel-esb:právní-akt-fragment/10706347;10706347;10706347;Odstavec_Dc;(5) V případě, kdy společnost s ručením omezeným, jejímž je subjekt kompenzačního bonusu podle § 3 společníkem, vznikla později než v první den srovnávacího období určeného podle odstavce 3, je srovnávacím obdobím kterékoliv období 3 po sobě jdoucích kalendářních měsíců v rámci období prvních 6 kalendářních měsíců, po jejichž celou dobu tato společnost existovala.;norms;"<a data-odkaz-id=""22444387"" href=""#""  class=""int_odkaz"">odstavce 3</a>";odstavce 3;22444387;int_odkaz;NA;NA;NA;NA;esel-esb:právní-akt-odkaz/22444387;odstavce 3;INTUSTAN;61315;esel-esb:eli/cz/sb/2021/95/0000-00-00/dokument/norma/cast_2/par_8/odst_3;61315;esel-esb:eli/cz/sb/2021/95/0000-00-00/dokument/norma/cast_2/par_8/odst_5;61315;2021/95;2021/95;2021/95;95/2021 Sb.
esel-esb:eli/cz/sb/2021/95/2021-02-27/dokument/norma/cast_2/par_9/odst_1/pism_b;23426201;esel-esb:eli/cz/sb/2021/95/2021-02-27/dokument/norma/cast_2/par_9/odst_1;§ 9 odst. 1 písm. b);NA;b;NA;/2/2/9/2/2/;esel-esb:právní-akt-fragment/10706363;10706363;10706363;Pismeno_Lb;b) kompenzační bonus za kalendářní den, za který obdržel podporu v nezaměstnanosti podle zákona upravujícího zaměstnanost,;norms;"<a data-odkaz-id=""22444393"" href=""#""  class=""ext_odkaz"">zaměstnanost</a>";zaměstnanost;22444393;ext_odkaz;NA;NA;NA;NA;esel-esb:právní-akt-odkaz/22444393;zaměstnanost;JINYPRED;124371;esel-esb:eli/cz/sb/2004/435/2021-01-01/dokument;61315;esel-esb:eli/cz/sb/2021/95/0000-00-00/dokument/norma/cast_2/par_9/odst_1/pism_b;61315;2021/95;2004/435;2021/95;95/2021 Sb.
esel-esb:eli/cz/sb/2021/95/2021-02-27/dokument/norma/cast_2/par_9/odst_1/pism_d;23426203;esel-esb:eli/cz/sb/2021/95/2021-02-27/dokument/norma/cast_2/par_9/odst_1;§ 9 odst. 1 písm. d);NA;d;NA;/2/2/9/2/4/;esel-esb:právní-akt-fragment/10706367;10706367;10706367;Pismeno_Lb;d) kompenzační bonus podle § 3 za kalendářní den, za který společnost s ručením omezeným, které je společníkem, obdržela;norms;"<a data-odkaz-id=""22444399"" href=""#""  class=""int_odkaz"">§ 3</a>";§ 3;22444399;int_odkaz;NA;NA;NA;NA;esel-esb:právní-akt-odkaz/22444399;§ 3;INTUSTAN;61315;esel-esb:eli/cz/sb/2021/95/0000-00-00/dokument/norma/cast_2/par_3;61315;esel-esb:eli/cz/sb/2021/95/0000-00-00/dokument/norma/cast_2/par_9/odst_1/pism_d;61315;2021/95;2021/95;2021/95;95/2021 Sb.
esel-esb:eli/cz/sb/2021/95/2021-02-27/dokument/norma/cast_2/par_9/odst_2/pism_a;23426207;esel-esb:eli/cz/sb/2021/95/2021-02-27/dokument/norma/cast_2/par_9/odst_2;§ 9 odst. 2 písm. a);NA;a;NA;/2/2/9/3/1/;esel-esb:právní-akt-fragment/10706375;10706375;10706375;Pismeno_Lb;a) podle § 2, 3 nebo 4,;norms;"<a data-odkaz-id=""22444405"" href=""#""  class=""int_odkaz"">§ 2</a>";§ 2;22444405;int_odkaz;NA;NA;NA;NA;esel-esb:právní-akt-odkaz/22444405;§ 2;INTUSTAN;61315;esel-esb:eli/cz/sb/2021/95/0000-00-00/dokument/norma/cast_2/par_2;61315;esel-esb:eli/cz/sb/2021/95/0000-00-00/dokument/norma/cast_2/par_9/odst_2/pism_a;61315;2021/95;2021/95;2021/95;95/2021 Sb.
esel-esb:eli/cz/sb/2021/95/2021-02-27/dokument/norma/cast_2/par_9/odst_2/pism_a;23426207;esel-esb:eli/cz/sb/2021/95/2021-02-27/dokument/norma/cast_2/par_9/odst_2;§ 9 odst. 2 písm. a);NA;a;NA;/2/2/9/3/1/;esel-esb:právní-akt-fragment/10706375;10706375;10706375;Pismeno_Lb;a) podle § 2, 3 nebo 4,;norms;"<a data-odkaz-id=""22444411"" href=""#""  class=""int_odkaz"">3</a>";3;22444411;int_odkaz;NA;NA;NA;NA;esel-esb:právní-akt-odkaz/22444411;3;INTUSTAN;61315;esel-esb:eli/cz/sb/2021/95/0000-00-00/dokument/norma/cast_2/par_3;61315;esel-esb:eli/cz/sb/2021/95/0000-00-00/dokument/norma/cast_2/par_9/odst_2/pism_a;61315;2021/95;2021/95;2021/95;95/2021 Sb.
esel-esb:eli/cz/sb/2021/95/2021-02-27/dokument/norma/cast_2/par_9/odst_2/pism_a;23426207;esel-esb:eli/cz/sb/2021/95/2021-02-27/dokument/norma/cast_2/par_9/odst_2;§ 9 odst. 2 písm. a);NA;a;NA;/2/2/9/3/1/;esel-esb:právní-akt-fragment/10706375;10706375;10706375;Pismeno_Lb;a) podle § 2, 3 nebo 4,;norms;"<a data-odkaz-id=""22444417"" href=""#""  class=""int_odkaz"">4</a>";4;22444417;int_odkaz;NA;NA;NA;NA;esel-esb:právní-akt-odkaz/22444417;4;INTUSTAN;61315;esel-esb:eli/cz/sb/2021/95/0000-00-00/dokument/norma/cast_2/par_4;61315;esel-esb:eli/cz/sb/2021/95/0000-00-00/dokument/norma/cast_2/par_9/odst_2/pism_a;61315;2021/95;2021/95;2021/95;95/2021 Sb.
esel-esb:eli/cz/sb/2021/95/2021-02-27/dokument/norma/cast_2/par_9/odst_3;23426211;esel-esb:eli/cz/sb/2021/95/2021-02-27/dokument/norma/cast_2/par_9;§ 9 odst. 3;NA;3;NA;/2/2/9/4/;esel-esb:právní-akt-fragment/10706383;10706383;10706383;Odstavec_Dc;(3) Kompenzační bonus je započitatelným příjmem pro stanovení nároku na dávky vyplácené podle zákona upravujícího pomoc v hmotné nouzi a zákona upravujícího státní sociální podporu.;norms;"<a data-odkaz-id=""22444423"" href=""#""  class=""ext_odkaz"">pomoc v hmotné nouzi</a>";pomoc v hmotné nouzi;22444423;ext_odkaz;NA;NA;NA;NA;esel-esb:právní-akt-odkaz/22444423;pomoc v hmotné nouzi;JINYPRED;129345;esel-esb:eli/cz/sb/2006/111/2019-01-01/dokument;61315;esel-esb:eli/cz/sb/2021/95/0000-00-00/dokument/norma/cast_2/par_9/odst_3;61315;2021/95;2006/111;2021/95;95/2021 Sb.
esel-esb:eli/cz/sb/2021/95/2021-02-27/dokument/norma/cast_2/par_9/odst_3;23426211;esel-esb:eli/cz/sb/2021/95/2021-02-27/dokument/norma/cast_2/par_9;§ 9 odst. 3;NA;3;NA;/2/2/9/4/;esel-esb:právní-akt-fragment/10706383;10706383;10706383;Odstavec_Dc;(3) Kompenzační bonus je započitatelným příjmem pro stanovení nároku na dávky vyplácené podle zákona upravujícího pomoc v hmotné nouzi a zákona upravujícího státní sociální podporu.;norms;"<a data-odkaz-id=""22444429"" href=""#""  class=""ext_odkaz"">státní sociální podporu</a>";státní sociální podporu;22444429;ext_odkaz;NA;NA;NA;NA;esel-esb:právní-akt-odkaz/22444429;státní sociální podporu;JINYPRED;101343;esel-esb:eli/cz/sb/1995/117/2021-01-01/dokument;61315;esel-esb:eli/cz/sb/2021/95/0000-00-00/dokument/norma/cast_2/par_9/odst_3;61315;2021/95;1995/117;2021/95;95/2021 Sb.
esel-esb:eli/cz/sb/2021/95/2021-02-27/dokument/norma/cast_2/par_10/odst_2;23426215;esel-esb:eli/cz/sb/2021/95/2021-02-27/dokument/norma/cast_2/par_10;§ 10 odst. 2;NA;2;NA;/2/2/10/3/;esel-esb:právní-akt-fragment/10706391;10706391;10706391;Odstavec_Dc;(2) V případě subjektu kompenzačního bonusu podle § 2 nebo 3 nesmí výše kompenzačního bonusu za bonusové období překročit rozdíl průměrné měsíční výše příjmů podle § 8 odst. 1 ze všech významně dotčených činností ve srovnávacím období a výše příjmů podle § 8 odst. 1 ze všech významně dotčených činností ve srovnávaném období.;norms;"<a data-odkaz-id=""22444435"" href=""#""  class=""int_odkaz"">§ 2</a>";§ 2;22444435;int_odkaz;NA;NA;NA;NA;esel-esb:právní-akt-odkaz/22444435;§ 2;INTUSTAN;61315;esel-esb:eli/cz/sb/2021/95/0000-00-00/dokument/norma/cast_2/par_2;61315;esel-esb:eli/cz/sb/2021/95/0000-00-00/dokument/norma/cast_2/par_10/odst_2;61315;2021/95;2021/95;2021/95;95/2021 Sb.
esel-esb:eli/cz/sb/2021/95/2021-02-27/dokument/norma/cast_2/par_10/odst_2;23426215;esel-esb:eli/cz/sb/2021/95/2021-02-27/dokument/norma/cast_2/par_10;§ 10 odst. 2;NA;2;NA;/2/2/10/3/;esel-esb:právní-akt-fragment/10706391;10706391;10706391;Odstavec_Dc;(2) V případě subjektu kompenzačního bonusu podle § 2 nebo 3 nesmí výše kompenzačního bonusu za bonusové období překročit rozdíl průměrné měsíční výše příjmů podle § 8 odst. 1 ze všech významně dotčených činností ve srovnávacím období a výše příjmů podle § 8 odst. 1 ze všech významně dotčených činností ve srovnávaném období.;norms;"<a data-odkaz-id=""22444441"" href=""#""  class=""int_odkaz"">3</a>";3;22444441;int_odkaz;NA;NA;NA;NA;esel-esb:právní-akt-odkaz/22444441;3;INTUSTAN;61315;esel-esb:eli/cz/sb/2021/95/0000-00-00/dokument/norma/cast_2/par_3;61315;esel-esb:eli/cz/sb/2021/95/0000-00-00/dokument/norma/cast_2/par_10/odst_2;61315;2021/95;2021/95;2021/95;95/2021 Sb.
esel-esb:eli/cz/sb/2021/95/2021-02-27/dokument/norma/cast_2/par_10/odst_2;23426215;esel-esb:eli/cz/sb/2021/95/2021-02-27/dokument/norma/cast_2/par_10;§ 10 odst. 2;NA;2;NA;/2/2/10/3/;esel-esb:právní-akt-fragment/10706391;10706391;10706391;Odstavec_Dc;(2) V případě subjektu kompenzačního bonusu podle § 2 nebo 3 nesmí výše kompenzačního bonusu za bonusové období překročit rozdíl průměrné měsíční výše příjmů podle § 8 odst. 1 ze všech významně dotčených činností ve srovnávacím období a výše příjmů podle § 8 odst. 1 ze všech významně dotčených činností ve srovnávaném období.;norms;"<a data-odkaz-id=""22444447"" href=""#""  class=""int_odkaz"">§ 8 odst. 1</a>";§ 8 odst. 1;22444447;int_odkaz;NA;NA;NA;NA;esel-esb:právní-akt-odkaz/22444447;§ 8 odst. 1;INTUSTAN;61315;esel-esb:eli/cz/sb/2021/95/0000-00-00/dokument/norma/cast_2/par_8/odst_1;61315;esel-esb:eli/cz/sb/2021/95/0000-00-00/dokument/norma/cast_2/par_10/odst_2;61315;2021/95;2021/95;2021/95;95/2021 Sb.
esel-esb:eli/cz/sb/2021/95/2021-02-27/dokument/norma/cast_2/par_10/odst_2;23426215;esel-esb:eli/cz/sb/2021/95/2021-02-27/dokument/norma/cast_2/par_10;§ 10 odst. 2;NA;2;NA;/2/2/10/3/;esel-esb:právní-akt-fragment/10706391;10706391;10706391;Odstavec_Dc;(2) V případě subjektu kompenzačního bonusu podle § 2 nebo 3 nesmí výše kompenzačního bonusu za bonusové období překročit rozdíl průměrné měsíční výše příjmů podle § 8 odst. 1 ze všech významně dotčených činností ve srovnávacím období a výše příjmů podle § 8 odst. 1 ze všech významně dotčených činností ve srovnávaném období.;norms;"<a data-odkaz-id=""22444453"" href=""#""  class=""int_odkaz"">§ 8 odst. 1</a>";§ 8 odst. 1;22444453;int_odkaz;NA;NA;NA;NA;esel-esb:právní-akt-odkaz/22444453;§ 8 odst. 1;INTUSTAN;61315;esel-esb:eli/cz/sb/2021/95/0000-00-00/dokument/norma/cast_2/par_8/odst_1;61315;esel-esb:eli/cz/sb/2021/95/0000-00-00/dokument/norma/cast_2/par_10/odst_2;61315;2021/95;2021/95;2021/95;95/2021 Sb.
esel-esb:eli/cz/sb/2021/95/2021-02-27/dokument/norma/cast_2/par_10/odst_3;23426216;esel-esb:eli/cz/sb/2021/95/2021-02-27/dokument/norma/cast_2/par_10;§ 10 odst. 3;NA;3;NA;/2/2/10/4/;esel-esb:právní-akt-fragment/10706393;10706393;10706393;Odstavec_Dc;(3) V případě subjektu kompenzačního bonusu podle § 4 činí výše kompenzačního bonusu 500 Kč za každý kalendářní den bonusového období.;norms;"<a data-odkaz-id=""22444459"" href=""#""  class=""int_odkaz"">§ 4</a>";§ 4;22444459;int_odkaz;NA;NA;NA;NA;esel-esb:právní-akt-odkaz/22444459;§ 4;INTUSTAN;61315;esel-esb:eli/cz/sb/2021/95/0000-00-00/dokument/norma/cast_2/par_4;61315;esel-esb:eli/cz/sb/2021/95/0000-00-00/dokument/norma/cast_2/par_10/odst_3;61315;2021/95;2021/95;2021/95;95/2021 Sb.
esel-esb:eli/cz/sb/2021/95/2021-02-27/dokument/norma/cast_2/par_10/odst_4;23426217;esel-esb:eli/cz/sb/2021/95/2021-02-27/dokument/norma/cast_2/par_10;§ 10 odst. 4;NA;4;NA;/2/2/10/5/;esel-esb:právní-akt-fragment/10706395;10706395;10706395;Odstavec_Dc;(4) V případě subjektu kompenzačního bonusu podle § 2 a 3 činí výše kompenzačního bonusu 500 Kč za každý kalendářní den bonusového období, za který je kompenzační bonus poskytován pouze z důvodu významného dotčení činnosti podle § 8 odst. 6.;norms;"<a data-odkaz-id=""22444465"" href=""#""  class=""int_odkaz"">§ 2</a>";§ 2;22444465;int_odkaz;NA;NA;NA;NA;esel-esb:právní-akt-odkaz/22444465;§ 2;INTUSTAN;61315;esel-esb:eli/cz/sb/2021/95/0000-00-00/dokument/norma/cast_2/par_2;61315;esel-esb:eli/cz/sb/2021/95/0000-00-00/dokument/norma/cast_2/par_10/odst_4;61315;2021/95;2021/95;2021/95;95/2021 Sb.
esel-esb:eli/cz/sb/2021/95/2021-02-27/dokument/norma/cast_2/par_10/odst_4;23426217;esel-esb:eli/cz/sb/2021/95/2021-02-27/dokument/norma/cast_2/par_10;§ 10 odst. 4;NA;4;NA;/2/2/10/5/;esel-esb:právní-akt-fragment/10706395;10706395;10706395;Odstavec_Dc;(4) V případě subjektu kompenzačního bonusu podle § 2 a 3 činí výše kompenzačního bonusu 500 Kč za každý kalendářní den bonusového období, za který je kompenzační bonus poskytován pouze z důvodu významného dotčení činnosti podle § 8 odst. 6.;norms;"<a data-odkaz-id=""22444471"" href=""#""  class=""int_odkaz"">3</a>";3;22444471;int_odkaz;NA;NA;NA;NA;esel-esb:právní-akt-odkaz/22444471;3;INTUSTAN;61315;esel-esb:eli/cz/sb/2021/95/0000-00-00/dokument/norma/cast_2/par_3;61315;esel-esb:eli/cz/sb/2021/95/0000-00-00/dokument/norma/cast_2/par_10/odst_4;61315;2021/95;2021/95;2021/95;95/2021 Sb.
esel-esb:eli/cz/sb/2021/95/2021-02-27/dokument/norma/cast_2/par_10/odst_4;23426217;esel-esb:eli/cz/sb/2021/95/2021-02-27/dokument/norma/cast_2/par_10;§ 10 odst. 4;NA;4;NA;/2/2/10/5/;esel-esb:právní-akt-fragment/10706395;10706395;10706395;Odstavec_Dc;(4) V případě subjektu kompenzačního bonusu podle § 2 a 3 činí výše kompenzačního bonusu 500 Kč za každý kalendářní den bonusového období, za který je kompenzační bonus poskytován pouze z důvodu významného dotčení činnosti podle § 8 odst. 6.;norms;"<a data-odkaz-id=""22444477"" href=""#""  class=""int_odkaz"">§ 8 odst. 6</a>";§ 8 odst. 6;22444477;int_odkaz;NA;NA;NA;NA;esel-esb:právní-akt-odkaz/22444477;§ 8 odst. 6;INTUSTAN;61315;esel-esb:eli/cz/sb/2021/95/0000-00-00/dokument/norma/cast_2/par_8/odst_6;61315;esel-esb:eli/cz/sb/2021/95/0000-00-00/dokument/norma/cast_2/par_10/odst_4;61315;2021/95;2021/95;2021/95;95/2021 Sb.
esel-esb:eli/cz/sb/2021/95/2021-02-27/dokument/norma/cast_2/par_11/odst_2;23426221;esel-esb:eli/cz/sb/2021/95/2021-02-27/dokument/norma/cast_2/par_11;§ 11 odst. 2;NA;2;NA;/2/2/11/3/;esel-esb:právní-akt-fragment/10706403;10706403;10706403;Odstavec_Dc;(2) Vláda může nařízením stanovit jako další bonusové období kalendářní měsíc v období od 1. dubna 2021 do 31. prosince 2021, a to pro kalendářní měsíc, kdy lze předpokládat trvání krizových opatření podle § 1.;norms;"<a data-odkaz-id=""22444483"" href=""#""  class=""int_odkaz"">§ 1</a>";§ 1;22444483;int_odkaz;NA;NA;NA;NA;esel-esb:právní-akt-odkaz/22444483;§ 1;INTUSTAN;61315;esel-esb:eli/cz/sb/2021/95/0000-00-00/dokument/norma/cast_1/par_1;61315;esel-esb:eli/cz/sb/2021/95/0000-00-00/dokument/norma/cast_2/par_11/odst_2;61315;2021/95;2021/95;2021/95;95/2021 Sb.
esel-esb:eli/cz/sb/2021/95/2021-02-27/dokument/norma/cast_3/par_12/odst_1;23426226;esel-esb:eli/cz/sb/2021/95/2021-02-27/dokument/norma/cast_3/par_12;§ 12 odst. 1;NA;1;NA;/2/3/2/2/;esel-esb:právní-akt-fragment/10706413;10706413;10706413;Odstavec_Dc;(1) Kompenzační bonus se spravuje jako daň podle daňového řádu.;norms;"<a data-odkaz-id=""22444489"" href=""#""  class=""ext_odkaz"">daňového řádu</a>";daňového řádu;22444489;ext_odkaz;NA;NA;NA;NA;esel-esb:právní-akt-odkaz/22444489;daňového řádu;JINYPRED;136989;esel-esb:eli/cz/sb/2009/280/2021-01-01/dokument;61315;esel-esb:eli/cz/sb/2021/95/0000-00-00/dokument/norma/cast_3/par_12/odst_1;61315;2021/95;2009/280;2021/95;95/2021 Sb.
esel-esb:eli/cz/sb/2021/95/2021-02-27/dokument/norma/cast_3/par_13/odst_1/pism_d;23426235;esel-esb:eli/cz/sb/2021/95/2021-02-27/dokument/norma/cast_3/par_13/odst_1;§ 13 odst. 1 písm. d);NA;d;NA;/2/3/3/2/4/;esel-esb:právní-akt-fragment/10706431;10706431;10706431;Pismeno_Lb;d) určení jedné nebo více činností podle § 6 odst. 1 nebo § 7 odst. 1,;norms;"<a data-odkaz-id=""22444495"" href=""#""  class=""int_odkaz"">§ 6 odst. 1</a>";§ 6 odst. 1;22444495;int_odkaz;NA;NA;NA;NA;esel-esb:právní-akt-odkaz/22444495;§ 6 odst. 1;INTUSTAN;61315;esel-esb:eli/cz/sb/2021/95/0000-00-00/dokument/norma/cast_2/par_6/odst_1;61315;esel-esb:eli/cz/sb/2021/95/0000-00-00/dokument/norma/cast_3/par_13/odst_1/pism_d;61315;2021/95;2021/95;2021/95;95/2021 Sb.
esel-esb:eli/cz/sb/2021/95/2021-02-27/dokument/norma/cast_3/par_13/odst_1/pism_d;23426235;esel-esb:eli/cz/sb/2021/95/2021-02-27/dokument/norma/cast_3/par_13/odst_1;§ 13 odst. 1 písm. d);NA;d;NA;/2/3/3/2/4/;esel-esb:právní-akt-fragment/10706431;10706431;10706431;Pismeno_Lb;d) určení jedné nebo více činností podle § 6 odst. 1 nebo § 7 odst. 1,;norms;"<a data-odkaz-id=""22444501"" href=""#""  class=""int_odkaz"">§ 7 odst. 1</a>";§ 7 odst. 1;22444501;int_odkaz;NA;NA;NA;NA;esel-esb:právní-akt-odkaz/22444501;§ 7 odst. 1;INTUSTAN;61315;esel-esb:eli/cz/sb/2021/95/0000-00-00/dokument/norma/cast_2/par_7/odst_1;61315;esel-esb:eli/cz/sb/2021/95/0000-00-00/dokument/norma/cast_3/par_13/odst_1/pism_d;61315;2021/95;2021/95;2021/95;95/2021 Sb.
esel-esb:eli/cz/sb/2021/95/2021-02-27/dokument/norma/cast_3/par_13/odst_1/pism_e;23426236;esel-esb:eli/cz/sb/2021/95/2021-02-27/dokument/norma/cast_3/par_13/odst_1;§ 13 odst. 1 písm. e);NA;e;NA;/2/3/3/2/5/;esel-esb:právní-akt-fragment/10706433;10706433;10706433;Pismeno_Lb;e) průměrnou měsíční výši příjmů podle § 8 odst. 1 ve srovnávacím období a výši příjmů podle § 8 odst. 1 ve srovnávaném období a;norms;"<a data-odkaz-id=""22444507"" href=""#""  class=""int_odkaz"">§ 8 odst. 1</a>";§ 8 odst. 1;22444507;int_odkaz;NA;NA;NA;NA;esel-esb:právní-akt-odkaz/22444507;§ 8 odst. 1;INTUSTAN;61315;esel-esb:eli/cz/sb/2021/95/0000-00-00/dokument/norma/cast_2/par_8/odst_1;61315;esel-esb:eli/cz/sb/2021/95/0000-00-00/dokument/norma/cast_3/par_13/odst_1/pism_e;61315;2021/95;2021/95;2021/95;95/2021 Sb.
esel-esb:eli/cz/sb/2021/95/2021-02-27/dokument/norma/cast_3/par_13/odst_1/pism_e;23426236;esel-esb:eli/cz/sb/2021/95/2021-02-27/dokument/norma/cast_3/par_13/odst_1;§ 13 odst. 1 písm. e);NA;e;NA;/2/3/3/2/5/;esel-esb:právní-akt-fragment/10706433;10706433;10706433;Pismeno_Lb;e) průměrnou měsíční výši příjmů podle § 8 odst. 1 ve srovnávacím období a výši příjmů podle § 8 odst. 1 ve srovnávaném období a;norms;"<a data-odkaz-id=""22444513"" href=""#""  class=""int_odkaz"">§ 8 odst. 1</a>";§ 8 odst. 1;22444513;int_odkaz;NA;NA;NA;NA;esel-esb:právní-akt-odkaz/22444513;§ 8 odst. 1;INTUSTAN;61315;esel-esb:eli/cz/sb/2021/95/0000-00-00/dokument/norma/cast_2/par_8/odst_1;61315;esel-esb:eli/cz/sb/2021/95/0000-00-00/dokument/norma/cast_3/par_13/odst_1/pism_e;61315;2021/95;2021/95;2021/95;95/2021 Sb.
esel-esb:eli/cz/sb/2021/95/2021-02-27/dokument/norma/cast_3/par_13/odst_1/pism_f;23426237;esel-esb:eli/cz/sb/2021/95/2021-02-27/dokument/norma/cast_3/par_13/odst_1;§ 13 odst. 1 písm. f);NA;f;NA;/2/3/3/2/6/;esel-esb:právní-akt-fragment/10706435;10706435;10706435;Pismeno_Lb;f) údaj o době trvání nařízené karantény v případě, že má být kompenzační bonus poskytován z důvodu významného dotčení činnosti podle § 8 odst. 6.;norms;"<a data-odkaz-id=""22444519"" href=""#""  class=""int_odkaz"">§ 8 odst. 6.</a>";§ 8 odst. 6.;22444519;int_odkaz;NA;NA;NA;NA;esel-esb:právní-akt-odkaz/22444519;§ 8 odst. 6.;INTUSTAN;61315;esel-esb:eli/cz/sb/2021/95/0000-00-00/dokument/norma/cast_2/par_8/odst_6;61315;esel-esb:eli/cz/sb/2021/95/0000-00-00/dokument/norma/cast_3/par_13/odst_1/pism_f;61315;2021/95;2021/95;2021/95;95/2021 Sb.
esel-esb:eli/cz/sb/2021/95/2021-02-27/dokument/norma/cast_3/par_13/odst_4;23426240;esel-esb:eli/cz/sb/2021/95/2021-02-27/dokument/norma/cast_3/par_13;§ 13 odst. 4;NA;4;NA;/2/3/3/5/;esel-esb:právní-akt-fragment/10706441;10706441;10706441;Odstavec_Dc;(4) Potvrzení podání podle § 71 odst. 3 daňového řádu lze v případě žádosti o kompenzační bonus učinit také pomocí elektronické kopie dokumentu opatřeného vlastnoručním podpisem, zaslané na elektronickou adresu zveřejněnou správcem bonusu.;norms;"<a data-odkaz-id=""22444525"" href=""#""  class=""ext_odkaz"">§ 71 odst. 3</a>";§ 71 odst. 3;22444525;ext_odkaz;NA;NA;NA;NA;esel-esb:právní-akt-odkaz/22444525;§ 71 odst. 3;JINEUSTAN;136975;esel-esb:eli/cz/sb/2009/280/2016-01-01/dokument/norma/cast_2/hlava_6/dil_1/par_71/odst_3;61315;esel-esb:eli/cz/sb/2021/95/0000-00-00/dokument/norma/cast_3/par_13/odst_4;61315;2021/95;2009/280;2021/95;95/2021 Sb.
esel-esb:eli/cz/sb/2021/95/2021-02-27/dokument/norma/cast_3/par_13/odst_4;23426240;esel-esb:eli/cz/sb/2021/95/2021-02-27/dokument/norma/cast_3/par_13;§ 13 odst. 4;NA;4;NA;/2/3/3/5/;esel-esb:právní-akt-fragment/10706441;10706441;10706441;Odstavec_Dc;(4) Potvrzení podání podle § 71 odst. 3 daňového řádu lze v případě žádosti o kompenzační bonus učinit také pomocí elektronické kopie dokumentu opatřeného vlastnoručním podpisem, zaslané na elektronickou adresu zveřejněnou správcem bonusu.;norms;"<a data-odkaz-id=""22444531"" href=""#""  class=""ext_odkaz"">daňového řádu</a>";daňového řádu;22444531;ext_odkaz;NA;NA;NA;NA;esel-esb:právní-akt-odkaz/22444531;daňového řádu;JINYPRED;136989;esel-esb:eli/cz/sb/2009/280/2021-01-01/dokument;61315;esel-esb:eli/cz/sb/2021/95/0000-00-00/dokument/norma/cast_3/par_13/odst_4;61315;2021/95;2009/280;2021/95;95/2021 Sb.
esel-esb:eli/cz/sb/2021/95/2021-02-27/dokument/norma/cast_3/par_13/odst_5;23426241;esel-esb:eli/cz/sb/2021/95/2021-02-27/dokument/norma/cast_3/par_13;§ 13 odst. 5;NA;5;NA;/2/3/3/6/;esel-esb:právní-akt-fragment/10706443;10706443;10706443;Odstavec_Dc;(5) Pokud je žádost o kompenzační bonus podána ve formě elektronické kopie dokumentu opatřeného vlastnoručním podpisem, považuje se za potvrzenou podle § 71 odst. 3 daňového řádu.;norms;"<a data-odkaz-id=""22444537"" href=""#""  class=""ext_odkaz"">§ 71 odst. 3</a>";§ 71 odst. 3;22444537;ext_odkaz;NA;NA;NA;NA;esel-esb:právní-akt-odkaz/22444537;§ 71 odst. 3;JINEUSTAN;136975;esel-esb:eli/cz/sb/2009/280/2016-01-01/dokument/norma/cast_2/hlava_6/dil_1/par_71/odst_3;61315;esel-esb:eli/cz/sb/2021/95/0000-00-00/dokument/norma/cast_3/par_13/odst_5;61315;2021/95;2009/280;2021/95;95/2021 Sb.
esel-esb:eli/cz/sb/2021/95/2021-02-27/dokument/norma/cast_3/par_13/odst_5;23426241;esel-esb:eli/cz/sb/2021/95/2021-02-27/dokument/norma/cast_3/par_13;§ 13 odst. 5;NA;5;NA;/2/3/3/6/;esel-esb:právní-akt-fragment/10706443;10706443;10706443;Odstavec_Dc;(5) Pokud je žádost o kompenzační bonus podána ve formě elektronické kopie dokumentu opatřeného vlastnoručním podpisem, považuje se za potvrzenou podle § 71 odst. 3 daňového řádu.;norms;"<a data-odkaz-id=""22444543"" href=""#""  class=""ext_odkaz"">daňového řádu</a>";daňového řádu;22444543;ext_odkaz;NA;NA;NA;NA;esel-esb:právní-akt-odkaz/22444543;daňového řádu;JINYPRED;136989;esel-esb:eli/cz/sb/2009/280/2021-01-01/dokument;61315;esel-esb:eli/cz/sb/2021/95/0000-00-00/dokument/norma/cast_3/par_13/odst_5;61315;2021/95;2009/280;2021/95;95/2021 Sb.
esel-esb:eli/cz/sb/2021/95/2021-02-27/dokument/norma/cast_3/par_13/odst_6;23426242;esel-esb:eli/cz/sb/2021/95/2021-02-27/dokument/norma/cast_3/par_13;§ 13 odst. 6;NA;6;NA;/2/3/3/7/;esel-esb:právní-akt-fragment/10706445;10706445;10706445;Odstavec_Dc;"(6) Česká správa sociálního zabezpečení neprodleně zasílá správci bonusu na jeho žádost informaci, že od ošetřujícího lékaře obdržela informaci o nařízení karantény subjektu kompenzačního bonusu a o jejím trvání nebo ukončení; pro podání žádosti a sdělení informace se použije § 58 daňového řádu obdobně.";norms;"<a data-odkaz-id=""22444549"" href=""#""  class=""ext_odkaz"">§ 58</a>";§ 58;22444549;ext_odkaz;NA;NA;NA;NA;esel-esb:právní-akt-odkaz/22444549;§ 58;JINEUSTAN;136989;esel-esb:eli/cz/sb/2009/280/2021-01-01/dokument/norma/cast_2/hlava_4/par_58;61315;esel-esb:eli/cz/sb/2021/95/0000-00-00/dokument/norma/cast_3/par_13/odst_6;61315;2021/95;2009/280;2021/95;95/2021 Sb.
esel-esb:eli/cz/sb/2021/95/2021-02-27/dokument/norma/cast_3/par_13/odst_6;23426242;esel-esb:eli/cz/sb/2021/95/2021-02-27/dokument/norma/cast_3/par_13;§ 13 odst. 6;NA;6;NA;/2/3/3/7/;esel-esb:právní-akt-fragment/10706445;10706445;10706445;Odstavec_Dc;"(6) Česká správa sociálního zabezpečení neprodleně zasílá správci bonusu na jeho žádost informaci, že od ošetřujícího lékaře obdržela informaci o nařízení karantény subjektu kompenzačního bonusu a o jejím trvání nebo ukončení; pro podání žádosti a sdělení informace se použije § 58 daňového řádu obdobně.";norms;"<a data-odkaz-id=""22444555"" href=""#""  class=""ext_odkaz"">daňového řádu</a>";daňového řádu;22444555;ext_odkaz;NA;NA;NA;NA;esel-esb:právní-akt-odkaz/22444555;daňového řádu;JINYPRED;136989;esel-esb:eli/cz/sb/2009/280/2021-01-01/dokument;61315;esel-esb:eli/cz/sb/2021/95/0000-00-00/dokument/norma/cast_3/par_13/odst_6;61315;2021/95;2009/280;2021/95;95/2021 Sb.
esel-esb:eli/cz/sb/2021/95/2021-02-27/dokument/norma/cast_3/par_14/odst_1;23426245;esel-esb:eli/cz/sb/2021/95/2021-02-27/dokument/norma/cast_3/par_14;§ 14 odst. 1;NA;1;NA;/2/3/4/2/;esel-esb:právní-akt-fragment/10706451;10706451;10706451;Odstavec_Dc;(1) Žádost o kompenzační bonus podle § 4 obsahuje kromě náležitostí podle § 13 také;norms;"<a data-odkaz-id=""22444561"" href=""#""  class=""int_odkaz"">§ 4</a>";§ 4;22444561;int_odkaz;NA;NA;NA;NA;esel-esb:právní-akt-odkaz/22444561;§ 4;INTUSTAN;61315;esel-esb:eli/cz/sb/2021/95/0000-00-00/dokument/norma/cast_2/par_4;61315;esel-esb:eli/cz/sb/2021/95/0000-00-00/dokument/norma/cast_3/par_14/odst_1;61315;2021/95;2021/95;2021/95;95/2021 Sb.
esel-esb:eli/cz/sb/2021/95/2021-02-27/dokument/norma/cast_3/par_14/odst_1;23426245;esel-esb:eli/cz/sb/2021/95/2021-02-27/dokument/norma/cast_3/par_14;§ 14 odst. 1;NA;1;NA;/2/3/4/2/;esel-esb:právní-akt-fragment/10706451;10706451;10706451;Odstavec_Dc;(1) Žádost o kompenzační bonus podle § 4 obsahuje kromě náležitostí podle § 13 také;norms;"<a data-odkaz-id=""22444567"" href=""#""  class=""int_odkaz"">§ 13</a>";§ 13;22444567;int_odkaz;NA;NA;NA;NA;esel-esb:právní-akt-odkaz/22444567;§ 13;INTUSTAN;61315;esel-esb:eli/cz/sb/2021/95/0000-00-00/dokument/norma/cast_3/par_13;61315;esel-esb:eli/cz/sb/2021/95/0000-00-00/dokument/norma/cast_3/par_14/odst_1;61315;2021/95;2021/95;2021/95;95/2021 Sb.
esel-esb:eli/cz/sb/2021/95/2021-02-27/dokument/norma/cast_3/par_14/odst_1/pism_a;23426246;esel-esb:eli/cz/sb/2021/95/2021-02-27/dokument/norma/cast_3/par_14/odst_1;§ 14 odst. 1 písm. a);NA;a;NA;/2/3/4/2/1/;esel-esb:právní-akt-fragment/10706453;10706453;10706453;Pismeno_Lb;a) identifikaci zaměstnavatele, pokud na jeho straně nastaly důvody podle § 7 odst. 1,;norms;"<a data-odkaz-id=""22444573"" href=""#""  class=""int_odkaz"">§ 7 odst. 1</a>";§ 7 odst. 1;22444573;int_odkaz;NA;NA;NA;NA;esel-esb:právní-akt-odkaz/22444573;§ 7 odst. 1;INTUSTAN;61315;esel-esb:eli/cz/sb/2021/95/0000-00-00/dokument/norma/cast_2/par_7/odst_1;61315;esel-esb:eli/cz/sb/2021/95/0000-00-00/dokument/norma/cast_3/par_14/odst_1/pism_a;61315;2021/95;2021/95;2021/95;95/2021 Sb.
esel-esb:eli/cz/sb/2021/95/2021-02-27/dokument/norma/cast_3/par_14/odst_1/pism_b;23426247;esel-esb:eli/cz/sb/2021/95/2021-02-27/dokument/norma/cast_3/par_14/odst_1;§ 14 odst. 1 písm. b);NA;b;NA;/2/3/4/2/2/;esel-esb:právní-akt-fragment/10706455;10706455;10706455;Pismeno_Lb;b) kopii dohody o práci konané mimo pracovní poměr podle § 4 odst. 1 a;norms;"<a data-odkaz-id=""22444579"" href=""#""  class=""int_odkaz"">§ 4 odst. 1</a>";§ 4 odst. 1;22444579;int_odkaz;NA;NA;NA;NA;esel-esb:právní-akt-odkaz/22444579;§ 4 odst. 1;INTUSTAN;61315;esel-esb:eli/cz/sb/2021/95/0000-00-00/dokument/norma/cast_2/par_4/odst_1;61315;esel-esb:eli/cz/sb/2021/95/0000-00-00/dokument/norma/cast_3/par_14/odst_1/pism_b;61315;2021/95;2021/95;2021/95;95/2021 Sb.
esel-esb:eli/cz/sb/2021/95/2021-02-27/dokument/norma/cast_3/par_14/odst_1/pism_c;23426248;esel-esb:eli/cz/sb/2021/95/2021-02-27/dokument/norma/cast_3/par_14/odst_1;§ 14 odst. 1 písm. c);NA;c;NA;/2/3/4/2/3/;esel-esb:právní-akt-fragment/10706457;10706457;10706457;Pismeno_Lb;c) kopii mzdového listu zahrnujícího kalendářní měsíce, kdy byl subjekt kompenzačního bonusu účasten nemocenského pojištění na základě dohody o práci konané mimo pracovní poměr podle písmene b) v rozhodném období.;norms;"<a data-odkaz-id=""22444585"" href=""#""  class=""int_odkaz"">písmene b)</a>";písmene b);22444585;int_odkaz;NA;NA;NA;NA;esel-esb:právní-akt-odkaz/22444585;písmene b);INTUSTAN;61315;esel-esb:eli/cz/sb/2021/95/0000-00-00/dokument/norma/cast_3/par_14/odst_1/pism_b;61315;esel-esb:eli/cz/sb/2021/95/0000-00-00/dokument/norma/cast_3/par_14/odst_1/pism_c;61315;2021/95;2021/95;2021/95;95/2021 Sb.
esel-esb:eli/cz/sb/2021/95/2021-02-27/dokument/norma/cast_3/par_14/odst_2;23426249;esel-esb:eli/cz/sb/2021/95/2021-02-27/dokument/norma/cast_3/par_14;§ 14 odst. 2;NA;2;NA;/2/3/4/3/;esel-esb:právní-akt-fragment/10706459;10706459;10706459;Odstavec_Dc;(2) Kopii mzdového listu podle odstavce 1 písm. c) lze nahradit potvrzením od zaměstnavatele prokazujícím splnění podmínek podle § 4 odst. 1.;norms;"<a data-odkaz-id=""22444591"" href=""#""  class=""int_odkaz"">odstavce 1 písm. c)</a>";odstavce 1 písm. c);22444591;int_odkaz;NA;NA;NA;NA;esel-esb:právní-akt-odkaz/22444591;odstavce 1 písm. c);INTUSTAN;61315;esel-esb:eli/cz/sb/2021/95/0000-00-00/dokument/norma/cast_3/par_14/odst_1/pism_c;61315;esel-esb:eli/cz/sb/2021/95/0000-00-00/dokument/norma/cast_3/par_14/odst_2;61315;2021/95;2021/95;2021/95;95/2021 Sb.
esel-esb:eli/cz/sb/2021/95/2021-02-27/dokument/norma/cast_3/par_14/odst_2;23426249;esel-esb:eli/cz/sb/2021/95/2021-02-27/dokument/norma/cast_3/par_14;§ 14 odst. 2;NA;2;NA;/2/3/4/3/;esel-esb:právní-akt-fragment/10706459;10706459;10706459;Odstavec_Dc;(2) Kopii mzdového listu podle odstavce 1 písm. c) lze nahradit potvrzením od zaměstnavatele prokazujícím splnění podmínek podle § 4 odst. 1.;norms;"<a data-odkaz-id=""22444597"" href=""#""  class=""int_odkaz"">§ 4 odst. 1.</a>";§ 4 odst. 1.;22444597;int_odkaz;NA;NA;NA;NA;esel-esb:právní-akt-odkaz/22444597;§ 4 odst. 1.;INTUSTAN;61315;esel-esb:eli/cz/sb/2021/95/0000-00-00/dokument/norma/cast_2/par_4/odst_1;61315;esel-esb:eli/cz/sb/2021/95/0000-00-00/dokument/norma/cast_3/par_14/odst_2;61315;2021/95;2021/95;2021/95;95/2021 Sb.
esel-esb:eli/cz/sb/2021/95/2021-02-27/dokument/norma/cast_3/par_15/odst_2;23426253;esel-esb:eli/cz/sb/2021/95/2021-02-27/dokument/norma/cast_3/par_15;§ 15 odst. 2;NA;2;NA;/2/3/5/3/;esel-esb:právní-akt-fragment/10706467;10706467;10706467;Odstavec_Dc;(2) Kompenzační bonus se považuje za vyměřený dnem podání žádosti o kompenzační bonus, a to ve výši odpovídající součinu výše kompenzačního bonusu a počtu dní bonusového období upravené podle § 10 odst. 2.;norms;"<a data-odkaz-id=""22444603"" href=""#""  class=""int_odkaz"">§ 10 odst. 2.</a>";§ 10 odst. 2.;22444603;int_odkaz;NA;NA;NA;NA;esel-esb:právní-akt-odkaz/22444603;§ 10 odst. 2.;INTUSTAN;61315;esel-esb:eli/cz/sb/2021/95/0000-00-00/dokument/norma/cast_2/par_10/odst_2;61315;esel-esb:eli/cz/sb/2021/95/0000-00-00/dokument/norma/cast_3/par_15/odst_2;61315;2021/95;2021/95;2021/95;95/2021 Sb.
esel-esb:eli/cz/sb/2021/95/2021-02-27/dokument/norma/cast_3/par_15/odst_4;23426255;esel-esb:eli/cz/sb/2021/95/2021-02-27/dokument/norma/cast_3/par_15;§ 15 odst. 4;NA;4;NA;/2/3/5/5/;esel-esb:právní-akt-fragment/10706471;10706471;10706471;Odstavec_Dc;(4) Ve lhůtě podle § 13 odst. 3 lze žádost o kompenzační bonus změnit. Dojde-li ke změně žádosti ještě před předepsáním vyměřeného kompenzačního bonusu do evidence daní, správce bonusu změnu zohlední v rámci tohoto předepsání. Dojde-li k pozdější změně žádosti, správce bonusu může na jejím základě doměřit daň nebo kompenzační bonus.;norms;"<a data-odkaz-id=""22444609"" href=""#""  class=""int_odkaz"">§ 13 odst. 3</a>";§ 13 odst. 3;22444609;int_odkaz;NA;NA;NA;NA;esel-esb:právní-akt-odkaz/22444609;§ 13 odst. 3;INTUSTAN;61315;esel-esb:eli/cz/sb/2021/95/0000-00-00/dokument/norma/cast_3/par_13/odst_3;61315;esel-esb:eli/cz/sb/2021/95/0000-00-00/dokument/norma/cast_3/par_15/odst_4;61315;2021/95;2021/95;2021/95;95/2021 Sb.
esel-esb:eli/cz/sb/2021/95/2021-02-27/dokument/norma/cast_3/par_16/odst_2;23426260;esel-esb:eli/cz/sb/2021/95/2021-02-27/dokument/norma/cast_3/par_16;§ 16 odst. 2;NA;2;NA;/2/3/6/3/;esel-esb:právní-akt-fragment/10706481;10706481;10706481;Odstavec_Dc;(2) V případě, že je kompenzační bonus poskytován z důvodu významného dotčení činnosti podle § 8 odst. 6, správce bonusu jej předepíše do evidence daní až poté, kdy na základě informace od České správy sociálního zabezpečení ověří splnění podmínky pro vznik nároku na kompenzační bonus podle § 8 odst. 6.;norms;"<a data-odkaz-id=""22444615"" href=""#""  class=""int_odkaz"">§ 8 odst. 6</a>";§ 8 odst. 6;22444615;int_odkaz;NA;NA;NA;NA;esel-esb:právní-akt-odkaz/22444615;§ 8 odst. 6;INTUSTAN;61315;esel-esb:eli/cz/sb/2021/95/0000-00-00/dokument/norma/cast_2/par_8/odst_6;61315;esel-esb:eli/cz/sb/2021/95/0000-00-00/dokument/norma/cast_3/par_16/odst_2;61315;2021/95;2021/95;2021/95;95/2021 Sb.
esel-esb:eli/cz/sb/2021/95/2021-02-27/dokument/norma/cast_3/par_16/odst_2;23426260;esel-esb:eli/cz/sb/2021/95/2021-02-27/dokument/norma/cast_3/par_16;§ 16 odst. 2;NA;2;NA;/2/3/6/3/;esel-esb:právní-akt-fragment/10706481;10706481;10706481;Odstavec_Dc;(2) V případě, že je kompenzační bonus poskytován z důvodu významného dotčení činnosti podle § 8 odst. 6, správce bonusu jej předepíše do evidence daní až poté, kdy na základě informace od České správy sociálního zabezpečení ověří splnění podmínky pro vznik nároku na kompenzační bonus podle § 8 odst. 6.;norms;"<a data-odkaz-id=""22444621"" href=""#""  class=""int_odkaz"">§ 8 odst. 6.</a>";§ 8 odst. 6.;22444621;int_odkaz;NA;NA;NA;NA;esel-esb:právní-akt-odkaz/22444621;§ 8 odst. 6.;INTUSTAN;61315;esel-esb:eli/cz/sb/2021/95/0000-00-00/dokument/norma/cast_2/par_8/odst_6;61315;esel-esb:eli/cz/sb/2021/95/0000-00-00/dokument/norma/cast_3/par_16/odst_2;61315;2021/95;2021/95;2021/95;95/2021 Sb.
esel-esb:eli/cz/sb/2021/95/2021-02-27/dokument/norma/cast_3/par_16/odst_4;23426262;esel-esb:eli/cz/sb/2021/95/2021-02-27/dokument/norma/cast_3/par_16;§ 16 odst. 4;NA;4;NA;/2/3/6/5/;esel-esb:právní-akt-fragment/10706485;10706485;10706485;Odstavec_Dc;(4) Vrácení přeplatku podle odstavce 3 se provede bezhotovostně na účet u poskytovatele platebních služeb vedený v české měně uvedený v žádosti o kompenzační bonus.;norms;"<a data-odkaz-id=""22444627"" href=""#""  class=""int_odkaz"">odstavce 3</a>";odstavce 3;22444627;int_odkaz;NA;NA;NA;NA;esel-esb:právní-akt-odkaz/22444627;odstavce 3;INTUSTAN;61315;esel-esb:eli/cz/sb/2021/95/0000-00-00/dokument/norma/cast_3/par_16/odst_3;61315;esel-esb:eli/cz/sb/2021/95/0000-00-00/dokument/norma/cast_3/par_16/odst_4;61315;2021/95;2021/95;2021/95;95/2021 Sb.
esel-esb:eli/cz/sb/2021/95/2021-02-27/dokument/norma/cast_4/par_17/frag_10706499;23426269;esel-esb:eli/cz/sb/2021/95/2021-02-27/dokument/norma/cast_4/par_17;NA;NA;NA;NA;/2/4/2/2/;esel-esb:právní-akt-fragment/10706499;10706499;10706499;Odstavec_Dc;Za účelem zmírnění negativních dopadů působnosti tohoto zákona do rozpočtů obcí se zavádí příspěvek ze státního rozpočtu (dále jen „příspěvek obci“) za každé bonusové období podle § 11.;norms;"<a data-odkaz-id=""22444633"" href=""#""  class=""int_odkaz"">§ 11</a>";§ 11;22444633;int_odkaz;NA;NA;NA;NA;esel-esb:právní-akt-odkaz/22444633;§ 11;INTUSTAN;61315;esel-esb:eli/cz/sb/2021/95/0000-00-00/dokument/norma/cast_2/par_11;61315;esel-esb:eli/cz/sb/2021/95/0000-00-00/dokument/norma/cast_4/par_17/frag_10706499;61315;2021/95;2021/95;2021/95;95/2021 Sb.
esel-esb:eli/cz/sb/2021/95/2021-02-27/dokument/norma/cast_4/par_18/odst_1;23426272;esel-esb:eli/cz/sb/2021/95/2021-02-27/dokument/norma/cast_4/par_18;§ 18 odst. 1;NA;1;NA;/2/4/3/2/;esel-esb:právní-akt-fragment/10706505;10706505;10706505;Odstavec_Dc;(1) Výše příspěvku obci se stanoví tak, že částka odpovídající čtyřem pětinám podílu obcí podle zákona upravujícího rozpočtové určení daní na vyplaceném kompenzačním bonusu se mezi obce rozdělí na základě prováděcího právního předpisu k zákonu upravujícímu rozpočtové určení daní, který stanoví procentní podíly jednotlivých obcí na částech celostátního hrubého výnosu daní, ve znění účinném ke dni, ke kterému je příspěvek poukazován Ministerstvem financí.;norms;"<a data-odkaz-id=""22444639"" href=""#""  class=""ext_odkaz"">rozpočtové určení daní</a>";rozpočtové určení daní;22444639;ext_odkaz;NA;NA;NA;NA;esel-esb:právní-akt-odkaz/22444639;rozpočtové určení daní;JINYPRED;110989;esel-esb:eli/cz/sb/2000/243/2021-01-01/dokument;61315;esel-esb:eli/cz/sb/2021/95/0000-00-00/dokument/norma/cast_4/par_18/odst_1;61315;2021/95;2000/243;2021/95;95/2021 Sb.
esel-esb:eli/cz/sb/2021/95/2021-02-27/dokument/norma/cast_4/par_18/odst_1;23426272;esel-esb:eli/cz/sb/2021/95/2021-02-27/dokument/norma/cast_4/par_18;§ 18 odst. 1;NA;1;NA;/2/4/3/2/;esel-esb:právní-akt-fragment/10706505;10706505;10706505;Odstavec_Dc;(1) Výše příspěvku obci se stanoví tak, že částka odpovídající čtyřem pětinám podílu obcí podle zákona upravujícího rozpočtové určení daní na vyplaceném kompenzačním bonusu se mezi obce rozdělí na základě prováděcího právního předpisu k zákonu upravujícímu rozpočtové určení daní, který stanoví procentní podíly jednotlivých obcí na částech celostátního hrubého výnosu daní, ve znění účinném ke dni, ke kterému je příspěvek poukazován Ministerstvem financí.;norms;"<a data-odkaz-id=""22444645"" href=""#""  class=""ext_odkaz"">rozpočtové určení daní</a>";rozpočtové určení daní;22444645;ext_odkaz;NA;NA;NA;NA;esel-esb:právní-akt-odkaz/22444645;rozpočtové určení daní;JINYPRED;110989;esel-esb:eli/cz/sb/2000/243/2021-01-01/dokument;61315;esel-esb:eli/cz/sb/2021/95/0000-00-00/dokument/norma/cast_4/par_18/odst_1;61315;2021/95;2000/243;2021/95;95/2021 Sb.
esel-esb:eli/cz/sb/2021/95/2021-02-27/dokument/norma/cast_4/par_19/odst_3;23426278;esel-esb:eli/cz/sb/2021/95/2021-02-27/dokument/norma/cast_4/par_19;§ 19 odst. 3;NA;3;NA;/2/4/4/4/;esel-esb:právní-akt-fragment/10706517;10706517;10706517;Odstavec_Dc;(3) Příspěvek obci převede kraj do 5 pracovních dní od připsání na účet kraje na účet obce vedený u České národní banky podřízený státní pokladně podle zákona upravujícího rozpočtová pravidla.;norms;"<a data-odkaz-id=""22444651"" href=""#""  class=""ext_odkaz"">rozpočtová pravidla</a>";rozpočtová pravidla;22444651;ext_odkaz;NA;NA;NA;NA;esel-esb:právní-akt-odkaz/22444651;rozpočtová pravidla;JINYPRED;110609;esel-esb:eli/cz/sb/2000/218/2021-01-01/dokument;61315;esel-esb:eli/cz/sb/2021/95/0000-00-00/dokument/norma/cast_4/par_19/odst_3;61315;2021/95;2000/218;2021/95;95/2021 Sb.
esel-esb:eli/cz/sb/2021/95/2021-02-27/dokument/norma/cast_5/par_20/frag_10706527;23426283;esel-esb:eli/cz/sb/2021/95/2021-02-27/dokument/norma/cast_5/par_20;NA;NA;NA;NA;/2/5/2/2/;esel-esb:právní-akt-fragment/10706527;10706527;10706527;Odstavec_Dc;Za účelem zmírnění negativních dopadů působnosti tohoto zákona do rozpočtů vyšších územních samosprávných celků (dále jen „kraj“) se zavádí příspěvek ze státního rozpočtu (dále jen „příspěvek kraji“) za každé bonusové období podle § 11.;norms;"<a data-odkaz-id=""22444657"" href=""#""  class=""int_odkaz"">§ 11</a>";§ 11;22444657;int_odkaz;NA;NA;NA;NA;esel-esb:právní-akt-odkaz/22444657;§ 11;INTUSTAN;61315;esel-esb:eli/cz/sb/2021/95/0000-00-00/dokument/norma/cast_2/par_11;61315;esel-esb:eli/cz/sb/2021/95/0000-00-00/dokument/norma/cast_5/par_20/frag_10706527;61315;2021/95;2021/95;2021/95;95/2021 Sb.
esel-esb:eli/cz/sb/2021/95/2021-02-27/dokument/norma/cast_5/par_21/odst_1;23426286;esel-esb:eli/cz/sb/2021/95/2021-02-27/dokument/norma/cast_5/par_21;§ 21 odst. 1;NA;1;NA;/2/5/3/2/;esel-esb:právní-akt-fragment/10706533;10706533;10706533;Odstavec_Dc;(1) Výše příspěvku kraji se stanoví tak, že částka odpovídající čtyřem pětinám podílu krajů podle zákona upravujícího rozpočtové určení daní na vyplaceném kompenzačním bonusu se mezi kraje rozdělí na základě procenta, kterým se jednotlivé kraje podílejí na části celostátního hrubého výnosu daní podle zákona upravujícího rozpočtové určení daní, ve znění účinném ke dni, ke kterému je příspěvek poukazován Ministerstvem financí.;norms;"<a data-odkaz-id=""22444663"" href=""#""  class=""ext_odkaz"">rozpočtové určení daní</a>";rozpočtové určení daní;22444663;ext_odkaz;NA;NA;NA;NA;esel-esb:právní-akt-odkaz/22444663;rozpočtové určení daní;JINYPRED;110989;esel-esb:eli/cz/sb/2000/243/2021-01-01/dokument;61315;esel-esb:eli/cz/sb/2021/95/0000-00-00/dokument/norma/cast_5/par_21/odst_1;61315;2021/95;2000/243;2021/95;95/2021 Sb.
esel-esb:eli/cz/sb/2021/95/2021-02-27/dokument/norma/cast_5/par_21/odst_1;23426286;esel-esb:eli/cz/sb/2021/95/2021-02-27/dokument/norma/cast_5/par_21;§ 21 odst. 1;NA;1;NA;/2/5/3/2/;esel-esb:právní-akt-fragment/10706533;10706533;10706533;Odstavec_Dc;(1) Výše příspěvku kraji se stanoví tak, že částka odpovídající čtyřem pětinám podílu krajů podle zákona upravujícího rozpočtové určení daní na vyplaceném kompenzačním bonusu se mezi kraje rozdělí na základě procenta, kterým se jednotlivé kraje podílejí na části celostátního hrubého výnosu daní podle zákona upravujícího rozpočtové určení daní, ve znění účinném ke dni, ke kterému je příspěvek poukazován Ministerstvem financí.;norms;"<a data-odkaz-id=""22444669"" href=""#""  class=""ext_odkaz"">rozpočtové určení daní</a>";rozpočtové určení daní;22444669;ext_odkaz;NA;NA;NA;NA;esel-esb:právní-akt-odkaz/22444669;rozpočtové určení daní;JINYPRED;110989;esel-esb:eli/cz/sb/2000/243/2021-01-01/dokument;61315;esel-esb:eli/cz/sb/2021/95/0000-00-00/dokument/norma/cast_5/par_21/odst_1;61315;2021/95;2000/243;2021/95;95/2021 Sb.
esel-esb:eli/cz/sb/2021/95/2021-02-27/dokument/norma/cast_5/par_22/odst_2;23426291;esel-esb:eli/cz/sb/2021/95/2021-02-27/dokument/norma/cast_5/par_22/frag_12600931;§ 22 odst. 2;NA;2;NA;/2/5/4/2/2/;esel-esb:právní-akt-fragment/10706543;10706543;10706543;Odstavec_Dc;(2) Příspěvek kraji poukazuje Ministerstvo financí kraji vždy k patnáctému dni kalendářního čtvrtletí na základě průběžné informace o stavu předepsaných kompenzačních bonusů, a to na účet vedený u České národní banky podřízený státní pokladně podle zákona upravujícího rozpočtová pravidla.;norms;"<a data-odkaz-id=""22444675"" href=""#""  class=""ext_odkaz"">rozpočtová pravidla</a>";rozpočtová pravidla;22444675;ext_odkaz;NA;NA;NA;NA;esel-esb:právní-akt-odkaz/22444675;rozpočtová pravidla;JINYPRED;110609;esel-esb:eli/cz/sb/2000/218/2021-01-01/dokument;61315;esel-esb:eli/cz/sb/2021/95/0000-00-00/dokument/norma/cast_5/par_22/odst_2;61315;2021/95;2000/218;2021/95;95/2021 Sb.
esel-esb:eli/cz/sb/2021/95/2021-02-27/dokument/zaver/cast_6/par_23/frag_10706553;23426296;esel-esb:eli/cz/sb/2021/95/2021-02-27/dokument/zaver/cast_6/par_23;NA;NA;NA;NA;/3/1/2/1/;esel-esb:právní-akt-fragment/10706553;10706553;10706553;Odstavec_Dc;V případě, že osobě vznikl za stejný kalendářní den současně nárok na kompenzační bonus podle tohoto zákona a na kompenzační bonus podle zákona č. 461/2020 Sb., o kompenzačním bonusu v souvislosti se zákazem nebo omezením podnikatelské činnosti v souvislosti s výskytem koronaviru SARS CoV-2, ve znění pozdějších předpisů, provede se při jejich předepsání vzájemné započtení.;closing;"<a data-odkaz-id=""22444681"" href=""#""  class=""ext_odkaz"">zákona č. 461/2020 Sb., o kompenzačním bonusu v souvislosti se zákazem nebo omezením podnikatelské činnosti v souvislosti s výskytem koronaviru SARS CoV-2</a>";zákona č. 461/2020 Sb., o kompenzačním bonusu v souvislosti se zákazem nebo omezením podnikatelské činnosti v souvislosti s výskytem koronaviru SARS CoV-2;22444681;ext_odkaz;NA;NA;NA;NA;esel-esb:právní-akt-odkaz/22444681;zákona č. 461/2020 Sb.;JINYPRED;156125;esel-esb:eli/cz/sb/2020/461/2021-02-24/dokument;61315;esel-esb:eli/cz/sb/2021/95/0000-00-00/dokument/zaver/cast_6/par_23/frag_10706553;61315;2021/95;2020/461;2021/95;95/2021 Sb.
