fragment.id;akt.citace;iri_z;iri_c;scope;example;odkaz.id
56750577;141/1961 Sb.;1961/141;1961/141;NA;NA;3405147
3331284;133/1985 Sb.;1985/133;1985/133;NA;NA;4846847
3426848;20/1987 Sb.;1987/20;1987/20;NA;NA;4963673
3530295;62/1988 Sb.;1988/62;1988/62;NA;NA;5150965
3892968;84/1990 Sb.;1990/84;1990/84;NA;NA;5323409
3996513;527/1990 Sb.;1990/527;1990/527;NA;NA;5349289
3996790;527/1990 Sb.;1990/527;1990/527;NA;NA;5352535
3996811;527/1990 Sb.;1990/527;1990/527;NA;NA;5432377
4170372;2/1991 Sb.;1991/2;1991/2;NA;NA;6178441
4443166;455/1991 Sb.;1991/455;1991/455;NA;NA;6190409
4442918;455/1991 Sb.;1991/455;1991/455;NA;NA;5874203
4443299;455/1991 Sb.;1991/455;1991/455;NA;NA;6386557
4443299;455/1991 Sb.;1991/455;1991/455;NA;NA;6386599
4443316;455/1991 Sb.;1991/455;1991/455;NA;NA;6386977
4443132;455/1991 Sb.;1991/455;1991/455;NA;NA;5510751
4456566;483/1991 Sb.;1991/483;1991/483;NA;NA;6398399
4757456;551/1991 Sb.;1991/551;1991/551;NA;NA;5993253
4757422;551/1991 Sb.;1991/551;1991/551;NA;NA;6218275
56337620;553/1991 Sb.;1991/553;1991/553;NA;NA;5736759
56337620;553/1991 Sb.;1991/553;1991/553;NA;NA;5736765
56241199;582/1991 Sb.;1991/582;2006/262;para;FALSE;5642059
56240489;582/1991 Sb.;1991/582;1991/582;NA;NA;6063731
56241062;582/1991 Sb.;1991/582;1991/582;NA;NA;6443367
56291014;21/1992 Sb.;1992/21;1992/21;NA;NA;6493317
56292113;21/1992 Sb.;1992/21;1992/21;NA;NA;6572833
56291034;21/1992 Sb.;1992/21;1992/21;NA;NA;6553601
56291156;21/1992 Sb.;1992/21;1992/21;NA;NA;6514907
56291272;21/1992 Sb.;1992/21;1992/21;NA;NA;6575359
56291272;21/1992 Sb.;1992/21;1992/21;NA;NA;6575379
56291272;21/1992 Sb.;1992/21;1992/21;NA;NA;6575399
56521847;114/1992 Sb.;1992/114;1992/114;NA;NA;6579983
56522138;114/1992 Sb.;1992/114;1992/114;NA;NA;6559637
56522138;114/1992 Sb.;1992/114;1992/114;NA;NA;6559651
56522140;114/1992 Sb.;1992/114;1992/114;NA;NA;6559777
5232757;229/1992 Sb.;1992/229;1992/229;NA;NA;6531607
5267146;246/1992 Sb.;1992/246;1992/246;NA;NA;7353431
5267159;246/1992 Sb.;1992/246;1992/246;NA;NA;7353681
5267641;246/1992 Sb.;1992/246;1992/246;NA;NA;6717359
5267708;246/1992 Sb.;1992/246;1992/246;NA;NA;6696429
5306514;334/1992 Sb.;1992/334;1992/334;NA;NA;6733975
5372570;358/1992 Sb.;1992/358;1992/358;NA;NA;7453997
5371718;358/1992 Sb.;1992/358;1992/358;NA;NA;7453403
5371807;358/1992 Sb.;1992/358;1992/358;NA;NA;7453339
5372044;358/1992 Sb.;1992/358;1992/358;NA;NA;7453135
5372083;358/1992 Sb.;1992/358;1992/358;NA;NA;7453007
5380965;360/1992 Sb.;1992/360;1992/360;NA;NA;7448293
5428270;478/1992 Sb.;1992/478;1992/478;NA;NA;6869167
5438242;523/1992 Sb.;1992/523;1992/523;NA;NA;6894837
5438242;523/1992 Sb.;1992/523;1992/523;NA;NA;6894861
5444364;539/1992 Sb.;1992/539;1992/539;NA;NA;7476991
56469450;586/1992 Sb.;1992/586;2000/128;para;TRUE;7681401
56469450;586/1992 Sb.;1992/586;2000/129;para;TRUE;7681821
56469450;586/1992 Sb.;1992/586;2000/131;para;TRUE;7682241
56467504;586/1992 Sb.;1992/586;1992/586;NA;NA;7156881
56466951;586/1992 Sb.;1992/586;1992/586;NA;NA;7748477
56466951;586/1992 Sb.;1992/586;1992/586;NA;NA;7748549
56466951;586/1992 Sb.;1992/586;1992/586;NA;NA;7748573
56466951;586/1992 Sb.;1992/586;1992/586;NA;NA;7748693
56466951;586/1992 Sb.;1992/586;1992/586;NA;NA;7748717
56466951;586/1992 Sb.;1992/586;1992/586;NA;NA;7748765
56466951;586/1992 Sb.;1992/586;1992/586;NA;NA;7748789
56468852;586/1992 Sb.;1992/586;1992/586;NA;NA;7749023
56468635;586/1992 Sb.;1992/586;1992/586;NA;NA;6983483
56468850;586/1992 Sb.;1992/586;1992/586;NA;NA;7759363
56468569;586/1992 Sb.;1992/586;1992/586;NA;NA;7214673
5785617;592/1992 Sb.;1992/592;1992/592;NA;NA;7286885
5785849;592/1992 Sb.;1992/592;1992/592;NA;NA;7030647
5785849;592/1992 Sb.;1992/592;1992/592;NA;NA;7030655
5792908;593/1992 Sb.;1992/593;1992/593;NA;NA;7331693
56157560;634/1992 Sb.;1992/634;1992/634;NA;NA;7833327
56157556;634/1992 Sb.;1992/634;1992/634;NA;NA;7322489
56473121;6/1993 Sb.;1993/6;1993/6;NA;NA;8028003
56473246;6/1993 Sb.;1993/6;1993/6;NA;NA;8027831
56473250;6/1993 Sb.;1993/6;1993/6;NA;NA;8027639
56473250;6/1993 Sb.;1993/6;1993/6;NA;NA;8027703
56473265;6/1993 Sb.;1993/6;1993/6;NA;NA;8027607
6105078;10/1993 Sb.;1993/10;1990/367;para;FALSE;7926013
56076565;16/1993 Sb.;1993/16;1993/16;NA;NA;8001075
56475070;42/1994 Sb.;1994/42;1994/42;NA;NA;8114161
6498005;111/1994 Sb.;1994/111;1994/111;NA;NA;8301621
6498293;111/1994 Sb.;1994/111;1994/111;NA;NA;8321425
6498361;111/1994 Sb.;1994/111;1994/111;NA;NA;8216683
6553673;200/1994 Sb.;1994/200;1994/200;NA;NA;8220373
6553677;200/1994 Sb.;1994/200;1994/200;NA;NA;8172017
6553677;200/1994 Sb.;1994/200;1994/200;NA;NA;8172023
56527684;266/1994 Sb.;1994/266;1994/266;NA;NA;8295405
56527698;266/1994 Sb.;1994/266;1994/266;NA;NA;8295363
6670431;58/1995 Sb.;1995/58;1995/58;NA;NA;8344657
6670433;58/1995 Sb.;1995/58;1995/58;NA;NA;8344649
6670395;58/1995 Sb.;1995/58;1995/58;NA;NA;8344569
6670395;58/1995 Sb.;1995/58;1995/58;NA;NA;8344573
6670495;58/1995 Sb.;1995/58;1995/58;NA;NA;8344553
55729735;90/1995 Sb.;1995/90;1990/200;para;FALSE;8379831
6835168;114/1995 Sb.;1995/114;1995/114;NA;NA;8714361
6835171;114/1995 Sb.;1995/114;1995/114;NA;NA;8714379
6835172;114/1995 Sb.;1995/114;1995/114;NA;NA;8714397
6835175;114/1995 Sb.;1995/114;1995/114;NA;NA;8714415
6836379;114/1995 Sb.;1995/114;1995/114;NA;NA;8402977
6836246;114/1995 Sb.;1995/114;1995/114;NA;NA;8790671
56100602;117/1995 Sb.;1995/117;1995/117;NA;NA;8448489
56100602;117/1995 Sb.;1995/117;1995/117;NA;NA;8448511
56770254;155/1995 Sb.;1995/155;1995/155;NA;NA;8643079
7302811;97/1996 Sb.;1996/97;1996/97;NA;NA;9099665
7302830;97/1996 Sb.;1996/97;1996/97;NA;NA;9099677
7302835;97/1996 Sb.;1996/97;1996/97;NA;NA;9099689
7302850;97/1996 Sb.;1996/97;1996/97;NA;NA;9099703
7302872;97/1996 Sb.;1996/97;1996/97;NA;NA;9099713
7302881;97/1996 Sb.;1996/97;1996/97;NA;NA;9099721
7302881;97/1996 Sb.;1996/97;1996/97;NA;NA;9099725
7302882;97/1996 Sb.;1996/97;1996/97;NA;NA;9099731
7302926;97/1996 Sb.;1996/97;1996/97;NA;NA;9112135
56536297;13/1997 Sb.;1997/13;1997/13;NA;NA;9542445
56536375;13/1997 Sb.;1997/13;1997/13;NA;NA;9580415
7479598;19/1997 Sb.;1997/19;1997/19;NA;NA;9543017
7479602;19/1997 Sb.;1997/19;1997/19;NA;NA;9543011
7479612;19/1997 Sb.;1997/19;1997/19;NA;NA;9543003
7479697;19/1997 Sb.;1997/19;1997/19;NA;NA;9542985
7479623;19/1997 Sb.;1997/19;1997/19;NA;NA;9542817
7490799;22/1997 Sb.;1997/22;1997/22;NA;NA;9464765
7490799;22/1997 Sb.;1997/22;1997/22;NA;NA;9464805
56441724;48/1997 Sb.;1997/48;1997/48;NA;NA;9551791
56543941;49/1997 Sb.;1997/49;1997/49;NA;NA;9285193
56543944;49/1997 Sb.;1997/49;1997/49;NA;NA;9285221
7777597;61/1997 Sb.;1997/61;1997/61;NA;NA;9594721
7881905;110/1997 Sb.;1997/110;1997/110;NA;NA;9329313
7881905;110/1997 Sb.;1997/110;1997/110;NA;NA;9329341
7882179;110/1997 Sb.;1997/110;1997/110;NA;NA;9328081
7882567;110/1997 Sb.;1997/110;1997/110;NA;NA;9526769
7881971;110/1997 Sb.;1997/110;1997/110;NA;NA;9602187
7882560;110/1997 Sb.;1997/110;1997/110;NA;NA;9602207
7881906;110/1997 Sb.;1997/110;1997/110;NA;NA;9602225
7882562;110/1997 Sb.;1997/110;1997/110;NA;NA;9332407
7882615;110/1997 Sb.;1997/110;1997/110;NA;NA;9332465
7882616;110/1997 Sb.;1997/110;1997/110;NA;NA;9332481
7990639;252/1997 Sb.;1997/252;1997/252;NA;NA;9368667
7990690;252/1997 Sb.;1997/252;1997/252;NA;NA;9368685
7990697;252/1997 Sb.;1997/252;1997/252;NA;NA;9368691
7990697;252/1997 Sb.;1997/252;1997/252;NA;NA;9368695
8199610;15/1998 Sb.;1998/15;1998/15;NA;NA;9861729
8199581;15/1998 Sb.;1998/15;1998/15;NA;NA;9861421
8299546;123/1998 Sb.;1998/123;1998/123;NA;NA;9917237
8764836;167/1998 Sb.;1998/167;1998/167;NA;NA;9780331
8764246;167/1998 Sb.;1998/167;1998/167;NA;NA;9780405
8764246;167/1998 Sb.;1998/167;1998/167;NA;NA;9780423
8764252;167/1998 Sb.;1998/167;1998/167;NA;NA;9780441
8764252;167/1998 Sb.;1998/167;1998/167;NA;NA;9780459
8764252;167/1998 Sb.;1998/167;1998/167;NA;NA;9780477
8764252;167/1998 Sb.;1998/167;1998/167;NA;NA;9780495
8764252;167/1998 Sb.;1998/167;1998/167;NA;NA;9780513
8764256;167/1998 Sb.;1998/167;1998/167;NA;NA;9780549
8764256;167/1998 Sb.;1998/167;1998/167;NA;NA;9780567
8764256;167/1998 Sb.;1998/167;1998/167;NA;NA;9780585
8764256;167/1998 Sb.;1998/167;1998/167;NA;NA;9780603
8764256;167/1998 Sb.;1998/167;1998/167;NA;NA;9780621
8764351;167/1998 Sb.;1998/167;1998/167;NA;NA;9780639
8764351;167/1998 Sb.;1998/167;1998/167;NA;NA;9780657
8764351;167/1998 Sb.;1998/167;1998/167;NA;NA;9780675
8764351;167/1998 Sb.;1998/167;1998/167;NA;NA;9780693
8764274;167/1998 Sb.;1998/167;1998/167;NA;NA;9780711
8764274;167/1998 Sb.;1998/167;1998/167;NA;NA;9780729
8764274;167/1998 Sb.;1998/167;1998/167;NA;NA;9780747
8764279;167/1998 Sb.;1998/167;1998/167;NA;NA;9780783
8764279;167/1998 Sb.;1998/167;1998/167;NA;NA;9780801
8764280;167/1998 Sb.;1998/167;1998/167;NA;NA;9780837
8764280;167/1998 Sb.;1998/167;1998/167;NA;NA;9780855
8764328;167/1998 Sb.;1998/167;1998/167;NA;NA;9781137
8764354;167/1998 Sb.;1998/167;1998/167;NA;NA;9781209
8764354;167/1998 Sb.;1998/167;1998/167;NA;NA;9781227
8764354;167/1998 Sb.;1998/167;1998/167;NA;NA;9781245
8764354;167/1998 Sb.;1998/167;1998/167;NA;NA;9781263
8764355;167/1998 Sb.;1998/167;1998/167;NA;NA;9781281
8764355;167/1998 Sb.;1998/167;1998/167;NA;NA;9781299
8764355;167/1998 Sb.;1998/167;1998/167;NA;NA;9781317
8764355;167/1998 Sb.;1998/167;1998/167;NA;NA;9781335
8764428;167/1998 Sb.;1998/167;1998/167;NA;NA;9781655
8764428;167/1998 Sb.;1998/167;1998/167;NA;NA;9781673
8764428;167/1998 Sb.;1998/167;1998/167;NA;NA;9781691
8764428;167/1998 Sb.;1998/167;1998/167;NA;NA;9781709
8764428;167/1998 Sb.;1998/167;1998/167;NA;NA;9781727
8764428;167/1998 Sb.;1998/167;1998/167;NA;NA;9781745
8764430;167/1998 Sb.;1998/167;1998/167;NA;NA;9781763
8764430;167/1998 Sb.;1998/167;1998/167;NA;NA;9781781
8764430;167/1998 Sb.;1998/167;1998/167;NA;NA;9781799
8764430;167/1998 Sb.;1998/167;1998/167;NA;NA;9781817
8764430;167/1998 Sb.;1998/167;1998/167;NA;NA;9781835
8764431;167/1998 Sb.;1998/167;1998/167;NA;NA;9781853
8764431;167/1998 Sb.;1998/167;1998/167;NA;NA;9781871
8764431;167/1998 Sb.;1998/167;1998/167;NA;NA;9781889
8764431;167/1998 Sb.;1998/167;1998/167;NA;NA;9781907
8764431;167/1998 Sb.;1998/167;1998/167;NA;NA;9781925
8764431;167/1998 Sb.;1998/167;1998/167;NA;NA;9781943
8764440;167/1998 Sb.;1998/167;1998/167;NA;NA;9781961
8764440;167/1998 Sb.;1998/167;1998/167;NA;NA;9781979
8764440;167/1998 Sb.;1998/167;1998/167;NA;NA;9781997
8764440;167/1998 Sb.;1998/167;1998/167;NA;NA;9782015
8764440;167/1998 Sb.;1998/167;1998/167;NA;NA;9782033
8764440;167/1998 Sb.;1998/167;1998/167;NA;NA;9782051
8764442;167/1998 Sb.;1998/167;1998/167;NA;NA;9782069
8764442;167/1998 Sb.;1998/167;1998/167;NA;NA;9782087
8764442;167/1998 Sb.;1998/167;1998/167;NA;NA;9782105
8764442;167/1998 Sb.;1998/167;1998/167;NA;NA;9782123
8764442;167/1998 Sb.;1998/167;1998/167;NA;NA;9782141
8764576;167/1998 Sb.;1998/167;1998/167;NA;NA;9782159
8764441;167/1998 Sb.;1998/167;1998/167;NA;NA;9782177
8764441;167/1998 Sb.;1998/167;1998/167;NA;NA;9782195
8764444;167/1998 Sb.;1998/167;1998/167;NA;NA;9782213
8764444;167/1998 Sb.;1998/167;1998/167;NA;NA;9782231
8764444;167/1998 Sb.;1998/167;1998/167;NA;NA;9782249
8764444;167/1998 Sb.;1998/167;1998/167;NA;NA;9782267
8764444;167/1998 Sb.;1998/167;1998/167;NA;NA;9782285
8764444;167/1998 Sb.;1998/167;1998/167;NA;NA;9782303
8764575;167/1998 Sb.;1998/167;1998/167;NA;NA;9782329
8764588;167/1998 Sb.;1998/167;1998/167;NA;NA;9782473
8764588;167/1998 Sb.;1998/167;1998/167;NA;NA;9782491
8764588;167/1998 Sb.;1998/167;1998/167;NA;NA;9782509
8764699;167/1998 Sb.;1998/167;1998/167;NA;NA;9783539
8764699;167/1998 Sb.;1998/167;1998/167;NA;NA;9783557
8764699;167/1998 Sb.;1998/167;1998/167;NA;NA;9783575
8764700;167/1998 Sb.;1998/167;1998/167;NA;NA;9783611
8764700;167/1998 Sb.;1998/167;1998/167;NA;NA;9783629
8764700;167/1998 Sb.;1998/167;1998/167;NA;NA;9783647
8764701;167/1998 Sb.;1998/167;1998/167;NA;NA;9783683
8764701;167/1998 Sb.;1998/167;1998/167;NA;NA;9783701
8764701;167/1998 Sb.;1998/167;1998/167;NA;NA;9783719
8764703;167/1998 Sb.;1998/167;1998/167;NA;NA;9783755
8764703;167/1998 Sb.;1998/167;1998/167;NA;NA;9783773
8764703;167/1998 Sb.;1998/167;1998/167;NA;NA;9783791
8764704;167/1998 Sb.;1998/167;1998/167;NA;NA;9783827
8764704;167/1998 Sb.;1998/167;1998/167;NA;NA;9783845
8764704;167/1998 Sb.;1998/167;1998/167;NA;NA;9783863
8764845;167/1998 Sb.;1998/167;1998/167;NA;NA;9784811
8764845;167/1998 Sb.;1998/167;1998/167;NA;NA;9784829
8764589;167/1998 Sb.;1998/167;1998/167;NA;NA;9785675
8764589;167/1998 Sb.;1998/167;1998/167;NA;NA;9785693
8764589;167/1998 Sb.;1998/167;1998/167;NA;NA;9785711
8764585;167/1998 Sb.;1998/167;1998/167;NA;NA;9785829
8764585;167/1998 Sb.;1998/167;1998/167;NA;NA;9785841
8764585;167/1998 Sb.;1998/167;1998/167;NA;NA;9785853
8764281;167/1998 Sb.;1998/167;1998/167;NA;NA;9832015
8764281;167/1998 Sb.;1998/167;1998/167;NA;NA;9832019
8764281;167/1998 Sb.;1998/167;1998/167;NA;NA;9832023
8764361;167/1998 Sb.;1998/167;1998/167;NA;NA;9832063
8764361;167/1998 Sb.;1998/167;1998/167;NA;NA;9832067
8764361;167/1998 Sb.;1998/167;1998/167;NA;NA;9832071
8764366;167/1998 Sb.;1998/167;1998/167;NA;NA;9832099
8764366;167/1998 Sb.;1998/167;1998/167;NA;NA;9832103
8764366;167/1998 Sb.;1998/167;1998/167;NA;NA;9832107
8764429;167/1998 Sb.;1998/167;1998/167;NA;NA;9832171
8764429;167/1998 Sb.;1998/167;1998/167;NA;NA;9832175
8764674;167/1998 Sb.;1998/167;1998/167;NA;NA;9851265
8764674;167/1998 Sb.;1998/167;1998/167;NA;NA;9851269
8764674;167/1998 Sb.;1998/167;1998/167;NA;NA;9851273
8764674;167/1998 Sb.;1998/167;1998/167;NA;NA;9851277
8927949;107/1999 Sb.;1999/107;1990/200;para;FALSE;10020407
9007730;166/1999 Sb.;1999/166;1999/166;NA;NA;10050769
9008193;166/1999 Sb.;1999/166;1999/166;NA;NA;10053009
9008181;166/1999 Sb.;1999/166;1999/166;NA;NA;10385809
9008420;166/1999 Sb.;1999/166;1999/166;NA;NA;10385371
9008563;166/1999 Sb.;1999/166;1999/166;NA;NA;10385315
9008598;166/1999 Sb.;1999/166;1999/166;NA;NA;10385203
9007452;166/1999 Sb.;1999/166;1999/166;NA;NA;10291585
9007470;166/1999 Sb.;1999/166;1999/166;NA;NA;10291501
9007470;166/1999 Sb.;1999/166;1999/166;NA;NA;10291505
9008122;166/1999 Sb.;1999/166;1999/166;NA;NA;10501663
9008160;166/1999 Sb.;1999/166;1999/166;NA;NA;10501647
9008169;166/1999 Sb.;1999/166;1999/166;NA;NA;10501615
9316617;325/1999 Sb.;1999/325;1999/325;NA;NA;10515719
9316622;325/1999 Sb.;1999/325;1999/325;NA;NA;10515861
56864610;326/1999 Sb.;1999/326;1999/326;NA;NA;10528589
56862705;326/1999 Sb.;1999/326;1999/326;NA;NA;10531981
56863881;326/1999 Sb.;1999/326;1999/326;NA;NA;10409873
56862287;326/1999 Sb.;1999/326;1999/326;NA;NA;10361741
56862794;326/1999 Sb.;1999/326;1999/326;NA;NA;10231031
56863139;326/1999 Sb.;1999/326;1999/326;NA;NA;10534401
56863304;326/1999 Sb.;1999/326;1999/326;NA;NA;10534481
56863821;326/1999 Sb.;1999/326;1999/326;NA;NA;10534927
9531815;349/1999 Sb.;1999/349;1999/349;NA;NA;10416235
9531938;349/1999 Sb.;1999/349;1999/349;NA;NA;10416243
9531982;349/1999 Sb.;1999/349;1999/349;NA;NA;10416271
9615216;359/1999 Sb.;1999/359;1999/359;NA;NA;10279673
56340516;72/2000 Sb.;2000/72;2000/72;NA;NA;10953837
56103275;118/2000 Sb.;2000/118;2000/118;NA;NA;11064139
56314761;128/2000 Sb.;2000/128;2000/128;NA;NA;11397969
56314770;128/2000 Sb.;2000/128;2000/128;NA;NA;11397289
56247105;133/2000 Sb.;2000/133;2000/133;NA;NA;10842209
56247014;133/2000 Sb.;2000/133;2000/133;NA;NA;10841605
10106779;154/2000 Sb.;2000/154;2000/154;NA;NA;11495387
10120586;156/2000 Sb.;2000/156;2000/156;NA;NA;11513231
10120688;156/2000 Sb.;2000/156;2000/156;NA;NA;11508317
10120655;156/2000 Sb.;2000/156;2000/156;NA;NA;10927677
10120690;156/2000 Sb.;2000/156;2000/156;NA;NA;10927687
10120707;156/2000 Sb.;2000/156;2000/156;NA;NA;10927691
10122911;158/2000 Sb.;2000/158;2000/158;NA;NA;10930157
55983946;218/2000 Sb.;2000/218;2006/262;para;TRUE;10934157
55983163;218/2000 Sb.;2000/218;2000/218;NA;NA;11002751
55982835;218/2000 Sb.;2000/218;2000/218;NA;NA;10986953
56319697;250/2000 Sb.;2000/250;2000/250;NA;NA;11632597
56319697;250/2000 Sb.;2000/250;2000/250;NA;NA;11632613
56173124;258/2000 Sb.;2000/258;2000/258;NA;NA;11148087
56173469;258/2000 Sb.;2000/258;2000/258;NA;NA;11080185
56172540;258/2000 Sb.;2000/258;2000/258;NA;NA;11687825
56172898;258/2000 Sb.;2000/258;2000/258;NA;NA;11081601
56173438;258/2000 Sb.;2000/258;2000/258;NA;NA;11241147
56872714;361/2000 Sb.;2000/361;2000/361;NA;NA;11303767
56874701;361/2000 Sb.;2000/361;2000/361;NA;NA;11780187
56624356;406/2000 Sb.;2000/406;2000/406;NA;NA;11795829
56624360;406/2000 Sb.;2000/406;2000/406;NA;NA;11795877
56624406;406/2000 Sb.;2000/406;2000/406;NA;NA;11796149
56630593;458/2000 Sb.;2000/458;2000/458;NA;NA;11828075
56631160;458/2000 Sb.;2000/458;2000/458;NA;NA;11459359
56629588;458/2000 Sb.;2000/458;2000/458;NA;NA;11370517
56631247;458/2000 Sb.;2000/458;2000/458;NA;NA;11443807
56881735;56/2001 Sb.;2001/56;2001/56;NA;NA;11939111
56881736;56/2001 Sb.;2001/56;2001/56;NA;NA;11939149
56881786;56/2001 Sb.;2001/56;2001/56;NA;NA;11939469
56881836;56/2001 Sb.;2001/56;2001/56;NA;NA;11928311
56569181;100/2001 Sb.;2001/100;2001/100;NA;NA;12328713
56569181;100/2001 Sb.;2001/100;2001/100;NA;NA;12328727
11209294;101/2001 Sb.;2001/101;2001/101;NA;NA;12330985
56477636;120/2001 Sb.;2001/120;2001/120;NA;NA;12022249
11497693;231/2001 Sb.;2001/231;2001/231;NA;NA;12187715
11604739;254/2001 Sb.;2001/254;2001/254;NA;NA;12225725
11605736;254/2001 Sb.;2001/254;2001/254;NA;NA;12110125
11605906;254/2001 Sb.;2001/254;2001/254;NA;NA;12110137
11606011;254/2001 Sb.;2001/254;2001/254;NA;NA;12110303
11701756;320/2001 Sb.;2001/320;2001/320;NA;NA;12210773
11701756;320/2001 Sb.;2001/320;2001/320;NA;NA;12210779
11701756;320/2001 Sb.;2001/320;2001/320;NA;NA;12210785
11701903;320/2001 Sb.;2001/320;2001/320;NA;NA;12210827
11716611;352/2001 Sb.;2001/352;2001/352;NA;NA;12535131
12000724;6/2002 Sb.;2002/6;2002/6;NA;NA;12637821
12005262;7/2002 Sb.;2002/7;2002/7;NA;NA;12639075
12066434;76/2002 Sb.;2002/76;2002/76;NA;NA;13094485
12283087;139/2002 Sb.;2002/139;2002/139;NA;NA;13248731
12293334;146/2002 Sb.;2002/146;2002/146;NA;NA;12773759
12293378;146/2002 Sb.;2002/146;2002/146;NA;NA;13251249
12350387;170/2002 Sb.;2002/170;2002/170;NA;NA;12774955
12598790;312/2002 Sb.;2002/312;2002/312;NA;NA;12959147
55998861;353/2003 Sb.;2003/353;2002/76;para;FALSE;13807745
13845712;78/2004 Sb.;2004/78;2004/78;NA;NA;14284421
13907966;100/2004 Sb.;2004/100;2004/100;NA;NA;14614451
56480803;190/2004 Sb.;2004/190;2004/190;para;FALSE;14257227
56480660;190/2004 Sb.;2004/190;2004/190;NA;NA;14247187
56481023;190/2004 Sb.;2004/190;2004/190;NA;NA;14247243
56481025;190/2004 Sb.;2004/190;2004/190;NA;NA;14239797
56481025;190/2004 Sb.;2004/190;2004/190;NA;NA;14239801
56481026;190/2004 Sb.;2004/190;2004/190;NA;NA;14239805
56481027;190/2004 Sb.;2004/190;2004/190;NA;NA;14239809
56481027;190/2004 Sb.;2004/190;2004/190;NA;NA;14239813
56481028;190/2004 Sb.;2004/190;2004/190;NA;NA;14239817
56481029;190/2004 Sb.;2004/190;2004/190;NA;NA;14239821
56481031;190/2004 Sb.;2004/190;2004/190;NA;NA;14239833
56481041;190/2004 Sb.;2004/190;2004/190;NA;NA;14239841
56481073;190/2004 Sb.;2004/190;2004/190;NA;NA;14239881
56481122;190/2004 Sb.;2004/190;2004/190;NA;NA;14239893
56481129;190/2004 Sb.;2004/190;2004/190;NA;NA;14239921
56481241;190/2004 Sb.;2004/190;2004/190;NA;NA;14240093
14055499;215/2004 Sb.;2004/215;2004/215;NA;NA;14312727
14055530;215/2004 Sb.;2004/215;2004/215;NA;NA;14312573
56651683;235/2004 Sb.;2004/235;2004/235;NA;NA;14293375
56651037;235/2004 Sb.;2004/235;2004/235;NA;NA;14325269
56651584;235/2004 Sb.;2004/235;2004/235;NA;NA;14327417
56651588;235/2004 Sb.;2004/235;2004/235;NA;NA;14327567
56652877;235/2004 Sb.;2004/235;2004/235;NA;NA;14301697
56487537;256/2004 Sb.;2004/256;2004/256;NA;NA;14425553
56486388;256/2004 Sb.;2004/256;2004/256;NA;NA;15213659
56489020;256/2004 Sb.;2004/256;2004/256;NA;NA;14502807
14557001;326/2004 Sb.;2004/326;2004/326;NA;NA;14536577
14556055;326/2004 Sb.;2004/326;2004/326;NA;NA;15269011
14557004;326/2004 Sb.;2004/326;2004/326;NA;NA;15270039
56323249;435/2004 Sb.;2004/435;2004/435;NA;NA;14752389
56323272;435/2004 Sb.;2004/435;2004/435;NA;NA;14752413
56330725;561/2004 Sb.;2004/561;2004/561;NA;NA;15422199
56331771;561/2004 Sb.;2004/561;2004/561;NA;NA;14742209
56331538;561/2004 Sb.;2004/561;2004/561;NA;NA;14886413
56331759;561/2004 Sb.;2004/561;2004/561;NA;NA;15451387
56691380;634/2004 Sb.;2004/634;2004/634;NA;NA;14991365
56691040;634/2004 Sb.;2004/634;2004/634;NA;NA;14957079
55945720;127/2005 Sb.;2005/127;2005/127;NA;NA;16119149
55945845;127/2005 Sb.;2005/127;2005/127;NA;NA;15678779
55945902;127/2005 Sb.;2005/127;2005/127;NA;NA;15679495
55946067;127/2005 Sb.;2005/127;2005/127;NA;NA;15913699
55946106;127/2005 Sb.;2005/127;2005/127;NA;NA;15684171
55953348;341/2005 Sb.;2005/341;2005/341;NA;NA;15737879
56807461;377/2005 Sb.;2005/377;2005/377;NA;NA;15745985
15828424;412/2005 Sb.;2005/412;2005/412;NA;NA;16008099
15828698;412/2005 Sb.;2005/412;2005/412;NA;NA;15774061
56182707;108/2006 Sb.;2006/108;2006/108;NA;NA;16776193
16202137;110/2006 Sb.;2006/110;1995/236;para;TRUE;16225431
16202137;110/2006 Sb.;2006/110;2000/128;para;TRUE;16225515
16202137;110/2006 Sb.;2006/110;2000/129;para;TRUE;16225641
16202137;110/2006 Sb.;2006/110;2000/131;para;TRUE;16225767
16202053;110/2006 Sb.;2006/110;2006/110;NA;NA;16211189
16315571;159/2006 Sb.;2006/159;2006/159;NA;NA;16324715
16315849;159/2006 Sb.;2006/159;2011/456;para;FALSE;16292905
56786635;182/2006 Sb.;2006/182;2006/182;NA;NA;16930935
56786642;182/2006 Sb.;2006/182;2006/182;NA;NA;16930879
56192694;187/2006 Sb.;2006/187;1995/236;para;FALSE;16537519
56192694;187/2006 Sb.;2006/187;2000/128;para;FALSE;16537763
56192694;187/2006 Sb.;2006/187;2000/129;para;FALSE;16538129
56192694;187/2006 Sb.;2006/187;2000/131;para;FALSE;16538495
56191478;187/2006 Sb.;2006/187;2006/187;NA;NA;16642361
56191464;187/2006 Sb.;2006/187;2006/187;NA;NA;16540361
56202774;262/2006 Sb.;2006/262;2006/262;NA;NA;16550345
56202786;262/2006 Sb.;2006/262;2006/262;NA;NA;16551221
56203256;262/2006 Sb.;2006/262;2006/262;NA;NA;17118605
16919626;311/2006 Sb.;2006/311;2006/311;NA;NA;17131407
56450575;378/2007 Sb.;2007/378;2007/378;NA;NA;17508731
56448577;378/2007 Sb.;2007/378;2007/378;NA;NA;17576757
56693863;253/2008 Sb.;2008/253;2008/253;NA;NA;17745463
56694013;253/2008 Sb.;2008/253;2008/253;NA;NA;17835095
56694295;253/2008 Sb.;2008/253;2008/253;NA;NA;17867919
56694304;253/2008 Sb.;2008/253;2008/253;NA;NA;17868025
56694309;253/2008 Sb.;2008/253;2008/253;NA;NA;17868083
56694366;253/2008 Sb.;2008/253;2008/253;NA;NA;17868261
56890380;277/2009 Sb.;2009/277;2009/277;NA;NA;18285495
56578867;194/2010 Sb.;2010/194;2010/194;NA;NA;18812121
56578910;194/2010 Sb.;2010/194;2010/194;NA;NA;18780391
56578911;194/2010 Sb.;2010/194;2010/194;NA;NA;18780409
56578919;194/2010 Sb.;2010/194;2010/194;NA;NA;18780415
56216753;372/2011 Sb.;2011/372;2011/372;NA;NA;19376911
56217103;372/2011 Sb.;2011/372;2011/372;NA;NA;19416785
56893791;427/2011 Sb.;2011/427;2011/427;NA;NA;19422109
19885513;455/2011 Sb.;2011/455;2011/455;NA;NA;19171341
19885517;455/2011 Sb.;2011/455;2011/455;NA;NA;19171345
19885518;455/2011 Sb.;2011/455;2011/455;NA;NA;19171349
19885521;455/2011 Sb.;2011/455;2011/455;NA;NA;19171353
19885523;455/2011 Sb.;2011/455;2011/455;NA;NA;19171363
19885524;455/2011 Sb.;2011/455;2011/455;NA;NA;19171367
19885528;455/2011 Sb.;2011/455;2011/455;NA;NA;19171407
19885546;455/2011 Sb.;2011/455;2011/455;NA;NA;18945459
19885546;455/2011 Sb.;2011/455;2011/455;NA;NA;18945463
19885552;455/2011 Sb.;2011/455;2011/455;NA;NA;18945521
19885553;455/2011 Sb.;2011/455;2011/455;NA;NA;18945525
19885554;455/2011 Sb.;2011/455;2011/455;NA;NA;18945529
19885573;455/2011 Sb.;2011/455;2011/455;NA;NA;18945533
19885575;455/2011 Sb.;2011/455;2011/455;NA;NA;18945537
19885576;455/2011 Sb.;2011/455;2011/455;NA;NA;18945541
19885584;455/2011 Sb.;2011/455;2011/455;NA;NA;18945545
19885585;455/2011 Sb.;2011/455;2011/455;NA;NA;18945549
19885594;455/2011 Sb.;2011/455;2011/455;NA;NA;18945553
19885598;455/2011 Sb.;2011/455;2011/455;NA;NA;18945569
19885611;455/2011 Sb.;2011/455;2011/455;NA;NA;19158995
19885611;455/2011 Sb.;2011/455;2011/455;NA;NA;19158999
19885617;455/2011 Sb.;2011/455;2011/455;NA;NA;19159003
19885618;455/2011 Sb.;2011/455;2011/455;NA;NA;19159007
19885618;455/2011 Sb.;2011/455;2011/455;NA;NA;19159011
19885619;455/2011 Sb.;2011/455;2011/455;NA;NA;18945573
19885619;455/2011 Sb.;2011/455;2011/455;NA;NA;18945577
19885632;455/2011 Sb.;2011/455;2011/455;NA;NA;18945581
19885634;455/2011 Sb.;2011/455;2011/455;NA;NA;18945585
19885635;455/2011 Sb.;2011/455;2011/455;NA;NA;18945589
19885643;455/2011 Sb.;2011/455;2011/455;NA;NA;18945593
19885646;455/2011 Sb.;2011/455;2011/455;NA;NA;18945597
19885650;455/2011 Sb.;2011/455;2011/455;NA;NA;18945613
19885694;455/2011 Sb.;2011/455;2011/455;NA;NA;18945635
19885695;455/2011 Sb.;2011/455;2011/455;NA;NA;18945639
19885695;455/2011 Sb.;2011/455;2011/455;NA;NA;18945643
19885696;455/2011 Sb.;2011/455;2011/455;NA;NA;18945647
19885696;455/2011 Sb.;2011/455;2011/455;NA;NA;18945651
19885707;455/2011 Sb.;2011/455;2011/455;NA;NA;18945679
19885725;455/2011 Sb.;2011/455;2011/455;NA;NA;18945695
19885756;455/2011 Sb.;2011/455;2011/455;NA;NA;18945711
19885762;455/2011 Sb.;2011/455;2011/455;NA;NA;18945721
19885767;455/2011 Sb.;2011/455;2011/455;NA;NA;18945737
19885769;455/2011 Sb.;2011/455;2011/455;NA;NA;18945741
19885785;455/2011 Sb.;2011/455;2011/455;NA;NA;18945769
19885796;455/2011 Sb.;2011/455;2011/455;NA;NA;18945791
19885817;455/2011 Sb.;2011/455;2011/455;NA;NA;18945795
19885841;455/2011 Sb.;2011/455;2011/455;NA;NA;18945847
19885855;455/2011 Sb.;2011/455;2011/455;NA;NA;18945881
19885871;455/2011 Sb.;2011/455;2011/455;NA;NA;18945903
19885893;455/2011 Sb.;2011/455;2011/455;NA;NA;19171529
19885894;455/2011 Sb.;2011/455;2011/455;NA;NA;19171533
19885895;455/2011 Sb.;2011/455;2011/455;NA;NA;19171537
19885896;455/2011 Sb.;2011/455;2011/455;NA;NA;19171541
19885898;455/2011 Sb.;2011/455;2011/455;NA;NA;19171545
19885901;455/2011 Sb.;2011/455;2011/455;NA;NA;19171555
19885903;455/2011 Sb.;2011/455;2011/455;NA;NA;19171559
19885915;455/2011 Sb.;2011/455;2011/455;NA;NA;19171563
19885916;455/2011 Sb.;2011/455;2011/455;NA;NA;19171567
19885918;455/2011 Sb.;2011/455;2011/455;NA;NA;19171583
19885920;455/2011 Sb.;2011/455;2011/455;NA;NA;19171611
19885921;455/2011 Sb.;2011/455;2011/455;NA;NA;19171621
19885925;455/2011 Sb.;2011/455;2011/455;NA;NA;19171631
19885926;455/2011 Sb.;2011/455;2011/455;NA;NA;19171641
19885927;455/2011 Sb.;2011/455;2011/455;NA;NA;19171645
19885929;455/2011 Sb.;2011/455;2011/455;NA;NA;19171649
19885930;455/2011 Sb.;2011/455;2011/455;NA;NA;19171653
19885932;455/2011 Sb.;2011/455;2011/455;full;FALSE;19171675
19885955;455/2011 Sb.;2011/455;2011/455;NA;NA;19318273
19885959;455/2011 Sb.;2011/455;2011/455;NA;NA;19171691
19885965;455/2011 Sb.;2011/455;2011/455;NA;NA;19171737
19885966;455/2011 Sb.;2011/455;2011/455;NA;NA;19171765
19885984;455/2011 Sb.;2011/455;2011/455;NA;NA;19171829
19885984;455/2011 Sb.;2011/455;2011/455;NA;NA;19171833
19885984;455/2011 Sb.;2011/455;2011/455;NA;NA;19171837
19885985;455/2011 Sb.;2011/455;2011/455;NA;NA;19171853
19885990;455/2011 Sb.;2011/455;2011/455;NA;NA;19171869
19885990;455/2011 Sb.;2011/455;2011/455;NA;NA;19171873
19885999;455/2011 Sb.;2011/455;2011/455;NA;NA;19171955
19886002;455/2011 Sb.;2011/455;2011/455;NA;NA;19352283
19886008;455/2011 Sb.;2011/455;2011/455;NA;NA;19352317
19886025;455/2011 Sb.;2011/455;2011/455;NA;NA;19352369
19886029;455/2011 Sb.;2011/455;2011/455;NA;NA;19352373
19886044;455/2011 Sb.;2011/455;2011/455;NA;NA;19352389
19886044;455/2011 Sb.;2011/455;2011/455;NA;NA;19352393
19886057;455/2011 Sb.;2011/455;2011/455;NA;NA;19352415
19886063;455/2011 Sb.;2011/455;2011/455;NA;NA;19390391
19886084;455/2011 Sb.;2011/455;2011/455;NA;NA;19390431
19886109;455/2011 Sb.;2011/455;2011/455;NA;NA;19171989
19886109;455/2011 Sb.;2011/455;2011/455;NA;NA;19171993
19886114;455/2011 Sb.;2011/455;2011/455;NA;NA;19172015
19886116;455/2011 Sb.;2011/455;2011/455;NA;NA;19172031
19886119;455/2011 Sb.;2011/455;2011/455;NA;NA;19172035
19886120;455/2011 Sb.;2011/455;2011/455;NA;NA;19172051
19886121;455/2011 Sb.;2011/455;2011/455;NA;NA;19172067
19886124;455/2011 Sb.;2011/455;2011/455;NA;NA;19172107
19886126;455/2011 Sb.;2011/455;2011/455;NA;NA;19172117
19886126;455/2011 Sb.;2011/455;2011/455;NA;NA;19172121
19886129;455/2011 Sb.;2011/455;2011/455;NA;NA;19172143
19886130;455/2011 Sb.;2011/455;2011/455;NA;NA;19172147
19886131;455/2011 Sb.;2011/455;2011/455;NA;NA;19172151
19886142;455/2011 Sb.;2011/455;2011/455;NA;NA;19172197
19886146;455/2011 Sb.;2011/455;2011/455;NA;NA;19172243
19886146;455/2011 Sb.;2011/455;2011/455;NA;NA;19172247
19886151;455/2011 Sb.;2011/455;2011/455;NA;NA;19172251
19886156;455/2011 Sb.;2011/455;2011/455;NA;NA;19172255
19886156;455/2011 Sb.;2011/455;2011/455;NA;NA;19172259
19886163;455/2011 Sb.;2011/455;2011/455;NA;NA;19172287
19886166;455/2011 Sb.;2011/455;2011/455;NA;NA;19172297
19886198;455/2011 Sb.;2011/455;2011/455;NA;NA;19426031
19886214;455/2011 Sb.;2011/455;2011/455;NA;NA;19426089
19885624;455/2011 Sb.;2011/455;2011/455;NA;NA;19426141
19885586;455/2011 Sb.;2011/455;2011/455;NA;NA;19426157
19980111;73/2012 Sb.;2012/73;2012/73;NA;NA;19525057
20147761;90/2012 Sb.;2012/90;2012/90;NA;NA;19551931
56671530;165/2012 Sb.;2012/165;2012/165;NA;NA;19573333
56671580;165/2012 Sb.;2012/165;2012/165;NA;NA;19696991
56671581;165/2012 Sb.;2012/165;2012/165;NA;NA;19696997
56671600;165/2012 Sb.;2012/165;2012/165;NA;NA;19697241
56671601;165/2012 Sb.;2012/165;2012/165;NA;NA;19697247
56671602;165/2012 Sb.;2012/165;2012/165;NA;NA;19697253
56671603;165/2012 Sb.;2012/165;2012/165;NA;NA;19697259
20299075;201/2012 Sb.;2012/201;2012/201;NA;NA;19698421
20419696;383/2012 Sb.;2012/383;2012/383;NA;NA;19636355
56393914;496/2012 Sb.;2012/496;2012/496;NA;NA;19673421
56394034;496/2012 Sb.;2012/496;2012/496;NA;NA;19673303
56281508;292/2013 Sb.;2013/292;2013/292;NA;NA;20246629
55940493;355/2014 Sb.;2014/355;2014/355;NA;NA;20296057
21750602;224/2015 Sb.;2015/224;2015/224;NA;NA;20598301
21750367;224/2015 Sb.;2015/224;2015/224;NA;NA;20598311
56378746;374/2015 Sb.;2015/374;2015/374;NA;NA;20636511
56380840;374/2015 Sb.;2015/374;2015/374;NA;NA;20758801
56232032;134/2016 Sb.;2016/134;2016/134;NA;NA;20929995
23174748;135/2020 Sb.;2020/135;2004/561;para;FALSE;21880173
23174748;135/2020 Sb.;2020/135;2004/561;para;FALSE;21880181
23229088;300/2020 Sb.;2020/300;1992/589;para;FALSE;21990359
23229089;300/2020 Sb.;2020/300;1992/589;para;FALSE;21990341
23427518;121/2021 Sb.;2021/121;1992/589;para;FALSE;22061261
23427519;121/2021 Sb.;2021/121;1992/589;para;FALSE;22061279
56597451;283/2021 Sb.;2021/283;2021/283;NA;NA;22149737
56597766;283/2021 Sb.;2021/283;2021/283;NA;NA;22149881
56597787;283/2021 Sb.;2021/283;2021/283;NA;NA;22297457
56597787;283/2021 Sb.;2021/283;2021/283;NA;NA;22297489
56597909;283/2021 Sb.;2021/283;2021/283;NA;NA;22303173
23772147;518/2021 Sb.;2021/518;1992/589;para;FALSE;22368783
23772148;518/2021 Sb.;2021/518;1992/589;para;FALSE;22368771
24105671;181/2023 Sb.;2023/181;1992/589;para;FALSE;22705423
56240704;582/1991 Sb.;1991/582;1991/582;NA;NA;30343703
56240711;582/1991 Sb.;1991/582;1991/582;NA;NA;30343745
56240714;582/1991 Sb.;1991/582;1991/582;NA;NA;30343835
56240714;582/1991 Sb.;1991/582;1991/582;NA;NA;30343845
56240722;582/1991 Sb.;1991/582;1991/582;NA;NA;30343907
56240744;582/1991 Sb.;1991/582;1991/582;NA;NA;30359865
56240744;582/1991 Sb.;1991/582;1991/582;NA;NA;30359875
56240744;582/1991 Sb.;1991/582;1995/155;para;FALSE;30359885
56240744;582/1991 Sb.;1991/582;1995/155;para;FALSE;30359905
56240906;582/1991 Sb.;1991/582;1991/582;NA;NA;30359945
56240906;582/1991 Sb.;1991/582;1991/582;NA;NA;30359955
56240908;582/1991 Sb.;1991/582;1991/582;NA;NA;30360293
56240908;582/1991 Sb.;1991/582;1991/582;NA;NA;30360303
56240908;582/1991 Sb.;1991/582;1991/582;NA;NA;30360313
56240908;582/1991 Sb.;1991/582;1991/582;NA;NA;30360323
56240908;582/1991 Sb.;1991/582;1991/582;NA;NA;30360333
56240908;582/1991 Sb.;1991/582;1991/582;NA;NA;30360343
56240908;582/1991 Sb.;1991/582;1991/582;NA;NA;30360353
56240908;582/1991 Sb.;1991/582;1991/582;NA;NA;30360363
56240177;582/1991 Sb.;1991/582;1991/582;NA;NA;30360397
56240287;582/1991 Sb.;1991/582;1991/582;NA;NA;30360429
56240289;582/1991 Sb.;1991/582;1991/582;NA;NA;30360733
56240289;582/1991 Sb.;1991/582;1991/582;NA;NA;30360741
56240289;582/1991 Sb.;1991/582;1995/155;para;FALSE;30360677
56240289;582/1991 Sb.;1991/582;1995/155;para;FALSE;30360685
56240289;582/1991 Sb.;1991/582;1995/155;para;FALSE;30360693
56240289;582/1991 Sb.;1991/582;1995/155;para;FALSE;30360701
56240289;582/1991 Sb.;1991/582;1995/155;para;FALSE;30360709
56240289;582/1991 Sb.;1991/582;1995/155;para;FALSE;30360717
56240289;582/1991 Sb.;1991/582;1995/155;para;FALSE;30360725
56240641;582/1991 Sb.;1991/582;1991/582;NA;NA;30360285
56240642;582/1991 Sb.;1991/582;1991/582;NA;NA;30360749
56240643;582/1991 Sb.;1991/582;2006/262;para;FALSE;30360805
56240643;582/1991 Sb.;1991/582;2006/262;para;FALSE;30360813
56240659;582/1991 Sb.;1991/582;1991/582;NA;NA;30361037
56240659;582/1991 Sb.;1991/582;1991/582;NA;NA;30361045
56240659;582/1991 Sb.;1991/582;1991/582;NA;NA;30361053
56240659;582/1991 Sb.;1991/582;1991/582;NA;NA;30361061
56240659;582/1991 Sb.;1991/582;1991/582;NA;NA;30361069
56240659;582/1991 Sb.;1991/582;1991/582;NA;NA;30361077
56240659;582/1991 Sb.;1991/582;1991/582;NA;NA;30361085
56240659;582/1991 Sb.;1991/582;1991/582;NA;NA;30361093
56240659;582/1991 Sb.;1991/582;1991/582;NA;NA;30361101
56240729;582/1991 Sb.;1991/582;1995/155;para;FALSE;30369423
56240729;582/1991 Sb.;1991/582;1995/155;para;FALSE;30369431
56240729;582/1991 Sb.;1991/582;1995/155;para;FALSE;30369439
56240729;582/1991 Sb.;1991/582;1995/155;para;FALSE;30369447
56240729;582/1991 Sb.;1991/582;1995/155;para;FALSE;30369455
56240729;582/1991 Sb.;1991/582;1995/155;para;FALSE;30369463
56240780;582/1991 Sb.;1991/582;1991/582;NA;NA;30369695
56240780;582/1991 Sb.;1991/582;1991/582;NA;NA;30369703
56240780;582/1991 Sb.;1991/582;1995/155;para;FALSE;30369663
56240780;582/1991 Sb.;1991/582;1995/155;para;FALSE;30369671
56240780;582/1991 Sb.;1991/582;1995/155;para;FALSE;30369679
56240780;582/1991 Sb.;1991/582;1995/155;para;FALSE;30369687
56240780;582/1991 Sb.;1991/582;1995/155;para;FALSE;30369711
56240780;582/1991 Sb.;1991/582;1995/155;full;FALSE;30369719
56240769;582/1991 Sb.;1991/582;2004/500;para;FALSE;30369743
56240769;582/1991 Sb.;1991/582;2004/500;para;FALSE;30369751
56240949;582/1991 Sb.;1991/582;1991/582;NA;NA;30369783
56240997;582/1991 Sb.;1991/582;1991/582;NA;NA;30370031
56240997;582/1991 Sb.;1991/582;1995/155;para;FALSE;30369999
56240997;582/1991 Sb.;1991/582;1995/155;para;FALSE;30370007
56240997;582/1991 Sb.;1991/582;1995/155;para;FALSE;30370015
56240997;582/1991 Sb.;1991/582;1995/155;para;FALSE;30370023
56240997;582/1991 Sb.;1991/582;1995/155;full;FALSE;30369991
56241076;582/1991 Sb.;1991/582;2006/262;para;FALSE;30370063
56241079;582/1991 Sb.;1991/582;1992/589;full;FALSE;30369975
56241079;582/1991 Sb.;1991/582;1992/589;full;FALSE;30369983
56241086;582/1991 Sb.;1991/582;1991/582;NA;NA;30333045
56241095;582/1991 Sb.;1991/582;1991/582;NA;NA;30333365
56241095;582/1991 Sb.;1991/582;1991/582;NA;NA;30333373
56241095;582/1991 Sb.;1991/582;1991/582;NA;NA;30333381
56241095;582/1991 Sb.;1991/582;1991/582;NA;NA;30333389
56241095;582/1991 Sb.;1991/582;1991/582;NA;NA;30333397
56241095;582/1991 Sb.;1991/582;1991/582;NA;NA;30333405
56241095;582/1991 Sb.;1991/582;1991/582;NA;NA;30333413
56241095;582/1991 Sb.;1991/582;1991/582;NA;NA;30333421
56241095;582/1991 Sb.;1991/582;1991/582;NA;NA;30333429
56241095;582/1991 Sb.;1991/582;1991/582;NA;NA;30333437
56241095;582/1991 Sb.;1991/582;1991/582;NA;NA;30333445
56241095;582/1991 Sb.;1991/582;1991/582;NA;NA;30333453
56241095;582/1991 Sb.;1991/582;1991/582;NA;NA;30333461
56241096;582/1991 Sb.;1991/582;1991/582;NA;NA;30333493
56241097;582/1991 Sb.;1991/582;1992/589;para;FALSE;30333597
56241097;582/1991 Sb.;1991/582;1992/589;para;FALSE;30333605
56241097;582/1991 Sb.;1991/582;1992/589;para;FALSE;30333621
56241173;582/1991 Sb.;1991/582;1999/326;para;FALSE;30333843
56241173;582/1991 Sb.;1991/582;1999/326;para;FALSE;30333853
56241181;582/1991 Sb.;1991/582;1988/100;para;FALSE;30333961
56241181;582/1991 Sb.;1991/582;1988/100;para;FALSE;30333971
56241182;582/1991 Sb.;1991/582;1965/35;full;FALSE;30334101
56241182;582/1991 Sb.;1991/582;1965/35;full;FALSE;30334111
56241182;582/1991 Sb.;1991/582;1965/35;full;FALSE;30334121
56241183;582/1991 Sb.;1991/582;1988/100;para;FALSE;30334291
56241183;582/1991 Sb.;1991/582;1988/100;para;FALSE;30334301
56241183;582/1991 Sb.;1991/582;1988/100;para;FALSE;30334311
56241183;582/1991 Sb.;1991/582;1988/100;para;FALSE;30334321
56241184;582/1991 Sb.;1991/582;1990/463;full;FALSE;30334371
56240255;582/1991 Sb.;1991/582;1991/582;NA;NA;30334899
56241055;582/1991 Sb.;1991/582;1991/582;NA;NA;30334933
56240114;582/1991 Sb.;1991/582;2006/262;para;FALSE;30334989
56240114;582/1991 Sb.;1991/582;2006/262;para;FALSE;30334997
56240226;582/1991 Sb.;1991/582;1991/582;para;FALSE;30335165
56240226;582/1991 Sb.;1991/582;1991/582;para;FALSE;30335173
56240226;582/1991 Sb.;1991/582;1991/582;para;FALSE;30335181
56240226;582/1991 Sb.;1991/582;1991/582;para;FALSE;30335189
56240226;582/1991 Sb.;1991/582;2006/187;para;FALSE;30335197
56240226;582/1991 Sb.;1991/582;2006/187;para;FALSE;30335205
56240291;582/1991 Sb.;1991/582;1991/582;NA;NA;30335309
56240291;582/1991 Sb.;1991/582;1991/582;NA;NA;30335317
56240291;582/1991 Sb.;1991/582;1991/582;NA;NA;30335325
56240291;582/1991 Sb.;1991/582;1991/582;NA;NA;30335333
56240422;582/1991 Sb.;1991/582;1991/582;NA;NA;30335373
56240422;582/1991 Sb.;1991/582;1991/582;NA;NA;30335381
56240424;582/1991 Sb.;1991/582;1991/582;NA;NA;30335413
56240450;582/1991 Sb.;1991/582;1991/582;NA;NA;30335445
56240506;582/1991 Sb.;1991/582;1991/582;NA;NA;30335501
56240506;582/1991 Sb.;1991/582;1991/582;NA;NA;30335509
56240512;582/1991 Sb.;1991/582;1991/582;NA;NA;30336115
56240512;582/1991 Sb.;1991/582;1991/582;NA;NA;30336123
56240512;582/1991 Sb.;1991/582;1991/582;NA;NA;30336131
56240512;582/1991 Sb.;1991/582;1991/582;NA;NA;30336139
56240512;582/1991 Sb.;1991/582;1991/582;NA;NA;30336147
56240512;582/1991 Sb.;1991/582;1991/582;NA;NA;30336155
56240524;582/1991 Sb.;1991/582;1991/582;NA;NA;30336307
56240524;582/1991 Sb.;1991/582;1991/582;NA;NA;30336315
56240524;582/1991 Sb.;1991/582;1991/582;NA;NA;30336323
56240524;582/1991 Sb.;1991/582;1991/582;NA;NA;30336331
56240524;582/1991 Sb.;1991/582;1991/582;NA;NA;30336339
56240524;582/1991 Sb.;1991/582;1991/582;NA;NA;30336347
56240537;582/1991 Sb.;1991/582;1991/582;NA;NA;30336451
56240537;582/1991 Sb.;1991/582;1991/582;NA;NA;30336459
56240537;582/1991 Sb.;1991/582;2006/187;para;FALSE;30336467
56240537;582/1991 Sb.;1991/582;2006/187;para;FALSE;30336475
56240543;582/1991 Sb.;1991/582;1991/582;NA;NA;30336555
56240543;582/1991 Sb.;1991/582;1991/582;NA;NA;30336563
56240543;582/1991 Sb.;1991/582;1991/582;NA;NA;30336571
56240545;582/1991 Sb.;1991/582;1991/582;NA;NA;30336627
56240545;582/1991 Sb.;1991/582;1991/582;NA;NA;30336635
56240580;582/1991 Sb.;1991/582;1991/582;NA;NA;30336691
56240580;582/1991 Sb.;1991/582;1991/582;NA;NA;30336699
56240585;582/1991 Sb.;1991/582;1991/582;NA;NA;30336731
56240586;582/1991 Sb.;1991/582;1991/582;NA;NA;30336971
56240586;582/1991 Sb.;1991/582;1991/582;NA;NA;30336979
56240586;582/1991 Sb.;1991/582;1995/155;para;FALSE;30336931
56240586;582/1991 Sb.;1991/582;1995/155;para;FALSE;30336939
56240586;582/1991 Sb.;1991/582;1995/155;para;FALSE;30336947
56240586;582/1991 Sb.;1991/582;1995/155;para;FALSE;30336955
56240586;582/1991 Sb.;1991/582;1995/155;para;FALSE;30336963
56240594;582/1991 Sb.;1991/582;1991/582;NA;NA;30371781
56240594;582/1991 Sb.;1991/582;1991/582;NA;NA;30371789
56240594;582/1991 Sb.;1991/582;1991/582;NA;NA;30371797
56240594;582/1991 Sb.;1991/582;1991/582;NA;NA;30371805
56240594;582/1991 Sb.;1991/582;1991/582;NA;NA;30371813
56240619;582/1991 Sb.;1991/582;1991/582;NA;NA;30371829
56240621;582/1991 Sb.;1991/582;1991/582;NA;NA;30371853
56240625;582/1991 Sb.;1991/582;1991/582;NA;NA;30371885
56240627;582/1991 Sb.;1991/582;1991/582;NA;NA;30371917
56240630;582/1991 Sb.;1991/582;1991/582;NA;NA;30371949
56240718;582/1991 Sb.;1991/582;1991/582;NA;NA;30371981
56240831;582/1991 Sb.;1991/582;2006/187;para;FALSE;30372037
56240831;582/1991 Sb.;1991/582;2006/187;para;FALSE;30372045
56240868;582/1991 Sb.;1991/582;1991/582;NA;NA;30372077
56240905;582/1991 Sb.;1991/582;1991/582;NA;NA;30372109
56241078;582/1991 Sb.;1991/582;1991/582;NA;NA;30372253
56241078;582/1991 Sb.;1991/582;1991/582;NA;NA;30372261
56241078;582/1991 Sb.;1991/582;1991/582;NA;NA;30372269
56241078;582/1991 Sb.;1991/582;2006/262;para;FALSE;30372237
56241078;582/1991 Sb.;1991/582;2006/262;para;FALSE;30372245
56241089;582/1991 Sb.;1991/582;1991/582;NA;NA;30372301
56241092;582/1991 Sb.;1991/582;2004/500;para;FALSE;30372357
56241092;582/1991 Sb.;1991/582;2004/500;para;FALSE;30372365
56240164;582/1991 Sb.;1991/582;1991/582;NA;NA;30372397
56240167;582/1991 Sb.;1991/582;1991/582;NA;NA;30372429
56240502;582/1991 Sb.;1991/582;1991/582;NA;NA;30372445
56240541;582/1991 Sb.;1991/582;1991/582;NA;NA;30372453
56240541;582/1991 Sb.;1991/582;1991/582;NA;NA;30372461
56240541;582/1991 Sb.;1991/582;1991/582;NA;NA;30372469
56240542;582/1991 Sb.;1991/582;1991/582;NA;NA;30337435
56240542;582/1991 Sb.;1991/582;1991/582;NA;NA;30337443
56240542;582/1991 Sb.;1991/582;1991/582;NA;NA;30337451
56240710;582/1991 Sb.;1991/582;1991/582;NA;NA;30337483
56240719;582/1991 Sb.;1991/582;1991/582;NA;NA;30337563
56240719;582/1991 Sb.;1991/582;1991/582;NA;NA;30337571
56240719;582/1991 Sb.;1991/582;1991/582;NA;NA;30337579
56240720;582/1991 Sb.;1991/582;1991/582;NA;NA;30337611
56240721;582/1991 Sb.;1991/582;1991/582;NA;NA;30337643
56240724;582/1991 Sb.;1991/582;1991/582;NA;NA;30337779
56240724;582/1991 Sb.;1991/582;1991/582;NA;NA;30337787
56240724;582/1991 Sb.;1991/582;1991/582;NA;NA;30337811
56240724;582/1991 Sb.;1991/582;1995/155;para;FALSE;30337795
56240724;582/1991 Sb.;1991/582;1995/155;para;FALSE;30337803
56240795;582/1991 Sb.;1991/582;1991/582;NA;NA;30337835
56240199;582/1991 Sb.;1991/582;1991/582;NA;NA;30337995
56240199;582/1991 Sb.;1991/582;1991/582;NA;NA;30338003
56240199;582/1991 Sb.;1991/582;1991/582;NA;NA;30338011
56240199;582/1991 Sb.;1991/582;1991/582;NA;NA;30338019
56240199;582/1991 Sb.;1991/582;1991/582;NA;NA;30338027
56240200;582/1991 Sb.;1991/582;1991/582;NA;NA;30344133
56240201;582/1991 Sb.;1991/582;1992/589;para;FALSE;30344189
56240201;582/1991 Sb.;1991/582;1992/589;para;FALSE;30344197
56240203;582/1991 Sb.;1991/582;1991/582;NA;NA;30344325
56240203;582/1991 Sb.;1991/582;1991/582;NA;NA;30344333
56240203;582/1991 Sb.;1991/582;1991/582;NA;NA;30344341
56240203;582/1991 Sb.;1991/582;1991/582;NA;NA;30344349
56240203;582/1991 Sb.;1991/582;1991/582;NA;NA;30344357
56240204;582/1991 Sb.;1991/582;1991/582;NA;NA;30344413
56240204;582/1991 Sb.;1991/582;1991/582;NA;NA;30344421
56240209;582/1991 Sb.;1991/582;1991/582;NA;NA;30344453
56240210;582/1991 Sb.;1991/582;1991/582;NA;NA;30344509
56240210;582/1991 Sb.;1991/582;2004/435;para;FALSE;30344517
56240213;582/1991 Sb.;1991/582;1991/582;NA;NA;30344549
56240217;582/1991 Sb.;1991/582;1991/582;NA;NA;30344581
56240218;582/1991 Sb.;1991/582;1991/582;NA;NA;30344805
56240218;582/1991 Sb.;1991/582;1991/582;NA;NA;30344813
56240218;582/1991 Sb.;1991/582;1991/582;NA;NA;30344821
56240218;582/1991 Sb.;1991/582;1991/582;NA;NA;30344829
56240218;582/1991 Sb.;1991/582;1991/582;NA;NA;30344837
56240218;582/1991 Sb.;1991/582;1991/582;NA;NA;30344845
56240218;582/1991 Sb.;1991/582;1991/582;NA;NA;30344853
56240218;582/1991 Sb.;1991/582;1991/582;NA;NA;30344861
56240218;582/1991 Sb.;1991/582;1991/582;NA;NA;30344869
56240219;582/1991 Sb.;1991/582;1991/582;NA;NA;30345077
56240219;582/1991 Sb.;1991/582;1991/582;NA;NA;30345085
56240219;582/1991 Sb.;1991/582;1991/582;NA;NA;30345093
56240219;582/1991 Sb.;1991/582;1991/582;NA;NA;30345101
56240219;582/1991 Sb.;1991/582;1991/582;NA;NA;30345109
56240219;582/1991 Sb.;1991/582;1991/582;NA;NA;30345117
56240219;582/1991 Sb.;1991/582;1991/582;NA;NA;30345125
56240220;582/1991 Sb.;1991/582;1991/582;NA;NA;30345229
56240220;582/1991 Sb.;1991/582;1991/582;NA;NA;30345237
56240220;582/1991 Sb.;1991/582;1991/582;NA;NA;30345245
56240220;582/1991 Sb.;1991/582;1991/582;NA;NA;30345253
56240221;582/1991 Sb.;1991/582;1991/582;NA;NA;30345325
56240221;582/1991 Sb.;1991/582;1991/582;NA;NA;30345333
56240221;582/1991 Sb.;1991/582;1991/582;NA;NA;30345341
56240221;582/1991 Sb.;1991/582;1991/582;NA;NA;30345349
56240223;582/1991 Sb.;1991/582;1991/582;NA;NA;30345405
56240223;582/1991 Sb.;1991/582;1991/582;NA;NA;30345413
56240225;582/1991 Sb.;1991/582;1991/582;NA;NA;30345445
56240583;582/1991 Sb.;1991/582;1991/582;NA;NA;30361197
56240756;582/1991 Sb.;1991/582;1991/582;NA;NA;30361301
56240756;582/1991 Sb.;1991/582;1991/582;NA;NA;30361309
56240756;582/1991 Sb.;1991/582;1991/582;NA;NA;30361317
56240756;582/1991 Sb.;1991/582;1991/582;NA;NA;30361325
56240765;582/1991 Sb.;1991/582;1991/582;NA;NA;30361357
56240784;582/1991 Sb.;1991/582;1991/582;NA;NA;30361533
56240784;582/1991 Sb.;1991/582;1991/582;NA;NA;30361541
56240784;582/1991 Sb.;1991/582;1991/582;NA;NA;30361549
56240784;582/1991 Sb.;1991/582;1991/582;NA;NA;30361557
56240784;582/1991 Sb.;1991/582;1991/582;NA;NA;30361565
56240784;582/1991 Sb.;1991/582;1991/582;NA;NA;30361573
56240784;582/1991 Sb.;1991/582;1991/582;NA;NA;30361581
56240909;582/1991 Sb.;1991/582;1991/582;NA;NA;30361637
56240909;582/1991 Sb.;1991/582;1991/582;NA;NA;30361645
56241011;582/1991 Sb.;1991/582;2004/435;para;FALSE;30361677
56240229;582/1991 Sb.;1991/582;1991/582;NA;NA;30361709
56240242;582/1991 Sb.;1991/582;2004/435;para;FALSE;30361741
56240244;582/1991 Sb.;1991/582;1991/582;NA;NA;30361773
56240245;582/1991 Sb.;1991/582;1991/582;NA;NA;30361805
56240246;582/1991 Sb.;1991/582;1991/582;NA;NA;30361901
56240246;582/1991 Sb.;1991/582;1991/582;NA;NA;30361885
56240246;582/1991 Sb.;1991/582;1991/582;NA;NA;30361893
56240247;582/1991 Sb.;1991/582;1991/582;NA;NA;30370071
56240247;582/1991 Sb.;1991/582;1991/582;NA;NA;30370079
56240248;582/1991 Sb.;1991/582;1991/582;NA;NA;30370135
56240248;582/1991 Sb.;1991/582;1991/582;NA;NA;30370143
56240276;582/1991 Sb.;1991/582;1991/582;NA;NA;30370175
56240277;582/1991 Sb.;1991/582;1991/582;NA;NA;30370231
56240277;582/1991 Sb.;1991/582;1991/582;NA;NA;30370239
56240357;582/1991 Sb.;1991/582;2004/500;para;FALSE;30370535
56240357;582/1991 Sb.;1991/582;2004/500;para;FALSE;30370543
56240357;582/1991 Sb.;1991/582;2004/500;para;FALSE;30370551
56240357;582/1991 Sb.;1991/582;2004/500;para;FALSE;30370559
56240357;582/1991 Sb.;1991/582;2004/500;para;FALSE;30370567
56240357;582/1991 Sb.;1991/582;2004/500;para;FALSE;30370575
56240357;582/1991 Sb.;1991/582;2004/500;para;FALSE;30370583
56240357;582/1991 Sb.;1991/582;2004/500;para;FALSE;30370591
56240357;582/1991 Sb.;1991/582;2004/500;para;FALSE;30370599
56240357;582/1991 Sb.;1991/582;2004/500;para;FALSE;30370607
56240357;582/1991 Sb.;1991/582;2004/500;para;FALSE;30370615
56240357;582/1991 Sb.;1991/582;2004/500;para;FALSE;30370623
56240358;582/1991 Sb.;1991/582;1991/582;NA;NA;30370703
56240358;582/1991 Sb.;1991/582;1991/582;NA;NA;30370711
56240358;582/1991 Sb.;1991/582;1991/582;NA;NA;30370719
56240359;582/1991 Sb.;1991/582;1991/582;NA;NA;30370799
56240359;582/1991 Sb.;1991/582;1991/582;NA;NA;30370807
56240359;582/1991 Sb.;1991/582;1991/582;NA;NA;30370815
56240369;582/1991 Sb.;1991/582;1991/582;NA;NA;30370847
56240665;582/1991 Sb.;1991/582;1991/582;NA;NA;30370903
56240665;582/1991 Sb.;1991/582;1991/582;NA;NA;30370911
56240699;582/1991 Sb.;1991/582;1991/582;NA;NA;30370991
56240699;582/1991 Sb.;1991/582;1991/582;NA;NA;30370999
56240699;582/1991 Sb.;1991/582;1991/582;NA;NA;30371007
56240787;582/1991 Sb.;1991/582;1991/582;NA;NA;30371063
56240787;582/1991 Sb.;1991/582;1991/582;NA;NA;30371071
56240798;582/1991 Sb.;1991/582;1991/582;NA;NA;30371127
56240798;582/1991 Sb.;1991/582;1991/582;NA;NA;30371135
56240799;582/1991 Sb.;1991/582;1991/582;NA;NA;30371191
56240799;582/1991 Sb.;1991/582;1991/582;NA;NA;30371199
56240800;582/1991 Sb.;1991/582;1991/582;NA;NA;30371255
56240800;582/1991 Sb.;1991/582;1991/582;NA;NA;30371263
56240801;582/1991 Sb.;1991/582;1991/582;NA;NA;30371303
56240801;582/1991 Sb.;1991/582;1991/582;NA;NA;30371311
56240790;582/1991 Sb.;1991/582;1991/582;NA;NA;30334485
56240790;582/1991 Sb.;1991/582;2004/500;para;FALSE;30334469
56240790;582/1991 Sb.;1991/582;2004/500;para;FALSE;30334477
56240816;582/1991 Sb.;1991/582;1991/582;NA;NA;30334541
56240816;582/1991 Sb.;1991/582;1991/582;NA;NA;30334549
56241020;582/1991 Sb.;1991/582;1991/582;NA;NA;30334605
56241020;582/1991 Sb.;1991/582;1991/582;NA;NA;30334613
56155648;589/1992 Sb.;1992/589;1992/589;NA;NA;30334625
56155682;589/1992 Sb.;1992/589;1995/155;para;FALSE;30334645
56155682;589/1992 Sb.;1992/589;1995/155;para;FALSE;30334649
56155682;589/1992 Sb.;1992/589;1995/155;para;FALSE;30334653
56155682;589/1992 Sb.;1992/589;1995/155;para;FALSE;30334657
56155686;589/1992 Sb.;1992/589;1992/589;NA;NA;30334665
56155690;589/1992 Sb.;1992/589;1992/589;NA;NA;30334677
56155690;589/1992 Sb.;1992/589;2006/262;full;FALSE;30334681
56155694;589/1992 Sb.;1992/589;2006/187;full;FALSE;30334689
56155696;589/1992 Sb.;1992/589;1992/589;NA;NA;30334697
56155701;589/1992 Sb.;1992/589;1992/589;NA;NA;30334717
56155701;589/1992 Sb.;1992/589;1992/589;NA;NA;30334721
56155701;589/1992 Sb.;1992/589;1992/589;NA;NA;30334725
56155701;589/1992 Sb.;1992/589;1992/589;NA;NA;30334729
56155842;589/1992 Sb.;1992/589;1992/589;NA;NA;30334761
56155617;589/1992 Sb.;1992/589;1992/589;NA;NA;30334787
56155617;589/1992 Sb.;1992/589;2006/187;full;FALSE;30334783
56155626;589/1992 Sb.;1992/589;1992/589;NA;NA;30334807
56155626;589/1992 Sb.;1992/589;1992/589;NA;NA;30334815
56155626;589/1992 Sb.;1992/589;1992/586;full;FALSE;30334811
56155645;589/1992 Sb.;1992/589;1992/589;NA;NA;30334823
56155646;589/1992 Sb.;1992/589;1992/589;NA;NA;30334847
56155647;589/1992 Sb.;1992/589;1992/589;NA;NA;30335621
56155647;589/1992 Sb.;1992/589;1992/589;NA;NA;30335625
56155647;589/1992 Sb.;1992/589;1992/589;NA;NA;30335629
56155647;589/1992 Sb.;1992/589;1992/589;NA;NA;30335633
56155647;589/1992 Sb.;1992/589;1992/589;NA;NA;30335637
56155647;589/1992 Sb.;1992/589;1992/589;NA;NA;30335641
56155671;589/1992 Sb.;1992/589;1992/589;NA;NA;30335649
56155742;589/1992 Sb.;1992/589;1992/589;NA;NA;30335593
56155748;589/1992 Sb.;1992/589;1992/589;NA;NA;30335695
56155748;589/1992 Sb.;1992/589;1992/589;NA;NA;30335699
56155749;589/1992 Sb.;1992/589;1992/589;NA;NA;30335715
56155749;589/1992 Sb.;1992/589;1992/589;NA;NA;30335719
56155749;589/1992 Sb.;1992/589;1992/589;NA;NA;30335723
56155752;589/1992 Sb.;1992/589;1992/589;NA;NA;30335609
56155752;589/1992 Sb.;1992/589;1992/589;NA;NA;30335613
56155752;589/1992 Sb.;1992/589;1992/589;NA;NA;30335617
56155758;589/1992 Sb.;1992/589;1992/589;NA;NA;30335739
56155758;589/1992 Sb.;1992/589;1992/589;NA;NA;30335743
56155758;589/1992 Sb.;1992/589;1992/589;NA;NA;30335747
56155879;589/1992 Sb.;1992/589;1992/589;NA;NA;30335783
56155879;589/1992 Sb.;1992/589;1992/589;NA;NA;30335787
56155879;589/1992 Sb.;1992/589;1992/589;NA;NA;30335791
56155879;589/1992 Sb.;1992/589;1992/589;NA;NA;30335795
56155879;589/1992 Sb.;1992/589;1992/589;NA;NA;30335799
56155879;589/1992 Sb.;1992/589;1992/589;NA;NA;30335803
56155879;589/1992 Sb.;1992/589;1992/589;NA;NA;30335807
56769843;155/1995 Sb.;1995/155;1995/155;NA;NA;30372777
56769842;155/1995 Sb.;1995/155;1995/155;NA;NA;30372785
56769845;155/1995 Sb.;1995/155;1995/155;NA;NA;30372867
56769845;155/1995 Sb.;1995/155;1995/155;NA;NA;30372871
56769845;155/1995 Sb.;1995/155;1995/155;NA;NA;30372875
56769845;155/1995 Sb.;1995/155;1995/155;NA;NA;30372895
56769845;155/1995 Sb.;1995/155;1995/155;NA;NA;30372863
56769845;155/1995 Sb.;1995/155;1995/155;NA;NA;30372879
56769845;155/1995 Sb.;1995/155;1995/155;NA;NA;30372883
56769845;155/1995 Sb.;1995/155;1995/155;NA;NA;30372887
56769845;155/1995 Sb.;1995/155;1995/155;NA;NA;30372891
56769852;155/1995 Sb.;1995/155;1995/155;NA;NA;30372899
56769852;155/1995 Sb.;1995/155;1995/155;NA;NA;30372903
56769852;155/1995 Sb.;1995/155;1995/155;NA;NA;30372907
56769866;155/1995 Sb.;1995/155;1995/155;NA;NA;30338155
56769866;155/1995 Sb.;1995/155;1995/155;NA;NA;30338159
56769866;155/1995 Sb.;1995/155;1995/155;NA;NA;30338123
56769866;155/1995 Sb.;1995/155;1995/155;NA;NA;30338127
56769866;155/1995 Sb.;1995/155;1995/155;NA;NA;30338131
56769866;155/1995 Sb.;1995/155;1995/155;NA;NA;30338135
56769866;155/1995 Sb.;1995/155;1995/155;NA;NA;30338139
56769866;155/1995 Sb.;1995/155;1995/155;NA;NA;30338143
56769866;155/1995 Sb.;1995/155;1995/155;NA;NA;30338147
56769866;155/1995 Sb.;1995/155;1995/155;NA;NA;30338151
56769866;155/1995 Sb.;1995/155;1995/155;NA;NA;30338163
56769866;155/1995 Sb.;1995/155;1995/155;NA;NA;30338167
56769866;155/1995 Sb.;1995/155;1995/155;NA;NA;30338171
56769866;155/1995 Sb.;1995/155;1995/155;NA;NA;30338175
56769866;155/1995 Sb.;1995/155;1995/155;NA;NA;30338179
56769866;155/1995 Sb.;1995/155;1995/155;NA;NA;30338183
56769866;155/1995 Sb.;1995/155;1995/155;NA;NA;30338187
56769911;155/1995 Sb.;1995/155;1995/155;NA;NA;30372789
56769911;155/1995 Sb.;1995/155;1995/155;NA;NA;30372793
56769911;155/1995 Sb.;1995/155;1995/155;NA;NA;30372797
56770064;155/1995 Sb.;1995/155;1995/155;NA;NA;30338223
56770064;155/1995 Sb.;1995/155;1995/155;NA;NA;30338227
56770064;155/1995 Sb.;1995/155;1995/155;NA;NA;30338231
56770064;155/1995 Sb.;1995/155;1995/155;NA;NA;30338235
56770064;155/1995 Sb.;1995/155;1995/155;NA;NA;30338239
56769898;155/1995 Sb.;1995/155;1995/155;NA;NA;30338263
56769898;155/1995 Sb.;1995/155;1995/155;NA;NA;30338267
56769898;155/1995 Sb.;1995/155;1995/155;NA;NA;30338271
56769898;155/1995 Sb.;1995/155;1995/155;NA;NA;30338275
56769898;155/1995 Sb.;1995/155;1995/155;NA;NA;30338279
56769916;155/1995 Sb.;1995/155;1995/155;NA;NA;30338343
56769916;155/1995 Sb.;1995/155;1995/155;NA;NA;30338315
56769916;155/1995 Sb.;1995/155;1995/155;NA;NA;30338319
56769916;155/1995 Sb.;1995/155;1995/155;NA;NA;30338323
56769916;155/1995 Sb.;1995/155;1995/155;NA;NA;30338327
56769916;155/1995 Sb.;1995/155;1995/155;NA;NA;30338331
56769916;155/1995 Sb.;1995/155;1995/155;NA;NA;30338335
56769916;155/1995 Sb.;1995/155;1995/155;NA;NA;30338339
56770277;155/1995 Sb.;1995/155;1995/155;NA;NA;30372805
56770278;155/1995 Sb.;1995/155;1995/155;NA;NA;30335953
56770278;155/1995 Sb.;1995/155;1995/155;NA;NA;30335957
56770278;155/1995 Sb.;1995/155;1995/155;NA;NA;30335961
56770278;155/1995 Sb.;1995/155;1995/155;NA;NA;30335965
56770279;155/1995 Sb.;1995/155;1995/155;NA;NA;30337237
56770279;155/1995 Sb.;1995/155;1995/155;NA;NA;30337241
56770279;155/1995 Sb.;1995/155;1995/155;NA;NA;30337245
56770279;155/1995 Sb.;1995/155;1995/155;NA;NA;30337249
56770286;155/1995 Sb.;1995/155;1995/155;NA;NA;30338351
56770288;155/1995 Sb.;1995/155;1995/155;NA;NA;30338359
56770291;155/1995 Sb.;1995/155;1995/155;NA;NA;30338371
56770291;155/1995 Sb.;1995/155;1995/155;NA;NA;30338375
56190873;187/2006 Sb.;2006/187;2006/187;NA;NA;30337179
56190952;187/2006 Sb.;2006/187;2006/187;NA;NA;30337181
56190953;187/2006 Sb.;2006/187;2006/187;NA;NA;30337183
56190953;187/2006 Sb.;2006/187;2006/187;NA;NA;30337185
56190953;187/2006 Sb.;2006/187;2006/187;NA;NA;30337187
56190962;187/2006 Sb.;2006/187;2006/187;NA;NA;30337137
56190962;187/2006 Sb.;2006/187;2006/187;NA;NA;30337139
56190962;187/2006 Sb.;2006/187;2006/187;NA;NA;30337141
56190962;187/2006 Sb.;2006/187;2006/187;NA;NA;30337143
56190981;187/2006 Sb.;2006/187;2006/187;NA;NA;30337145
56190981;187/2006 Sb.;2006/187;2006/187;NA;NA;30337147
56190996;187/2006 Sb.;2006/187;2006/187;NA;NA;30338379
56190996;187/2006 Sb.;2006/187;2006/187;NA;NA;30338381
56190996;187/2006 Sb.;2006/187;2006/187;NA;NA;30338383
56190996;187/2006 Sb.;2006/187;2006/187;NA;NA;30338385
56190996;187/2006 Sb.;2006/187;2006/187;NA;NA;30338387
56190996;187/2006 Sb.;2006/187;2006/187;NA;NA;30338389
56190996;187/2006 Sb.;2006/187;2006/187;NA;NA;30338391
56190996;187/2006 Sb.;2006/187;2006/187;NA;NA;30338393
56190996;187/2006 Sb.;2006/187;2006/187;NA;NA;30338395
56190996;187/2006 Sb.;2006/187;2006/187;NA;NA;30338397
56191060;187/2006 Sb.;2006/187;2006/187;NA;NA;30338405
56191060;187/2006 Sb.;2006/187;2006/187;NA;NA;30338399
56191060;187/2006 Sb.;2006/187;2006/187;NA;NA;30338401
56191060;187/2006 Sb.;2006/187;2006/187;NA;NA;30338403
56191061;187/2006 Sb.;2006/187;2006/187;NA;NA;30338407
56191061;187/2006 Sb.;2006/187;2006/187;NA;NA;30338409
56191064;187/2006 Sb.;2006/187;2006/187;NA;NA;30338411
56192705;187/2006 Sb.;2006/187;1995/117;full;FALSE;30338413
56191065;187/2006 Sb.;2006/187;2006/187;NA;NA;30345469
56191085;187/2006 Sb.;2006/187;2006/187;NA;NA;30345471
56191089;187/2006 Sb.;2006/187;2006/187;NA;NA;30345473
56191801;187/2006 Sb.;2006/187;2006/187;NA;NA;30345475
56191801;187/2006 Sb.;2006/187;2006/187;NA;NA;30345477
56191802;187/2006 Sb.;2006/187;2006/187;NA;NA;30345479
56191802;187/2006 Sb.;2006/187;2004/435;para;FALSE;30345481
56191802;187/2006 Sb.;2006/187;2004/435;para;FALSE;30345483
56192049;187/2006 Sb.;2006/187;2006/187;NA;NA;30345485
56192122;187/2006 Sb.;2006/187;2006/187;NA;NA;30345491
56192122;187/2006 Sb.;2006/187;2004/435;para;FALSE;30345487
56192122;187/2006 Sb.;2006/187;2004/435;para;FALSE;30345489
56192175;187/2006 Sb.;2006/187;2006/187;NA;NA;30345493
56192175;187/2006 Sb.;2006/187;2006/187;NA;NA;30345495
56192175;187/2006 Sb.;2006/187;2006/187;NA;NA;30345497
56192175;187/2006 Sb.;2006/187;2006/187;NA;NA;30345499
56192175;187/2006 Sb.;2006/187;2006/187;NA;NA;30345501
56192175;187/2006 Sb.;2006/187;2006/187;NA;NA;30345503
56192175;187/2006 Sb.;2006/187;2006/187;NA;NA;30345505
56192182;187/2006 Sb.;2006/187;1991/582;para;FALSE;30345507
56192182;187/2006 Sb.;2006/187;1991/582;para;FALSE;30345511
56192348;187/2006 Sb.;2006/187;2006/187;NA;NA;30345513
56192348;187/2006 Sb.;2006/187;2006/187;NA;NA;30345515
56192349;187/2006 Sb.;2006/187;2006/187;NA;NA;30345517
56190672;187/2006 Sb.;2006/187;2006/187;NA;NA;30345519
56190849;187/2006 Sb.;2006/187;2006/187;NA;NA;30345521
56190849;187/2006 Sb.;2006/187;2006/187;NA;NA;30345523
56190871;187/2006 Sb.;2006/187;2006/187;NA;NA;30345525
56191823;187/2006 Sb.;2006/187;2006/187;NA;NA;30345527
56191823;187/2006 Sb.;2006/187;2006/187;NA;NA;30345529
56191823;187/2006 Sb.;2006/187;1999/359;full;FALSE;30345531
56191311;187/2006 Sb.;2006/187;2006/187;NA;NA;30361977
56191576;187/2006 Sb.;2006/187;2006/187;NA;NA;30361979
56191602;187/2006 Sb.;2006/187;2006/187;NA;NA;30361981
56191602;187/2006 Sb.;2006/187;2006/187;NA;NA;30361983
56191900;187/2006 Sb.;2006/187;2006/187;NA;NA;30337149
56191996;187/2006 Sb.;2006/187;2006/187;NA;NA;30337151
56191996;187/2006 Sb.;2006/187;2006/187;NA;NA;30337153
56192477;187/2006 Sb.;2006/187;1991/582;para;FALSE;30371693
56192477;187/2006 Sb.;2006/187;1991/582;para;FALSE;30371695
56191659;187/2006 Sb.;2006/187;2006/187;NA;NA;30371697
56191660;187/2006 Sb.;2006/187;2006/187;NA;NA;30371699
56191665;187/2006 Sb.;2006/187;2006/187;NA;NA;30335999
56191665;187/2006 Sb.;2006/187;2006/187;NA;NA;30336001
56191665;187/2006 Sb.;2006/187;2006/187;NA;NA;30336003
56191665;187/2006 Sb.;2006/187;2006/187;NA;NA;30336005
56191665;187/2006 Sb.;2006/187;2006/187;NA;NA;30336007
56191665;187/2006 Sb.;2006/187;2006/187;NA;NA;30336009
56191666;187/2006 Sb.;2006/187;2006/187;NA;NA;30336011
56191666;187/2006 Sb.;2006/187;2006/187;NA;NA;30336013
56191667;187/2006 Sb.;2006/187;2006/187;NA;NA;30336015
56191668;187/2006 Sb.;2006/187;2006/187;NA;NA;30336017
56191669;187/2006 Sb.;2006/187;2006/187;NA;NA;30361991
56191669;187/2006 Sb.;2006/187;2006/187;NA;NA;30361993
56191675;187/2006 Sb.;2006/187;2006/187;NA;NA;30361995
56191678;187/2006 Sb.;2006/187;2006/187;NA;NA;30361997
56191678;187/2006 Sb.;2006/187;2006/187;NA;NA;30361999
56191678;187/2006 Sb.;2006/187;2006/187;NA;NA;30362001
56191678;187/2006 Sb.;2006/187;2006/187;NA;NA;30362003
56191678;187/2006 Sb.;2006/187;2006/187;NA;NA;30362005
56191684;187/2006 Sb.;2006/187;2006/187;NA;NA;30362007
56191685;187/2006 Sb.;2006/187;2006/187;NA;NA;30362009
56191686;187/2006 Sb.;2006/187;2006/187;NA;NA;30362011
56191687;187/2006 Sb.;2006/187;2006/187;NA;NA;30362013
56191687;187/2006 Sb.;2006/187;2006/187;NA;NA;30362015
56191688;187/2006 Sb.;2006/187;2006/187;NA;NA;30362017
56191689;187/2006 Sb.;2006/187;2006/187;NA;NA;30372645
56191689;187/2006 Sb.;2006/187;2006/187;NA;NA;30372647
56191689;187/2006 Sb.;2006/187;2006/187;NA;NA;30372649
56191689;187/2006 Sb.;2006/187;2014/234;full;FALSE;30372651
56191709;187/2006 Sb.;2006/187;2006/187;NA;NA;30372845
56191709;187/2006 Sb.;2006/187;2006/187;NA;NA;30372847
56191709;187/2006 Sb.;2006/187;2006/187;NA;NA;30372849
56191709;187/2006 Sb.;2006/187;2006/187;NA;NA;30372851
56191709;187/2006 Sb.;2006/187;2006/187;NA;NA;30372853
56191709;187/2006 Sb.;2006/187;2006/187;NA;NA;30372855
56191709;187/2006 Sb.;2006/187;2006/187;NA;NA;30372857
56191709;187/2006 Sb.;2006/187;2006/187;NA;NA;30372859
56202231;262/2006 Sb.;2006/262;2006/262;NA;NA;30362019
56202231;262/2006 Sb.;2006/262;2006/262;NA;NA;30362021
56202237;262/2006 Sb.;2006/262;2006/262;NA;NA;30362023
56202237;262/2006 Sb.;2006/262;2006/262;NA;NA;30362025
56203674;262/2006 Sb.;2006/262;1991/582;part;FALSE;30362027
56203674;262/2006 Sb.;2006/262;1991/582;part;FALSE;30362029
56202775;262/2006 Sb.;2006/262;2006/262;NA;NA;30362031
56202776;262/2006 Sb.;2006/262;2006/262;NA;NA;30362033
56203176;262/2006 Sb.;2006/262;2006/262;NA;NA;30362039
56203176;262/2006 Sb.;2006/262;2006/262;NA;NA;30362035
56203176;262/2006 Sb.;2006/262;2006/262;NA;NA;30362037
56203176;262/2006 Sb.;2006/262;2006/262;NA;NA;30362045
56203176;262/2006 Sb.;2006/262;2004/435;para;FALSE;30362041
56203176;262/2006 Sb.;2006/262;2004/435;para;FALSE;30362043
56203211;262/2006 Sb.;2006/262;2021/283;para;FALSE;30362047
56203211;262/2006 Sb.;2006/262;2021/283;para;FALSE;30362049
56203212;262/2006 Sb.;2006/262;2006/262;NA;NA;30362051
56203213;262/2006 Sb.;2006/262;2006/262;NA;NA;30362053
56203214;262/2006 Sb.;2006/262;2006/262;NA;NA;30362055
56203215;262/2006 Sb.;2006/262;2006/262;NA;NA;30362057
56203221;262/2006 Sb.;2006/262;2006/262;NA;NA;30362059
56203221;262/2006 Sb.;2006/262;2006/262;NA;NA;30362061
56203222;262/2006 Sb.;2006/262;2006/262;NA;NA;30362063
56203223;262/2006 Sb.;2006/262;2006/262;NA;NA;30362065
56203224;262/2006 Sb.;2006/262;2006/262;NA;NA;30362067
56203225;262/2006 Sb.;2006/262;2006/262;NA;NA;30362069
56203234;262/2006 Sb.;2006/262;2006/262;NA;NA;30362071
56203234;262/2006 Sb.;2006/262;2006/262;NA;NA;30362073
56203234;262/2006 Sb.;2006/262;2006/262;NA;NA;30362075
56203234;262/2006 Sb.;2006/262;2006/262;NA;NA;30362077
56203234;262/2006 Sb.;2006/262;2006/262;NA;NA;30362079
56203234;262/2006 Sb.;2006/262;2006/262;NA;NA;30362081
56203234;262/2006 Sb.;2006/262;2006/262;NA;NA;30362083
56203234;262/2006 Sb.;2006/262;2006/262;NA;NA;30362085
56201353;262/2006 Sb.;2006/262;2006/262;NA;NA;30362099
56201353;262/2006 Sb.;2006/262;2006/262;NA;NA;30362103
56201354;262/2006 Sb.;2006/262;2006/262;NA;NA;30362107
56201358;262/2006 Sb.;2006/262;2006/262;NA;NA;30362109
56201358;262/2006 Sb.;2006/262;2006/262;NA;NA;30362111
56201359;262/2006 Sb.;2006/262;2006/262;NA;NA;30362113
56201360;262/2006 Sb.;2006/262;2006/262;NA;NA;30362115
56203719;262/2006 Sb.;2006/262;2004/95;full;FALSE;30362117
56203720;262/2006 Sb.;2006/262;2004/96;full;FALSE;30362119
56201422;262/2006 Sb.;2006/262;2006/262;NA;NA;30362121
56201422;262/2006 Sb.;2006/262;2006/262;NA;NA;30362123
56201422;262/2006 Sb.;2006/262;2006/262;NA;NA;30362125
56201446;262/2006 Sb.;2006/262;2006/262;NA;NA;30362127
56201446;262/2006 Sb.;2006/262;2006/262;NA;NA;30362129
56201446;262/2006 Sb.;2006/262;2006/262;NA;NA;30362131
56201446;262/2006 Sb.;2006/262;2006/262;NA;NA;30362133
56201446;262/2006 Sb.;2006/262;2006/262;NA;NA;30362135
56203427;262/2006 Sb.;2006/262;2006/262;NA;NA;30362137
56203427;262/2006 Sb.;2006/262;2006/262;NA;NA;30362139
56203427;262/2006 Sb.;2006/262;2006/262;NA;NA;30362141
56203427;262/2006 Sb.;2006/262;2006/262;NA;NA;30362143
56203427;262/2006 Sb.;2006/262;2006/262;NA;NA;30362145
56203427;262/2006 Sb.;2006/262;2006/262;NA;NA;30362147
56203427;262/2006 Sb.;2006/262;2006/262;NA;NA;30362149
56203427;262/2006 Sb.;2006/262;2006/262;NA;NA;30362151
56203427;262/2006 Sb.;2006/262;2006/262;NA;NA;30362153
56203427;262/2006 Sb.;2006/262;2006/262;NA;NA;30362155
56203427;262/2006 Sb.;2006/262;2006/262;NA;NA;30362157
56203427;262/2006 Sb.;2006/262;2006/262;NA;NA;30362159
56203427;262/2006 Sb.;2006/262;2006/262;NA;NA;30362161
56203427;262/2006 Sb.;2006/262;2006/262;NA;NA;30362163
56203427;262/2006 Sb.;2006/262;2006/262;NA;NA;30362165
56203427;262/2006 Sb.;2006/262;2006/262;NA;NA;30362167
56203427;262/2006 Sb.;2006/262;2006/262;NA;NA;30362169
56203427;262/2006 Sb.;2006/262;2006/262;NA;NA;30362171
56203427;262/2006 Sb.;2006/262;2006/262;NA;NA;30362173
56203427;262/2006 Sb.;2006/262;2006/262;NA;NA;30362175
56203427;262/2006 Sb.;2006/262;2006/262;NA;NA;30362177
56203427;262/2006 Sb.;2006/262;2006/262;NA;NA;30362179
56203427;262/2006 Sb.;2006/262;2006/262;NA;NA;30362181
56203427;262/2006 Sb.;2006/262;2006/262;NA;NA;30362183
56203427;262/2006 Sb.;2006/262;2006/262;NA;NA;30362185
56203427;262/2006 Sb.;2006/262;2006/262;NA;NA;30362187
56203427;262/2006 Sb.;2006/262;2006/262;NA;NA;30362189
56203427;262/2006 Sb.;2006/262;2006/262;NA;NA;30362191
56203427;262/2006 Sb.;2006/262;2006/262;NA;NA;30362193
56203427;262/2006 Sb.;2006/262;2006/262;NA;NA;30362195
56203427;262/2006 Sb.;2006/262;2006/262;NA;NA;30362197
56203427;262/2006 Sb.;2006/262;2006/262;NA;NA;30362199
56203427;262/2006 Sb.;2006/262;2006/262;NA;NA;30362201
56203427;262/2006 Sb.;2006/262;2006/262;NA;NA;30362203
56203427;262/2006 Sb.;2006/262;2006/262;NA;NA;30362205
56203427;262/2006 Sb.;2006/262;2006/262;NA;NA;30362207
56203427;262/2006 Sb.;2006/262;2006/262;NA;NA;30362209
56203427;262/2006 Sb.;2006/262;2006/262;NA;NA;30362211
56203427;262/2006 Sb.;2006/262;2006/262;NA;NA;30362213
56203427;262/2006 Sb.;2006/262;2006/262;NA;NA;30362215
56203427;262/2006 Sb.;2006/262;2006/262;NA;NA;30362217
56203427;262/2006 Sb.;2006/262;2006/262;NA;NA;30362219
56203427;262/2006 Sb.;2006/262;2006/262;NA;NA;30362221
56203427;262/2006 Sb.;2006/262;2006/262;NA;NA;30362223
56203427;262/2006 Sb.;2006/262;2006/262;NA;NA;30362225
56203427;262/2006 Sb.;2006/262;2006/262;NA;NA;30362227
56203427;262/2006 Sb.;2006/262;2006/262;NA;NA;30362229
56203427;262/2006 Sb.;2006/262;2006/262;NA;NA;30362231
56203427;262/2006 Sb.;2006/262;2006/262;NA;NA;30362233
56203427;262/2006 Sb.;2006/262;2006/262;NA;NA;30362235
56203427;262/2006 Sb.;2006/262;2006/262;NA;NA;30362237
56203427;262/2006 Sb.;2006/262;2006/262;NA;NA;30362239
56203427;262/2006 Sb.;2006/262;2006/262;NA;NA;30362241
56203427;262/2006 Sb.;2006/262;2006/262;NA;NA;30362243
56203427;262/2006 Sb.;2006/262;2006/262;NA;NA;30362245
56203427;262/2006 Sb.;2006/262;2006/262;NA;NA;30362247
56203427;262/2006 Sb.;2006/262;2006/262;NA;NA;30362249
56203427;262/2006 Sb.;2006/262;2006/262;NA;NA;30362251
56203427;262/2006 Sb.;2006/262;2006/262;NA;NA;30362253
56203427;262/2006 Sb.;2006/262;2006/262;NA;NA;30362255
56203427;262/2006 Sb.;2006/262;2006/262;NA;NA;30362257
56203427;262/2006 Sb.;2006/262;2006/262;NA;NA;30362259
56203427;262/2006 Sb.;2006/262;2006/262;NA;NA;30362261
56203427;262/2006 Sb.;2006/262;2006/262;NA;NA;30362263
56203427;262/2006 Sb.;2006/262;2006/262;NA;NA;30362265
56203427;262/2006 Sb.;2006/262;2006/262;NA;NA;30362267
56203427;262/2006 Sb.;2006/262;2006/262;NA;NA;30362269
56203427;262/2006 Sb.;2006/262;2006/262;NA;NA;30362271
56203427;262/2006 Sb.;2006/262;2006/262;NA;NA;30362273
56203427;262/2006 Sb.;2006/262;2006/262;NA;NA;30362275
56203427;262/2006 Sb.;2006/262;2006/262;NA;NA;30362277
56203427;262/2006 Sb.;2006/262;2006/262;NA;NA;30362279
56203427;262/2006 Sb.;2006/262;2006/262;NA;NA;30362281
56203427;262/2006 Sb.;2006/262;2006/262;NA;NA;30362283
56203427;262/2006 Sb.;2006/262;2006/262;NA;NA;30362285
56203427;262/2006 Sb.;2006/262;2006/262;NA;NA;30362287
56203427;262/2006 Sb.;2006/262;2006/262;NA;NA;30362289
56203427;262/2006 Sb.;2006/262;2006/262;NA;NA;30362299
56203427;262/2006 Sb.;2006/262;2006/262;NA;NA;30362301
56203427;262/2006 Sb.;2006/262;2006/262;NA;NA;30362303
56203427;262/2006 Sb.;2006/262;2006/262;NA;NA;30362305
56203427;262/2006 Sb.;2006/262;2006/262;NA;NA;30362307
56203427;262/2006 Sb.;2006/262;2006/262;NA;NA;30362309
56203427;262/2006 Sb.;2006/262;2006/262;NA;NA;30362311
56203427;262/2006 Sb.;2006/262;2006/262;NA;NA;30362313
56203427;262/2006 Sb.;2006/262;2006/262;NA;NA;30362315
56203427;262/2006 Sb.;2006/262;2006/262;NA;NA;30362317
56203427;262/2006 Sb.;2006/262;2006/262;NA;NA;30362319
56203427;262/2006 Sb.;2006/262;2006/262;NA;NA;30362321
56203427;262/2006 Sb.;2006/262;2006/262;NA;NA;30362323
56203427;262/2006 Sb.;2006/262;2006/262;NA;NA;30362325
56203427;262/2006 Sb.;2006/262;2006/262;NA;NA;30362327
56203427;262/2006 Sb.;2006/262;2006/262;NA;NA;30362329
56203427;262/2006 Sb.;2006/262;2006/262;NA;NA;30362331
56203427;262/2006 Sb.;2006/262;2006/262;NA;NA;30362333
56203427;262/2006 Sb.;2006/262;2006/262;NA;NA;30362335
56203427;262/2006 Sb.;2006/262;2006/262;NA;NA;30362337
56203427;262/2006 Sb.;2006/262;2006/262;NA;NA;30362339
56203427;262/2006 Sb.;2006/262;2006/262;NA;NA;30362341
56203427;262/2006 Sb.;2006/262;2006/262;NA;NA;30362343
56203427;262/2006 Sb.;2006/262;2006/262;NA;NA;30362345
56203427;262/2006 Sb.;2006/262;2006/262;NA;NA;30362347
56203427;262/2006 Sb.;2006/262;2006/262;NA;NA;30362349
56203427;262/2006 Sb.;2006/262;2006/262;NA;NA;30362351
56203427;262/2006 Sb.;2006/262;2006/262;NA;NA;30362353
56203427;262/2006 Sb.;2006/262;2006/262;NA;NA;30362355
56203427;262/2006 Sb.;2006/262;2006/262;NA;NA;30362357
56203427;262/2006 Sb.;2006/262;2006/262;NA;NA;30362359
56203427;262/2006 Sb.;2006/262;2006/262;NA;NA;30362361
56203427;262/2006 Sb.;2006/262;2006/262;NA;NA;30362363
56203427;262/2006 Sb.;2006/262;2006/262;NA;NA;30362365
56203427;262/2006 Sb.;2006/262;2006/262;NA;NA;30362367
56203427;262/2006 Sb.;2006/262;2006/262;NA;NA;30362369
56203427;262/2006 Sb.;2006/262;2006/262;NA;NA;30362371
56203427;262/2006 Sb.;2006/262;2006/262;NA;NA;30362373
56203427;262/2006 Sb.;2006/262;2006/262;NA;NA;30362375
56203427;262/2006 Sb.;2006/262;2006/262;NA;NA;30362377
56203427;262/2006 Sb.;2006/262;2006/262;NA;NA;30362379
56203427;262/2006 Sb.;2006/262;2006/262;NA;NA;30362381
56203427;262/2006 Sb.;2006/262;2006/262;NA;NA;30362383
56203427;262/2006 Sb.;2006/262;2006/262;NA;NA;30362385
56203427;262/2006 Sb.;2006/262;2006/262;NA;NA;30362387
56203427;262/2006 Sb.;2006/262;2006/262;NA;NA;30362389
56203427;262/2006 Sb.;2006/262;2006/262;NA;NA;30362391
56203427;262/2006 Sb.;2006/262;2006/262;NA;NA;30362393
56203427;262/2006 Sb.;2006/262;2006/262;NA;NA;30362395
56203427;262/2006 Sb.;2006/262;2006/262;NA;NA;30362397
56203427;262/2006 Sb.;2006/262;2006/262;NA;NA;30362399
56203427;262/2006 Sb.;2006/262;2006/262;NA;NA;30362401
56203427;262/2006 Sb.;2006/262;2006/262;NA;NA;30362403
56203427;262/2006 Sb.;2006/262;2006/262;NA;NA;30362405
56203427;262/2006 Sb.;2006/262;2006/262;NA;NA;30362407
56203427;262/2006 Sb.;2006/262;2006/262;NA;NA;30362409
56203427;262/2006 Sb.;2006/262;2006/262;NA;NA;30362411
56203427;262/2006 Sb.;2006/262;2006/262;NA;NA;30362413
56203427;262/2006 Sb.;2006/262;2006/262;NA;NA;30362415
56203427;262/2006 Sb.;2006/262;2006/262;NA;NA;30362417
56203427;262/2006 Sb.;2006/262;2006/262;NA;NA;30362419
56203427;262/2006 Sb.;2006/262;2006/262;NA;NA;30362421
56203427;262/2006 Sb.;2006/262;2006/262;NA;NA;30362423
56203427;262/2006 Sb.;2006/262;2006/262;NA;NA;30362425
56203427;262/2006 Sb.;2006/262;2006/262;NA;NA;30362427
56203427;262/2006 Sb.;2006/262;2006/262;NA;NA;30362429
56203427;262/2006 Sb.;2006/262;2006/262;NA;NA;30362431
56203427;262/2006 Sb.;2006/262;2006/262;NA;NA;30362433
56203427;262/2006 Sb.;2006/262;2006/262;NA;NA;30362435
56203427;262/2006 Sb.;2006/262;2006/262;NA;NA;30362437
56203427;262/2006 Sb.;2006/262;2006/262;NA;NA;30362439
56203427;262/2006 Sb.;2006/262;2006/187;para;FALSE;30362291
56203427;262/2006 Sb.;2006/262;2006/187;para;FALSE;30362293
56203427;262/2006 Sb.;2006/262;2006/187;para;FALSE;30362295
56203427;262/2006 Sb.;2006/262;2006/187;para;FALSE;30362297
56202151;262/2006 Sb.;2006/262;2006/262;NA;NA;30362441
56202151;262/2006 Sb.;2006/262;2006/262;NA;NA;30362443
56158247;634/1992 Sb.;1992/634;1990/526;full;FALSE;30384325
56158247;634/1992 Sb.;1992/634;1990/526;full;FALSE;30384437
56158247;634/1992 Sb.;1992/634;1990/526;full;FALSE;30384445
56158247;634/1992 Sb.;1992/634;1990/526;full;FALSE;30384501
56158247;634/1992 Sb.;1992/634;1990/526;full;FALSE;30384513
56158247;634/1992 Sb.;1992/634;1991/455;full;FALSE;30384397
56158247;634/1992 Sb.;1992/634;1991/455;full;FALSE;30384653
56158247;634/1992 Sb.;1992/634;1991/455;full;FALSE;30384661
56158247;634/1992 Sb.;1992/634;1991/468;full;FALSE;30384425
56158247;634/1992 Sb.;1992/634;1991/468;full;FALSE;30384433
56158247;634/1992 Sb.;1992/634;1991/468;full;FALSE;30384477
56158247;634/1992 Sb.;1992/634;1991/468;full;FALSE;30384485
56158247;634/1992 Sb.;1992/634;1991/468;full;FALSE;30384493
56158247;634/1992 Sb.;1992/634;1991/468;full;FALSE;30384537
56158247;634/1992 Sb.;1992/634;1991/468;full;FALSE;30384545
56158247;634/1992 Sb.;1992/634;1991/468;full;FALSE;30384553
56158247;634/1992 Sb.;1992/634;1991/468;full;FALSE;30384569
56158247;634/1992 Sb.;1992/634;1991/468;full;FALSE;30384577
56158247;634/1992 Sb.;1992/634;1991/468;full;FALSE;30384585
56158247;634/1992 Sb.;1992/634;1991/468;full;FALSE;30384601
56158247;634/1992 Sb.;1992/634;1991/468;full;FALSE;30384609
56158247;634/1992 Sb.;1992/634;1991/468;full;FALSE;30384617
56158247;634/1992 Sb.;1992/634;1991/468;full;FALSE;30384625
56158247;634/1992 Sb.;1992/634;1991/468;full;FALSE;30384633
56158247;634/1992 Sb.;1992/634;1991/468;full;FALSE;30384641
56158247;634/1992 Sb.;1992/634;1993/6;full;FALSE;30384453
56158247;634/1992 Sb.;1992/634;1994/111;full;FALSE;30384405
56158247;634/1992 Sb.;1992/634;1994/111;full;FALSE;30384669
56158247;634/1992 Sb.;1992/634;1994/266;full;FALSE;30384645
56158247;634/1992 Sb.;1992/634;1995/114;full;FALSE;30384401
56158247;634/1992 Sb.;1992/634;1995/114;full;FALSE;30384665
56158247;634/1992 Sb.;1992/634;1995/40;full;FALSE;30384421
56158247;634/1992 Sb.;1992/634;1995/40;full;FALSE;30384429
56158247;634/1992 Sb.;1992/634;1995/40;full;FALSE;30384473
56158247;634/1992 Sb.;1992/634;1995/40;full;FALSE;30384481
56158247;634/1992 Sb.;1992/634;1995/40;full;FALSE;30384489
56158247;634/1992 Sb.;1992/634;1995/40;full;FALSE;30384533
56158247;634/1992 Sb.;1992/634;1995/40;full;FALSE;30384541
56158247;634/1992 Sb.;1992/634;1995/40;full;FALSE;30384549
56158247;634/1992 Sb.;1992/634;1995/40;full;FALSE;30384565
56158247;634/1992 Sb.;1992/634;1995/40;full;FALSE;30384573
56158247;634/1992 Sb.;1992/634;1995/40;full;FALSE;30384581
56158247;634/1992 Sb.;1992/634;1995/40;full;FALSE;30384597
56158247;634/1992 Sb.;1992/634;1995/40;full;FALSE;30384605
56158247;634/1992 Sb.;1992/634;1995/40;full;FALSE;30384613
56158247;634/1992 Sb.;1992/634;1995/40;full;FALSE;30384621
56158247;634/1992 Sb.;1992/634;1995/40;full;FALSE;30384629
56158247;634/1992 Sb.;1992/634;1995/40;full;FALSE;30384637
56158247;634/1992 Sb.;1992/634;1997/110;full;FALSE;30384365
56158247;634/1992 Sb.;1992/634;1997/110;full;FALSE;30384377
56158247;634/1992 Sb.;1992/634;1997/110;full;FALSE;30384385
56158247;634/1992 Sb.;1992/634;1997/49;full;FALSE;30384393
56158247;634/1992 Sb.;1992/634;1997/49;full;FALSE;30384649
56158247;634/1992 Sb.;1992/634;1997/49;full;FALSE;30384657
56158247;634/1992 Sb.;1992/634;1999/159;full;FALSE;30384417
56158247;634/1992 Sb.;1992/634;1999/159;full;FALSE;30384677
56158247;634/1992 Sb.;1992/634;2000/258;full;FALSE;30384361
56158247;634/1992 Sb.;1992/634;2000/258;full;FALSE;30384373
56158247;634/1992 Sb.;1992/634;2000/258;full;FALSE;30384381
56158247;634/1992 Sb.;1992/634;2001/231;full;FALSE;30384561
56158247;634/1992 Sb.;1992/634;2001/231;full;FALSE;30384593
56158247;634/1992 Sb.;1992/634;2004/480;full;FALSE;30384521
56158247;634/1992 Sb.;1992/634;2004/480;full;FALSE;30384529
56158247;634/1992 Sb.;1992/634;2005/127;full;FALSE;30384525
56158247;634/1992 Sb.;1992/634;2007/378;full;FALSE;30384469
56158247;634/1992 Sb.;1992/634;2007/378;full;FALSE;30384557
56158247;634/1992 Sb.;1992/634;2009/222;full;FALSE;30384337
56158247;634/1992 Sb.;1992/634;2009/222;full;FALSE;30384505
56158247;634/1992 Sb.;1992/634;2010/132;full;FALSE;30384589
56158247;634/1992 Sb.;1992/634;2012/89;full;FALSE;30384329
56158247;634/1992 Sb.;1992/634;2012/89;full;FALSE;30384333
56158247;634/1992 Sb.;1992/634;2012/89;full;FALSE;30384341
56158247;634/1992 Sb.;1992/634;2012/89;full;FALSE;30384345
56158247;634/1992 Sb.;1992/634;2012/89;full;FALSE;30384353
56158247;634/1992 Sb.;1992/634;2012/89;full;FALSE;30384357
56158247;634/1992 Sb.;1992/634;2012/89;full;FALSE;30384369
56158247;634/1992 Sb.;1992/634;2012/89;full;FALSE;30384389
56158247;634/1992 Sb.;1992/634;2012/89;full;FALSE;30384409
56158247;634/1992 Sb.;1992/634;2012/89;full;FALSE;30384413
56158247;634/1992 Sb.;1992/634;2012/89;full;FALSE;30384441
56158247;634/1992 Sb.;1992/634;2012/89;full;FALSE;30384449
56158247;634/1992 Sb.;1992/634;2012/89;full;FALSE;30384497
56158247;634/1992 Sb.;1992/634;2012/89;full;FALSE;30384509
56158247;634/1992 Sb.;1992/634;2012/89;full;FALSE;30384517
56158247;634/1992 Sb.;1992/634;2016/257;full;FALSE;30384457
56158247;634/1992 Sb.;1992/634;2016/257;full;FALSE;30384461
56158247;634/1992 Sb.;1992/634;2017/370;full;FALSE;30384349
56158247;634/1992 Sb.;1992/634;2017/370;full;FALSE;30384465
56158247;634/1992 Sb.;1992/634;2017/370;full;FALSE;30384673
56158158;634/1992 Sb.;1992/634;1992/634;NA;NA;30384681
56526941;266/1994 Sb.;1994/266;1994/266;NA;NA;30381305
56527004;266/1994 Sb.;1994/266;1994/266;NA;NA;30384683
56527008;266/1994 Sb.;1994/266;2004/500;full;FALSE;30384715
56527017;266/1994 Sb.;1994/266;1994/266;NA;NA;30384755
56527017;266/1994 Sb.;1994/266;1994/266;NA;NA;30384763
56527020;266/1994 Sb.;1994/266;1994/266;NA;NA;30384795
56527023;266/1994 Sb.;1994/266;1994/266;NA;NA;30384827
56527024;266/1994 Sb.;1994/266;1994/266;NA;NA;30384859
56527025;266/1994 Sb.;1994/266;1994/266;NA;NA;30384891
56527026;266/1994 Sb.;1994/266;1994/266;NA;NA;30384915
56527247;266/1994 Sb.;1994/266;1994/266;NA;NA;30384947
56527551;266/1994 Sb.;1994/266;1994/266;NA;NA;30384979
56527564;266/1994 Sb.;1994/266;1994/266;NA;NA;30385011
56527570;266/1994 Sb.;1994/266;1994/266;NA;NA;30385043
56527571;266/1994 Sb.;1994/266;1994/266;NA;NA;30385075
56527574;266/1994 Sb.;1994/266;1994/266;NA;NA;30385107
56527668;266/1994 Sb.;1994/266;1994/266;NA;NA;30385139
56527943;266/1994 Sb.;1994/266;1994/266;NA;NA;30385171
56528097;266/1994 Sb.;1994/266;1994/266;NA;NA;30385203
56528264;266/1994 Sb.;1994/266;1994/266;NA;NA;30385235
56528265;266/1994 Sb.;1994/266;1994/266;NA;NA;30385267
56528266;266/1994 Sb.;1994/266;1994/266;NA;NA;30385299
56528336;266/1994 Sb.;1994/266;1994/266;NA;NA;30385331
56528337;266/1994 Sb.;1994/266;1994/266;NA;NA;30385355
56528338;266/1994 Sb.;1994/266;1994/266;NA;NA;30379249
56528267;266/1994 Sb.;1994/266;1994/266;NA;NA;30379281
56528268;266/1994 Sb.;1994/266;1994/266;NA;NA;30379313
56528339;266/1994 Sb.;1994/266;1994/266;NA;NA;30379345
56528340;266/1994 Sb.;1994/266;1994/266;NA;NA;30379353
56528287;266/1994 Sb.;1994/266;1994/266;NA;NA;30379505
56528287;266/1994 Sb.;1994/266;1994/266;NA;NA;30379513
56528287;266/1994 Sb.;1994/266;1994/266;NA;NA;30379521
56528287;266/1994 Sb.;1994/266;1994/266;NA;NA;30379529
56528287;266/1994 Sb.;1994/266;1994/266;NA;NA;30379537
56528287;266/1994 Sb.;1994/266;1994/266;NA;NA;30379545
56528288;266/1994 Sb.;1994/266;1994/266;NA;NA;30379697
56528288;266/1994 Sb.;1994/266;1994/266;NA;NA;30379705
56528288;266/1994 Sb.;1994/266;1994/266;NA;NA;30379713
56528288;266/1994 Sb.;1994/266;1994/266;NA;NA;30379721
56528288;266/1994 Sb.;1994/266;1994/266;NA;NA;30379729
56528288;266/1994 Sb.;1994/266;1994/266;NA;NA;30379737
56528352;266/1994 Sb.;1994/266;1994/266;NA;NA;30379889
56528352;266/1994 Sb.;1994/266;1994/266;NA;NA;30379897
56528352;266/1994 Sb.;1994/266;1994/266;NA;NA;30379905
56528352;266/1994 Sb.;1994/266;1994/266;NA;NA;30379913
56528352;266/1994 Sb.;1994/266;1994/266;NA;NA;30379921
56528352;266/1994 Sb.;1994/266;1994/266;NA;NA;30379929
56528367;266/1994 Sb.;1994/266;1994/266;NA;NA;30380033
56528367;266/1994 Sb.;1994/266;1994/266;NA;NA;30380041
56528367;266/1994 Sb.;1994/266;1994/266;NA;NA;30380049
56528367;266/1994 Sb.;1994/266;1994/266;NA;NA;30380057
56528403;266/1994 Sb.;1994/266;1994/266;NA;NA;30380089
56528404;266/1994 Sb.;1994/266;1994/266;NA;NA;30380121
56528412;266/1994 Sb.;1994/266;1994/266;NA;NA;30380153
56528413;266/1994 Sb.;1994/266;1994/266;NA;NA;30380185
56528414;266/1994 Sb.;1994/266;1994/266;NA;NA;30380217
56528419;266/1994 Sb.;1994/266;1994/266;NA;NA;30381929
56528419;266/1994 Sb.;1994/266;1994/266;NA;NA;30381937
56528419;266/1994 Sb.;1994/266;1994/266;NA;NA;30381945
56528419;266/1994 Sb.;1994/266;1994/266;NA;NA;30381953
56528419;266/1994 Sb.;1994/266;1994/266;NA;NA;30381961
56528419;266/1994 Sb.;1994/266;1994/266;NA;NA;30381969
56528419;266/1994 Sb.;1994/266;1994/266;NA;NA;30381977
56528419;266/1994 Sb.;1994/266;1994/266;NA;NA;30381985
56528419;266/1994 Sb.;1994/266;1994/266;NA;NA;30381993
56528419;266/1994 Sb.;1994/266;1994/266;NA;NA;30382001
56528419;266/1994 Sb.;1994/266;1994/266;NA;NA;30382009
56528419;266/1994 Sb.;1994/266;1994/266;NA;NA;30382017
56528419;266/1994 Sb.;1994/266;1994/266;NA;NA;30382025
56528419;266/1994 Sb.;1994/266;1994/266;NA;NA;30382033
56528419;266/1994 Sb.;1994/266;1994/266;NA;NA;30382041
56528419;266/1994 Sb.;1994/266;1994/266;NA;NA;30382049
56528419;266/1994 Sb.;1994/266;1994/266;NA;NA;30382057
56528419;266/1994 Sb.;1994/266;1994/266;NA;NA;30382065
56528419;266/1994 Sb.;1994/266;1994/266;NA;NA;30382073
56528419;266/1994 Sb.;1994/266;1994/266;NA;NA;30382081
56528419;266/1994 Sb.;1994/266;1994/266;NA;NA;30382089
56528419;266/1994 Sb.;1994/266;1994/266;NA;NA;30382097
56528419;266/1994 Sb.;1994/266;1994/266;NA;NA;30382105
56528419;266/1994 Sb.;1994/266;1994/266;NA;NA;30382113
56528419;266/1994 Sb.;1994/266;1994/266;NA;NA;30382121
56528419;266/1994 Sb.;1994/266;1994/266;NA;NA;30382129
56528419;266/1994 Sb.;1994/266;1994/266;NA;NA;30382137
56528419;266/1994 Sb.;1994/266;1994/266;NA;NA;30382145
56528419;266/1994 Sb.;1994/266;1994/266;NA;NA;30382153
56528419;266/1994 Sb.;1994/266;1994/266;NA;NA;30382161
56528419;266/1994 Sb.;1994/266;1994/266;NA;NA;30382169
56528419;266/1994 Sb.;1994/266;1994/266;NA;NA;30382177
56528419;266/1994 Sb.;1994/266;1994/266;NA;NA;30382185
56528419;266/1994 Sb.;1994/266;1994/266;NA;NA;30382193
56528419;266/1994 Sb.;1994/266;1994/266;NA;NA;30382201
56528419;266/1994 Sb.;1994/266;1994/266;NA;NA;30382209
56528419;266/1994 Sb.;1994/266;1994/266;NA;NA;30382217
56528419;266/1994 Sb.;1994/266;1994/266;NA;NA;30382225
56528419;266/1994 Sb.;1994/266;1994/266;NA;NA;30382233
56528420;266/1994 Sb.;1994/266;1994/266;NA;NA;30383225
56528420;266/1994 Sb.;1994/266;1994/266;NA;NA;30383233
56528420;266/1994 Sb.;1994/266;1994/266;NA;NA;30383241
56528420;266/1994 Sb.;1994/266;1994/266;NA;NA;30383249
56528420;266/1994 Sb.;1994/266;1994/266;NA;NA;30383257
56528420;266/1994 Sb.;1994/266;1994/266;NA;NA;30383265
56528420;266/1994 Sb.;1994/266;1994/266;NA;NA;30383273
56528420;266/1994 Sb.;1994/266;1994/266;NA;NA;30383281
56528420;266/1994 Sb.;1994/266;1994/266;NA;NA;30383289
56528420;266/1994 Sb.;1994/266;1994/266;NA;NA;30383297
56528420;266/1994 Sb.;1994/266;1994/266;NA;NA;30383305
56528420;266/1994 Sb.;1994/266;1994/266;NA;NA;30383313
56528420;266/1994 Sb.;1994/266;1994/266;NA;NA;30383321
56528420;266/1994 Sb.;1994/266;1994/266;NA;NA;30383329
56528420;266/1994 Sb.;1994/266;1994/266;NA;NA;30383337
56528420;266/1994 Sb.;1994/266;1994/266;NA;NA;30383345
56528420;266/1994 Sb.;1994/266;1994/266;NA;NA;30383353
56528420;266/1994 Sb.;1994/266;1994/266;NA;NA;30383361
56528420;266/1994 Sb.;1994/266;1994/266;NA;NA;30383369
56528420;266/1994 Sb.;1994/266;1994/266;NA;NA;30383377
56528420;266/1994 Sb.;1994/266;1994/266;NA;NA;30383385
56528420;266/1994 Sb.;1994/266;1994/266;NA;NA;30383393
56528420;266/1994 Sb.;1994/266;1994/266;NA;NA;30383401
56528420;266/1994 Sb.;1994/266;1994/266;NA;NA;30383409
56528420;266/1994 Sb.;1994/266;1994/266;NA;NA;30383417
56528420;266/1994 Sb.;1994/266;1994/266;NA;NA;30383425
56528420;266/1994 Sb.;1994/266;1994/266;NA;NA;30383433
56528420;266/1994 Sb.;1994/266;1994/266;NA;NA;30383441
56528420;266/1994 Sb.;1994/266;1994/266;NA;NA;30383449
56528420;266/1994 Sb.;1994/266;1994/266;NA;NA;30383457
56528420;266/1994 Sb.;1994/266;1994/266;NA;NA;30383465
56528420;266/1994 Sb.;1994/266;1994/266;NA;NA;30383473
56528420;266/1994 Sb.;1994/266;1994/266;NA;NA;30383481
56528420;266/1994 Sb.;1994/266;1994/266;NA;NA;30383489
56528420;266/1994 Sb.;1994/266;1994/266;NA;NA;30383497
56528420;266/1994 Sb.;1994/266;1994/266;NA;NA;30383505
56528420;266/1994 Sb.;1994/266;1994/266;NA;NA;30383513
56528430;266/1994 Sb.;1994/266;1994/266;NA;NA;30383545
56528431;266/1994 Sb.;1994/266;1994/266;NA;NA;30383553
56528431;266/1994 Sb.;1994/266;1994/266;NA;NA;30383561
56528432;266/1994 Sb.;1994/266;1994/266;NA;NA;30380297
56528433;266/1994 Sb.;1994/266;1994/266;NA;NA;30382833
56528434;266/1994 Sb.;1994/266;1994/266;NA;NA;30382865
56528435;266/1994 Sb.;1994/266;1994/266;NA;NA;30382873
56528436;266/1994 Sb.;1994/266;1994/266;NA;NA;30383217
56528436;266/1994 Sb.;1994/266;1994/266;NA;NA;30383209
56528460;266/1994 Sb.;1994/266;1994/266;NA;NA;30383593
56528461;266/1994 Sb.;1994/266;1994/266;NA;NA;30383625
56528462;266/1994 Sb.;1994/266;1994/266;NA;NA;30383657
56528463;266/1994 Sb.;1994/266;1994/266;NA;NA;30383689
56528464;266/1994 Sb.;1994/266;1994/266;NA;NA;30383721
56528465;266/1994 Sb.;1994/266;1994/266;NA;NA;30383753
56528466;266/1994 Sb.;1994/266;1994/266;NA;NA;30383785
56528467;266/1994 Sb.;1994/266;1994/266;NA;NA;30383841
56528467;266/1994 Sb.;1994/266;1994/266;NA;NA;30383849
56528470;266/1994 Sb.;1994/266;1994/266;NA;NA;30383881
56528476;266/1994 Sb.;1994/266;1994/266;NA;NA;30383913
56528482;266/1994 Sb.;1994/266;1994/266;NA;NA;30385363
56528482;266/1994 Sb.;1994/266;1994/266;NA;NA;30385371
56528483;266/1994 Sb.;1994/266;1994/266;NA;NA;30385403
56528487;266/1994 Sb.;1994/266;1994/266;NA;NA;30385435
56528494;266/1994 Sb.;1994/266;1994/266;NA;NA;30385467
56528498;266/1994 Sb.;1994/266;1994/266;NA;NA;30385499
56528535;266/1994 Sb.;1994/266;1994/266;NA;NA;30387043
56528535;266/1994 Sb.;1994/266;1994/266;NA;NA;30387051
56528535;266/1994 Sb.;1994/266;1994/266;NA;NA;30387059
56528535;266/1994 Sb.;1994/266;1994/266;NA;NA;30387067
56528535;266/1994 Sb.;1994/266;1994/266;NA;NA;30387075
56528535;266/1994 Sb.;1994/266;1994/266;NA;NA;30387083
56528535;266/1994 Sb.;1994/266;1994/266;NA;NA;30387091
56528535;266/1994 Sb.;1994/266;1994/266;NA;NA;30387099
56528535;266/1994 Sb.;1994/266;1994/266;NA;NA;30387107
56528535;266/1994 Sb.;1994/266;1994/266;NA;NA;30387115
56528535;266/1994 Sb.;1994/266;1994/266;NA;NA;30387123
56528535;266/1994 Sb.;1994/266;1994/266;NA;NA;30387131
56528535;266/1994 Sb.;1994/266;1994/266;NA;NA;30387139
56528535;266/1994 Sb.;1994/266;1994/266;NA;NA;30387147
56528535;266/1994 Sb.;1994/266;1994/266;NA;NA;30387155
56528535;266/1994 Sb.;1994/266;1994/266;NA;NA;30387163
56528535;266/1994 Sb.;1994/266;1994/266;NA;NA;30387171
56528535;266/1994 Sb.;1994/266;1994/266;NA;NA;30387179
56528535;266/1994 Sb.;1994/266;1994/266;NA;NA;30387187
56528535;266/1994 Sb.;1994/266;1994/266;NA;NA;30387195
56528535;266/1994 Sb.;1994/266;1994/266;NA;NA;30387203
56528535;266/1994 Sb.;1994/266;1994/266;NA;NA;30387211
56528535;266/1994 Sb.;1994/266;1994/266;NA;NA;30387219
56528535;266/1994 Sb.;1994/266;1994/266;NA;NA;30387227
56528535;266/1994 Sb.;1994/266;1994/266;NA;NA;30387235
56528535;266/1994 Sb.;1994/266;1994/266;NA;NA;30387243
56528535;266/1994 Sb.;1994/266;1994/266;NA;NA;30387251
56528535;266/1994 Sb.;1994/266;1994/266;NA;NA;30387259
56528535;266/1994 Sb.;1994/266;1994/266;NA;NA;30387267
56528535;266/1994 Sb.;1994/266;1994/266;NA;NA;30387275
56528535;266/1994 Sb.;1994/266;1994/266;NA;NA;30387283
56528535;266/1994 Sb.;1994/266;1994/266;NA;NA;30387291
56528535;266/1994 Sb.;1994/266;1994/266;NA;NA;30387299
56528535;266/1994 Sb.;1994/266;1994/266;NA;NA;30387307
56528535;266/1994 Sb.;1994/266;1994/266;NA;NA;30387315
56528535;266/1994 Sb.;1994/266;1994/266;NA;NA;30387323
56528535;266/1994 Sb.;1994/266;1994/266;NA;NA;30387331
56528536;266/1994 Sb.;1994/266;1994/266;NA;NA;30387771
56528536;266/1994 Sb.;1994/266;1994/266;NA;NA;30387779
56528536;266/1994 Sb.;1994/266;1994/266;NA;NA;30387787
56528536;266/1994 Sb.;1994/266;1994/266;NA;NA;30387795
56528536;266/1994 Sb.;1994/266;1994/266;NA;NA;30387803
56528536;266/1994 Sb.;1994/266;1994/266;NA;NA;30387811
56528536;266/1994 Sb.;1994/266;1994/266;NA;NA;30387819
56528536;266/1994 Sb.;1994/266;1994/266;NA;NA;30387827
56528536;266/1994 Sb.;1994/266;1994/266;NA;NA;30387835
56528536;266/1994 Sb.;1994/266;1994/266;NA;NA;30387843
56528536;266/1994 Sb.;1994/266;1994/266;NA;NA;30387851
56528536;266/1994 Sb.;1994/266;1994/266;NA;NA;30387859
56528536;266/1994 Sb.;1994/266;1994/266;NA;NA;30387867
56528536;266/1994 Sb.;1994/266;1994/266;NA;NA;30387875
56528536;266/1994 Sb.;1994/266;1994/266;NA;NA;30387883
56528536;266/1994 Sb.;1994/266;1994/266;NA;NA;30387891
56528536;266/1994 Sb.;1994/266;1994/266;NA;NA;30387899
56528536;266/1994 Sb.;1994/266;1994/266;NA;NA;30387907
56528607;266/1994 Sb.;1994/266;1994/266;NA;NA;30387931
56109612;251/2005 Sb.;2005/251;2005/251;NA;NA;30389199
56109809;251/2005 Sb.;2005/251;2005/251;NA;NA;30389203
56109530;251/2005 Sb.;2005/251;2005/251;NA;NA;30385523
56109471;251/2005 Sb.;2005/251;2006/262;para;FALSE;30385823
56109471;251/2005 Sb.;2005/251;2006/262;para;FALSE;30385825
56109479;251/2005 Sb.;2005/251;2006/262;para;FALSE;30389207
56109479;251/2005 Sb.;2005/251;2006/262;para;FALSE;30389209
56109479;251/2005 Sb.;2005/251;2006/262;para;FALSE;30389211
56109479;251/2005 Sb.;2005/251;2006/262;para;FALSE;30389213
56109479;251/2005 Sb.;2005/251;2006/262;para;FALSE;30389215
56109479;251/2005 Sb.;2005/251;2006/262;para;FALSE;30389217
56109564;251/2005 Sb.;2005/251;2005/251;NA;NA;30389219
56109761;251/2005 Sb.;2005/251;2005/251;NA;NA;30389221
56109595;251/2005 Sb.;2005/251;2006/262;para;FALSE;30389223
56109595;251/2005 Sb.;2005/251;2006/262;para;FALSE;30389225
56109792;251/2005 Sb.;2005/251;2006/262;para;FALSE;30389227
56109792;251/2005 Sb.;2005/251;2006/262;para;FALSE;30389229
56109596;251/2005 Sb.;2005/251;2006/262;para;FALSE;30389231
56109596;251/2005 Sb.;2005/251;2006/262;para;FALSE;30389233
56109793;251/2005 Sb.;2005/251;2006/262;para;FALSE;30389235
56109793;251/2005 Sb.;2005/251;2006/262;para;FALSE;30389237
56109600;251/2005 Sb.;2005/251;2005/251;NA;NA;30389239
56109797;251/2005 Sb.;2005/251;2005/251;NA;NA;30389241
56109624;251/2005 Sb.;2005/251;2006/262;para;FALSE;30388875
56109624;251/2005 Sb.;2005/251;2006/262;para;FALSE;30388877
56109821;251/2005 Sb.;2005/251;2006/262;para;FALSE;30388879
56109821;251/2005 Sb.;2005/251;2006/262;para;FALSE;30388881
56109628;251/2005 Sb.;2005/251;2005/251;NA;NA;30386123
56109628;251/2005 Sb.;2005/251;2005/251;NA;NA;30386125
56109628;251/2005 Sb.;2005/251;2005/251;NA;NA;30386127
56109628;251/2005 Sb.;2005/251;2005/251;NA;NA;30386129
56109628;251/2005 Sb.;2005/251;2005/251;NA;NA;30386131
56109628;251/2005 Sb.;2005/251;2005/251;NA;NA;30386133
56109628;251/2005 Sb.;2005/251;2005/251;NA;NA;30386135
56109628;251/2005 Sb.;2005/251;2005/251;NA;NA;30386137
56109825;251/2005 Sb.;2005/251;2005/251;NA;NA;30386139
56109825;251/2005 Sb.;2005/251;2005/251;NA;NA;30386141
56109825;251/2005 Sb.;2005/251;2005/251;NA;NA;30386143
56109825;251/2005 Sb.;2005/251;2005/251;NA;NA;30386145
56109825;251/2005 Sb.;2005/251;2005/251;NA;NA;30386147
56109825;251/2005 Sb.;2005/251;2005/251;NA;NA;30386149
56109825;251/2005 Sb.;2005/251;2005/251;NA;NA;30386151
56109825;251/2005 Sb.;2005/251;2005/251;NA;NA;30386153
56155806;589/1992 Sb.;1992/589;1992/589;NA;NA;30414161
55906417;186/2016 Sb.;2016/186;2016/186;NA;NA;30583115
55907693;186/2016 Sb.;2016/186;2016/186;NA;NA;30584501
55981126;280/2009 Sb.;2009/280;2009/280;NA;NA;30615835
56066499;563/1991 Sb.;1991/563;1991/563;NA;NA;30656815
56073720;338/1992 Sb.;1992/338;1992/338;NA;NA;30657061
56073862;338/1992 Sb.;1992/338;1992/338;NA;NA;30657195
56074005;338/1992 Sb.;1992/338;1992/338;NA;NA;30657359
56103297;118/2000 Sb.;2000/118;2000/118;NA;NA;30684773
56248244;301/2000 Sb.;2000/301;2000/301;NA;NA;30764237
56248439;301/2000 Sb.;2000/301;2000/301;NA;NA;30764507
56314630;128/2000 Sb.;2000/128;2000/128;NA;NA;30782561
56450424;378/2007 Sb.;2007/378;2007/378;NA;NA;30850457
56448112;378/2007 Sb.;2007/378;2007/378;NA;NA;30850633
56448112;378/2007 Sb.;2007/378;2007/378;NA;NA;30850637
56448112;378/2007 Sb.;2007/378;2007/378;NA;NA;30850641
56448604;378/2007 Sb.;2007/378;2007/378;NA;NA;30850649
56449523;378/2007 Sb.;2007/378;2007/378;NA;NA;30850711
56449692;378/2007 Sb.;2007/378;2007/378;NA;NA;30850803
56449897;378/2007 Sb.;2007/378;2007/378;NA;NA;30850855
56449901;378/2007 Sb.;2007/378;2007/378;NA;NA;30850859
56449904;378/2007 Sb.;2007/378;2007/378;NA;NA;30850867
56449904;378/2007 Sb.;2007/378;2007/378;NA;NA;30850871
56449904;378/2007 Sb.;2007/378;2007/378;NA;NA;30850875
56449904;378/2007 Sb.;2007/378;2007/378;NA;NA;30850879
56449909;378/2007 Sb.;2007/378;2007/378;NA;NA;30850883
56450248;378/2007 Sb.;2007/378;2007/378;NA;NA;30850923
56450251;378/2007 Sb.;2007/378;2007/378;NA;NA;30850931
56450462;378/2007 Sb.;2007/378;2007/378;NA;NA;30850979
56450637;378/2007 Sb.;2007/378;2007/378;NA;NA;30851059
56450644;378/2007 Sb.;2007/378;2007/378;NA;NA;30851071
56450743;378/2007 Sb.;2007/378;2007/378;NA;NA;30851287
56450743;378/2007 Sb.;2007/378;2007/378;NA;NA;30851291
56450893;378/2007 Sb.;2007/378;2007/378;NA;NA;30851691
56480917;190/2004 Sb.;2004/190;2004/190;NA;NA;30877787
56480919;190/2004 Sb.;2004/190;2004/190;NA;NA;30877793